solid OpenSCAD_Model
  facet normal -0.8448535652497072 -0.5349976198870969 0
    outer loop
      vertex -34.30914440001088 -20.564109767728873 0
      vertex -33.25878449210181 -22.222809320784087 0
      vertex -34.30914440001088 -20.564109767728873 90
    endloop
  endfacet
  facet normal -0.7572088465064849 -0.6531728429537764 0
    outer loop
      vertex -30.92041813450948 -25.37573136654582 0
      vertex -29.638045014198365 -26.862358193880738 0
      vertex -30.92041813450948 -25.37573136654582 90
    endloop
  endfacet
  facet normal -0.7242470829514667 -0.6895405447370673 0
    outer loop
      vertex -28.284271247461902 -28.284271247461902 0
      vertex -29.638045014198365 -26.862358193880738 90
      vertex -29.638045014198365 -26.862358193880738 0
    endloop
  endfacet
  facet normal -0.8175848131515847 -0.5758081914178439 0
    outer loop
      vertex -33.25878449210181 -22.222809320784087 0
      vertex -32.1283012592258 -23.827972179697333 0
      vertex -33.25878449210181 -22.222809320784087 90
    endloop
  endfacet
  facet normal -0.7883464276266058 -0.6152315905806276 0
    outer loop
      vertex -30.92041813450948 -25.37573136654582 0
      vertex -32.1283012592258 -23.827972179697333 90
      vertex -32.1283012592258 -23.827972179697333 0
    endloop
  endfacet
  facet normal -0.6531728429537764 -0.7572088465064849 0
    outer loop
      vertex -25.37573136654582 -30.92041813450948 0
      vertex -25.37573136654582 -30.92041813450948 90
      vertex -26.862358193880738 -29.638045014198365 0
    endloop
  endfacet
  facet normal -0.5758081914178439 -0.8175848131515847 0
    outer loop
      vertex -23.827972179697333 -32.1283012592258 0
      vertex -22.222809320784087 -33.25878449210181 0
      vertex -22.222809320784087 -33.25878449210181 90
    endloop
  endfacet
  facet normal -0.6152315905806276 -0.7883464276266058 0
    outer loop
      vertex -25.37573136654582 -30.92041813450948 0
      vertex -23.827972179697333 -32.1283012592258 0
      vertex -23.827972179697333 -32.1283012592258 90
    endloop
  endfacet
  facet normal -0.44961132965460554 -0.8932243011955158 0
    outer loop
      vertex -18.855869473039906 -35.276850573934205 0
      vertex -17.102203737211283 -36.159571724937734 0
      vertex -17.102203737211283 -36.159571724937734 90
    endloop
  endfacet
  facet normal -0.4052413140049901 -0.9142097557035305 0
    outer loop
      vertex -17.102203737211283 -36.159571724937734 0
      vertex -15.307337294603592 -36.95518130045147 0
      vertex -15.307337294603592 -36.95518130045147 90
    endloop
  endfacet
  facet normal -0.5349976198870969 -0.8448535652497072 0
    outer loop
      vertex -22.222809320784087 -33.25878449210181 0
      vertex -20.564109767728873 -34.30914440001088 0
      vertex -20.564109767728873 -34.30914440001088 90
    endloop
  endfacet
  facet normal -0.492898192229786 -0.8700869911087105 0
    outer loop
      vertex -20.564109767728873 -34.30914440001088 0
      vertex -18.855869473039906 -35.276850573934205 0
      vertex -18.855869473039906 -35.276850573934205 90
    endloop
  endfacet
  facet normal -0.6895405447370673 -0.7242470829514667 0
    outer loop
      vertex -28.284271247461902 -28.284271247461902 0
      vertex -26.862358193880738 -29.638045014198365 0
      vertex -26.862358193880738 -29.638045014198365 90
    endloop
  endfacet
  facet normal 0 0 -1
    outer loop
      vertex -36.95518130045147 -15.307337294603592 0
      vertex -36.159571724937734 17.102203737211283 0
      vertex -36.159571724937734 -17.102203737211283 0
    endloop
  endfacet
  facet normal 0 0 -1
    outer loop
      vertex -35.276850573934205 -18.855869473039906 0
      vertex -36.159571724937734 -17.102203737211283 0
      vertex -35.276850573934205 18.855869473039906 0
    endloop
  endfacet
  facet normal 0 0 -1
    outer loop
      vertex -34.30914440001088 -20.564109767728873 0
      vertex -35.276850573934205 -18.855869473039906 0
      vertex -34.30914440001088 20.564109767728873 0
    endloop
  endfacet
  facet normal 0 0 -1
    outer loop
      vertex -38.801250127781756 -9.719207196130554 0
      vertex -39.23141121612922 -7.8036128806451295 0
      vertex -38.801250127781756 9.719207196130554 0
    endloop
  endfacet
  facet normal 0 0 -1
    outer loop
      vertex -37.66176260732083 -13.475594135688802 0
      vertex -38.27761342928835 -11.611387090178493 0
      vertex -37.66176260732083 13.475594135688802 0
    endloop
  endfacet
  facet normal 0 0 -1
    outer loop
      vertex -36.95518130045147 -15.307337294603592 0
      vertex -37.66176260732083 -13.475594135688802 0
      vertex -36.95518130045147 15.307337294603592 0
    endloop
  endfacet
  facet normal 0 0 -1
    outer loop
      vertex -38.27761342928835 -11.611387090178493 0
      vertex -38.801250127781756 -9.719207196130554 0
      vertex -38.27761342928835 11.611387090178493 0
    endloop
  endfacet
  facet normal 0 0 -1
    outer loop
      vertex -39.23141121612922 -7.8036128806451295 0
      vertex -39.56706039859124 -5.8692189782144695 0
      vertex -39.23141121612922 7.8036128806451295 0
    endloop
  endfacet
  facet normal 0 0 -1
    outer loop
      vertex -39.56706039859124 -5.8692189782144695 0
      vertex -39.80738906688788 -3.920685613182424 0
      vertex -39.56706039859124 5.8692189782144695 0
    endloop
  endfacet
  facet normal 0 0 -1
    outer loop
      vertex -39.80738906688788 -3.920685613182424 0
      vertex -39.9518182482069 -1.9627069730967206 0
      vertex -39.80738906688788 3.920685613182424 0
    endloop
  endfacet
  facet normal 0 0 -1
    outer loop
      vertex -30.92041813450948 -25.37573136654582 0
      vertex -32.1283012592258 -23.827972179697333 0
      vertex -30.92041813450948 25.37573136654582 0
    endloop
  endfacet
  facet normal 0 0 -1
    outer loop
      vertex -34.30914440001088 -20.564109767728873 0
      vertex -33.25878449210181 22.222809320784087 0
      vertex -33.25878449210181 -22.222809320784087 0
    endloop
  endfacet
  facet normal 0 0 -1
    outer loop
      vertex -33.25878449210181 -22.222809320784087 0
      vertex -32.1283012592258 23.827972179697333 0
      vertex -32.1283012592258 -23.827972179697333 0
    endloop
  endfacet
  facet normal 0 0 -1
    outer loop
      vertex -30.92041813450948 -25.37573136654582 0
      vertex -29.638045014198365 26.862358193880738 0
      vertex -29.638045014198365 -26.862358193880738 0
    endloop
  endfacet
  facet normal 0 0 -1
    outer loop
      vertex -28.284271247461902 -28.284271247461902 0
      vertex -29.638045014198365 -26.862358193880738 0
      vertex -28.284271247461902 28.284271247461902 0
    endloop
  endfacet
  facet normal 0 0 -1
    outer loop
      vertex -25.37573136654582 -30.92041813450948 0
      vertex -23.827972179697333 32.1283012592258 0
      vertex -23.827972179697333 -32.1283012592258 0
    endloop
  endfacet
  facet normal 0 0 -1
    outer loop
      vertex -23.827972179697333 -32.1283012592258 0
      vertex -22.222809320784087 33.25878449210181 0
      vertex -22.222809320784087 -33.25878449210181 0
    endloop
  endfacet
  facet normal 0 0 -1
    outer loop
      vertex -22.222809320784087 -33.25878449210181 0
      vertex -20.564109767728873 34.30914440001088 0
      vertex -20.564109767728873 -34.30914440001088 0
    endloop
  endfacet
  facet normal 0 0 -1
    outer loop
      vertex -20.564109767728873 -34.30914440001088 0
      vertex -18.855869473039906 35.276850573934205 0
      vertex -18.855869473039906 -35.276850573934205 0
    endloop
  endfacet
  facet normal 0 0 -1
    outer loop
      vertex -18.855869473039906 -35.276850573934205 0
      vertex -17.102203737211283 36.159571724937734 0
      vertex -17.102203737211283 -36.159571724937734 0
    endloop
  endfacet
  facet normal 0 0 -1
    outer loop
      vertex -17.102203737211283 -36.159571724937734 0
      vertex -15.307337294603592 36.95518130045147 0
      vertex -15.307337294603592 -36.95518130045147 0
    endloop
  endfacet
  facet normal 0 0 -1
    outer loop
      vertex -28.284271247461902 -28.284271247461902 0
      vertex -26.862358193880738 29.638045014198365 0
      vertex -26.862358193880738 -29.638045014198365 0
    endloop
  endfacet
  facet normal 0 0 -1
    outer loop
      vertex -25.37573136654582 -30.92041813450948 0
      vertex -26.862358193880738 -29.638045014198365 0
      vertex -25.37573136654582 30.92041813450948 0
    endloop
  endfacet
  facet normal -0.8932243011955158 -0.44961132965460554 0
    outer loop
      vertex -35.276850573934205 -18.855869473039906 0
      vertex -36.159571724937734 -17.102203737211283 90
      vertex -36.159571724937734 -17.102203737211283 0
    endloop
  endfacet
  facet normal -0.8700869911087105 -0.492898192229786 0
    outer loop
      vertex -34.30914440001088 -20.564109767728873 0
      vertex -35.276850573934205 -18.855869473039906 90
      vertex -35.276850573934205 -18.855869473039906 0
    endloop
  endfacet
  facet normal -0.9142097557035305 -0.4052413140049901 0
    outer loop
      vertex -36.95518130045147 -15.307337294603592 0
      vertex -36.159571724937734 -17.102203737211283 0
      vertex -36.95518130045147 -15.307337294603592 90
    endloop
  endfacet
  facet normal -0.9329927988347392 -0.3598950365349876 0
    outer loop
      vertex -36.95518130045147 -15.307337294603592 0
      vertex -37.66176260732083 -13.475594135688802 90
      vertex -37.66176260732083 -13.475594135688802 0
    endloop
  endfacet
  facet normal -0.9637760657954398 -0.2667127574748985 0
    outer loop
      vertex -38.27761342928835 -11.611387090178493 0
      vertex -38.801250127781756 -9.719207196130554 90
      vertex -38.801250127781756 -9.719207196130554 0
    endloop
  endfacet
  facet normal -0.9495281805930372 -0.3136817403988896 0
    outer loop
      vertex -37.66176260732083 -13.475594135688802 0
      vertex -38.27761342928835 -11.611387090178493 90
      vertex -38.27761342928835 -11.611387090178493 0
    endloop
  endfacet
  facet normal -0.9757021300385283 -0.2191012401568711 0
    outer loop
      vertex -38.801250127781756 -9.719207196130554 0
      vertex -39.23141121612922 -7.8036128806451295 90
      vertex -39.23141121612922 -7.8036128806451295 0
    endloop
  endfacet
  facet normal -0.9852776423889413 -0.17096188876030116 0
    outer loop
      vertex -39.23141121612922 -7.8036128806451295 0
      vertex -39.56706039859124 -5.8692189782144695 90
      vertex -39.56706039859124 -5.8692189782144695 0
    endloop
  endfacet
  facet normal -0.9924795345987097 -0.1224106751992185 0
    outer loop
      vertex -39.56706039859124 -5.8692189782144695 0
      vertex -39.80738906688788 -3.920685613182424 90
      vertex -39.80738906688788 -3.920685613182424 0
    endloop
  endfacet
  facet normal -0.9972904566786902 -0.0735645635996668 0
    outer loop
      vertex -39.80738906688788 -3.920685613182424 0
      vertex -39.9518182482069 -1.9627069730967206 90
      vertex -39.9518182482069 -1.9627069730967206 0
    endloop
  endfacet
  facet normal -0.9996988186962042 -0.024541228522911133 0
    outer loop
      vertex -39.9518182482069 -1.9627069730967206 0
      vertex -40 0 90
      vertex -40 0 0
    endloop
  endfacet
  facet normal -0.3598950365349876 -0.9329927988347392 0
    outer loop
      vertex -15.307337294603592 -36.95518130045147 0
      vertex -13.475594135688802 -37.66176260732083 0
      vertex -13.475594135688802 -37.66176260732083 90
    endloop
  endfacet
  facet normal -0.3136817403988896 -0.9495281805930372 0
    outer loop
      vertex -13.475594135688802 -37.66176260732083 0
      vertex -11.611387090178493 -38.27761342928835 0
      vertex -11.611387090178493 -38.27761342928835 90
    endloop
  endfacet
  facet normal -0.2667127574748985 -0.9637760657954398 0
    outer loop
      vertex -11.611387090178493 -38.27761342928835 0
      vertex -9.719207196130554 -38.801250127781756 0
      vertex -9.719207196130554 -38.801250127781756 90
    endloop
  endfacet
  facet normal -0.2191012401568711 -0.9757021300385283 0
    outer loop
      vertex -9.719207196130554 -38.801250127781756 0
      vertex -7.8036128806451295 -39.23141121612922 0
      vertex -7.8036128806451295 -39.23141121612922 90
    endloop
  endfacet
  facet normal -0.17096188876030116 -0.9852776423889413 0
    outer loop
      vertex -7.8036128806451295 -39.23141121612922 0
      vertex -5.8692189782144695 -39.56706039859124 0
      vertex -5.8692189782144695 -39.56706039859124 90
    endloop
  endfacet
  facet normal -0.1224106751992185 -0.9924795345987097 0
    outer loop
      vertex -5.8692189782144695 -39.56706039859124 0
      vertex -3.920685613182424 -39.80738906688788 0
      vertex -3.920685613182424 -39.80738906688788 90
    endloop
  endfacet
  facet normal -0.0735645635996668 -0.9972904566786902 0
    outer loop
      vertex -3.920685613182424 -39.80738906688788 0
      vertex -1.9627069730967206 -39.9518182482069 0
      vertex -1.9627069730967206 -39.9518182482069 90
    endloop
  endfacet
  facet normal -0.024541228522911133 -0.9996988186962042 0
    outer loop
      vertex -1.9627069730967206 -39.9518182482069 0
      vertex 0 -40 0
      vertex 0 -40 90
    endloop
  endfacet
  facet normal 0.024541228522911133 -0.9996988186962042 0
    outer loop
      vertex 0 -40 0
      vertex 1.9627069730967206 -39.9518182482069 0
      vertex 1.9627069730967206 -39.9518182482069 90
    endloop
  endfacet
  facet normal 0.0735645635996668 -0.9972904566786902 0
    outer loop
      vertex 1.9627069730967206 -39.9518182482069 0
      vertex 3.920685613182424 -39.80738906688788 0
      vertex 3.920685613182424 -39.80738906688788 90
    endloop
  endfacet
  facet normal 0.1224106751992185 -0.9924795345987097 0
    outer loop
      vertex 3.920685613182424 -39.80738906688788 0
      vertex 5.8692189782144695 -39.56706039859124 0
      vertex 5.8692189782144695 -39.56706039859124 90
    endloop
  endfacet
  facet normal 0.17096188876030116 -0.9852776423889413 0
    outer loop
      vertex 5.8692189782144695 -39.56706039859124 0
      vertex 7.8036128806451295 -39.23141121612922 0
      vertex 7.8036128806451295 -39.23141121612922 90
    endloop
  endfacet
  facet normal 0.2191012401568711 -0.9757021300385283 0
    outer loop
      vertex 7.8036128806451295 -39.23141121612922 0
      vertex 9.719207196130554 -38.801250127781756 0
      vertex 9.719207196130554 -38.801250127781756 90
    endloop
  endfacet
  facet normal 0 0 -1
    outer loop
      vertex -15.307337294603592 -36.95518130045147 0
      vertex -13.475594135688802 37.66176260732083 0
      vertex -13.475594135688802 -37.66176260732083 0
    endloop
  endfacet
  facet normal 0 0 -1
    outer loop
      vertex -13.475594135688802 -37.66176260732083 0
      vertex -11.611387090178493 38.27761342928835 0
      vertex -11.611387090178493 -38.27761342928835 0
    endloop
  endfacet
  facet normal 0 0 -1
    outer loop
      vertex -11.611387090178493 -38.27761342928835 0
      vertex -9.719207196130554 38.801250127781756 0
      vertex -9.719207196130554 -38.801250127781756 0
    endloop
  endfacet
  facet normal 0 0 -1
    outer loop
      vertex -9.719207196130554 -38.801250127781756 0
      vertex -7.8036128806451295 39.23141121612922 0
      vertex -7.8036128806451295 -39.23141121612922 0
    endloop
  endfacet
  facet normal 0 0 -1
    outer loop
      vertex -7.8036128806451295 -39.23141121612922 0
      vertex -5.8692189782144695 39.56706039859124 0
      vertex -5.8692189782144695 -39.56706039859124 0
    endloop
  endfacet
  facet normal 0 0 -1
    outer loop
      vertex -5.8692189782144695 -39.56706039859124 0
      vertex -3.920685613182424 39.80738906688788 0
      vertex -3.920685613182424 -39.80738906688788 0
    endloop
  endfacet
  facet normal 0 0 -1
    outer loop
      vertex -3.920685613182424 -39.80738906688788 0
      vertex -1.9627069730967206 39.9518182482069 0
      vertex -1.9627069730967206 -39.9518182482069 0
    endloop
  endfacet
  facet normal 0 0 -1
    outer loop
      vertex -1.9627069730967206 -39.9518182482069 0
      vertex 0 40 0
      vertex 0 -40 0
    endloop
  endfacet
  facet normal 0 0 -1
    outer loop
      vertex 0 -40 0
      vertex 1.9627069730967206 39.9518182482069 0
      vertex 1.9627069730967206 -39.9518182482069 0
    endloop
  endfacet
  facet normal 0 0 -1
    outer loop
      vertex 1.9627069730967206 -39.9518182482069 0
      vertex 3.920685613182424 39.80738906688788 0
      vertex 3.920685613182424 -39.80738906688788 0
    endloop
  endfacet
  facet normal 0 0 -1
    outer loop
      vertex 3.920685613182424 -39.80738906688788 0
      vertex 5.8692189782144695 39.56706039859124 0
      vertex 5.8692189782144695 -39.56706039859124 0
    endloop
  endfacet
  facet normal 0 0 -1
    outer loop
      vertex 5.8692189782144695 -39.56706039859124 0
      vertex 7.8036128806451295 39.23141121612922 0
      vertex 7.8036128806451295 -39.23141121612922 0
    endloop
  endfacet
  facet normal 0 0 -1
    outer loop
      vertex 7.8036128806451295 -39.23141121612922 0
      vertex 9.719207196130554 38.801250127781756 0
      vertex 9.719207196130554 -38.801250127781756 0
    endloop
  endfacet
  facet normal -0.7242470829514667 -0.6895405447370673 0
    outer loop
      vertex -28.284271247461902 -28.284271247461902 0
      vertex -28.284271247461902 -28.284271247461902 90
      vertex -29.638045014198365 -26.862358193880738 90
    endloop
  endfacet
  facet normal -0.6895405447370673 -0.7242470829514667 0
    outer loop
      vertex -28.284271247461902 -28.284271247461902 0
      vertex -26.862358193880738 -29.638045014198365 90
      vertex -28.284271247461902 -28.284271247461902 90
    endloop
  endfacet
  facet normal -0.7572088465064849 -0.6531728429537764 0
    outer loop
      vertex -29.638045014198365 -26.862358193880738 0
      vertex -29.638045014198365 -26.862358193880738 90
      vertex -30.92041813450948 -25.37573136654582 90
    endloop
  endfacet
  facet normal -0.8175848131515847 -0.5758081914178439 0
    outer loop
      vertex -32.1283012592258 -23.827972179697333 0
      vertex -32.1283012592258 -23.827972179697333 90
      vertex -33.25878449210181 -22.222809320784087 90
    endloop
  endfacet
  facet normal -0.7883464276266058 -0.6152315905806276 0
    outer loop
      vertex -30.92041813450948 -25.37573136654582 0
      vertex -30.92041813450948 -25.37573136654582 90
      vertex -32.1283012592258 -23.827972179697333 90
    endloop
  endfacet
  facet normal -0.8448535652497072 -0.5349976198870969 0
    outer loop
      vertex -33.25878449210181 -22.222809320784087 0
      vertex -33.25878449210181 -22.222809320784087 90
      vertex -34.30914440001088 -20.564109767728873 90
    endloop
  endfacet
  facet normal -0.6531728429537764 -0.7572088465064849 0
    outer loop
      vertex -26.862358193880738 -29.638045014198365 0
      vertex -25.37573136654582 -30.92041813450948 90
      vertex -26.862358193880738 -29.638045014198365 90
    endloop
  endfacet
  facet normal -0.6152315905806276 -0.7883464276266058 0
    outer loop
      vertex -25.37573136654582 -30.92041813450948 0
      vertex -23.827972179697333 -32.1283012592258 90
      vertex -25.37573136654582 -30.92041813450948 90
    endloop
  endfacet
  facet normal -0.5758081914178439 -0.8175848131515847 0
    outer loop
      vertex -23.827972179697333 -32.1283012592258 0
      vertex -22.222809320784087 -33.25878449210181 90
      vertex -23.827972179697333 -32.1283012592258 90
    endloop
  endfacet
  facet normal -0.5349976198870969 -0.8448535652497072 0
    outer loop
      vertex -22.222809320784087 -33.25878449210181 0
      vertex -20.564109767728873 -34.30914440001088 90
      vertex -22.222809320784087 -33.25878449210181 90
    endloop
  endfacet
  facet normal -0.44961132965460554 -0.8932243011955158 0
    outer loop
      vertex -18.855869473039906 -35.276850573934205 0
      vertex -17.102203737211283 -36.159571724937734 90
      vertex -18.855869473039906 -35.276850573934205 90
    endloop
  endfacet
  facet normal -0.4052413140049901 -0.9142097557035305 0
    outer loop
      vertex -17.102203737211283 -36.159571724937734 0
      vertex -15.307337294603592 -36.95518130045147 90
      vertex -17.102203737211283 -36.159571724937734 90
    endloop
  endfacet
  facet normal -0.492898192229786 -0.8700869911087105 0
    outer loop
      vertex -20.564109767728873 -34.30914440001088 0
      vertex -18.855869473039906 -35.276850573934205 90
      vertex -20.564109767728873 -34.30914440001088 90
    endloop
  endfacet
  facet normal 0 0 1
    outer loop
      vertex -30.92041813450948 -25.37573136654582 90
      vertex -31.639625259320518 -14.964428270059873 90
      vertex -32.1283012592258 -23.827972179697333 90
    endloop
  endfacet
  facet normal 0 0 1
    outer loop
      vertex -30.92041813450948 -25.37573136654582 90
      vertex -29.638045014198365 -26.862358193880738 90
      vertex -30.02050135000952 -17.99359604676276 90
    endloop
  endfacet
  facet normal 0 0 1
    outer loop
      vertex -28.284271247461902 -28.284271247461902 90
      vertex -29.101436430589082 -19.444958155686077 90
      vertex -29.638045014198365 -26.862358193880738 90
    endloop
  endfacet
  facet normal 0 0 1
    outer loop
      vertex -28.284271247461902 -28.284271247461902 90
      vertex -27.055365867695794 -22.203764945727592 90
      vertex -28.112263601822573 -20.849475657235168 90
    endloop
  endfacet
  facet normal 0 0 1
    outer loop
      vertex -28.284271247461902 -28.284271247461902 90
      vertex -28.112263601822573 -20.849475657235168 90
      vertex -29.101436430589082 -19.444958155686077 90
    endloop
  endfacet
  facet normal 0 0 1
    outer loop
      vertex -29.638045014198365 -26.862358193880738 90
      vertex -29.101436430589082 -19.444958155686077 90
      vertex -30.02050135000952 -17.99359604676276 90
    endloop
  endfacet
  facet normal 0 0 1
    outer loop
      vertex -23.827972179697333 -32.1283012592258 90
      vertex -22.222809320784087 -33.25878449210181 90
      vertex -23.504563419645645 -25.933289387423567 90
    endloop
  endfacet
  facet normal 0 0 1
    outer loop
      vertex -20.564109767728873 -34.30914440001088 90
      vertex -18.855869473039906 -35.276850573934205 90
      vertex -19.444958155686077 -29.101436430589082 90
    endloop
  endfacet
  facet normal 0 0 1
    outer loop
      vertex -22.222809320784087 -33.25878449210181 90
      vertex -20.564109767728873 -34.30914440001088 90
      vertex -20.849475657235168 -28.112263601822573 90
    endloop
  endfacet
  facet normal 0 0 1
    outer loop
      vertex -20.564109767728873 -34.30914440001088 90
      vertex -19.444958155686077 -29.101436430589082 90
      vertex -20.849475657235168 -28.112263601822573 90
    endloop
  endfacet
  facet normal 0 0 1
    outer loop
      vertex -18.855869473039906 -35.276850573934205 90
      vertex -17.99359604676276 -30.02050135000952 90
      vertex -19.444958155686077 -29.101436430589082 90
    endloop
  endfacet
  facet normal 0 0 1
    outer loop
      vertex -18.855869473039906 -35.276850573934205 90
      vertex -17.102203737211283 -36.159571724937734 90
      vertex -17.99359604676276 -30.02050135000952 90
    endloop
  endfacet
  facet normal 0 0 1
    outer loop
      vertex -17.102203737211283 -36.159571724937734 90
      vertex -15.307337294603592 -36.95518130045147 90
      vertex -16.498885788909917 -30.867244252192428 90
    endloop
  endfacet
  facet normal 0 0 1
    outer loop
      vertex -15.307337294603592 -36.95518130045147 90
      vertex -14.964428270059873 -31.639625259320518 90
      vertex -16.498885788909917 -30.867244252192428 90
    endloop
  endfacet
  facet normal 0 0 1
    outer loop
      vertex -17.102203737211283 -36.159571724937734 90
      vertex -16.498885788909917 -30.867244252192428 90
      vertex -17.99359604676276 -30.02050135000952 90
    endloop
  endfacet
  facet normal 0 0 1
    outer loop
      vertex -25.37573136654582 -30.92041813450948 90
      vertex -23.827972179697333 -32.1283012592258 90
      vertex -24.748737341529164 -24.748737341529164 90
    endloop
  endfacet
  facet normal 0 0 1
    outer loop
      vertex -25.37573136654582 -30.92041813450948 90
      vertex -25.933289387423567 -23.504563419645645 90
      vertex -26.862358193880738 -29.638045014198365 90
    endloop
  endfacet
  facet normal 0 0 1
    outer loop
      vertex -28.284271247461902 -28.284271247461902 90
      vertex -26.862358193880738 -29.638045014198365 90
      vertex -27.055365867695794 -22.203764945727592 90
    endloop
  endfacet
  facet normal 0 0 1
    outer loop
      vertex -26.862358193880738 -29.638045014198365 90
      vertex -25.933289387423567 -23.504563419645645 90
      vertex -27.055365867695794 -22.203764945727592 90
    endloop
  endfacet
  facet normal 0 0 1
    outer loop
      vertex -25.37573136654582 -30.92041813450948 90
      vertex -24.748737341529164 -24.748737341529164 90
      vertex -25.933289387423567 -23.504563419645645 90
    endloop
  endfacet
  facet normal 0 0 1
    outer loop
      vertex -23.827972179697333 -32.1283012592258 90
      vertex -23.504563419645645 -25.933289387423567 90
      vertex -24.748737341529164 -24.748737341529164 90
    endloop
  endfacet
  facet normal 0 0 1
    outer loop
      vertex -22.222809320784087 -33.25878449210181 90
      vertex -20.849475657235168 -28.112263601822573 90
      vertex -22.203764945727592 -27.055365867695794 90
    endloop
  endfacet
  facet normal 0 0 1
    outer loop
      vertex -22.222809320784087 -33.25878449210181 90
      vertex -22.203764945727592 -27.055365867695794 90
      vertex -23.504563419645645 -25.933289387423567 90
    endloop
  endfacet
  facet normal -0.8932243011955158 -0.44961132965460554 0
    outer loop
      vertex -35.276850573934205 -18.855869473039906 0
      vertex -35.276850573934205 -18.855869473039906 90
      vertex -36.159571724937734 -17.102203737211283 90
    endloop
  endfacet
  facet normal -0.8700869911087105 -0.492898192229786 0
    outer loop
      vertex -34.30914440001088 -20.564109767728873 0
      vertex -34.30914440001088 -20.564109767728873 90
      vertex -35.276850573934205 -18.855869473039906 90
    endloop
  endfacet
  facet normal -0.9142097557035305 -0.4052413140049901 0
    outer loop
      vertex -36.159571724937734 -17.102203737211283 0
      vertex -36.159571724937734 -17.102203737211283 90
      vertex -36.95518130045147 -15.307337294603592 90
    endloop
  endfacet
  facet normal -0.9329927988347392 -0.3598950365349876 0
    outer loop
      vertex -36.95518130045147 -15.307337294603592 0
      vertex -36.95518130045147 -15.307337294603592 90
      vertex -37.66176260732083 -13.475594135688802 90
    endloop
  endfacet
  facet normal -0.9495281805930372 -0.3136817403988896 0
    outer loop
      vertex -37.66176260732083 -13.475594135688802 0
      vertex -37.66176260732083 -13.475594135688802 90
      vertex -38.27761342928835 -11.611387090178493 90
    endloop
  endfacet
  facet normal -0.9637760657954398 -0.2667127574748985 0
    outer loop
      vertex -38.27761342928835 -11.611387090178493 0
      vertex -38.27761342928835 -11.611387090178493 90
      vertex -38.801250127781756 -9.719207196130554 90
    endloop
  endfacet
  facet normal -0.9757021300385283 -0.2191012401568711 0
    outer loop
      vertex -38.801250127781756 -9.719207196130554 0
      vertex -38.801250127781756 -9.719207196130554 90
      vertex -39.23141121612922 -7.8036128806451295 90
    endloop
  endfacet
  facet normal -0.9852776423889413 -0.17096188876030116 0
    outer loop
      vertex -39.23141121612922 -7.8036128806451295 0
      vertex -39.23141121612922 -7.8036128806451295 90
      vertex -39.56706039859124 -5.8692189782144695 90
    endloop
  endfacet
  facet normal -0.9924795345987097 -0.1224106751992185 0
    outer loop
      vertex -39.56706039859124 -5.8692189782144695 0
      vertex -39.56706039859124 -5.8692189782144695 90
      vertex -39.80738906688788 -3.920685613182424 90
    endloop
  endfacet
  facet normal -0.9972904566786902 -0.0735645635996668 0
    outer loop
      vertex -39.80738906688788 -3.920685613182424 0
      vertex -39.80738906688788 -3.920685613182424 90
      vertex -39.9518182482069 -1.9627069730967206 90
    endloop
  endfacet
  facet normal -0.9996988186962042 -0.024541228522911133 0
    outer loop
      vertex -39.9518182482069 -1.9627069730967206 0
      vertex -39.9518182482069 -1.9627069730967206 90
      vertex -40 0 90
    endloop
  endfacet
  facet normal 0 0 1
    outer loop
      vertex -34.30914440001088 -20.564109767728873 90
      vertex -34.831465433526894 -3.430599911534621 90
      vertex -35.276850573934205 -18.855869473039906 90
    endloop
  endfacet
  facet normal 0 0 1
    outer loop
      vertex -34.30914440001088 -20.564109767728873 90
      vertex -33.95109386180904 -8.504306296614235 90
      vertex -34.32748481411306 -6.828161270564489 90
    endloop
  endfacet
  facet normal 0 0 1
    outer loop
      vertex -34.30914440001088 -20.564109767728873 90
      vertex -34.32748481411306 -6.828161270564489 90
      vertex -34.62117784876734 -5.135566605937661 90
    endloop
  endfacet
  facet normal 0 0 1
    outer loop
      vertex -33.25878449210181 -22.222809320784087 90
      vertex -32.1283012592258 -23.827972179697333 90
      vertex -32.95404228140573 -11.791144868727702 90
    endloop
  endfacet
  facet normal 0 0 1
    outer loop
      vertex -30.92041813450948 -25.37573136654582 90
      vertex -30.867244252192428 -16.498885788909917 90
      vertex -31.639625259320518 -14.964428270059873 90
    endloop
  endfacet
  facet normal 0 0 1
    outer loop
      vertex -34.30914440001088 -20.564109767728873 90
      vertex -33.25878449210181 -22.222809320784087 90
      vertex -33.95109386180904 -8.504306296614235 90
    endloop
  endfacet
  facet normal 0 0 1
    outer loop
      vertex -32.1283012592258 -23.827972179697333 90
      vertex -32.335783637895034 -13.393920132778142 90
      vertex -32.95404228140573 -11.791144868727702 90
    endloop
  endfacet
  facet normal 0 0 1
    outer loop
      vertex -32.1283012592258 -23.827972179697333 90
      vertex -31.639625259320518 -14.964428270059873 90
      vertex -32.335783637895034 -13.393920132778142 90
    endloop
  endfacet
  facet normal 0 0 1
    outer loop
      vertex -30.92041813450948 -25.37573136654582 90
      vertex -30.02050135000952 -17.99359604676276 90
      vertex -30.867244252192428 -16.498885788909917 90
    endloop
  endfacet
  facet normal 0 0 1
    outer loop
      vertex -33.25878449210181 -22.222809320784087 90
      vertex -32.95404228140573 -11.791144868727702 90
      vertex -33.49291175062731 -10.15996370390618 90
    endloop
  endfacet
  facet normal 0 0 1
    outer loop
      vertex -33.25878449210181 -22.222809320784087 90
      vertex -33.49291175062731 -10.15996370390618 90
      vertex -33.95109386180904 -8.504306296614235 90
    endloop
  endfacet
  facet normal 0 0 1
    outer loop
      vertex -36.95518130045147 -15.307337294603592 90
      vertex -37.66176260732083 13.475594135688802 90
      vertex -37.66176260732083 -13.475594135688802 90
    endloop
  endfacet
  facet normal 0 0 1
    outer loop
      vertex -34.30914440001088 -20.564109767728873 90
      vertex -34.62117784876734 -5.135566605937661 90
      vertex -34.831465433526894 -3.430599911534621 90
    endloop
  endfacet
  facet normal 0 0 1
    outer loop
      vertex -35.276850573934205 -18.855869473039906 90
      vertex -34.831465433526894 -3.430599911534621 90
      vertex -34.957840967181035 -1.7173686014596306 90
    endloop
  endfacet
  facet normal 0 0 1
    outer loop
      vertex -35.276850573934205 -18.855869473039906 90
      vertex -36.159571724937734 17.102203737211283 90
      vertex -36.159571724937734 -17.102203737211283 90
    endloop
  endfacet
  facet normal 0 0 1
    outer loop
      vertex -36.95518130045147 -15.307337294603592 90
      vertex -36.159571724937734 -17.102203737211283 90
      vertex -36.95518130045147 15.307337294603592 90
    endloop
  endfacet
  facet normal 0 0 1
    outer loop
      vertex -35.276850573934205 -18.855869473039906 90
      vertex -34.957840967181035 -1.7173686014596306 90
      vertex -35 0 90
    endloop
  endfacet
  facet normal 0 0 1
    outer loop
      vertex -38.27761342928835 -11.611387090178493 90
      vertex -38.801250127781756 9.719207196130554 90
      vertex -38.801250127781756 -9.719207196130554 90
    endloop
  endfacet
  facet normal 0 0 1
    outer loop
      vertex -39.23141121612922 -7.8036128806451295 90
      vertex -39.56706039859124 5.8692189782144695 90
      vertex -39.56706039859124 -5.8692189782144695 90
    endloop
  endfacet
  facet normal 0 0 1
    outer loop
      vertex -38.801250127781756 -9.719207196130554 90
      vertex -39.23141121612922 7.8036128806451295 90
      vertex -39.23141121612922 -7.8036128806451295 90
    endloop
  endfacet
  facet normal 0 0 1
    outer loop
      vertex -37.66176260732083 -13.475594135688802 90
      vertex -38.27761342928835 11.611387090178493 90
      vertex -38.27761342928835 -11.611387090178493 90
    endloop
  endfacet
  facet normal 0 0 1
    outer loop
      vertex -39.56706039859124 -5.8692189782144695 90
      vertex -39.80738906688788 3.920685613182424 90
      vertex -39.80738906688788 -3.920685613182424 90
    endloop
  endfacet
  facet normal 0 0 1
    outer loop
      vertex -39.80738906688788 -3.920685613182424 90
      vertex -39.9518182482069 1.9627069730967206 90
      vertex -39.9518182482069 -1.9627069730967206 90
    endloop
  endfacet
  facet normal -0.3136817403988896 -0.9495281805930372 0
    outer loop
      vertex -13.475594135688802 -37.66176260732083 0
      vertex -11.611387090178493 -38.27761342928835 90
      vertex -13.475594135688802 -37.66176260732083 90
    endloop
  endfacet
  facet normal -0.3598950365349876 -0.9329927988347392 0
    outer loop
      vertex -15.307337294603592 -36.95518130045147 0
      vertex -13.475594135688802 -37.66176260732083 90
      vertex -15.307337294603592 -36.95518130045147 90
    endloop
  endfacet
  facet normal -0.2667127574748985 -0.9637760657954398 0
    outer loop
      vertex -11.611387090178493 -38.27761342928835 0
      vertex -9.719207196130554 -38.801250127781756 90
      vertex -11.611387090178493 -38.27761342928835 90
    endloop
  endfacet
  facet normal -0.2191012401568711 -0.9757021300385283 0
    outer loop
      vertex -9.719207196130554 -38.801250127781756 0
      vertex -7.8036128806451295 -39.23141121612922 90
      vertex -9.719207196130554 -38.801250127781756 90
    endloop
  endfacet
  facet normal -0.17096188876030116 -0.9852776423889413 0
    outer loop
      vertex -7.8036128806451295 -39.23141121612922 0
      vertex -5.8692189782144695 -39.56706039859124 90
      vertex -7.8036128806451295 -39.23141121612922 90
    endloop
  endfacet
  facet normal -0.1224106751992185 -0.9924795345987097 0
    outer loop
      vertex -5.8692189782144695 -39.56706039859124 0
      vertex -3.920685613182424 -39.80738906688788 90
      vertex -5.8692189782144695 -39.56706039859124 90
    endloop
  endfacet
  facet normal -0.0735645635996668 -0.9972904566786902 0
    outer loop
      vertex -3.920685613182424 -39.80738906688788 0
      vertex -1.9627069730967206 -39.9518182482069 90
      vertex -3.920685613182424 -39.80738906688788 90
    endloop
  endfacet
  facet normal -0.024541228522911133 -0.9996988186962042 0
    outer loop
      vertex -1.9627069730967206 -39.9518182482069 0
      vertex 0 -40 90
      vertex -1.9627069730967206 -39.9518182482069 90
    endloop
  endfacet
  facet normal 0.024541228522911133 -0.9996988186962042 0
    outer loop
      vertex 0 -40 0
      vertex 1.9627069730967206 -39.9518182482069 90
      vertex 0 -40 90
    endloop
  endfacet
  facet normal 0.0735645635996668 -0.9972904566786902 0
    outer loop
      vertex 1.9627069730967206 -39.9518182482069 0
      vertex 3.920685613182424 -39.80738906688788 90
      vertex 1.9627069730967206 -39.9518182482069 90
    endloop
  endfacet
  facet normal 0.1224106751992185 -0.9924795345987097 0
    outer loop
      vertex 3.920685613182424 -39.80738906688788 0
      vertex 5.8692189782144695 -39.56706039859124 90
      vertex 3.920685613182424 -39.80738906688788 90
    endloop
  endfacet
  facet normal 0.17096188876030116 -0.9852776423889413 0
    outer loop
      vertex 5.8692189782144695 -39.56706039859124 0
      vertex 7.8036128806451295 -39.23141121612922 90
      vertex 5.8692189782144695 -39.56706039859124 90
    endloop
  endfacet
  facet normal 0.2191012401568711 -0.9757021300385283 0
    outer loop
      vertex 7.8036128806451295 -39.23141121612922 0
      vertex 9.719207196130554 -38.801250127781756 90
      vertex 7.8036128806451295 -39.23141121612922 90
    endloop
  endfacet
  facet normal 0 0 1
    outer loop
      vertex -15.307337294603592 -36.95518130045147 90
      vertex -13.475594135688802 -37.66176260732083 90
      vertex -14.964428270059873 -31.639625259320518 90
    endloop
  endfacet
  facet normal 0 0 1
    outer loop
      vertex -13.475594135688802 -37.66176260732083 90
      vertex -11.611387090178493 -38.27761342928835 90
      vertex -11.791144868727702 -32.95404228140573 90
    endloop
  endfacet
  facet normal 0 0 1
    outer loop
      vertex -11.611387090178493 -38.27761342928835 90
      vertex -9.719207196130554 -38.801250127781756 90
      vertex -10.15996370390618 -33.49291175062731 90
    endloop
  endfacet
  facet normal 0 0 1
    outer loop
      vertex -10.15996370390618 -33.49291175062731 90
      vertex -9.719207196130554 -38.801250127781756 90
      vertex -8.504306296614235 -33.95109386180904 90
    endloop
  endfacet
  facet normal 0 0 1
    outer loop
      vertex -13.475594135688802 -37.66176260732083 90
      vertex -13.393920132778142 -32.335783637895034 90
      vertex -14.964428270059873 -31.639625259320518 90
    endloop
  endfacet
  facet normal 0 0 1
    outer loop
      vertex -13.475594135688802 -37.66176260732083 90
      vertex -11.791144868727702 -32.95404228140573 90
      vertex -13.393920132778142 -32.335783637895034 90
    endloop
  endfacet
  facet normal 0 0 1
    outer loop
      vertex -11.611387090178493 -38.27761342928835 90
      vertex -10.15996370390618 -33.49291175062731 90
      vertex -11.791144868727702 -32.95404228140573 90
    endloop
  endfacet
  facet normal 0 0 1
    outer loop
      vertex -7.8036128806451295 -39.23141121612922 90
      vertex -5.8692189782144695 -39.56706039859124 90
      vertex -6.828161270564489 -34.32748481411306 90
    endloop
  endfacet
  facet normal 0 0 1
    outer loop
      vertex -9.719207196130554 -38.801250127781756 90
      vertex -7.8036128806451295 -39.23141121612922 90
      vertex -8.504306296614235 -33.95109386180904 90
    endloop
  endfacet
  facet normal 0 0 1
    outer loop
      vertex -7.8036128806451295 -39.23141121612922 90
      vertex -6.828161270564489 -34.32748481411306 90
      vertex -8.504306296614235 -33.95109386180904 90
    endloop
  endfacet
  facet normal 0 0 1
    outer loop
      vertex -5.8692189782144695 -39.56706039859124 90
      vertex -3.920685613182424 -39.80738906688788 90
      vertex -5.135566605937661 -34.62117784876734 90
    endloop
  endfacet
  facet normal 0 0 1
    outer loop
      vertex -3.920685613182424 -39.80738906688788 90
      vertex -1.9627069730967206 -39.9518182482069 90
      vertex -3.430599911534621 -34.831465433526894 90
    endloop
  endfacet
  facet normal 0 0 1
    outer loop
      vertex -5.8692189782144695 -39.56706039859124 90
      vertex -5.135566605937661 -34.62117784876734 90
      vertex -6.828161270564489 -34.32748481411306 90
    endloop
  endfacet
  facet normal 0 0 1
    outer loop
      vertex -5.135566605937661 -34.62117784876734 90
      vertex -3.920685613182424 -39.80738906688788 90
      vertex -3.430599911534621 -34.831465433526894 90
    endloop
  endfacet
  facet normal 0 0 1
    outer loop
      vertex -1.9627069730967206 -39.9518182482069 90
      vertex 0 -40 90
      vertex -1.7173686014596306 -34.957840967181035 90
    endloop
  endfacet
  facet normal 0 0 1
    outer loop
      vertex -1.9627069730967206 -39.9518182482069 90
      vertex -1.7173686014596306 -34.957840967181035 90
      vertex -3.430599911534621 -34.831465433526894 90
    endloop
  endfacet
  facet normal 0 0 1
    outer loop
      vertex -1.7173686014596306 -34.957840967181035 90
      vertex 0 -40 90
      vertex 0 -35 90
    endloop
  endfacet
  facet normal 0 0 1
    outer loop
      vertex 0 -40 90
      vertex 1.9627069730967206 -39.9518182482069 90
      vertex 1.7173686014596306 -34.957840967181035 90
    endloop
  endfacet
  facet normal 0 0 1
    outer loop
      vertex 1.9627069730967206 -39.9518182482069 90
      vertex 3.920685613182424 -39.80738906688788 90
      vertex 1.7173686014596306 -34.957840967181035 90
    endloop
  endfacet
  facet normal 0 0 1
    outer loop
      vertex 0 -40 90
      vertex 1.7173686014596306 -34.957840967181035 90
      vertex 0 -35 90
    endloop
  endfacet
  facet normal 0 0 1
    outer loop
      vertex 3.920685613182424 -39.80738906688788 90
      vertex 3.430599911534621 -34.831465433526894 90
      vertex 1.7173686014596306 -34.957840967181035 90
    endloop
  endfacet
  facet normal 0 0 1
    outer loop
      vertex 3.920685613182424 -39.80738906688788 90
      vertex 5.8692189782144695 -39.56706039859124 90
      vertex 3.430599911534621 -34.831465433526894 90
    endloop
  endfacet
  facet normal 0 0 1
    outer loop
      vertex 3.430599911534621 -34.831465433526894 90
      vertex 5.8692189782144695 -39.56706039859124 90
      vertex 5.135566605937661 -34.62117784876734 90
    endloop
  endfacet
  facet normal 0 0 1
    outer loop
      vertex 5.8692189782144695 -39.56706039859124 90
      vertex 7.8036128806451295 -39.23141121612922 90
      vertex 5.135566605937661 -34.62117784876734 90
    endloop
  endfacet
  facet normal 0 0 1
    outer loop
      vertex 7.8036128806451295 -39.23141121612922 90
      vertex 6.828161270564489 -34.32748481411306 90
      vertex 5.135566605937661 -34.62117784876734 90
    endloop
  endfacet
  facet normal 0 0 1
    outer loop
      vertex 7.8036128806451295 -39.23141121612922 90
      vertex 9.719207196130554 -38.801250127781756 90
      vertex 6.828161270564489 -34.32748481411306 90
    endloop
  endfacet
  facet normal 0 0 1
    outer loop
      vertex 9.719207196130554 -38.801250127781756 90
      vertex 8.504306296614235 -33.95109386180904 90
      vertex 6.828161270564489 -34.32748481411306 90
    endloop
  endfacet
  facet normal 0 0 -1
    outer loop
      vertex -39.9518182482069 -1.9627069730967206 0
      vertex -40 0 0
      vertex -39.9518182482069 1.9627069730967206 0
    endloop
  endfacet
  facet normal 0 0 -1
    outer loop
      vertex -39.9518182482069 -1.9627069730967206 0
      vertex -39.9518182482069 1.9627069730967206 0
      vertex -39.80738906688788 3.920685613182424 0
    endloop
  endfacet
  facet normal 0 0 -1
    outer loop
      vertex -39.80738906688788 -3.920685613182424 0
      vertex -39.80738906688788 3.920685613182424 0
      vertex -39.56706039859124 5.8692189782144695 0
    endloop
  endfacet
  facet normal 0 0 -1
    outer loop
      vertex -39.56706039859124 -5.8692189782144695 0
      vertex -39.56706039859124 5.8692189782144695 0
      vertex -39.23141121612922 7.8036128806451295 0
    endloop
  endfacet
  facet normal 0 0 -1
    outer loop
      vertex -39.23141121612922 -7.8036128806451295 0
      vertex -39.23141121612922 7.8036128806451295 0
      vertex -38.801250127781756 9.719207196130554 0
    endloop
  endfacet
  facet normal 0 0 -1
    outer loop
      vertex -38.801250127781756 -9.719207196130554 0
      vertex -38.801250127781756 9.719207196130554 0
      vertex -38.27761342928835 11.611387090178493 0
    endloop
  endfacet
  facet normal 0 0 -1
    outer loop
      vertex -38.27761342928835 -11.611387090178493 0
      vertex -38.27761342928835 11.611387090178493 0
      vertex -37.66176260732083 13.475594135688802 0
    endloop
  endfacet
  facet normal 0 0 -1
    outer loop
      vertex -37.66176260732083 -13.475594135688802 0
      vertex -37.66176260732083 13.475594135688802 0
      vertex -36.95518130045147 15.307337294603592 0
    endloop
  endfacet
  facet normal 0 0 -1
    outer loop
      vertex -36.95518130045147 -15.307337294603592 0
      vertex -36.95518130045147 15.307337294603592 0
      vertex -36.159571724937734 17.102203737211283 0
    endloop
  endfacet
  facet normal 0 0 -1
    outer loop
      vertex -36.159571724937734 -17.102203737211283 0
      vertex -36.159571724937734 17.102203737211283 0
      vertex -35.276850573934205 18.855869473039906 0
    endloop
  endfacet
  facet normal 0 0 -1
    outer loop
      vertex -35.276850573934205 -18.855869473039906 0
      vertex -35.276850573934205 18.855869473039906 0
      vertex -34.30914440001088 20.564109767728873 0
    endloop
  endfacet
  facet normal 0 0 -1
    outer loop
      vertex -34.30914440001088 -20.564109767728873 0
      vertex -34.30914440001088 20.564109767728873 0
      vertex -33.25878449210181 22.222809320784087 0
    endloop
  endfacet
  facet normal 0 0 -1
    outer loop
      vertex -33.25878449210181 -22.222809320784087 0
      vertex -33.25878449210181 22.222809320784087 0
      vertex -32.1283012592258 23.827972179697333 0
    endloop
  endfacet
  facet normal 0 0 -1
    outer loop
      vertex -32.1283012592258 -23.827972179697333 0
      vertex -32.1283012592258 23.827972179697333 0
      vertex -30.92041813450948 25.37573136654582 0
    endloop
  endfacet
  facet normal 0 0 -1
    outer loop
      vertex -30.92041813450948 -25.37573136654582 0
      vertex -30.92041813450948 25.37573136654582 0
      vertex -29.638045014198365 26.862358193880738 0
    endloop
  endfacet
  facet normal 0 0 -1
    outer loop
      vertex -29.638045014198365 -26.862358193880738 0
      vertex -29.638045014198365 26.862358193880738 0
      vertex -28.284271247461902 28.284271247461902 0
    endloop
  endfacet
  facet normal 0 0 -1
    outer loop
      vertex -28.284271247461902 -28.284271247461902 0
      vertex -28.284271247461902 28.284271247461902 0
      vertex -26.862358193880738 29.638045014198365 0
    endloop
  endfacet
  facet normal 0 0 -1
    outer loop
      vertex -26.862358193880738 -29.638045014198365 0
      vertex -26.862358193880738 29.638045014198365 0
      vertex -25.37573136654582 30.92041813450948 0
    endloop
  endfacet
  facet normal 0 0 -1
    outer loop
      vertex -25.37573136654582 -30.92041813450948 0
      vertex -25.37573136654582 30.92041813450948 0
      vertex -23.827972179697333 32.1283012592258 0
    endloop
  endfacet
  facet normal 0 0 -1
    outer loop
      vertex -23.827972179697333 -32.1283012592258 0
      vertex -23.827972179697333 32.1283012592258 0
      vertex -22.222809320784087 33.25878449210181 0
    endloop
  endfacet
  facet normal 0 0 -1
    outer loop
      vertex -22.222809320784087 -33.25878449210181 0
      vertex -22.222809320784087 33.25878449210181 0
      vertex -20.564109767728873 34.30914440001088 0
    endloop
  endfacet
  facet normal 0 0 -1
    outer loop
      vertex -20.564109767728873 -34.30914440001088 0
      vertex -20.564109767728873 34.30914440001088 0
      vertex -18.855869473039906 35.276850573934205 0
    endloop
  endfacet
  facet normal 0 0 -1
    outer loop
      vertex -18.855869473039906 -35.276850573934205 0
      vertex -18.855869473039906 35.276850573934205 0
      vertex -17.102203737211283 36.159571724937734 0
    endloop
  endfacet
  facet normal 0 0 -1
    outer loop
      vertex -17.102203737211283 -36.159571724937734 0
      vertex -17.102203737211283 36.159571724937734 0
      vertex -15.307337294603592 36.95518130045147 0
    endloop
  endfacet
  facet normal -0.9996988186962042 0.024541228522911133 0
    outer loop
      vertex -40 0 0
      vertex -39.9518182482069 1.9627069730967206 90
      vertex -39.9518182482069 1.9627069730967206 0
    endloop
  endfacet
  facet normal -0.9972904566786902 0.0735645635996668 0
    outer loop
      vertex -39.9518182482069 1.9627069730967206 0
      vertex -39.80738906688788 3.920685613182424 90
      vertex -39.80738906688788 3.920685613182424 0
    endloop
  endfacet
  facet normal -0.9924795345987097 0.1224106751992185 0
    outer loop
      vertex -39.80738906688788 3.920685613182424 0
      vertex -39.56706039859124 5.8692189782144695 90
      vertex -39.56706039859124 5.8692189782144695 0
    endloop
  endfacet
  facet normal -0.9852776423889413 0.17096188876030116 0
    outer loop
      vertex -39.56706039859124 5.8692189782144695 0
      vertex -39.23141121612922 7.8036128806451295 90
      vertex -39.23141121612922 7.8036128806451295 0
    endloop
  endfacet
  facet normal -0.9757021300385283 0.2191012401568711 0
    outer loop
      vertex -39.23141121612922 7.8036128806451295 0
      vertex -38.801250127781756 9.719207196130554 90
      vertex -38.801250127781756 9.719207196130554 0
    endloop
  endfacet
  facet normal -0.9637760657954398 0.2667127574748985 0
    outer loop
      vertex -38.801250127781756 9.719207196130554 0
      vertex -38.27761342928835 11.611387090178493 90
      vertex -38.27761342928835 11.611387090178493 0
    endloop
  endfacet
  facet normal -0.9495281805930372 0.3136817403988896 0
    outer loop
      vertex -38.27761342928835 11.611387090178493 0
      vertex -37.66176260732083 13.475594135688802 90
      vertex -37.66176260732083 13.475594135688802 0
    endloop
  endfacet
  facet normal -0.9329927988347392 0.3598950365349876 0
    outer loop
      vertex -37.66176260732083 13.475594135688802 0
      vertex -36.95518130045147 15.307337294603592 90
      vertex -36.95518130045147 15.307337294603592 0
    endloop
  endfacet
  facet normal -0.9142097557035305 0.4052413140049901 0
    outer loop
      vertex -36.95518130045147 15.307337294603592 0
      vertex -36.159571724937734 17.102203737211283 90
      vertex -36.159571724937734 17.102203737211283 0
    endloop
  endfacet
  facet normal -0.8932243011955158 0.44961132965460554 0
    outer loop
      vertex -36.159571724937734 17.102203737211283 0
      vertex -35.276850573934205 18.855869473039906 90
      vertex -35.276850573934205 18.855869473039906 0
    endloop
  endfacet
  facet normal -0.8700869911087105 0.492898192229786 0
    outer loop
      vertex -35.276850573934205 18.855869473039906 0
      vertex -34.30914440001088 20.564109767728873 90
      vertex -34.30914440001088 20.564109767728873 0
    endloop
  endfacet
  facet normal -0.8448535652497072 0.5349976198870969 0
    outer loop
      vertex -34.30914440001088 20.564109767728873 0
      vertex -33.25878449210181 22.222809320784087 90
      vertex -33.25878449210181 22.222809320784087 0
    endloop
  endfacet
  facet normal -0.8175848131515847 0.5758081914178439 0
    outer loop
      vertex -33.25878449210181 22.222809320784087 0
      vertex -32.1283012592258 23.827972179697333 90
      vertex -32.1283012592258 23.827972179697333 0
    endloop
  endfacet
  facet normal -0.7883464276266058 0.6152315905806276 0
    outer loop
      vertex -32.1283012592258 23.827972179697333 0
      vertex -30.92041813450948 25.37573136654582 90
      vertex -30.92041813450948 25.37573136654582 0
    endloop
  endfacet
  facet normal -0.7572088465064849 0.6531728429537764 0
    outer loop
      vertex -30.92041813450948 25.37573136654582 0
      vertex -29.638045014198365 26.862358193880738 90
      vertex -29.638045014198365 26.862358193880738 0
    endloop
  endfacet
  facet normal -0.7242470829514667 0.6895405447370673 0
    outer loop
      vertex -29.638045014198365 26.862358193880738 0
      vertex -28.284271247461902 28.284271247461902 90
      vertex -28.284271247461902 28.284271247461902 0
    endloop
  endfacet
  facet normal -0.6895405447370673 0.7242470829514667 0
    outer loop
      vertex -28.284271247461902 28.284271247461902 0
      vertex -28.284271247461902 28.284271247461902 90
      vertex -26.862358193880738 29.638045014198365 0
    endloop
  endfacet
  facet normal -0.6531728429537764 0.7572088465064849 0
    outer loop
      vertex -26.862358193880738 29.638045014198365 0
      vertex -26.862358193880738 29.638045014198365 90
      vertex -25.37573136654582 30.92041813450948 0
    endloop
  endfacet
  facet normal -0.6152315905806276 0.7883464276266058 0
    outer loop
      vertex -25.37573136654582 30.92041813450948 0
      vertex -25.37573136654582 30.92041813450948 90
      vertex -23.827972179697333 32.1283012592258 0
    endloop
  endfacet
  facet normal -0.5758081914178439 0.8175848131515847 0
    outer loop
      vertex -23.827972179697333 32.1283012592258 0
      vertex -23.827972179697333 32.1283012592258 90
      vertex -22.222809320784087 33.25878449210181 0
    endloop
  endfacet
  facet normal -0.5349976198870969 0.8448535652497072 0
    outer loop
      vertex -22.222809320784087 33.25878449210181 0
      vertex -22.222809320784087 33.25878449210181 90
      vertex -20.564109767728873 34.30914440001088 0
    endloop
  endfacet
  facet normal -0.492898192229786 0.8700869911087105 0
    outer loop
      vertex -20.564109767728873 34.30914440001088 0
      vertex -20.564109767728873 34.30914440001088 90
      vertex -18.855869473039906 35.276850573934205 0
    endloop
  endfacet
  facet normal -0.44961132965460554 0.8932243011955158 0
    outer loop
      vertex -18.855869473039906 35.276850573934205 0
      vertex -18.855869473039906 35.276850573934205 90
      vertex -17.102203737211283 36.159571724937734 0
    endloop
  endfacet
  facet normal -0.4052413140049901 0.9142097557035305 0
    outer loop
      vertex -17.102203737211283 36.159571724937734 0
      vertex -17.102203737211283 36.159571724937734 90
      vertex -15.307337294603592 36.95518130045147 0
    endloop
  endfacet
  facet normal 0 0 -1
    outer loop
      vertex -15.307337294603592 -36.95518130045147 0
      vertex -15.307337294603592 36.95518130045147 0
      vertex -13.475594135688802 37.66176260732083 0
    endloop
  endfacet
  facet normal 0 0 -1
    outer loop
      vertex -13.475594135688802 -37.66176260732083 0
      vertex -13.475594135688802 37.66176260732083 0
      vertex -11.611387090178493 38.27761342928835 0
    endloop
  endfacet
  facet normal 0 0 -1
    outer loop
      vertex -11.611387090178493 -38.27761342928835 0
      vertex -11.611387090178493 38.27761342928835 0
      vertex -9.719207196130554 38.801250127781756 0
    endloop
  endfacet
  facet normal 0 0 -1
    outer loop
      vertex -9.719207196130554 -38.801250127781756 0
      vertex -9.719207196130554 38.801250127781756 0
      vertex -7.8036128806451295 39.23141121612922 0
    endloop
  endfacet
  facet normal 0 0 -1
    outer loop
      vertex -7.8036128806451295 -39.23141121612922 0
      vertex -7.8036128806451295 39.23141121612922 0
      vertex -5.8692189782144695 39.56706039859124 0
    endloop
  endfacet
  facet normal 0 0 -1
    outer loop
      vertex -5.8692189782144695 -39.56706039859124 0
      vertex -5.8692189782144695 39.56706039859124 0
      vertex -3.920685613182424 39.80738906688788 0
    endloop
  endfacet
  facet normal 0 0 -1
    outer loop
      vertex -3.920685613182424 -39.80738906688788 0
      vertex -3.920685613182424 39.80738906688788 0
      vertex -1.9627069730967206 39.9518182482069 0
    endloop
  endfacet
  facet normal 0 0 -1
    outer loop
      vertex -1.9627069730967206 -39.9518182482069 0
      vertex -1.9627069730967206 39.9518182482069 0
      vertex 0 40 0
    endloop
  endfacet
  facet normal 0 0 -1
    outer loop
      vertex 0 -40 0
      vertex 0 40 0
      vertex 1.9627069730967206 39.9518182482069 0
    endloop
  endfacet
  facet normal 0 0 -1
    outer loop
      vertex 1.9627069730967206 -39.9518182482069 0
      vertex 1.9627069730967206 39.9518182482069 0
      vertex 3.920685613182424 39.80738906688788 0
    endloop
  endfacet
  facet normal 0 0 -1
    outer loop
      vertex 3.920685613182424 -39.80738906688788 0
      vertex 3.920685613182424 39.80738906688788 0
      vertex 5.8692189782144695 39.56706039859124 0
    endloop
  endfacet
  facet normal 0 0 -1
    outer loop
      vertex 5.8692189782144695 -39.56706039859124 0
      vertex 5.8692189782144695 39.56706039859124 0
      vertex 7.8036128806451295 39.23141121612922 0
    endloop
  endfacet
  facet normal 0 0 -1
    outer loop
      vertex 7.8036128806451295 -39.23141121612922 0
      vertex 7.8036128806451295 39.23141121612922 0
      vertex 9.719207196130554 38.801250127781756 0
    endloop
  endfacet
  facet normal -0.3598950365349876 0.9329927988347392 0
    outer loop
      vertex -15.307337294603592 36.95518130045147 0
      vertex -15.307337294603592 36.95518130045147 90
      vertex -13.475594135688802 37.66176260732083 0
    endloop
  endfacet
  facet normal -0.3136817403988896 0.9495281805930372 0
    outer loop
      vertex -13.475594135688802 37.66176260732083 0
      vertex -13.475594135688802 37.66176260732083 90
      vertex -11.611387090178493 38.27761342928835 0
    endloop
  endfacet
  facet normal -0.2667127574748985 0.9637760657954398 0
    outer loop
      vertex -11.611387090178493 38.27761342928835 0
      vertex -11.611387090178493 38.27761342928835 90
      vertex -9.719207196130554 38.801250127781756 0
    endloop
  endfacet
  facet normal -0.2191012401568711 0.9757021300385283 0
    outer loop
      vertex -9.719207196130554 38.801250127781756 0
      vertex -9.719207196130554 38.801250127781756 90
      vertex -7.8036128806451295 39.23141121612922 0
    endloop
  endfacet
  facet normal -0.17096188876030116 0.9852776423889413 0
    outer loop
      vertex -7.8036128806451295 39.23141121612922 0
      vertex -7.8036128806451295 39.23141121612922 90
      vertex -5.8692189782144695 39.56706039859124 0
    endloop
  endfacet
  facet normal -0.1224106751992185 0.9924795345987097 0
    outer loop
      vertex -5.8692189782144695 39.56706039859124 0
      vertex -5.8692189782144695 39.56706039859124 90
      vertex -3.920685613182424 39.80738906688788 0
    endloop
  endfacet
  facet normal -0.0735645635996668 0.9972904566786902 0
    outer loop
      vertex -3.920685613182424 39.80738906688788 0
      vertex -3.920685613182424 39.80738906688788 90
      vertex -1.9627069730967206 39.9518182482069 0
    endloop
  endfacet
  facet normal -0.024541228522911133 0.9996988186962042 0
    outer loop
      vertex -1.9627069730967206 39.9518182482069 0
      vertex -1.9627069730967206 39.9518182482069 90
      vertex 0 40 0
    endloop
  endfacet
  facet normal 0.024541228522911133 0.9996988186962042 0
    outer loop
      vertex 0 40 0
      vertex 0 40 90
      vertex 1.9627069730967206 39.9518182482069 0
    endloop
  endfacet
  facet normal 0.0735645635996668 0.9972904566786902 0
    outer loop
      vertex 1.9627069730967206 39.9518182482069 0
      vertex 1.9627069730967206 39.9518182482069 90
      vertex 3.920685613182424 39.80738906688788 0
    endloop
  endfacet
  facet normal 0.1224106751992185 0.9924795345987097 0
    outer loop
      vertex 3.920685613182424 39.80738906688788 0
      vertex 3.920685613182424 39.80738906688788 90
      vertex 5.8692189782144695 39.56706039859124 0
    endloop
  endfacet
  facet normal 0.17096188876030116 0.9852776423889413 0
    outer loop
      vertex 5.8692189782144695 39.56706039859124 0
      vertex 5.8692189782144695 39.56706039859124 90
      vertex 7.8036128806451295 39.23141121612922 0
    endloop
  endfacet
  facet normal 0.2191012401568711 0.9757021300385283 0
    outer loop
      vertex 7.8036128806451295 39.23141121612922 0
      vertex 7.8036128806451295 39.23141121612922 90
      vertex 9.719207196130554 38.801250127781756 0
    endloop
  endfacet
  facet normal -0.9996988186962042 0.024541228522911133 0
    outer loop
      vertex -40 0 0
      vertex -40 0 90
      vertex -39.9518182482069 1.9627069730967206 90
    endloop
  endfacet
  facet normal -0.9972904566786902 0.0735645635996668 0
    outer loop
      vertex -39.9518182482069 1.9627069730967206 0
      vertex -39.9518182482069 1.9627069730967206 90
      vertex -39.80738906688788 3.920685613182424 90
    endloop
  endfacet
  facet normal -0.9924795345987097 0.1224106751992185 0
    outer loop
      vertex -39.80738906688788 3.920685613182424 0
      vertex -39.80738906688788 3.920685613182424 90
      vertex -39.56706039859124 5.8692189782144695 90
    endloop
  endfacet
  facet normal -0.9852776423889413 0.17096188876030116 0
    outer loop
      vertex -39.56706039859124 5.8692189782144695 0
      vertex -39.56706039859124 5.8692189782144695 90
      vertex -39.23141121612922 7.8036128806451295 90
    endloop
  endfacet
  facet normal -0.9757021300385283 0.2191012401568711 0
    outer loop
      vertex -39.23141121612922 7.8036128806451295 0
      vertex -39.23141121612922 7.8036128806451295 90
      vertex -38.801250127781756 9.719207196130554 90
    endloop
  endfacet
  facet normal -0.9637760657954398 0.2667127574748985 0
    outer loop
      vertex -38.801250127781756 9.719207196130554 0
      vertex -38.801250127781756 9.719207196130554 90
      vertex -38.27761342928835 11.611387090178493 90
    endloop
  endfacet
  facet normal -0.9495281805930372 0.3136817403988896 0
    outer loop
      vertex -38.27761342928835 11.611387090178493 0
      vertex -38.27761342928835 11.611387090178493 90
      vertex -37.66176260732083 13.475594135688802 90
    endloop
  endfacet
  facet normal -0.9329927988347392 0.3598950365349876 0
    outer loop
      vertex -37.66176260732083 13.475594135688802 0
      vertex -37.66176260732083 13.475594135688802 90
      vertex -36.95518130045147 15.307337294603592 90
    endloop
  endfacet
  facet normal -0.9142097557035305 0.4052413140049901 0
    outer loop
      vertex -36.95518130045147 15.307337294603592 0
      vertex -36.95518130045147 15.307337294603592 90
      vertex -36.159571724937734 17.102203737211283 90
    endloop
  endfacet
  facet normal -0.8932243011955158 0.44961132965460554 0
    outer loop
      vertex -36.159571724937734 17.102203737211283 0
      vertex -36.159571724937734 17.102203737211283 90
      vertex -35.276850573934205 18.855869473039906 90
    endloop
  endfacet
  facet normal -0.8700869911087105 0.492898192229786 0
    outer loop
      vertex -35.276850573934205 18.855869473039906 0
      vertex -35.276850573934205 18.855869473039906 90
      vertex -34.30914440001088 20.564109767728873 90
    endloop
  endfacet
  facet normal 0 0 1
    outer loop
      vertex -39.9518182482069 -1.9627069730967206 90
      vertex -39.9518182482069 1.9627069730967206 90
      vertex -40 0 90
    endloop
  endfacet
  facet normal 0 0 1
    outer loop
      vertex -39.80738906688788 -3.920685613182424 90
      vertex -39.80738906688788 3.920685613182424 90
      vertex -39.9518182482069 1.9627069730967206 90
    endloop
  endfacet
  facet normal 0 0 1
    outer loop
      vertex -39.56706039859124 -5.8692189782144695 90
      vertex -39.56706039859124 5.8692189782144695 90
      vertex -39.80738906688788 3.920685613182424 90
    endloop
  endfacet
  facet normal 0 0 1
    outer loop
      vertex -39.23141121612922 -7.8036128806451295 90
      vertex -39.23141121612922 7.8036128806451295 90
      vertex -39.56706039859124 5.8692189782144695 90
    endloop
  endfacet
  facet normal 0 0 1
    outer loop
      vertex -38.801250127781756 -9.719207196130554 90
      vertex -38.801250127781756 9.719207196130554 90
      vertex -39.23141121612922 7.8036128806451295 90
    endloop
  endfacet
  facet normal 0 0 1
    outer loop
      vertex -38.27761342928835 -11.611387090178493 90
      vertex -38.27761342928835 11.611387090178493 90
      vertex -38.801250127781756 9.719207196130554 90
    endloop
  endfacet
  facet normal 0 0 1
    outer loop
      vertex -37.66176260732083 -13.475594135688802 90
      vertex -37.66176260732083 13.475594135688802 90
      vertex -38.27761342928835 11.611387090178493 90
    endloop
  endfacet
  facet normal 0 0 1
    outer loop
      vertex -36.95518130045147 -15.307337294603592 90
      vertex -36.95518130045147 15.307337294603592 90
      vertex -37.66176260732083 13.475594135688802 90
    endloop
  endfacet
  facet normal 0 0 1
    outer loop
      vertex -35.276850573934205 -18.855869473039906 90
      vertex -35 0 90
      vertex -35.276850573934205 18.855869473039906 90
    endloop
  endfacet
  facet normal 0 0 1
    outer loop
      vertex -36.159571724937734 -17.102203737211283 90
      vertex -36.159571724937734 17.102203737211283 90
      vertex -36.95518130045147 15.307337294603592 90
    endloop
  endfacet
  facet normal 0 0 1
    outer loop
      vertex -35.276850573934205 -18.855869473039906 90
      vertex -35.276850573934205 18.855869473039906 90
      vertex -36.159571724937734 17.102203737211283 90
    endloop
  endfacet
  facet normal 0 0 1
    outer loop
      vertex -35 0 90
      vertex -34.957840967181035 1.7173686014596306 90
      vertex -35.276850573934205 18.855869473039906 90
    endloop
  endfacet
  facet normal 0 0 1
    outer loop
      vertex -34.957840967181035 1.7173686014596306 90
      vertex -34.831465433526894 3.430599911534621 90
      vertex -35.276850573934205 18.855869473039906 90
    endloop
  endfacet
  facet normal 0 0 1
    outer loop
      vertex -34.831465433526894 3.430599911534621 90
      vertex -34.62117784876734 5.135566605937661 90
      vertex -35.276850573934205 18.855869473039906 90
    endloop
  endfacet
  facet normal 0 0 1
    outer loop
      vertex -34.62117784876734 5.135566605937661 90
      vertex -34.32748481411306 6.828161270564489 90
      vertex -35.276850573934205 18.855869473039906 90
    endloop
  endfacet
  facet normal 0 0 1
    outer loop
      vertex -34.32748481411306 6.828161270564489 90
      vertex -33.95109386180904 8.504306296614235 90
      vertex -35.276850573934205 18.855869473039906 90
    endloop
  endfacet
  facet normal 0 0 1
    outer loop
      vertex -33.95109386180904 8.504306296614235 90
      vertex -33.49291175062731 10.15996370390618 90
      vertex -34.30914440001088 20.564109767728873 90
    endloop
  endfacet
  facet normal 0 0 1
    outer loop
      vertex -33.95109386180904 8.504306296614235 90
      vertex -34.30914440001088 20.564109767728873 90
      vertex -35.276850573934205 18.855869473039906 90
    endloop
  endfacet
  facet normal 0 0 1
    outer loop
      vertex -33.49291175062731 10.15996370390618 90
      vertex -32.95404228140573 11.791144868727702 90
      vertex -34.30914440001088 20.564109767728873 90
    endloop
  endfacet
  facet normal 0 0 1
    outer loop
      vertex -32.95404228140573 11.791144868727702 90
      vertex -32.335783637895034 13.393920132778142 90
      vertex -33.25878449210181 22.222809320784087 90
    endloop
  endfacet
  facet normal 0 0 1
    outer loop
      vertex -32.335783637895034 13.393920132778142 90
      vertex -31.639625259320518 14.964428270059873 90
      vertex -33.25878449210181 22.222809320784087 90
    endloop
  endfacet
  facet normal 0 0 1
    outer loop
      vertex -32.95404228140573 11.791144868727702 90
      vertex -33.25878449210181 22.222809320784087 90
      vertex -34.30914440001088 20.564109767728873 90
    endloop
  endfacet
  facet normal 0 0 1
    outer loop
      vertex -31.639625259320518 14.964428270059873 90
      vertex -30.867244252192428 16.498885788909917 90
      vertex -32.1283012592258 23.827972179697333 90
    endloop
  endfacet
  facet normal 0 0 1
    outer loop
      vertex -30.867244252192428 16.498885788909917 90
      vertex -30.02050135000952 17.99359604676276 90
      vertex -30.92041813450948 25.37573136654582 90
    endloop
  endfacet
  facet normal -0.8448535652497072 0.5349976198870969 0
    outer loop
      vertex -34.30914440001088 20.564109767728873 0
      vertex -34.30914440001088 20.564109767728873 90
      vertex -33.25878449210181 22.222809320784087 90
    endloop
  endfacet
  facet normal -0.8175848131515847 0.5758081914178439 0
    outer loop
      vertex -33.25878449210181 22.222809320784087 0
      vertex -33.25878449210181 22.222809320784087 90
      vertex -32.1283012592258 23.827972179697333 90
    endloop
  endfacet
  facet normal -0.7883464276266058 0.6152315905806276 0
    outer loop
      vertex -32.1283012592258 23.827972179697333 0
      vertex -32.1283012592258 23.827972179697333 90
      vertex -30.92041813450948 25.37573136654582 90
    endloop
  endfacet
  facet normal -0.7572088465064849 0.6531728429537764 0
    outer loop
      vertex -30.92041813450948 25.37573136654582 0
      vertex -30.92041813450948 25.37573136654582 90
      vertex -29.638045014198365 26.862358193880738 90
    endloop
  endfacet
  facet normal -0.7242470829514667 0.6895405447370673 0
    outer loop
      vertex -29.638045014198365 26.862358193880738 0
      vertex -29.638045014198365 26.862358193880738 90
      vertex -28.284271247461902 28.284271247461902 90
    endloop
  endfacet
  facet normal -0.6895405447370673 0.7242470829514667 0
    outer loop
      vertex -26.862358193880738 29.638045014198365 0
      vertex -28.284271247461902 28.284271247461902 90
      vertex -26.862358193880738 29.638045014198365 90
    endloop
  endfacet
  facet normal -0.6531728429537764 0.7572088465064849 0
    outer loop
      vertex -25.37573136654582 30.92041813450948 0
      vertex -26.862358193880738 29.638045014198365 90
      vertex -25.37573136654582 30.92041813450948 90
    endloop
  endfacet
  facet normal -0.6152315905806276 0.7883464276266058 0
    outer loop
      vertex -23.827972179697333 32.1283012592258 0
      vertex -25.37573136654582 30.92041813450948 90
      vertex -23.827972179697333 32.1283012592258 90
    endloop
  endfacet
  facet normal -0.5758081914178439 0.8175848131515847 0
    outer loop
      vertex -22.222809320784087 33.25878449210181 0
      vertex -23.827972179697333 32.1283012592258 90
      vertex -22.222809320784087 33.25878449210181 90
    endloop
  endfacet
  facet normal -0.5349976198870969 0.8448535652497072 0
    outer loop
      vertex -20.564109767728873 34.30914440001088 0
      vertex -22.222809320784087 33.25878449210181 90
      vertex -20.564109767728873 34.30914440001088 90
    endloop
  endfacet
  facet normal -0.492898192229786 0.8700869911087105 0
    outer loop
      vertex -18.855869473039906 35.276850573934205 0
      vertex -20.564109767728873 34.30914440001088 90
      vertex -18.855869473039906 35.276850573934205 90
    endloop
  endfacet
  facet normal -0.44961132965460554 0.8932243011955158 0
    outer loop
      vertex -17.102203737211283 36.159571724937734 0
      vertex -18.855869473039906 35.276850573934205 90
      vertex -17.102203737211283 36.159571724937734 90
    endloop
  endfacet
  facet normal -0.4052413140049901 0.9142097557035305 0
    outer loop
      vertex -15.307337294603592 36.95518130045147 0
      vertex -17.102203737211283 36.159571724937734 90
      vertex -15.307337294603592 36.95518130045147 90
    endloop
  endfacet
  facet normal 0 0 1
    outer loop
      vertex -31.639625259320518 14.964428270059873 90
      vertex -32.1283012592258 23.827972179697333 90
      vertex -33.25878449210181 22.222809320784087 90
    endloop
  endfacet
  facet normal 0 0 1
    outer loop
      vertex -30.867244252192428 16.498885788909917 90
      vertex -30.92041813450948 25.37573136654582 90
      vertex -32.1283012592258 23.827972179697333 90
    endloop
  endfacet
  facet normal 0 0 1
    outer loop
      vertex -30.02050135000952 17.99359604676276 90
      vertex -29.101436430589082 19.444958155686077 90
      vertex -30.92041813450948 25.37573136654582 90
    endloop
  endfacet
  facet normal 0 0 1
    outer loop
      vertex -29.101436430589082 19.444958155686077 90
      vertex -28.112263601822573 20.849475657235168 90
      vertex -29.638045014198365 26.862358193880738 90
    endloop
  endfacet
  facet normal 0 0 1
    outer loop
      vertex -29.101436430589082 19.444958155686077 90
      vertex -29.638045014198365 26.862358193880738 90
      vertex -30.92041813450948 25.37573136654582 90
    endloop
  endfacet
  facet normal 0 0 1
    outer loop
      vertex -28.112263601822573 20.849475657235168 90
      vertex -27.055365867695794 22.203764945727592 90
      vertex -28.284271247461902 28.284271247461902 90
    endloop
  endfacet
  facet normal 0 0 1
    outer loop
      vertex -28.112263601822573 20.849475657235168 90
      vertex -28.284271247461902 28.284271247461902 90
      vertex -29.638045014198365 26.862358193880738 90
    endloop
  endfacet
  facet normal 0 0 1
    outer loop
      vertex -27.055365867695794 22.203764945727592 90
      vertex -25.933289387423567 23.504563419645645 90
      vertex -28.284271247461902 28.284271247461902 90
    endloop
  endfacet
  facet normal 0 0 1
    outer loop
      vertex -25.933289387423567 23.504563419645645 90
      vertex -26.862358193880738 29.638045014198365 90
      vertex -28.284271247461902 28.284271247461902 90
    endloop
  endfacet
  facet normal 0 0 1
    outer loop
      vertex -25.933289387423567 23.504563419645645 90
      vertex -24.748737341529164 24.748737341529164 90
      vertex -26.862358193880738 29.638045014198365 90
    endloop
  endfacet
  facet normal 0 0 1
    outer loop
      vertex -26.862358193880738 29.638045014198365 90
      vertex -24.748737341529164 24.748737341529164 90
      vertex -25.37573136654582 30.92041813450948 90
    endloop
  endfacet
  facet normal 0 0 1
    outer loop
      vertex -24.748737341529164 24.748737341529164 90
      vertex -23.504563419645645 25.933289387423567 90
      vertex -25.37573136654582 30.92041813450948 90
    endloop
  endfacet
  facet normal 0 0 1
    outer loop
      vertex -23.504563419645645 25.933289387423567 90
      vertex -22.203764945727592 27.055365867695794 90
      vertex -23.827972179697333 32.1283012592258 90
    endloop
  endfacet
  facet normal 0 0 1
    outer loop
      vertex -23.504563419645645 25.933289387423567 90
      vertex -23.827972179697333 32.1283012592258 90
      vertex -25.37573136654582 30.92041813450948 90
    endloop
  endfacet
  facet normal 0 0 1
    outer loop
      vertex -22.203764945727592 27.055365867695794 90
      vertex -20.849475657235168 28.112263601822573 90
      vertex -22.222809320784087 33.25878449210181 90
    endloop
  endfacet
  facet normal 0 0 1
    outer loop
      vertex -22.203764945727592 27.055365867695794 90
      vertex -22.222809320784087 33.25878449210181 90
      vertex -23.827972179697333 32.1283012592258 90
    endloop
  endfacet
  facet normal 0 0 1
    outer loop
      vertex -20.849475657235168 28.112263601822573 90
      vertex -19.444958155686077 29.101436430589082 90
      vertex -22.222809320784087 33.25878449210181 90
    endloop
  endfacet
  facet normal 0 0 1
    outer loop
      vertex -22.222809320784087 33.25878449210181 90
      vertex -19.444958155686077 29.101436430589082 90
      vertex -20.564109767728873 34.30914440001088 90
    endloop
  endfacet
  facet normal 0 0 1
    outer loop
      vertex -20.564109767728873 34.30914440001088 90
      vertex -19.444958155686077 29.101436430589082 90
      vertex -17.99359604676276 30.02050135000952 90
    endloop
  endfacet
  facet normal 0 0 1
    outer loop
      vertex -20.564109767728873 34.30914440001088 90
      vertex -17.99359604676276 30.02050135000952 90
      vertex -18.855869473039906 35.276850573934205 90
    endloop
  endfacet
  facet normal 0 0 1
    outer loop
      vertex -17.99359604676276 30.02050135000952 90
      vertex -16.498885788909917 30.867244252192428 90
      vertex -18.855869473039906 35.276850573934205 90
    endloop
  endfacet
  facet normal 0 0 1
    outer loop
      vertex -16.498885788909917 30.867244252192428 90
      vertex -17.102203737211283 36.159571724937734 90
      vertex -18.855869473039906 35.276850573934205 90
    endloop
  endfacet
  facet normal 0 0 1
    outer loop
      vertex -16.498885788909917 30.867244252192428 90
      vertex -14.964428270059873 31.639625259320518 90
      vertex -17.102203737211283 36.159571724937734 90
    endloop
  endfacet
  facet normal 0 0 1
    outer loop
      vertex -17.102203737211283 36.159571724937734 90
      vertex -14.964428270059873 31.639625259320518 90
      vertex -15.307337294603592 36.95518130045147 90
    endloop
  endfacet
  facet normal -0.3598950365349876 0.9329927988347392 0
    outer loop
      vertex -13.475594135688802 37.66176260732083 0
      vertex -15.307337294603592 36.95518130045147 90
      vertex -13.475594135688802 37.66176260732083 90
    endloop
  endfacet
  facet normal -0.3136817403988896 0.9495281805930372 0
    outer loop
      vertex -11.611387090178493 38.27761342928835 0
      vertex -13.475594135688802 37.66176260732083 90
      vertex -11.611387090178493 38.27761342928835 90
    endloop
  endfacet
  facet normal -0.2667127574748985 0.9637760657954398 0
    outer loop
      vertex -9.719207196130554 38.801250127781756 0
      vertex -11.611387090178493 38.27761342928835 90
      vertex -9.719207196130554 38.801250127781756 90
    endloop
  endfacet
  facet normal -0.2191012401568711 0.9757021300385283 0
    outer loop
      vertex -7.8036128806451295 39.23141121612922 0
      vertex -9.719207196130554 38.801250127781756 90
      vertex -7.8036128806451295 39.23141121612922 90
    endloop
  endfacet
  facet normal -0.17096188876030116 0.9852776423889413 0
    outer loop
      vertex -5.8692189782144695 39.56706039859124 0
      vertex -7.8036128806451295 39.23141121612922 90
      vertex -5.8692189782144695 39.56706039859124 90
    endloop
  endfacet
  facet normal -0.1224106751992185 0.9924795345987097 0
    outer loop
      vertex -3.920685613182424 39.80738906688788 0
      vertex -5.8692189782144695 39.56706039859124 90
      vertex -3.920685613182424 39.80738906688788 90
    endloop
  endfacet
  facet normal -0.0735645635996668 0.9972904566786902 0
    outer loop
      vertex -1.9627069730967206 39.9518182482069 0
      vertex -3.920685613182424 39.80738906688788 90
      vertex -1.9627069730967206 39.9518182482069 90
    endloop
  endfacet
  facet normal -0.024541228522911133 0.9996988186962042 0
    outer loop
      vertex -1.9627069730967206 39.9518182482069 90
      vertex 0 40 90
      vertex 0 40 0
    endloop
  endfacet
  facet normal 0.024541228522911133 0.9996988186962042 0
    outer loop
      vertex 1.9627069730967206 39.9518182482069 0
      vertex 0 40 90
      vertex 1.9627069730967206 39.9518182482069 90
    endloop
  endfacet
  facet normal 0.0735645635996668 0.9972904566786902 0
    outer loop
      vertex 3.920685613182424 39.80738906688788 0
      vertex 1.9627069730967206 39.9518182482069 90
      vertex 3.920685613182424 39.80738906688788 90
    endloop
  endfacet
  facet normal 0.1224106751992185 0.9924795345987097 0
    outer loop
      vertex 5.8692189782144695 39.56706039859124 0
      vertex 3.920685613182424 39.80738906688788 90
      vertex 5.8692189782144695 39.56706039859124 90
    endloop
  endfacet
  facet normal 0.17096188876030116 0.9852776423889413 0
    outer loop
      vertex 7.8036128806451295 39.23141121612922 0
      vertex 5.8692189782144695 39.56706039859124 90
      vertex 7.8036128806451295 39.23141121612922 90
    endloop
  endfacet
  facet normal 0.2191012401568711 0.9757021300385283 0
    outer loop
      vertex 9.719207196130554 38.801250127781756 0
      vertex 7.8036128806451295 39.23141121612922 90
      vertex 9.719207196130554 38.801250127781756 90
    endloop
  endfacet
  facet normal 0 0 1
    outer loop
      vertex -15.307337294603592 36.95518130045147 90
      vertex -14.964428270059873 31.639625259320518 90
      vertex -13.393920132778142 32.335783637895034 90
    endloop
  endfacet
  facet normal 0 0 1
    outer loop
      vertex -13.393920132778142 32.335783637895034 90
      vertex -11.791144868727702 32.95404228140573 90
      vertex -13.475594135688802 37.66176260732083 90
    endloop
  endfacet
  facet normal 0 0 1
    outer loop
      vertex -11.791144868727702 32.95404228140573 90
      vertex -10.15996370390618 33.49291175062731 90
      vertex -13.475594135688802 37.66176260732083 90
    endloop
  endfacet
  facet normal 0 0 1
    outer loop
      vertex -15.307337294603592 36.95518130045147 90
      vertex -13.393920132778142 32.335783637895034 90
      vertex -13.475594135688802 37.66176260732083 90
    endloop
  endfacet
  facet normal 0 0 1
    outer loop
      vertex -10.15996370390618 33.49291175062731 90
      vertex -11.611387090178493 38.27761342928835 90
      vertex -13.475594135688802 37.66176260732083 90
    endloop
  endfacet
  facet normal 0 0 1
    outer loop
      vertex -10.15996370390618 33.49291175062731 90
      vertex -8.504306296614235 33.95109386180904 90
      vertex -11.611387090178493 38.27761342928835 90
    endloop
  endfacet
  facet normal 0 0 1
    outer loop
      vertex -11.611387090178493 38.27761342928835 90
      vertex -8.504306296614235 33.95109386180904 90
      vertex -9.719207196130554 38.801250127781756 90
    endloop
  endfacet
  facet normal 0 0 1
    outer loop
      vertex -8.504306296614235 33.95109386180904 90
      vertex -6.828161270564489 34.32748481411306 90
      vertex -9.719207196130554 38.801250127781756 90
    endloop
  endfacet
  facet normal 0 0 1
    outer loop
      vertex -6.828161270564489 34.32748481411306 90
      vertex -7.8036128806451295 39.23141121612922 90
      vertex -9.719207196130554 38.801250127781756 90
    endloop
  endfacet
  facet normal 0 0 1
    outer loop
      vertex -6.828161270564489 34.32748481411306 90
      vertex -5.135566605937661 34.62117784876734 90
      vertex -7.8036128806451295 39.23141121612922 90
    endloop
  endfacet
  facet normal 0 0 1
    outer loop
      vertex -5.135566605937661 34.62117784876734 90
      vertex -5.8692189782144695 39.56706039859124 90
      vertex -7.8036128806451295 39.23141121612922 90
    endloop
  endfacet
  facet normal 0 0 1
    outer loop
      vertex -5.135566605937661 34.62117784876734 90
      vertex -3.430599911534621 34.831465433526894 90
      vertex -5.8692189782144695 39.56706039859124 90
    endloop
  endfacet
  facet normal 0 0 1
    outer loop
      vertex -5.8692189782144695 39.56706039859124 90
      vertex -3.430599911534621 34.831465433526894 90
      vertex -3.920685613182424 39.80738906688788 90
    endloop
  endfacet
  facet normal 0 0 1
    outer loop
      vertex -3.430599911534621 34.831465433526894 90
      vertex -1.7173686014596306 34.957840967181035 90
      vertex -3.920685613182424 39.80738906688788 90
    endloop
  endfacet
  facet normal 0 0 1
    outer loop
      vertex -1.7173686014596306 34.957840967181035 90
      vertex 0 35 90
      vertex 0 40 90
    endloop
  endfacet
  facet normal 0 0 1
    outer loop
      vertex -1.7173686014596306 34.957840967181035 90
      vertex -1.9627069730967206 39.9518182482069 90
      vertex -3.920685613182424 39.80738906688788 90
    endloop
  endfacet
  facet normal 0 0 1
    outer loop
      vertex -1.7173686014596306 34.957840967181035 90
      vertex 0 40 90
      vertex -1.9627069730967206 39.9518182482069 90
    endloop
  endfacet
  facet normal 0 0 1
    outer loop
      vertex 1.7173686014596306 34.957840967181035 90
      vertex 0 40 90
      vertex 0 35 90
    endloop
  endfacet
  facet normal 0 0 1
    outer loop
      vertex 1.7173686014596306 34.957840967181035 90
      vertex 3.430599911534621 34.831465433526894 90
      vertex 1.9627069730967206 39.9518182482069 90
    endloop
  endfacet
  facet normal 0 0 1
    outer loop
      vertex 1.7173686014596306 34.957840967181035 90
      vertex 1.9627069730967206 39.9518182482069 90
      vertex 0 40 90
    endloop
  endfacet
  facet normal 0 0 1
    outer loop
      vertex 3.430599911534621 34.831465433526894 90
      vertex 5.135566605937661 34.62117784876734 90
      vertex 3.920685613182424 39.80738906688788 90
    endloop
  endfacet
  facet normal 0 0 1
    outer loop
      vertex 5.135566605937661 34.62117784876734 90
      vertex 6.828161270564489 34.32748481411306 90
      vertex 5.8692189782144695 39.56706039859124 90
    endloop
  endfacet
  facet normal 0 0 1
    outer loop
      vertex 3.430599911534621 34.831465433526894 90
      vertex 3.920685613182424 39.80738906688788 90
      vertex 1.9627069730967206 39.9518182482069 90
    endloop
  endfacet
  facet normal 0 0 1
    outer loop
      vertex 3.920685613182424 39.80738906688788 90
      vertex 5.135566605937661 34.62117784876734 90
      vertex 5.8692189782144695 39.56706039859124 90
    endloop
  endfacet
  facet normal 0 0 1
    outer loop
      vertex 6.828161270564489 34.32748481411306 90
      vertex 8.504306296614235 33.95109386180904 90
      vertex 7.8036128806451295 39.23141121612922 90
    endloop
  endfacet
  facet normal 0 0 1
    outer loop
      vertex 8.504306296614235 33.95109386180904 90
      vertex 9.719207196130554 38.801250127781756 90
      vertex 7.8036128806451295 39.23141121612922 90
    endloop
  endfacet
  facet normal 0 0 1
    outer loop
      vertex 6.828161270564489 34.32748481411306 90
      vertex 7.8036128806451295 39.23141121612922 90
      vertex 5.8692189782144695 39.56706039859124 90
    endloop
  endfacet
  facet normal 0.2667127574748985 -0.9637760657954398 0
    outer loop
      vertex 9.719207196130554 -38.801250127781756 0
      vertex 11.611387090178493 -38.27761342928835 0
      vertex 11.611387090178493 -38.27761342928835 90
    endloop
  endfacet
  facet normal 0.3136817403988896 -0.9495281805930372 0
    outer loop
      vertex 11.611387090178493 -38.27761342928835 0
      vertex 13.475594135688802 -37.66176260732083 0
      vertex 13.475594135688802 -37.66176260732083 90
    endloop
  endfacet
  facet normal 0.3598950365349876 -0.9329927988347392 0
    outer loop
      vertex 13.475594135688802 -37.66176260732083 0
      vertex 15.307337294603592 -36.95518130045147 0
      vertex 15.307337294603592 -36.95518130045147 90
    endloop
  endfacet
  facet normal 0.4052413140049901 -0.9142097557035305 0
    outer loop
      vertex 15.307337294603592 -36.95518130045147 0
      vertex 17.102203737211283 -36.159571724937734 0
      vertex 17.102203737211283 -36.159571724937734 90
    endloop
  endfacet
  facet normal 0.44961132965460554 -0.8932243011955158 0
    outer loop
      vertex 17.102203737211283 -36.159571724937734 0
      vertex 18.855869473039906 -35.276850573934205 0
      vertex 18.855869473039906 -35.276850573934205 90
    endloop
  endfacet
  facet normal 0.492898192229786 -0.8700869911087105 0
    outer loop
      vertex 18.855869473039906 -35.276850573934205 0
      vertex 20.564109767728873 -34.30914440001088 0
      vertex 20.564109767728873 -34.30914440001088 90
    endloop
  endfacet
  facet normal 0.5349976198870969 -0.8448535652497072 0
    outer loop
      vertex 20.564109767728873 -34.30914440001088 0
      vertex 22.222809320784087 -33.25878449210181 0
      vertex 22.222809320784087 -33.25878449210181 90
    endloop
  endfacet
  facet normal 0.5758081914178439 -0.8175848131515847 0
    outer loop
      vertex 22.222809320784087 -33.25878449210181 0
      vertex 23.827972179697333 -32.1283012592258 0
      vertex 23.827972179697333 -32.1283012592258 90
    endloop
  endfacet
  facet normal 0.6152315905806276 -0.7883464276266058 0
    outer loop
      vertex 23.827972179697333 -32.1283012592258 0
      vertex 25.37573136654582 -30.92041813450948 0
      vertex 25.37573136654582 -30.92041813450948 90
    endloop
  endfacet
  facet normal 0.6531728429537764 -0.7572088465064849 0
    outer loop
      vertex 25.37573136654582 -30.92041813450948 0
      vertex 26.862358193880738 -29.638045014198365 0
      vertex 26.862358193880738 -29.638045014198365 90
    endloop
  endfacet
  facet normal 0.6895405447370673 -0.7242470829514667 0
    outer loop
      vertex 26.862358193880738 -29.638045014198365 0
      vertex 28.284271247461902 -28.284271247461902 0
      vertex 28.284271247461902 -28.284271247461902 90
    endloop
  endfacet
  facet normal 0.7242470829514667 -0.6895405447370673 0
    outer loop
      vertex 28.284271247461902 -28.284271247461902 0
      vertex 29.638045014198365 -26.862358193880738 0
      vertex 28.284271247461902 -28.284271247461902 90
    endloop
  endfacet
  facet normal 0.7572088465064849 -0.6531728429537764 0
    outer loop
      vertex 29.638045014198365 -26.862358193880738 0
      vertex 30.92041813450948 -25.37573136654582 0
      vertex 29.638045014198365 -26.862358193880738 90
    endloop
  endfacet
  facet normal 0.7883464276266058 -0.6152315905806276 0
    outer loop
      vertex 30.92041813450948 -25.37573136654582 0
      vertex 32.1283012592258 -23.827972179697333 0
      vertex 30.92041813450948 -25.37573136654582 90
    endloop
  endfacet
  facet normal 0.8175848131515847 -0.5758081914178439 0
    outer loop
      vertex 32.1283012592258 -23.827972179697333 0
      vertex 33.25878449210181 -22.222809320784087 0
      vertex 32.1283012592258 -23.827972179697333 90
    endloop
  endfacet
  facet normal 0.8448535652497072 -0.5349976198870969 0
    outer loop
      vertex 33.25878449210181 -22.222809320784087 0
      vertex 34.30914440001088 -20.564109767728873 0
      vertex 33.25878449210181 -22.222809320784087 90
    endloop
  endfacet
  facet normal 0 0 -1
    outer loop
      vertex 9.719207196130554 -38.801250127781756 0
      vertex 11.611387090178493 38.27761342928835 0
      vertex 11.611387090178493 -38.27761342928835 0
    endloop
  endfacet
  facet normal 0 0 -1
    outer loop
      vertex 11.611387090178493 -38.27761342928835 0
      vertex 13.475594135688802 37.66176260732083 0
      vertex 13.475594135688802 -37.66176260732083 0
    endloop
  endfacet
  facet normal 0 0 -1
    outer loop
      vertex 13.475594135688802 -37.66176260732083 0
      vertex 15.307337294603592 36.95518130045147 0
      vertex 15.307337294603592 -36.95518130045147 0
    endloop
  endfacet
  facet normal 0 0 -1
    outer loop
      vertex 15.307337294603592 -36.95518130045147 0
      vertex 17.102203737211283 36.159571724937734 0
      vertex 17.102203737211283 -36.159571724937734 0
    endloop
  endfacet
  facet normal 0 0 -1
    outer loop
      vertex 17.102203737211283 -36.159571724937734 0
      vertex 18.855869473039906 35.276850573934205 0
      vertex 18.855869473039906 -35.276850573934205 0
    endloop
  endfacet
  facet normal 0 0 -1
    outer loop
      vertex 18.855869473039906 -35.276850573934205 0
      vertex 20.564109767728873 34.30914440001088 0
      vertex 20.564109767728873 -34.30914440001088 0
    endloop
  endfacet
  facet normal 0 0 -1
    outer loop
      vertex 20.564109767728873 -34.30914440001088 0
      vertex 22.222809320784087 33.25878449210181 0
      vertex 22.222809320784087 -33.25878449210181 0
    endloop
  endfacet
  facet normal 0 0 -1
    outer loop
      vertex 22.222809320784087 -33.25878449210181 0
      vertex 23.827972179697333 32.1283012592258 0
      vertex 23.827972179697333 -32.1283012592258 0
    endloop
  endfacet
  facet normal 0 0 -1
    outer loop
      vertex 23.827972179697333 -32.1283012592258 0
      vertex 25.37573136654582 30.92041813450948 0
      vertex 25.37573136654582 -30.92041813450948 0
    endloop
  endfacet
  facet normal 0 0 -1
    outer loop
      vertex 25.37573136654582 -30.92041813450948 0
      vertex 26.862358193880738 29.638045014198365 0
      vertex 26.862358193880738 -29.638045014198365 0
    endloop
  endfacet
  facet normal 0 0 -1
    outer loop
      vertex 26.862358193880738 -29.638045014198365 0
      vertex 28.284271247461902 28.284271247461902 0
      vertex 28.284271247461902 -28.284271247461902 0
    endloop
  endfacet
  facet normal 0 0 -1
    outer loop
      vertex 28.284271247461902 -28.284271247461902 0
      vertex 29.638045014198365 26.862358193880738 0
      vertex 29.638045014198365 -26.862358193880738 0
    endloop
  endfacet
  facet normal 0 0 -1
    outer loop
      vertex 29.638045014198365 -26.862358193880738 0
      vertex 30.92041813450948 25.37573136654582 0
      vertex 30.92041813450948 -25.37573136654582 0
    endloop
  endfacet
  facet normal 0 0 -1
    outer loop
      vertex 30.92041813450948 -25.37573136654582 0
      vertex 32.1283012592258 23.827972179697333 0
      vertex 32.1283012592258 -23.827972179697333 0
    endloop
  endfacet
  facet normal 0 0 -1
    outer loop
      vertex 32.1283012592258 -23.827972179697333 0
      vertex 33.25878449210181 22.222809320784087 0
      vertex 33.25878449210181 -22.222809320784087 0
    endloop
  endfacet
  facet normal 0 0 -1
    outer loop
      vertex 33.25878449210181 -22.222809320784087 0
      vertex 34.30914440001088 20.564109767728873 0
      vertex 34.30914440001088 -20.564109767728873 0
    endloop
  endfacet
  facet normal 0 0 -1
    outer loop
      vertex 34.30914440001088 -20.564109767728873 0
      vertex 35.276850573934205 18.855869473039906 0
      vertex 35.276850573934205 -18.855869473039906 0
    endloop
  endfacet
  facet normal 0 0 -1
    outer loop
      vertex 35.276850573934205 -18.855869473039906 0
      vertex 36.159571724937734 17.102203737211283 0
      vertex 36.159571724937734 -17.102203737211283 0
    endloop
  endfacet
  facet normal 0 0 -1
    outer loop
      vertex 36.159571724937734 -17.102203737211283 0
      vertex 36.95518130045147 15.307337294603592 0
      vertex 36.95518130045147 -15.307337294603592 0
    endloop
  endfacet
  facet normal 0 0 -1
    outer loop
      vertex 36.95518130045147 -15.307337294603592 0
      vertex 37.66176260732083 13.475594135688802 0
      vertex 37.66176260732083 -13.475594135688802 0
    endloop
  endfacet
  facet normal 0 0 -1
    outer loop
      vertex 37.66176260732083 -13.475594135688802 0
      vertex 38.27761342928835 11.611387090178493 0
      vertex 38.27761342928835 -11.611387090178493 0
    endloop
  endfacet
  facet normal 0 0 -1
    outer loop
      vertex 38.27761342928835 -11.611387090178493 0
      vertex 38.801250127781756 9.719207196130554 0
      vertex 38.801250127781756 -9.719207196130554 0
    endloop
  endfacet
  facet normal 0 0 -1
    outer loop
      vertex 38.801250127781756 -9.719207196130554 0
      vertex 39.23141121612922 7.8036128806451295 0
      vertex 39.23141121612922 -7.8036128806451295 0
    endloop
  endfacet
  facet normal 0 0 -1
    outer loop
      vertex 39.23141121612922 -7.8036128806451295 0
      vertex 39.56706039859124 5.8692189782144695 0
      vertex 39.56706039859124 -5.8692189782144695 0
    endloop
  endfacet
  facet normal 0 0 -1
    outer loop
      vertex 39.56706039859124 -5.8692189782144695 0
      vertex 39.80738906688788 3.920685613182424 0
      vertex 39.80738906688788 -3.920685613182424 0
    endloop
  endfacet
  facet normal 0 0 -1
    outer loop
      vertex 39.80738906688788 -3.920685613182424 0
      vertex 39.9518182482069 1.9627069730967206 0
      vertex 39.9518182482069 -1.9627069730967206 0
    endloop
  endfacet
  facet normal 0.8700869911087105 -0.492898192229786 0
    outer loop
      vertex 34.30914440001088 -20.564109767728873 0
      vertex 35.276850573934205 -18.855869473039906 0
      vertex 34.30914440001088 -20.564109767728873 90
    endloop
  endfacet
  facet normal 0.8932243011955158 -0.44961132965460554 0
    outer loop
      vertex 35.276850573934205 -18.855869473039906 0
      vertex 36.159571724937734 -17.102203737211283 0
      vertex 35.276850573934205 -18.855869473039906 90
    endloop
  endfacet
  facet normal 0.9142097557035305 -0.4052413140049901 0
    outer loop
      vertex 36.159571724937734 -17.102203737211283 0
      vertex 36.95518130045147 -15.307337294603592 0
      vertex 36.159571724937734 -17.102203737211283 90
    endloop
  endfacet
  facet normal 0.9329927988347392 -0.3598950365349876 0
    outer loop
      vertex 36.95518130045147 -15.307337294603592 0
      vertex 37.66176260732083 -13.475594135688802 0
      vertex 36.95518130045147 -15.307337294603592 90
    endloop
  endfacet
  facet normal 0.9495281805930372 -0.3136817403988896 0
    outer loop
      vertex 37.66176260732083 -13.475594135688802 0
      vertex 38.27761342928835 -11.611387090178493 0
      vertex 37.66176260732083 -13.475594135688802 90
    endloop
  endfacet
  facet normal 0.9637760657954398 -0.2667127574748985 0
    outer loop
      vertex 38.27761342928835 -11.611387090178493 0
      vertex 38.801250127781756 -9.719207196130554 0
      vertex 38.27761342928835 -11.611387090178493 90
    endloop
  endfacet
  facet normal 0.9757021300385283 -0.2191012401568711 0
    outer loop
      vertex 38.801250127781756 -9.719207196130554 0
      vertex 39.23141121612922 -7.8036128806451295 0
      vertex 38.801250127781756 -9.719207196130554 90
    endloop
  endfacet
  facet normal 0.9852776423889413 -0.17096188876030116 0
    outer loop
      vertex 39.23141121612922 -7.8036128806451295 0
      vertex 39.56706039859124 -5.8692189782144695 0
      vertex 39.23141121612922 -7.8036128806451295 90
    endloop
  endfacet
  facet normal 0.9924795345987097 -0.1224106751992185 0
    outer loop
      vertex 39.56706039859124 -5.8692189782144695 0
      vertex 39.80738906688788 -3.920685613182424 0
      vertex 39.56706039859124 -5.8692189782144695 90
    endloop
  endfacet
  facet normal 0.9972904566786902 -0.0735645635996668 0
    outer loop
      vertex 39.80738906688788 -3.920685613182424 0
      vertex 39.9518182482069 -1.9627069730967206 0
      vertex 39.80738906688788 -3.920685613182424 90
    endloop
  endfacet
  facet normal 0.9996988186962042 -0.024541228522911133 0
    outer loop
      vertex 39.9518182482069 -1.9627069730967206 0
      vertex 40 0 0
      vertex 39.9518182482069 -1.9627069730967206 90
    endloop
  endfacet
  facet normal 0.2667127574748985 -0.9637760657954398 0
    outer loop
      vertex 9.719207196130554 -38.801250127781756 0
      vertex 11.611387090178493 -38.27761342928835 90
      vertex 9.719207196130554 -38.801250127781756 90
    endloop
  endfacet
  facet normal 0.3136817403988896 -0.9495281805930372 0
    outer loop
      vertex 11.611387090178493 -38.27761342928835 0
      vertex 13.475594135688802 -37.66176260732083 90
      vertex 11.611387090178493 -38.27761342928835 90
    endloop
  endfacet
  facet normal 0.3598950365349876 -0.9329927988347392 0
    outer loop
      vertex 13.475594135688802 -37.66176260732083 0
      vertex 15.307337294603592 -36.95518130045147 90
      vertex 13.475594135688802 -37.66176260732083 90
    endloop
  endfacet
  facet normal 0.4052413140049901 -0.9142097557035305 0
    outer loop
      vertex 15.307337294603592 -36.95518130045147 0
      vertex 17.102203737211283 -36.159571724937734 90
      vertex 15.307337294603592 -36.95518130045147 90
    endloop
  endfacet
  facet normal 0.44961132965460554 -0.8932243011955158 0
    outer loop
      vertex 17.102203737211283 -36.159571724937734 0
      vertex 18.855869473039906 -35.276850573934205 90
      vertex 17.102203737211283 -36.159571724937734 90
    endloop
  endfacet
  facet normal 0.492898192229786 -0.8700869911087105 0
    outer loop
      vertex 18.855869473039906 -35.276850573934205 0
      vertex 20.564109767728873 -34.30914440001088 90
      vertex 18.855869473039906 -35.276850573934205 90
    endloop
  endfacet
  facet normal 0.5349976198870969 -0.8448535652497072 0
    outer loop
      vertex 20.564109767728873 -34.30914440001088 0
      vertex 22.222809320784087 -33.25878449210181 90
      vertex 20.564109767728873 -34.30914440001088 90
    endloop
  endfacet
  facet normal 0.5758081914178439 -0.8175848131515847 0
    outer loop
      vertex 22.222809320784087 -33.25878449210181 0
      vertex 23.827972179697333 -32.1283012592258 90
      vertex 22.222809320784087 -33.25878449210181 90
    endloop
  endfacet
  facet normal 0.6152315905806276 -0.7883464276266058 0
    outer loop
      vertex 23.827972179697333 -32.1283012592258 0
      vertex 25.37573136654582 -30.92041813450948 90
      vertex 23.827972179697333 -32.1283012592258 90
    endloop
  endfacet
  facet normal 0.6531728429537764 -0.7572088465064849 0
    outer loop
      vertex 25.37573136654582 -30.92041813450948 0
      vertex 26.862358193880738 -29.638045014198365 90
      vertex 25.37573136654582 -30.92041813450948 90
    endloop
  endfacet
  facet normal 0.6895405447370673 -0.7242470829514667 0
    outer loop
      vertex 26.862358193880738 -29.638045014198365 0
      vertex 28.284271247461902 -28.284271247461902 90
      vertex 26.862358193880738 -29.638045014198365 90
    endloop
  endfacet
  facet normal 0.7242470829514667 -0.6895405447370673 0
    outer loop
      vertex 29.638045014198365 -26.862358193880738 0
      vertex 29.638045014198365 -26.862358193880738 90
      vertex 28.284271247461902 -28.284271247461902 90
    endloop
  endfacet
  facet normal 0.7572088465064849 -0.6531728429537764 0
    outer loop
      vertex 30.92041813450948 -25.37573136654582 0
      vertex 30.92041813450948 -25.37573136654582 90
      vertex 29.638045014198365 -26.862358193880738 90
    endloop
  endfacet
  facet normal 0.7883464276266058 -0.6152315905806276 0
    outer loop
      vertex 32.1283012592258 -23.827972179697333 0
      vertex 32.1283012592258 -23.827972179697333 90
      vertex 30.92041813450948 -25.37573136654582 90
    endloop
  endfacet
  facet normal 0.8175848131515847 -0.5758081914178439 0
    outer loop
      vertex 33.25878449210181 -22.222809320784087 0
      vertex 33.25878449210181 -22.222809320784087 90
      vertex 32.1283012592258 -23.827972179697333 90
    endloop
  endfacet
  facet normal 0 0 1
    outer loop
      vertex 9.719207196130554 -38.801250127781756 90
      vertex 11.611387090178493 -38.27761342928835 90
      vertex 8.504306296614235 -33.95109386180904 90
    endloop
  endfacet
  facet normal 0 0 1
    outer loop
      vertex 8.504306296614235 -33.95109386180904 90
      vertex 11.611387090178493 -38.27761342928835 90
      vertex 10.15996370390618 -33.49291175062731 90
    endloop
  endfacet
  facet normal 0 0 1
    outer loop
      vertex 11.611387090178493 -38.27761342928835 90
      vertex 13.475594135688802 -37.66176260732083 90
      vertex 10.15996370390618 -33.49291175062731 90
    endloop
  endfacet
  facet normal 0 0 1
    outer loop
      vertex 13.475594135688802 -37.66176260732083 90
      vertex 15.307337294603592 -36.95518130045147 90
      vertex 13.393920132778142 -32.335783637895034 90
    endloop
  endfacet
  facet normal 0 0 1
    outer loop
      vertex 13.475594135688802 -37.66176260732083 90
      vertex 11.791144868727702 -32.95404228140573 90
      vertex 10.15996370390618 -33.49291175062731 90
    endloop
  endfacet
  facet normal 0 0 1
    outer loop
      vertex 13.475594135688802 -37.66176260732083 90
      vertex 13.393920132778142 -32.335783637895034 90
      vertex 11.791144868727702 -32.95404228140573 90
    endloop
  endfacet
  facet normal 0 0 1
    outer loop
      vertex 13.393920132778142 -32.335783637895034 90
      vertex 15.307337294603592 -36.95518130045147 90
      vertex 14.964428270059873 -31.639625259320518 90
    endloop
  endfacet
  facet normal 0 0 1
    outer loop
      vertex 14.964428270059873 -31.639625259320518 90
      vertex 15.307337294603592 -36.95518130045147 90
      vertex 17.102203737211283 -36.159571724937734 90
    endloop
  endfacet
  facet normal 0 0 1
    outer loop
      vertex 14.964428270059873 -31.639625259320518 90
      vertex 17.102203737211283 -36.159571724937734 90
      vertex 16.498885788909917 -30.867244252192428 90
    endloop
  endfacet
  facet normal 0 0 1
    outer loop
      vertex 17.102203737211283 -36.159571724937734 90
      vertex 18.855869473039906 -35.276850573934205 90
      vertex 16.498885788909917 -30.867244252192428 90
    endloop
  endfacet
  facet normal 0 0 1
    outer loop
      vertex 18.855869473039906 -35.276850573934205 90
      vertex 17.99359604676276 -30.02050135000952 90
      vertex 16.498885788909917 -30.867244252192428 90
    endloop
  endfacet
  facet normal 0 0 1
    outer loop
      vertex 18.855869473039906 -35.276850573934205 90
      vertex 20.564109767728873 -34.30914440001088 90
      vertex 17.99359604676276 -30.02050135000952 90
    endloop
  endfacet
  facet normal 0 0 1
    outer loop
      vertex 17.99359604676276 -30.02050135000952 90
      vertex 20.564109767728873 -34.30914440001088 90
      vertex 19.444958155686077 -29.101436430589082 90
    endloop
  endfacet
  facet normal 0 0 1
    outer loop
      vertex 19.444958155686077 -29.101436430589082 90
      vertex 20.564109767728873 -34.30914440001088 90
      vertex 22.222809320784087 -33.25878449210181 90
    endloop
  endfacet
  facet normal 0 0 1
    outer loop
      vertex 19.444958155686077 -29.101436430589082 90
      vertex 22.222809320784087 -33.25878449210181 90
      vertex 20.849475657235168 -28.112263601822573 90
    endloop
  endfacet
  facet normal 0 0 1
    outer loop
      vertex 22.222809320784087 -33.25878449210181 90
      vertex 23.827972179697333 -32.1283012592258 90
      vertex 22.203764945727592 -27.055365867695794 90
    endloop
  endfacet
  facet normal 0 0 1
    outer loop
      vertex 22.222809320784087 -33.25878449210181 90
      vertex 22.203764945727592 -27.055365867695794 90
      vertex 20.849475657235168 -28.112263601822573 90
    endloop
  endfacet
  facet normal 0 0 1
    outer loop
      vertex 23.827972179697333 -32.1283012592258 90
      vertex 25.37573136654582 -30.92041813450948 90
      vertex 23.504563419645645 -25.933289387423567 90
    endloop
  endfacet
  facet normal 0 0 1
    outer loop
      vertex 23.827972179697333 -32.1283012592258 90
      vertex 23.504563419645645 -25.933289387423567 90
      vertex 22.203764945727592 -27.055365867695794 90
    endloop
  endfacet
  facet normal 0 0 1
    outer loop
      vertex 25.37573136654582 -30.92041813450948 90
      vertex 24.748737341529164 -24.748737341529164 90
      vertex 23.504563419645645 -25.933289387423567 90
    endloop
  endfacet
  facet normal 0 0 1
    outer loop
      vertex 25.37573136654582 -30.92041813450948 90
      vertex 26.862358193880738 -29.638045014198365 90
      vertex 24.748737341529164 -24.748737341529164 90
    endloop
  endfacet
  facet normal 0 0 1
    outer loop
      vertex 24.748737341529164 -24.748737341529164 90
      vertex 26.862358193880738 -29.638045014198365 90
      vertex 25.933289387423567 -23.504563419645645 90
    endloop
  endfacet
  facet normal 0 0 1
    outer loop
      vertex 26.862358193880738 -29.638045014198365 90
      vertex 28.284271247461902 -28.284271247461902 90
      vertex 25.933289387423567 -23.504563419645645 90
    endloop
  endfacet
  facet normal 0 0 1
    outer loop
      vertex 28.284271247461902 -28.284271247461902 90
      vertex 27.055365867695794 -22.203764945727592 90
      vertex 25.933289387423567 -23.504563419645645 90
    endloop
  endfacet
  facet normal 0 0 1
    outer loop
      vertex 28.284271247461902 -28.284271247461902 90
      vertex 29.638045014198365 -26.862358193880738 90
      vertex 28.112263601822573 -20.849475657235168 90
    endloop
  endfacet
  facet normal 0 0 1
    outer loop
      vertex 28.284271247461902 -28.284271247461902 90
      vertex 28.112263601822573 -20.849475657235168 90
      vertex 27.055365867695794 -22.203764945727592 90
    endloop
  endfacet
  facet normal 0 0 1
    outer loop
      vertex 29.638045014198365 -26.862358193880738 90
      vertex 30.92041813450948 -25.37573136654582 90
      vertex 29.101436430589082 -19.444958155686077 90
    endloop
  endfacet
  facet normal 0 0 1
    outer loop
      vertex 29.638045014198365 -26.862358193880738 90
      vertex 29.101436430589082 -19.444958155686077 90
      vertex 28.112263601822573 -20.849475657235168 90
    endloop
  endfacet
  facet normal 0 0 1
    outer loop
      vertex 30.92041813450948 -25.37573136654582 90
      vertex 30.02050135000952 -17.99359604676276 90
      vertex 29.101436430589082 -19.444958155686077 90
    endloop
  endfacet
  facet normal 0 0 1
    outer loop
      vertex 30.92041813450948 -25.37573136654582 90
      vertex 32.1283012592258 -23.827972179697333 90
      vertex 30.867244252192428 -16.498885788909917 90
    endloop
  endfacet
  facet normal 0 0 1
    outer loop
      vertex 32.1283012592258 -23.827972179697333 90
      vertex 33.25878449210181 -22.222809320784087 90
      vertex 31.639625259320518 -14.964428270059873 90
    endloop
  endfacet
  facet normal 0 0 1
    outer loop
      vertex 30.92041813450948 -25.37573136654582 90
      vertex 30.867244252192428 -16.498885788909917 90
      vertex 30.02050135000952 -17.99359604676276 90
    endloop
  endfacet
  facet normal 0 0 1
    outer loop
      vertex 32.1283012592258 -23.827972179697333 90
      vertex 31.639625259320518 -14.964428270059873 90
      vertex 30.867244252192428 -16.498885788909917 90
    endloop
  endfacet
  facet normal 0 0 1
    outer loop
      vertex 33.25878449210181 -22.222809320784087 90
      vertex 34.30914440001088 -20.564109767728873 90
      vertex 32.95404228140573 -11.791144868727702 90
    endloop
  endfacet
  facet normal 0 0 1
    outer loop
      vertex 33.25878449210181 -22.222809320784087 90
      vertex 32.335783637895034 -13.393920132778142 90
      vertex 31.639625259320518 -14.964428270059873 90
    endloop
  endfacet
  facet normal 0 0 1
    outer loop
      vertex 33.25878449210181 -22.222809320784087 90
      vertex 32.95404228140573 -11.791144868727702 90
      vertex 32.335783637895034 -13.393920132778142 90
    endloop
  endfacet
  facet normal 0 0 1
    outer loop
      vertex 34.30914440001088 -20.564109767728873 90
      vertex 33.49291175062731 -10.15996370390618 90
      vertex 32.95404228140573 -11.791144868727702 90
    endloop
  endfacet
  facet normal 0.8448535652497072 -0.5349976198870969 0
    outer loop
      vertex 34.30914440001088 -20.564109767728873 0
      vertex 34.30914440001088 -20.564109767728873 90
      vertex 33.25878449210181 -22.222809320784087 90
    endloop
  endfacet
  facet normal 0.8700869911087105 -0.492898192229786 0
    outer loop
      vertex 35.276850573934205 -18.855869473039906 0
      vertex 35.276850573934205 -18.855869473039906 90
      vertex 34.30914440001088 -20.564109767728873 90
    endloop
  endfacet
  facet normal 0.8932243011955158 -0.44961132965460554 0
    outer loop
      vertex 36.159571724937734 -17.102203737211283 0
      vertex 36.159571724937734 -17.102203737211283 90
      vertex 35.276850573934205 -18.855869473039906 90
    endloop
  endfacet
  facet normal 0.9142097557035305 -0.4052413140049901 0
    outer loop
      vertex 36.95518130045147 -15.307337294603592 0
      vertex 36.95518130045147 -15.307337294603592 90
      vertex 36.159571724937734 -17.102203737211283 90
    endloop
  endfacet
  facet normal 0.9329927988347392 -0.3598950365349876 0
    outer loop
      vertex 37.66176260732083 -13.475594135688802 0
      vertex 37.66176260732083 -13.475594135688802 90
      vertex 36.95518130045147 -15.307337294603592 90
    endloop
  endfacet
  facet normal 0.9495281805930372 -0.3136817403988896 0
    outer loop
      vertex 38.27761342928835 -11.611387090178493 0
      vertex 38.27761342928835 -11.611387090178493 90
      vertex 37.66176260732083 -13.475594135688802 90
    endloop
  endfacet
  facet normal 0.9637760657954398 -0.2667127574748985 0
    outer loop
      vertex 38.801250127781756 -9.719207196130554 0
      vertex 38.801250127781756 -9.719207196130554 90
      vertex 38.27761342928835 -11.611387090178493 90
    endloop
  endfacet
  facet normal 0.9757021300385283 -0.2191012401568711 0
    outer loop
      vertex 39.23141121612922 -7.8036128806451295 0
      vertex 39.23141121612922 -7.8036128806451295 90
      vertex 38.801250127781756 -9.719207196130554 90
    endloop
  endfacet
  facet normal 0.9852776423889413 -0.17096188876030116 0
    outer loop
      vertex 39.56706039859124 -5.8692189782144695 0
      vertex 39.56706039859124 -5.8692189782144695 90
      vertex 39.23141121612922 -7.8036128806451295 90
    endloop
  endfacet
  facet normal 0.9924795345987097 -0.1224106751992185 0
    outer loop
      vertex 39.80738906688788 -3.920685613182424 0
      vertex 39.80738906688788 -3.920685613182424 90
      vertex 39.56706039859124 -5.8692189782144695 90
    endloop
  endfacet
  facet normal 0.9972904566786902 -0.0735645635996668 0
    outer loop
      vertex 39.9518182482069 -1.9627069730967206 0
      vertex 39.9518182482069 -1.9627069730967206 90
      vertex 39.80738906688788 -3.920685613182424 90
    endloop
  endfacet
  facet normal 0.9996988186962042 -0.024541228522911133 0
    outer loop
      vertex 39.9518182482069 -1.9627069730967206 90
      vertex 40 0 0
      vertex 40 0 90
    endloop
  endfacet
  facet normal 0 0 1
    outer loop
      vertex 34.30914440001088 -20.564109767728873 90
      vertex 35.276850573934205 -18.855869473039906 90
      vertex 33.95109386180904 -8.504306296614235 90
    endloop
  endfacet
  facet normal 0 0 1
    outer loop
      vertex 34.30914440001088 -20.564109767728873 90
      vertex 33.95109386180904 -8.504306296614235 90
      vertex 33.49291175062731 -10.15996370390618 90
    endloop
  endfacet
  facet normal 0 0 1
    outer loop
      vertex 35.276850573934205 -18.855869473039906 90
      vertex 34.32748481411306 -6.828161270564489 90
      vertex 33.95109386180904 -8.504306296614235 90
    endloop
  endfacet
  facet normal 0 0 1
    outer loop
      vertex 35.276850573934205 -18.855869473039906 90
      vertex 34.62117784876734 -5.135566605937661 90
      vertex 34.32748481411306 -6.828161270564489 90
    endloop
  endfacet
  facet normal 0 0 1
    outer loop
      vertex 35.276850573934205 -18.855869473039906 90
      vertex 34.831465433526894 -3.430599911534621 90
      vertex 34.62117784876734 -5.135566605937661 90
    endloop
  endfacet
  facet normal 0 0 1
    outer loop
      vertex 35.276850573934205 -18.855869473039906 90
      vertex 34.957840967181035 -1.7173686014596306 90
      vertex 34.831465433526894 -3.430599911534621 90
    endloop
  endfacet
  facet normal 0 0 1
    outer loop
      vertex 35.276850573934205 -18.855869473039906 90
      vertex 35 0 90
      vertex 34.957840967181035 -1.7173686014596306 90
    endloop
  endfacet
  facet normal 0 0 1
    outer loop
      vertex 35.276850573934205 -18.855869473039906 90
      vertex 36.159571724937734 -17.102203737211283 90
      vertex 35.276850573934205 18.855869473039906 90
    endloop
  endfacet
  facet normal 0 0 1
    outer loop
      vertex 36.159571724937734 -17.102203737211283 90
      vertex 36.95518130045147 -15.307337294603592 90
      vertex 36.159571724937734 17.102203737211283 90
    endloop
  endfacet
  facet normal 0 0 1
    outer loop
      vertex 36.95518130045147 -15.307337294603592 90
      vertex 37.66176260732083 -13.475594135688802 90
      vertex 36.95518130045147 15.307337294603592 90
    endloop
  endfacet
  facet normal 0 0 1
    outer loop
      vertex 37.66176260732083 -13.475594135688802 90
      vertex 38.27761342928835 -11.611387090178493 90
      vertex 37.66176260732083 13.475594135688802 90
    endloop
  endfacet
  facet normal 0 0 1
    outer loop
      vertex 38.27761342928835 -11.611387090178493 90
      vertex 38.801250127781756 -9.719207196130554 90
      vertex 38.27761342928835 11.611387090178493 90
    endloop
  endfacet
  facet normal 0 0 1
    outer loop
      vertex 38.801250127781756 -9.719207196130554 90
      vertex 39.23141121612922 -7.8036128806451295 90
      vertex 38.801250127781756 9.719207196130554 90
    endloop
  endfacet
  facet normal 0 0 1
    outer loop
      vertex 39.23141121612922 -7.8036128806451295 90
      vertex 39.56706039859124 -5.8692189782144695 90
      vertex 39.23141121612922 7.8036128806451295 90
    endloop
  endfacet
  facet normal 0 0 1
    outer loop
      vertex 39.56706039859124 -5.8692189782144695 90
      vertex 39.80738906688788 -3.920685613182424 90
      vertex 39.56706039859124 5.8692189782144695 90
    endloop
  endfacet
  facet normal 0 0 1
    outer loop
      vertex 39.80738906688788 -3.920685613182424 90
      vertex 39.9518182482069 -1.9627069730967206 90
      vertex 39.80738906688788 3.920685613182424 90
    endloop
  endfacet
  facet normal 0 0 -1
    outer loop
      vertex 9.719207196130554 -38.801250127781756 0
      vertex 9.719207196130554 38.801250127781756 0
      vertex 11.611387090178493 38.27761342928835 0
    endloop
  endfacet
  facet normal 0 0 -1
    outer loop
      vertex 11.611387090178493 -38.27761342928835 0
      vertex 11.611387090178493 38.27761342928835 0
      vertex 13.475594135688802 37.66176260732083 0
    endloop
  endfacet
  facet normal 0 0 -1
    outer loop
      vertex 13.475594135688802 -37.66176260732083 0
      vertex 13.475594135688802 37.66176260732083 0
      vertex 15.307337294603592 36.95518130045147 0
    endloop
  endfacet
  facet normal 0 0 -1
    outer loop
      vertex 15.307337294603592 -36.95518130045147 0
      vertex 15.307337294603592 36.95518130045147 0
      vertex 17.102203737211283 36.159571724937734 0
    endloop
  endfacet
  facet normal 0 0 -1
    outer loop
      vertex 17.102203737211283 -36.159571724937734 0
      vertex 17.102203737211283 36.159571724937734 0
      vertex 18.855869473039906 35.276850573934205 0
    endloop
  endfacet
  facet normal 0 0 -1
    outer loop
      vertex 18.855869473039906 -35.276850573934205 0
      vertex 18.855869473039906 35.276850573934205 0
      vertex 20.564109767728873 34.30914440001088 0
    endloop
  endfacet
  facet normal 0 0 -1
    outer loop
      vertex 20.564109767728873 -34.30914440001088 0
      vertex 20.564109767728873 34.30914440001088 0
      vertex 22.222809320784087 33.25878449210181 0
    endloop
  endfacet
  facet normal 0 0 -1
    outer loop
      vertex 25.37573136654582 -30.92041813450948 0
      vertex 25.37573136654582 30.92041813450948 0
      vertex 26.862358193880738 29.638045014198365 0
    endloop
  endfacet
  facet normal 0 0 -1
    outer loop
      vertex 26.862358193880738 -29.638045014198365 0
      vertex 26.862358193880738 29.638045014198365 0
      vertex 28.284271247461902 28.284271247461902 0
    endloop
  endfacet
  facet normal 0 0 -1
    outer loop
      vertex 28.284271247461902 -28.284271247461902 0
      vertex 28.284271247461902 28.284271247461902 0
      vertex 29.638045014198365 26.862358193880738 0
    endloop
  endfacet
  facet normal 0 0 -1
    outer loop
      vertex 29.638045014198365 -26.862358193880738 0
      vertex 29.638045014198365 26.862358193880738 0
      vertex 30.92041813450948 25.37573136654582 0
    endloop
  endfacet
  facet normal 0 0 -1
    outer loop
      vertex 32.1283012592258 -23.827972179697333 0
      vertex 32.1283012592258 23.827972179697333 0
      vertex 33.25878449210181 22.222809320784087 0
    endloop
  endfacet
  facet normal 0 0 -1
    outer loop
      vertex 33.25878449210181 -22.222809320784087 0
      vertex 33.25878449210181 22.222809320784087 0
      vertex 34.30914440001088 20.564109767728873 0
    endloop
  endfacet
  facet normal 0 0 -1
    outer loop
      vertex 30.92041813450948 -25.37573136654582 0
      vertex 30.92041813450948 25.37573136654582 0
      vertex 32.1283012592258 23.827972179697333 0
    endloop
  endfacet
  facet normal 0 0 -1
    outer loop
      vertex 22.222809320784087 -33.25878449210181 0
      vertex 22.222809320784087 33.25878449210181 0
      vertex 23.827972179697333 32.1283012592258 0
    endloop
  endfacet
  facet normal 0 0 -1
    outer loop
      vertex 23.827972179697333 -32.1283012592258 0
      vertex 23.827972179697333 32.1283012592258 0
      vertex 25.37573136654582 30.92041813450948 0
    endloop
  endfacet
  facet normal 0.2667127574748985 0.9637760657954398 0
    outer loop
      vertex 9.719207196130554 38.801250127781756 0
      vertex 9.719207196130554 38.801250127781756 90
      vertex 11.611387090178493 38.27761342928835 0
    endloop
  endfacet
  facet normal 0.3136817403988896 0.9495281805930372 0
    outer loop
      vertex 11.611387090178493 38.27761342928835 0
      vertex 11.611387090178493 38.27761342928835 90
      vertex 13.475594135688802 37.66176260732083 0
    endloop
  endfacet
  facet normal 0.3598950365349876 0.9329927988347392 0
    outer loop
      vertex 13.475594135688802 37.66176260732083 0
      vertex 13.475594135688802 37.66176260732083 90
      vertex 15.307337294603592 36.95518130045147 0
    endloop
  endfacet
  facet normal 0.492898192229786 0.8700869911087105 0
    outer loop
      vertex 18.855869473039906 35.276850573934205 0
      vertex 18.855869473039906 35.276850573934205 90
      vertex 20.564109767728873 34.30914440001088 0
    endloop
  endfacet
  facet normal 0.5349976198870969 0.8448535652497072 0
    outer loop
      vertex 20.564109767728873 34.30914440001088 0
      vertex 20.564109767728873 34.30914440001088 90
      vertex 22.222809320784087 33.25878449210181 0
    endloop
  endfacet
  facet normal 0.4052413140049901 0.9142097557035305 0
    outer loop
      vertex 15.307337294603592 36.95518130045147 0
      vertex 15.307337294603592 36.95518130045147 90
      vertex 17.102203737211283 36.159571724937734 0
    endloop
  endfacet
  facet normal 0.44961132965460554 0.8932243011955158 0
    outer loop
      vertex 17.102203737211283 36.159571724937734 0
      vertex 17.102203737211283 36.159571724937734 90
      vertex 18.855869473039906 35.276850573934205 0
    endloop
  endfacet
  facet normal 0.6895405447370673 0.7242470829514667 0
    outer loop
      vertex 26.862358193880738 29.638045014198365 0
      vertex 26.862358193880738 29.638045014198365 90
      vertex 28.284271247461902 28.284271247461902 0
    endloop
  endfacet
  facet normal 0.7883464276266058 0.6152315905806276 0
    outer loop
      vertex 32.1283012592258 23.827972179697333 0
      vertex 30.92041813450948 25.37573136654582 0
      vertex 32.1283012592258 23.827972179697333 90
    endloop
  endfacet
  facet normal 0.8175848131515847 0.5758081914178439 0
    outer loop
      vertex 32.1283012592258 23.827972179697333 0
      vertex 33.25878449210181 22.222809320784087 90
      vertex 33.25878449210181 22.222809320784087 0
    endloop
  endfacet
  facet normal 0.7242470829514667 0.6895405447370673 0
    outer loop
      vertex 29.638045014198365 26.862358193880738 0
      vertex 28.284271247461902 28.284271247461902 0
      vertex 29.638045014198365 26.862358193880738 90
    endloop
  endfacet
  facet normal 0.7572088465064849 0.6531728429537764 0
    outer loop
      vertex 29.638045014198365 26.862358193880738 0
      vertex 30.92041813450948 25.37573136654582 90
      vertex 30.92041813450948 25.37573136654582 0
    endloop
  endfacet
  facet normal 0.6152315905806276 0.7883464276266058 0
    outer loop
      vertex 23.827972179697333 32.1283012592258 0
      vertex 23.827972179697333 32.1283012592258 90
      vertex 25.37573136654582 30.92041813450948 0
    endloop
  endfacet
  facet normal 0.5758081914178439 0.8175848131515847 0
    outer loop
      vertex 22.222809320784087 33.25878449210181 0
      vertex 22.222809320784087 33.25878449210181 90
      vertex 23.827972179697333 32.1283012592258 0
    endloop
  endfacet
  facet normal 0.6531728429537764 0.7572088465064849 0
    outer loop
      vertex 26.862358193880738 29.638045014198365 0
      vertex 25.37573136654582 30.92041813450948 0
      vertex 25.37573136654582 30.92041813450948 90
    endloop
  endfacet
  facet normal 0 0 -1
    outer loop
      vertex 39.80738906688788 -3.920685613182424 0
      vertex 39.80738906688788 3.920685613182424 0
      vertex 39.9518182482069 1.9627069730967206 0
    endloop
  endfacet
  facet normal 0 0 -1
    outer loop
      vertex 39.56706039859124 -5.8692189782144695 0
      vertex 39.56706039859124 5.8692189782144695 0
      vertex 39.80738906688788 3.920685613182424 0
    endloop
  endfacet
  facet normal 0 0 -1
    outer loop
      vertex 39.23141121612922 -7.8036128806451295 0
      vertex 39.23141121612922 7.8036128806451295 0
      vertex 39.56706039859124 5.8692189782144695 0
    endloop
  endfacet
  facet normal 0 0 -1
    outer loop
      vertex 36.95518130045147 -15.307337294603592 0
      vertex 36.95518130045147 15.307337294603592 0
      vertex 37.66176260732083 13.475594135688802 0
    endloop
  endfacet
  facet normal 0 0 -1
    outer loop
      vertex 37.66176260732083 -13.475594135688802 0
      vertex 37.66176260732083 13.475594135688802 0
      vertex 38.27761342928835 11.611387090178493 0
    endloop
  endfacet
  facet normal 0 0 -1
    outer loop
      vertex 38.801250127781756 -9.719207196130554 0
      vertex 38.801250127781756 9.719207196130554 0
      vertex 39.23141121612922 7.8036128806451295 0
    endloop
  endfacet
  facet normal 0 0 -1
    outer loop
      vertex 38.27761342928835 -11.611387090178493 0
      vertex 38.27761342928835 11.611387090178493 0
      vertex 38.801250127781756 9.719207196130554 0
    endloop
  endfacet
  facet normal 0 0 -1
    outer loop
      vertex 34.30914440001088 -20.564109767728873 0
      vertex 34.30914440001088 20.564109767728873 0
      vertex 35.276850573934205 18.855869473039906 0
    endloop
  endfacet
  facet normal 0 0 -1
    outer loop
      vertex 35.276850573934205 -18.855869473039906 0
      vertex 35.276850573934205 18.855869473039906 0
      vertex 36.159571724937734 17.102203737211283 0
    endloop
  endfacet
  facet normal 0 0 -1
    outer loop
      vertex 36.159571724937734 -17.102203737211283 0
      vertex 36.159571724937734 17.102203737211283 0
      vertex 36.95518130045147 15.307337294603592 0
    endloop
  endfacet
  facet normal 0 0 -1
    outer loop
      vertex 39.9518182482069 -1.9627069730967206 0
      vertex 39.9518182482069 1.9627069730967206 0
      vertex 40 0 0
    endloop
  endfacet
  facet normal 0.9972904566786902 0.0735645635996668 0
    outer loop
      vertex 39.9518182482069 1.9627069730967206 0
      vertex 39.80738906688788 3.920685613182424 0
      vertex 39.9518182482069 1.9627069730967206 90
    endloop
  endfacet
  facet normal 0.9924795345987097 0.1224106751992185 0
    outer loop
      vertex 39.80738906688788 3.920685613182424 0
      vertex 39.56706039859124 5.8692189782144695 0
      vertex 39.80738906688788 3.920685613182424 90
    endloop
  endfacet
  facet normal 0.9852776423889413 0.17096188876030116 0
    outer loop
      vertex 39.56706039859124 5.8692189782144695 0
      vertex 39.23141121612922 7.8036128806451295 0
      vertex 39.56706039859124 5.8692189782144695 90
    endloop
  endfacet
  facet normal 0.9757021300385283 0.2191012401568711 0
    outer loop
      vertex 39.23141121612922 7.8036128806451295 0
      vertex 38.801250127781756 9.719207196130554 0
      vertex 39.23141121612922 7.8036128806451295 90
    endloop
  endfacet
  facet normal 0.9996988186962042 0.024541228522911133 0
    outer loop
      vertex 40 0 0
      vertex 39.9518182482069 1.9627069730967206 0
      vertex 40 0 90
    endloop
  endfacet
  facet normal 0.9495281805930372 0.3136817403988896 0
    outer loop
      vertex 38.27761342928835 11.611387090178493 0
      vertex 37.66176260732083 13.475594135688802 0
      vertex 38.27761342928835 11.611387090178493 90
    endloop
  endfacet
  facet normal 0.9637760657954398 0.2667127574748985 0
    outer loop
      vertex 38.801250127781756 9.719207196130554 0
      vertex 38.27761342928835 11.611387090178493 0
      vertex 38.801250127781756 9.719207196130554 90
    endloop
  endfacet
  facet normal 0.9329927988347392 0.3598950365349876 0
    outer loop
      vertex 37.66176260732083 13.475594135688802 0
      vertex 36.95518130045147 15.307337294603592 0
      vertex 37.66176260732083 13.475594135688802 90
    endloop
  endfacet
  facet normal 0.9142097557035305 0.4052413140049901 0
    outer loop
      vertex 36.159571724937734 17.102203737211283 0
      vertex 36.95518130045147 15.307337294603592 90
      vertex 36.95518130045147 15.307337294603592 0
    endloop
  endfacet
  facet normal 0.8700869911087105 0.492898192229786 0
    outer loop
      vertex 35.276850573934205 18.855869473039906 0
      vertex 34.30914440001088 20.564109767728873 0
      vertex 35.276850573934205 18.855869473039906 90
    endloop
  endfacet
  facet normal 0.8932243011955158 0.44961132965460554 0
    outer loop
      vertex 36.159571724937734 17.102203737211283 0
      vertex 35.276850573934205 18.855869473039906 0
      vertex 36.159571724937734 17.102203737211283 90
    endloop
  endfacet
  facet normal 0.8448535652497072 0.5349976198870969 0
    outer loop
      vertex 33.25878449210181 22.222809320784087 0
      vertex 34.30914440001088 20.564109767728873 90
      vertex 34.30914440001088 20.564109767728873 0
    endloop
  endfacet
  facet normal 0 0 1
    outer loop
      vertex 33.95109386180904 8.504306296614235 90
      vertex 33.25878449210181 22.222809320784087 90
      vertex 33.49291175062731 10.15996370390618 90
    endloop
  endfacet
  facet normal 0 0 1
    outer loop
      vertex 33.49291175062731 10.15996370390618 90
      vertex 33.25878449210181 22.222809320784087 90
      vertex 32.95404228140573 11.791144868727702 90
    endloop
  endfacet
  facet normal 0 0 1
    outer loop
      vertex 30.867244252192428 16.498885788909917 90
      vertex 30.92041813450948 25.37573136654582 90
      vertex 30.02050135000952 17.99359604676276 90
    endloop
  endfacet
  facet normal 0 0 1
    outer loop
      vertex 32.335783637895034 13.393920132778142 90
      vertex 32.1283012592258 23.827972179697333 90
      vertex 31.639625259320518 14.964428270059873 90
    endloop
  endfacet
  facet normal 0 0 1
    outer loop
      vertex 32.335783637895034 13.393920132778142 90
      vertex 32.95404228140573 11.791144868727702 90
      vertex 32.1283012592258 23.827972179697333 90
    endloop
  endfacet
  facet normal 0 0 1
    outer loop
      vertex 31.639625259320518 14.964428270059873 90
      vertex 30.92041813450948 25.37573136654582 90
      vertex 30.867244252192428 16.498885788909917 90
    endloop
  endfacet
  facet normal 0 0 1
    outer loop
      vertex 32.95404228140573 11.791144868727702 90
      vertex 33.25878449210181 22.222809320784087 90
      vertex 32.1283012592258 23.827972179697333 90
    endloop
  endfacet
  facet normal 0.2667127574748985 0.9637760657954398 0
    outer loop
      vertex 11.611387090178493 38.27761342928835 0
      vertex 9.719207196130554 38.801250127781756 90
      vertex 11.611387090178493 38.27761342928835 90
    endloop
  endfacet
  facet normal 0.3598950365349876 0.9329927988347392 0
    outer loop
      vertex 15.307337294603592 36.95518130045147 0
      vertex 13.475594135688802 37.66176260732083 90
      vertex 15.307337294603592 36.95518130045147 90
    endloop
  endfacet
  facet normal 0.3136817403988896 0.9495281805930372 0
    outer loop
      vertex 13.475594135688802 37.66176260732083 0
      vertex 11.611387090178493 38.27761342928835 90
      vertex 13.475594135688802 37.66176260732083 90
    endloop
  endfacet
  facet normal 0.492898192229786 0.8700869911087105 0
    outer loop
      vertex 20.564109767728873 34.30914440001088 0
      vertex 18.855869473039906 35.276850573934205 90
      vertex 20.564109767728873 34.30914440001088 90
    endloop
  endfacet
  facet normal 0.4052413140049901 0.9142097557035305 0
    outer loop
      vertex 17.102203737211283 36.159571724937734 0
      vertex 15.307337294603592 36.95518130045147 90
      vertex 17.102203737211283 36.159571724937734 90
    endloop
  endfacet
  facet normal 0.44961132965460554 0.8932243011955158 0
    outer loop
      vertex 18.855869473039906 35.276850573934205 0
      vertex 17.102203737211283 36.159571724937734 90
      vertex 18.855869473039906 35.276850573934205 90
    endloop
  endfacet
  facet normal 0.8448535652497072 0.5349976198870969 0
    outer loop
      vertex 33.25878449210181 22.222809320784087 0
      vertex 33.25878449210181 22.222809320784087 90
      vertex 34.30914440001088 20.564109767728873 90
    endloop
  endfacet
  facet normal 0.7883464276266058 0.6152315905806276 0
    outer loop
      vertex 30.92041813450948 25.37573136654582 0
      vertex 30.92041813450948 25.37573136654582 90
      vertex 32.1283012592258 23.827972179697333 90
    endloop
  endfacet
  facet normal 0.8175848131515847 0.5758081914178439 0
    outer loop
      vertex 32.1283012592258 23.827972179697333 0
      vertex 32.1283012592258 23.827972179697333 90
      vertex 33.25878449210181 22.222809320784087 90
    endloop
  endfacet
  facet normal 0.7572088465064849 0.6531728429537764 0
    outer loop
      vertex 29.638045014198365 26.862358193880738 0
      vertex 29.638045014198365 26.862358193880738 90
      vertex 30.92041813450948 25.37573136654582 90
    endloop
  endfacet
  facet normal 0.6895405447370673 0.7242470829514667 0
    outer loop
      vertex 28.284271247461902 28.284271247461902 0
      vertex 26.862358193880738 29.638045014198365 90
      vertex 28.284271247461902 28.284271247461902 90
    endloop
  endfacet
  facet normal 0.7242470829514667 0.6895405447370673 0
    outer loop
      vertex 28.284271247461902 28.284271247461902 0
      vertex 28.284271247461902 28.284271247461902 90
      vertex 29.638045014198365 26.862358193880738 90
    endloop
  endfacet
  facet normal 0.5349976198870969 0.8448535652497072 0
    outer loop
      vertex 22.222809320784087 33.25878449210181 0
      vertex 20.564109767728873 34.30914440001088 90
      vertex 22.222809320784087 33.25878449210181 90
    endloop
  endfacet
  facet normal 0.5758081914178439 0.8175848131515847 0
    outer loop
      vertex 23.827972179697333 32.1283012592258 0
      vertex 22.222809320784087 33.25878449210181 90
      vertex 23.827972179697333 32.1283012592258 90
    endloop
  endfacet
  facet normal 0.6152315905806276 0.7883464276266058 0
    outer loop
      vertex 25.37573136654582 30.92041813450948 0
      vertex 23.827972179697333 32.1283012592258 90
      vertex 25.37573136654582 30.92041813450948 90
    endloop
  endfacet
  facet normal 0.6531728429537764 0.7572088465064849 0
    outer loop
      vertex 26.862358193880738 29.638045014198365 0
      vertex 25.37573136654582 30.92041813450948 90
      vertex 26.862358193880738 29.638045014198365 90
    endloop
  endfacet
  facet normal 0 0 1
    outer loop
      vertex 10.15996370390618 33.49291175062731 90
      vertex 11.791144868727702 32.95404228140573 90
      vertex 11.611387090178493 38.27761342928835 90
    endloop
  endfacet
  facet normal 0 0 1
    outer loop
      vertex 11.791144868727702 32.95404228140573 90
      vertex 13.393920132778142 32.335783637895034 90
      vertex 13.475594135688802 37.66176260732083 90
    endloop
  endfacet
  facet normal 0 0 1
    outer loop
      vertex 13.393920132778142 32.335783637895034 90
      vertex 14.964428270059873 31.639625259320518 90
      vertex 13.475594135688802 37.66176260732083 90
    endloop
  endfacet
  facet normal 0 0 1
    outer loop
      vertex 8.504306296614235 33.95109386180904 90
      vertex 10.15996370390618 33.49291175062731 90
      vertex 9.719207196130554 38.801250127781756 90
    endloop
  endfacet
  facet normal 0 0 1
    outer loop
      vertex 9.719207196130554 38.801250127781756 90
      vertex 10.15996370390618 33.49291175062731 90
      vertex 11.611387090178493 38.27761342928835 90
    endloop
  endfacet
  facet normal 0 0 1
    outer loop
      vertex 11.791144868727702 32.95404228140573 90
      vertex 13.475594135688802 37.66176260732083 90
      vertex 11.611387090178493 38.27761342928835 90
    endloop
  endfacet
  facet normal 0 0 1
    outer loop
      vertex 14.964428270059873 31.639625259320518 90
      vertex 15.307337294603592 36.95518130045147 90
      vertex 13.475594135688802 37.66176260732083 90
    endloop
  endfacet
  facet normal 0 0 1
    outer loop
      vertex 16.498885788909917 30.867244252192428 90
      vertex 17.99359604676276 30.02050135000952 90
      vertex 17.102203737211283 36.159571724937734 90
    endloop
  endfacet
  facet normal 0 0 1
    outer loop
      vertex 14.964428270059873 31.639625259320518 90
      vertex 16.498885788909917 30.867244252192428 90
      vertex 15.307337294603592 36.95518130045147 90
    endloop
  endfacet
  facet normal 0 0 1
    outer loop
      vertex 16.498885788909917 30.867244252192428 90
      vertex 17.102203737211283 36.159571724937734 90
      vertex 15.307337294603592 36.95518130045147 90
    endloop
  endfacet
  facet normal 0 0 1
    outer loop
      vertex 17.99359604676276 30.02050135000952 90
      vertex 18.855869473039906 35.276850573934205 90
      vertex 17.102203737211283 36.159571724937734 90
    endloop
  endfacet
  facet normal 0 0 1
    outer loop
      vertex 19.444958155686077 29.101436430589082 90
      vertex 18.855869473039906 35.276850573934205 90
      vertex 17.99359604676276 30.02050135000952 90
    endloop
  endfacet
  facet normal 0 0 1
    outer loop
      vertex 19.444958155686077 29.101436430589082 90
      vertex 20.849475657235168 28.112263601822573 90
      vertex 20.564109767728873 34.30914440001088 90
    endloop
  endfacet
  facet normal 0 0 1
    outer loop
      vertex 20.849475657235168 28.112263601822573 90
      vertex 22.222809320784087 33.25878449210181 90
      vertex 20.564109767728873 34.30914440001088 90
    endloop
  endfacet
  facet normal 0 0 1
    outer loop
      vertex 19.444958155686077 29.101436430589082 90
      vertex 20.564109767728873 34.30914440001088 90
      vertex 18.855869473039906 35.276850573934205 90
    endloop
  endfacet
  facet normal 0 0 1
    outer loop
      vertex 22.203764945727592 27.055365867695794 90
      vertex 23.504563419645645 25.933289387423567 90
      vertex 22.222809320784087 33.25878449210181 90
    endloop
  endfacet
  facet normal 0 0 1
    outer loop
      vertex 22.203764945727592 27.055365867695794 90
      vertex 22.222809320784087 33.25878449210181 90
      vertex 20.849475657235168 28.112263601822573 90
    endloop
  endfacet
  facet normal 0 0 1
    outer loop
      vertex 24.748737341529164 24.748737341529164 90
      vertex 23.827972179697333 32.1283012592258 90
      vertex 23.504563419645645 25.933289387423567 90
    endloop
  endfacet
  facet normal 0 0 1
    outer loop
      vertex 24.748737341529164 24.748737341529164 90
      vertex 25.933289387423567 23.504563419645645 90
      vertex 25.37573136654582 30.92041813450948 90
    endloop
  endfacet
  facet normal 0 0 1
    outer loop
      vertex 27.055365867695794 22.203764945727592 90
      vertex 26.862358193880738 29.638045014198365 90
      vertex 25.933289387423567 23.504563419645645 90
    endloop
  endfacet
  facet normal 0 0 1
    outer loop
      vertex 27.055365867695794 22.203764945727592 90
      vertex 28.284271247461902 28.284271247461902 90
      vertex 26.862358193880738 29.638045014198365 90
    endloop
  endfacet
  facet normal 0 0 1
    outer loop
      vertex 25.933289387423567 23.504563419645645 90
      vertex 26.862358193880738 29.638045014198365 90
      vertex 25.37573136654582 30.92041813450948 90
    endloop
  endfacet
  facet normal 0 0 1
    outer loop
      vertex 24.748737341529164 24.748737341529164 90
      vertex 25.37573136654582 30.92041813450948 90
      vertex 23.827972179697333 32.1283012592258 90
    endloop
  endfacet
  facet normal 0 0 1
    outer loop
      vertex 29.101436430589082 19.444958155686077 90
      vertex 30.02050135000952 17.99359604676276 90
      vertex 29.638045014198365 26.862358193880738 90
    endloop
  endfacet
  facet normal 0 0 1
    outer loop
      vertex 29.101436430589082 19.444958155686077 90
      vertex 28.284271247461902 28.284271247461902 90
      vertex 28.112263601822573 20.849475657235168 90
    endloop
  endfacet
  facet normal 0 0 1
    outer loop
      vertex 27.055365867695794 22.203764945727592 90
      vertex 28.112263601822573 20.849475657235168 90
      vertex 28.284271247461902 28.284271247461902 90
    endloop
  endfacet
  facet normal 0 0 1
    outer loop
      vertex 29.101436430589082 19.444958155686077 90
      vertex 29.638045014198365 26.862358193880738 90
      vertex 28.284271247461902 28.284271247461902 90
    endloop
  endfacet
  facet normal 0 0 1
    outer loop
      vertex 30.02050135000952 17.99359604676276 90
      vertex 30.92041813450948 25.37573136654582 90
      vertex 29.638045014198365 26.862358193880738 90
    endloop
  endfacet
  facet normal 0 0 1
    outer loop
      vertex 31.639625259320518 14.964428270059873 90
      vertex 32.1283012592258 23.827972179697333 90
      vertex 30.92041813450948 25.37573136654582 90
    endloop
  endfacet
  facet normal 0 0 1
    outer loop
      vertex 23.504563419645645 25.933289387423567 90
      vertex 23.827972179697333 32.1283012592258 90
      vertex 22.222809320784087 33.25878449210181 90
    endloop
  endfacet
  facet normal 0.9972904566786902 0.0735645635996668 0
    outer loop
      vertex 39.80738906688788 3.920685613182424 0
      vertex 39.80738906688788 3.920685613182424 90
      vertex 39.9518182482069 1.9627069730967206 90
    endloop
  endfacet
  facet normal 0.9924795345987097 0.1224106751992185 0
    outer loop
      vertex 39.56706039859124 5.8692189782144695 0
      vertex 39.56706039859124 5.8692189782144695 90
      vertex 39.80738906688788 3.920685613182424 90
    endloop
  endfacet
  facet normal 0.9852776423889413 0.17096188876030116 0
    outer loop
      vertex 39.23141121612922 7.8036128806451295 0
      vertex 39.23141121612922 7.8036128806451295 90
      vertex 39.56706039859124 5.8692189782144695 90
    endloop
  endfacet
  facet normal 0.9757021300385283 0.2191012401568711 0
    outer loop
      vertex 38.801250127781756 9.719207196130554 0
      vertex 38.801250127781756 9.719207196130554 90
      vertex 39.23141121612922 7.8036128806451295 90
    endloop
  endfacet
  facet normal 0.9996988186962042 0.024541228522911133 0
    outer loop
      vertex 39.9518182482069 1.9627069730967206 0
      vertex 39.9518182482069 1.9627069730967206 90
      vertex 40 0 90
    endloop
  endfacet
  facet normal 0.9637760657954398 0.2667127574748985 0
    outer loop
      vertex 38.27761342928835 11.611387090178493 0
      vertex 38.27761342928835 11.611387090178493 90
      vertex 38.801250127781756 9.719207196130554 90
    endloop
  endfacet
  facet normal 0.9495281805930372 0.3136817403988896 0
    outer loop
      vertex 37.66176260732083 13.475594135688802 0
      vertex 37.66176260732083 13.475594135688802 90
      vertex 38.27761342928835 11.611387090178493 90
    endloop
  endfacet
  facet normal 0.9329927988347392 0.3598950365349876 0
    outer loop
      vertex 36.95518130045147 15.307337294603592 0
      vertex 36.95518130045147 15.307337294603592 90
      vertex 37.66176260732083 13.475594135688802 90
    endloop
  endfacet
  facet normal 0.9142097557035305 0.4052413140049901 0
    outer loop
      vertex 36.159571724937734 17.102203737211283 0
      vertex 36.159571724937734 17.102203737211283 90
      vertex 36.95518130045147 15.307337294603592 90
    endloop
  endfacet
  facet normal 0.8700869911087105 0.492898192229786 0
    outer loop
      vertex 34.30914440001088 20.564109767728873 0
      vertex 34.30914440001088 20.564109767728873 90
      vertex 35.276850573934205 18.855869473039906 90
    endloop
  endfacet
  facet normal 0.8932243011955158 0.44961132965460554 0
    outer loop
      vertex 35.276850573934205 18.855869473039906 0
      vertex 35.276850573934205 18.855869473039906 90
      vertex 36.159571724937734 17.102203737211283 90
    endloop
  endfacet
  facet normal 0 0 1
    outer loop
      vertex 35.276850573934205 -18.855869473039906 90
      vertex 35.276850573934205 18.855869473039906 90
      vertex 35 0 90
    endloop
  endfacet
  facet normal 0 0 1
    outer loop
      vertex 39.9518182482069 -1.9627069730967206 90
      vertex 39.9518182482069 1.9627069730967206 90
      vertex 39.80738906688788 3.920685613182424 90
    endloop
  endfacet
  facet normal 0 0 1
    outer loop
      vertex 39.80738906688788 -3.920685613182424 90
      vertex 39.80738906688788 3.920685613182424 90
      vertex 39.56706039859124 5.8692189782144695 90
    endloop
  endfacet
  facet normal 0 0 1
    outer loop
      vertex 38.27761342928835 -11.611387090178493 90
      vertex 38.27761342928835 11.611387090178493 90
      vertex 37.66176260732083 13.475594135688802 90
    endloop
  endfacet
  facet normal 0 0 1
    outer loop
      vertex 39.23141121612922 -7.8036128806451295 90
      vertex 39.23141121612922 7.8036128806451295 90
      vertex 38.801250127781756 9.719207196130554 90
    endloop
  endfacet
  facet normal 0 0 1
    outer loop
      vertex 39.56706039859124 -5.8692189782144695 90
      vertex 39.56706039859124 5.8692189782144695 90
      vertex 39.23141121612922 7.8036128806451295 90
    endloop
  endfacet
  facet normal 0 0 1
    outer loop
      vertex 38.801250127781756 -9.719207196130554 90
      vertex 38.801250127781756 9.719207196130554 90
      vertex 38.27761342928835 11.611387090178493 90
    endloop
  endfacet
  facet normal 0 0 1
    outer loop
      vertex 34.957840967181035 1.7173686014596306 90
      vertex 35 0 90
      vertex 35.276850573934205 18.855869473039906 90
    endloop
  endfacet
  facet normal 0 0 1
    outer loop
      vertex 36.95518130045147 -15.307337294603592 90
      vertex 36.95518130045147 15.307337294603592 90
      vertex 36.159571724937734 17.102203737211283 90
    endloop
  endfacet
  facet normal 0 0 1
    outer loop
      vertex 36.159571724937734 -17.102203737211283 90
      vertex 36.159571724937734 17.102203737211283 90
      vertex 35.276850573934205 18.855869473039906 90
    endloop
  endfacet
  facet normal 0 0 1
    outer loop
      vertex 34.957840967181035 1.7173686014596306 90
      vertex 35.276850573934205 18.855869473039906 90
      vertex 34.831465433526894 3.430599911534621 90
    endloop
  endfacet
  facet normal 0 0 1
    outer loop
      vertex 34.831465433526894 3.430599911534621 90
      vertex 34.30914440001088 20.564109767728873 90
      vertex 34.62117784876734 5.135566605937661 90
    endloop
  endfacet
  facet normal 0 0 1
    outer loop
      vertex 37.66176260732083 -13.475594135688802 90
      vertex 37.66176260732083 13.475594135688802 90
      vertex 36.95518130045147 15.307337294603592 90
    endloop
  endfacet
  facet normal 0 0 1
    outer loop
      vertex 39.9518182482069 -1.9627069730967206 90
      vertex 40 0 90
      vertex 39.9518182482069 1.9627069730967206 90
    endloop
  endfacet
  facet normal 0 0 1
    outer loop
      vertex 34.62117784876734 5.135566605937661 90
      vertex 34.30914440001088 20.564109767728873 90
      vertex 34.32748481411306 6.828161270564489 90
    endloop
  endfacet
  facet normal 0 0 1
    outer loop
      vertex 34.32748481411306 6.828161270564489 90
      vertex 34.30914440001088 20.564109767728873 90
      vertex 33.95109386180904 8.504306296614235 90
    endloop
  endfacet
  facet normal 0 0 1
    outer loop
      vertex 34.831465433526894 3.430599911534621 90
      vertex 35.276850573934205 18.855869473039906 90
      vertex 34.30914440001088 20.564109767728873 90
    endloop
  endfacet
  facet normal 0 0 1
    outer loop
      vertex 33.95109386180904 8.504306296614235 90
      vertex 34.30914440001088 20.564109767728873 90
      vertex 33.25878449210181 22.222809320784087 90
    endloop
  endfacet
  facet normal 0.788346427626606 0.6152315905806273 0
    outer loop
      vertex -28.112263601822573 -20.849475657235168 6
      vertex -28.112263601822573 -20.849475657235168 90
      vertex -27.055365867695794 -22.203764945727592 6
    endloop
  endfacet
  facet normal 0.4928981922297851 0.8700869911087108 0
    outer loop
      vertex -17.99359604676276 -30.02050135000952 6
      vertex -16.498885788909917 -30.867244252192428 90
      vertex -16.498885788909917 -30.867244252192428 6
    endloop
  endfacet
  facet normal 0.4496113296546062 0.8932243011955154 0
    outer loop
      vertex -16.498885788909917 -30.867244252192428 6
      vertex -14.964428270059873 -31.639625259320518 90
      vertex -14.964428270059873 -31.639625259320518 6
    endloop
  endfacet
  facet normal 0.6895405447370665 0.7242470829514673 0
    outer loop
      vertex -23.504563419645645 -25.933289387423567 6
      vertex -24.748737341529164 -24.748737341529164 6
      vertex -23.504563419645645 -25.933289387423567 90
    endloop
  endfacet
  facet normal 0.6531728429537768 0.7572088465064845 0
    outer loop
      vertex -23.504563419645645 -25.933289387423567 6
      vertex -22.203764945727592 -27.055365867695794 90
      vertex -22.203764945727592 -27.055365867695794 6
    endloop
  endfacet
  facet normal 0.7572088465064845 0.6531728429537768 0
    outer loop
      vertex -25.933289387423567 -23.504563419645645 6
      vertex -27.055365867695794 -22.203764945727592 6
      vertex -27.055365867695794 -22.203764945727592 90
    endloop
  endfacet
  facet normal 0.7242470829514673 0.6895405447370665 0
    outer loop
      vertex -25.933289387423567 -23.504563419645645 6
      vertex -25.933289387423567 -23.504563419645645 90
      vertex -24.748737341529164 -24.748737341529164 6
    endloop
  endfacet
  facet normal 0.6152315905806273 0.788346427626606 0
    outer loop
      vertex -20.849475657235168 -28.112263601822573 6
      vertex -22.203764945727592 -27.055365867695794 6
      vertex -20.849475657235168 -28.112263601822573 90
    endloop
  endfacet
  facet normal 0.5758081914178442 0.8175848131515845 0
    outer loop
      vertex -20.849475657235168 -28.112263601822573 6
      vertex -19.444958155686077 -29.101436430589082 90
      vertex -19.444958155686077 -29.101436430589082 6
    endloop
  endfacet
  facet normal 0.5349976198870975 0.844853565249707 0
    outer loop
      vertex -17.99359604676276 -30.02050135000952 6
      vertex -19.444958155686077 -29.101436430589082 6
      vertex -17.99359604676276 -30.02050135000952 90
    endloop
  endfacet
  facet normal 0 0 1
    outer loop
      vertex -33.95109386180904 -8.504306296614235 6
      vertex -33.95109386180904 8.504306296614235 6
      vertex -34.32748481411306 -6.828161270564489 6
    endloop
  endfacet
  facet normal 0 0 1
    outer loop
      vertex -34.32748481411306 -6.828161270564489 6
      vertex -34.32748481411306 6.828161270564489 6
      vertex -34.62117784876734 -5.135566605937661 6
    endloop
  endfacet
  facet normal 0 0 1
    outer loop
      vertex -34.62117784876734 -5.135566605937661 6
      vertex -34.62117784876734 5.135566605937661 6
      vertex -34.831465433526894 -3.430599911534621 6
    endloop
  endfacet
  facet normal 0 0 1
    outer loop
      vertex -34.831465433526894 -3.430599911534621 6
      vertex -34.831465433526894 3.430599911534621 6
      vertex -34.957840967181035 -1.7173686014596306 6
    endloop
  endfacet
  facet normal 0 0 1
    outer loop
      vertex -30.02050135000952 -17.99359604676276 6
      vertex -30.02050135000952 17.99359604676276 6
      vertex -30.867244252192428 -16.498885788909917 6
    endloop
  endfacet
  facet normal 0 0 1
    outer loop
      vertex -30.02050135000952 -17.99359604676276 6
      vertex -29.101436430589082 -19.444958155686077 6
      vertex -29.101436430589082 19.444958155686077 6
    endloop
  endfacet
  facet normal 0 0 1
    outer loop
      vertex -28.112263601822573 -20.849475657235168 6
      vertex -28.112263601822573 20.849475657235168 6
      vertex -29.101436430589082 -19.444958155686077 6
    endloop
  endfacet
  facet normal 0 0 1
    outer loop
      vertex -32.95404228140573 -11.791144868727702 6
      vertex -32.335783637895034 -13.393920132778142 6
      vertex -32.335783637895034 13.393920132778142 6
    endloop
  endfacet
  facet normal 0 0 1
    outer loop
      vertex -32.95404228140573 -11.791144868727702 6
      vertex -32.95404228140573 11.791144868727702 6
      vertex -33.49291175062731 -10.15996370390618 6
    endloop
  endfacet
  facet normal 0 0 1
    outer loop
      vertex -33.49291175062731 -10.15996370390618 6
      vertex -33.49291175062731 10.15996370390618 6
      vertex -33.95109386180904 -8.504306296614235 6
    endloop
  endfacet
  facet normal 0 0 1
    outer loop
      vertex -31.639625259320518 -14.964428270059873 6
      vertex -31.639625259320518 14.964428270059873 6
      vertex -32.335783637895034 -13.393920132778142 6
    endloop
  endfacet
  facet normal 0 0 1
    outer loop
      vertex -30.867244252192428 -16.498885788909917 6
      vertex -30.867244252192428 16.498885788909917 6
      vertex -31.639625259320518 -14.964428270059873 6
    endloop
  endfacet
  facet normal 0 0 1
    outer loop
      vertex -17.99359604676276 -30.02050135000952 6
      vertex -16.498885788909917 -30.867244252192428 6
      vertex -16.498885788909917 30.867244252192428 6
    endloop
  endfacet
  facet normal 0 0 1
    outer loop
      vertex -16.498885788909917 -30.867244252192428 6
      vertex -14.964428270059873 -31.639625259320518 6
      vertex -14.964428270059873 31.639625259320518 6
    endloop
  endfacet
  facet normal 0 0 1
    outer loop
      vertex -25.933289387423567 -23.504563419645645 6
      vertex -24.748737341529164 -24.748737341529164 6
      vertex -24.748737341529164 24.748737341529164 6
    endloop
  endfacet
  facet normal 0 0 1
    outer loop
      vertex -28.112263601822573 -20.849475657235168 6
      vertex -27.055365867695794 -22.203764945727592 6
      vertex -27.055365867695794 22.203764945727592 6
    endloop
  endfacet
  facet normal 0 0 1
    outer loop
      vertex -25.933289387423567 -23.504563419645645 6
      vertex -25.933289387423567 23.504563419645645 6
      vertex -27.055365867695794 -22.203764945727592 6
    endloop
  endfacet
  facet normal 0 0 1
    outer loop
      vertex -23.504563419645645 -25.933289387423567 6
      vertex -23.504563419645645 25.933289387423567 6
      vertex -24.748737341529164 -24.748737341529164 6
    endloop
  endfacet
  facet normal 0 0 1
    outer loop
      vertex -23.504563419645645 -25.933289387423567 6
      vertex -22.203764945727592 -27.055365867695794 6
      vertex -22.203764945727592 27.055365867695794 6
    endloop
  endfacet
  facet normal 0 0 1
    outer loop
      vertex -20.849475657235168 -28.112263601822573 6
      vertex -20.849475657235168 28.112263601822573 6
      vertex -22.203764945727592 -27.055365867695794 6
    endloop
  endfacet
  facet normal 0 0 1
    outer loop
      vertex -20.849475657235168 -28.112263601822573 6
      vertex -19.444958155686077 -29.101436430589082 6
      vertex -19.444958155686077 29.101436430589082 6
    endloop
  endfacet
  facet normal 0 0 1
    outer loop
      vertex -17.99359604676276 -30.02050135000952 6
      vertex -17.99359604676276 30.02050135000952 6
      vertex -19.444958155686077 -29.101436430589082 6
    endloop
  endfacet
  facet normal 0.8932243011955154 0.4496113296546062 0
    outer loop
      vertex -30.867244252192428 -16.498885788909917 6
      vertex -31.639625259320518 -14.964428270059873 6
      vertex -31.639625259320518 -14.964428270059873 90
    endloop
  endfacet
  facet normal 0.844853565249707 0.5349976198870975 0
    outer loop
      vertex -30.02050135000952 -17.99359604676276 6
      vertex -30.02050135000952 -17.99359604676276 90
      vertex -29.101436430589082 -19.444958155686077 6
    endloop
  endfacet
  facet normal 0.8175848131515845 0.5758081914178442 0
    outer loop
      vertex -28.112263601822573 -20.849475657235168 6
      vertex -29.101436430589082 -19.444958155686077 6
      vertex -29.101436430589082 -19.444958155686077 90
    endloop
  endfacet
  facet normal 0.8700869911087108 0.4928981922297851 0
    outer loop
      vertex -30.02050135000952 -17.99359604676276 6
      vertex -30.867244252192428 -16.498885788909917 6
      vertex -30.867244252192428 -16.498885788909917 90
    endloop
  endfacet
  facet normal 0.9142097557035314 0.4052413140049881 0
    outer loop
      vertex -31.639625259320518 -14.964428270059873 6
      vertex -32.335783637895034 -13.393920132778142 6
      vertex -32.335783637895034 -13.393920132778142 90
    endloop
  endfacet
  facet normal 0.9329927988347384 0.3598950365349893 0
    outer loop
      vertex -32.95404228140573 -11.791144868727702 6
      vertex -32.95404228140573 -11.791144868727702 90
      vertex -32.335783637895034 -13.393920132778142 6
    endloop
  endfacet
  facet normal 0.9495281805930372 0.31368174039888985 0
    outer loop
      vertex -32.95404228140573 -11.791144868727702 6
      vertex -33.49291175062731 -10.15996370390618 6
      vertex -33.49291175062731 -10.15996370390618 90
    endloop
  endfacet
  facet normal 0.9757021300385291 0.2191012401568672 0
    outer loop
      vertex -33.95109386180904 -8.504306296614235 6
      vertex -34.32748481411306 -6.828161270564489 6
      vertex -34.32748481411306 -6.828161270564489 90
    endloop
  endfacet
  facet normal 0.9852776423889404 0.1709618887603051 0
    outer loop
      vertex -34.32748481411306 -6.828161270564489 6
      vertex -34.62117784876734 -5.135566605937661 6
      vertex -34.62117784876734 -5.135566605937661 90
    endloop
  endfacet
  facet normal 0.99247953459871 0.12241067519921543 0
    outer loop
      vertex -34.62117784876734 -5.135566605937661 6
      vertex -34.831465433526894 -3.430599911534621 6
      vertex -34.831465433526894 -3.430599911534621 90
    endloop
  endfacet
  facet normal 0.9972904566786902 0.07356456359966629 0
    outer loop
      vertex -34.831465433526894 -3.430599911534621 6
      vertex -34.957840967181035 -1.7173686014596306 6
      vertex -34.957840967181035 -1.7173686014596306 90
    endloop
  endfacet
  facet normal 0.9996988186962041 0.02454122852291165 0
    outer loop
      vertex -34.957840967181035 -1.7173686014596306 6
      vertex -35 0 6
      vertex -35 0 90
    endloop
  endfacet
  facet normal 0.963776065795439 0.26671275747490136 0
    outer loop
      vertex -33.49291175062731 -10.15996370390618 6
      vertex -33.95109386180904 -8.504306296614235 6
      vertex -33.95109386180904 -8.504306296614235 90
    endloop
  endfacet
  facet normal 0.3598950365349893 0.9329927988347384 0
    outer loop
      vertex -13.393920132778142 -32.335783637895034 6
      vertex -11.791144868727702 -32.95404228140573 90
      vertex -11.791144868727702 -32.95404228140573 6
    endloop
  endfacet
  facet normal 0.4052413140049881 0.9142097557035314 0
    outer loop
      vertex -14.964428270059873 -31.639625259320518 6
      vertex -13.393920132778142 -32.335783637895034 90
      vertex -13.393920132778142 -32.335783637895034 6
    endloop
  endfacet
  facet normal 0.31368174039888985 0.9495281805930372 0
    outer loop
      vertex -11.791144868727702 -32.95404228140573 6
      vertex -10.15996370390618 -33.49291175062731 90
      vertex -10.15996370390618 -33.49291175062731 6
    endloop
  endfacet
  facet normal 0.26671275747490136 0.963776065795439 0
    outer loop
      vertex -10.15996370390618 -33.49291175062731 6
      vertex -8.504306296614235 -33.95109386180904 90
      vertex -8.504306296614235 -33.95109386180904 6
    endloop
  endfacet
  facet normal 0.2191012401568672 0.9757021300385291 0
    outer loop
      vertex -8.504306296614235 -33.95109386180904 6
      vertex -6.828161270564489 -34.32748481411306 90
      vertex -6.828161270564489 -34.32748481411306 6
    endloop
  endfacet
  facet normal 0.1709618887603051 0.9852776423889404 0
    outer loop
      vertex -6.828161270564489 -34.32748481411306 6
      vertex -5.135566605937661 -34.62117784876734 90
      vertex -5.135566605937661 -34.62117784876734 6
    endloop
  endfacet
  facet normal 0.12241067519921543 0.99247953459871 0
    outer loop
      vertex -5.135566605937661 -34.62117784876734 6
      vertex -3.430599911534621 -34.831465433526894 90
      vertex -3.430599911534621 -34.831465433526894 6
    endloop
  endfacet
  facet normal 0.07356456359966629 0.9972904566786902 0
    outer loop
      vertex -3.430599911534621 -34.831465433526894 6
      vertex -1.7173686014596306 -34.957840967181035 90
      vertex -1.7173686014596306 -34.957840967181035 6
    endloop
  endfacet
  facet normal 0.02454122852291165 0.9996988186962041 0
    outer loop
      vertex -1.7173686014596306 -34.957840967181035 6
      vertex 0 -35 90
      vertex 0 -35 6
    endloop
  endfacet
  facet normal -0.02454122852291165 0.9996988186962041 0
    outer loop
      vertex 0 -35 6
      vertex 1.7173686014596306 -34.957840967181035 90
      vertex 1.7173686014596306 -34.957840967181035 6
    endloop
  endfacet
  facet normal -0.07356456359966629 0.9972904566786902 0
    outer loop
      vertex 1.7173686014596306 -34.957840967181035 6
      vertex 3.430599911534621 -34.831465433526894 90
      vertex 3.430599911534621 -34.831465433526894 6
    endloop
  endfacet
  facet normal -0.12241067519921543 0.99247953459871 0
    outer loop
      vertex 3.430599911534621 -34.831465433526894 6
      vertex 5.135566605937661 -34.62117784876734 90
      vertex 5.135566605937661 -34.62117784876734 6
    endloop
  endfacet
  facet normal -0.1709618887603051 0.9852776423889404 0
    outer loop
      vertex 5.135566605937661 -34.62117784876734 6
      vertex 6.828161270564489 -34.32748481411306 90
      vertex 6.828161270564489 -34.32748481411306 6
    endloop
  endfacet
  facet normal -0.2191012401568672 0.9757021300385291 0
    outer loop
      vertex 6.828161270564489 -34.32748481411306 6
      vertex 8.504306296614235 -33.95109386180904 90
      vertex 8.504306296614235 -33.95109386180904 6
    endloop
  endfacet
  facet normal 0 0 1
    outer loop
      vertex -14.964428270059873 -31.639625259320518 6
      vertex -13.393920132778142 -32.335783637895034 6
      vertex -13.393920132778142 32.335783637895034 6
    endloop
  endfacet
  facet normal 0 0 1
    outer loop
      vertex -13.393920132778142 -32.335783637895034 6
      vertex -11.791144868727702 -32.95404228140573 6
      vertex -11.791144868727702 32.95404228140573 6
    endloop
  endfacet
  facet normal 0 0 1
    outer loop
      vertex -11.791144868727702 -32.95404228140573 6
      vertex -10.15996370390618 -33.49291175062731 6
      vertex -10.15996370390618 33.49291175062731 6
    endloop
  endfacet
  facet normal 0 0 1
    outer loop
      vertex -10.15996370390618 -33.49291175062731 6
      vertex -8.504306296614235 -33.95109386180904 6
      vertex -8.504306296614235 33.95109386180904 6
    endloop
  endfacet
  facet normal 0 0 1
    outer loop
      vertex -8.504306296614235 -33.95109386180904 6
      vertex -6.828161270564489 -34.32748481411306 6
      vertex -6.828161270564489 34.32748481411306 6
    endloop
  endfacet
  facet normal 0 0 1
    outer loop
      vertex -6.828161270564489 -34.32748481411306 6
      vertex -5.135566605937661 -34.62117784876734 6
      vertex -5.135566605937661 34.62117784876734 6
    endloop
  endfacet
  facet normal 0 0 1
    outer loop
      vertex -5.135566605937661 -34.62117784876734 6
      vertex -3.430599911534621 -34.831465433526894 6
      vertex -3.430599911534621 34.831465433526894 6
    endloop
  endfacet
  facet normal 0 0 1
    outer loop
      vertex -3.430599911534621 -34.831465433526894 6
      vertex -1.7173686014596306 -34.957840967181035 6
      vertex -1.7173686014596306 34.957840967181035 6
    endloop
  endfacet
  facet normal 0 0 1
    outer loop
      vertex -1.7173686014596306 -34.957840967181035 6
      vertex 0 -35 6
      vertex 0 35 6
    endloop
  endfacet
  facet normal 0 0 1
    outer loop
      vertex 0 -35 6
      vertex 1.7173686014596306 -34.957840967181035 6
      vertex 1.7173686014596306 34.957840967181035 6
    endloop
  endfacet
  facet normal 0 0 1
    outer loop
      vertex 1.7173686014596306 -34.957840967181035 6
      vertex 3.430599911534621 -34.831465433526894 6
      vertex 3.430599911534621 34.831465433526894 6
    endloop
  endfacet
  facet normal 0 0 1
    outer loop
      vertex 3.430599911534621 -34.831465433526894 6
      vertex 5.135566605937661 -34.62117784876734 6
      vertex 5.135566605937661 34.62117784876734 6
    endloop
  endfacet
  facet normal 0 0 1
    outer loop
      vertex 5.135566605937661 -34.62117784876734 6
      vertex 6.828161270564489 -34.32748481411306 6
      vertex 6.828161270564489 34.32748481411306 6
    endloop
  endfacet
  facet normal 0 0 1
    outer loop
      vertex 6.828161270564489 -34.32748481411306 6
      vertex 8.504306296614235 -33.95109386180904 6
      vertex 8.504306296614235 33.95109386180904 6
    endloop
  endfacet
  facet normal 0.8175848131515845 0.5758081914178442 0
    outer loop
      vertex -28.112263601822573 -20.849475657235168 6
      vertex -29.101436430589082 -19.444958155686077 90
      vertex -28.112263601822573 -20.849475657235168 90
    endloop
  endfacet
  facet normal 0.4928981922297851 0.8700869911087108 0
    outer loop
      vertex -17.99359604676276 -30.02050135000952 6
      vertex -17.99359604676276 -30.02050135000952 90
      vertex -16.498885788909917 -30.867244252192428 90
    endloop
  endfacet
  facet normal 0.4496113296546062 0.8932243011955154 0
    outer loop
      vertex -16.498885788909917 -30.867244252192428 6
      vertex -16.498885788909917 -30.867244252192428 90
      vertex -14.964428270059873 -31.639625259320518 90
    endloop
  endfacet
  facet normal 0.6895405447370665 0.7242470829514673 0
    outer loop
      vertex -24.748737341529164 -24.748737341529164 6
      vertex -24.748737341529164 -24.748737341529164 90
      vertex -23.504563419645645 -25.933289387423567 90
    endloop
  endfacet
  facet normal 0.6531728429537768 0.7572088465064845 0
    outer loop
      vertex -23.504563419645645 -25.933289387423567 6
      vertex -23.504563419645645 -25.933289387423567 90
      vertex -22.203764945727592 -27.055365867695794 90
    endloop
  endfacet
  facet normal 0.6152315905806273 0.788346427626606 0
    outer loop
      vertex -22.203764945727592 -27.055365867695794 6
      vertex -22.203764945727592 -27.055365867695794 90
      vertex -20.849475657235168 -28.112263601822573 90
    endloop
  endfacet
  facet normal 0.7572088465064845 0.6531728429537768 0
    outer loop
      vertex -25.933289387423567 -23.504563419645645 6
      vertex -27.055365867695794 -22.203764945727592 90
      vertex -25.933289387423567 -23.504563419645645 90
    endloop
  endfacet
  facet normal 0.7242470829514673 0.6895405447370665 0
    outer loop
      vertex -24.748737341529164 -24.748737341529164 6
      vertex -25.933289387423567 -23.504563419645645 90
      vertex -24.748737341529164 -24.748737341529164 90
    endloop
  endfacet
  facet normal 0.788346427626606 0.6152315905806273 0
    outer loop
      vertex -27.055365867695794 -22.203764945727592 6
      vertex -28.112263601822573 -20.849475657235168 90
      vertex -27.055365867695794 -22.203764945727592 90
    endloop
  endfacet
  facet normal 0.5758081914178442 0.8175848131515845 0
    outer loop
      vertex -20.849475657235168 -28.112263601822573 6
      vertex -20.849475657235168 -28.112263601822573 90
      vertex -19.444958155686077 -29.101436430589082 90
    endloop
  endfacet
  facet normal 0.5349976198870975 0.844853565249707 0
    outer loop
      vertex -19.444958155686077 -29.101436430589082 6
      vertex -19.444958155686077 -29.101436430589082 90
      vertex -17.99359604676276 -30.02050135000952 90
    endloop
  endfacet
  facet normal 0.8932243011955154 0.4496113296546062 0
    outer loop
      vertex -30.867244252192428 -16.498885788909917 6
      vertex -31.639625259320518 -14.964428270059873 90
      vertex -30.867244252192428 -16.498885788909917 90
    endloop
  endfacet
  facet normal 0.844853565249707 0.5349976198870975 0
    outer loop
      vertex -29.101436430589082 -19.444958155686077 6
      vertex -30.02050135000952 -17.99359604676276 90
      vertex -29.101436430589082 -19.444958155686077 90
    endloop
  endfacet
  facet normal 0.8700869911087108 0.4928981922297851 0
    outer loop
      vertex -30.02050135000952 -17.99359604676276 6
      vertex -30.867244252192428 -16.498885788909917 90
      vertex -30.02050135000952 -17.99359604676276 90
    endloop
  endfacet
  facet normal 0.9329927988347384 0.3598950365349893 0
    outer loop
      vertex -32.335783637895034 -13.393920132778142 6
      vertex -32.95404228140573 -11.791144868727702 90
      vertex -32.335783637895034 -13.393920132778142 90
    endloop
  endfacet
  facet normal 0.9142097557035314 0.4052413140049881 0
    outer loop
      vertex -31.639625259320518 -14.964428270059873 6
      vertex -32.335783637895034 -13.393920132778142 90
      vertex -31.639625259320518 -14.964428270059873 90
    endloop
  endfacet
  facet normal 0.9495281805930372 0.31368174039888985 0
    outer loop
      vertex -32.95404228140573 -11.791144868727702 6
      vertex -33.49291175062731 -10.15996370390618 90
      vertex -32.95404228140573 -11.791144868727702 90
    endloop
  endfacet
  facet normal 0.9757021300385291 0.2191012401568672 0
    outer loop
      vertex -33.95109386180904 -8.504306296614235 6
      vertex -34.32748481411306 -6.828161270564489 90
      vertex -33.95109386180904 -8.504306296614235 90
    endloop
  endfacet
  facet normal 0.9852776423889404 0.1709618887603051 0
    outer loop
      vertex -34.32748481411306 -6.828161270564489 6
      vertex -34.62117784876734 -5.135566605937661 90
      vertex -34.32748481411306 -6.828161270564489 90
    endloop
  endfacet
  facet normal 0.99247953459871 0.12241067519921543 0
    outer loop
      vertex -34.62117784876734 -5.135566605937661 6
      vertex -34.831465433526894 -3.430599911534621 90
      vertex -34.62117784876734 -5.135566605937661 90
    endloop
  endfacet
  facet normal 0.9972904566786902 0.07356456359966629 0
    outer loop
      vertex -34.831465433526894 -3.430599911534621 6
      vertex -34.957840967181035 -1.7173686014596306 90
      vertex -34.831465433526894 -3.430599911534621 90
    endloop
  endfacet
  facet normal 0.9996988186962041 0.02454122852291165 0
    outer loop
      vertex -34.957840967181035 -1.7173686014596306 6
      vertex -35 0 90
      vertex -34.957840967181035 -1.7173686014596306 90
    endloop
  endfacet
  facet normal 0.963776065795439 0.26671275747490136 0
    outer loop
      vertex -33.49291175062731 -10.15996370390618 6
      vertex -33.95109386180904 -8.504306296614235 90
      vertex -33.49291175062731 -10.15996370390618 90
    endloop
  endfacet
  facet normal 0.3598950365349893 0.9329927988347384 0
    outer loop
      vertex -13.393920132778142 -32.335783637895034 6
      vertex -13.393920132778142 -32.335783637895034 90
      vertex -11.791144868727702 -32.95404228140573 90
    endloop
  endfacet
  facet normal 0.4052413140049881 0.9142097557035314 0
    outer loop
      vertex -14.964428270059873 -31.639625259320518 6
      vertex -14.964428270059873 -31.639625259320518 90
      vertex -13.393920132778142 -32.335783637895034 90
    endloop
  endfacet
  facet normal 0.31368174039888985 0.9495281805930372 0
    outer loop
      vertex -11.791144868727702 -32.95404228140573 6
      vertex -11.791144868727702 -32.95404228140573 90
      vertex -10.15996370390618 -33.49291175062731 90
    endloop
  endfacet
  facet normal 0.26671275747490136 0.963776065795439 0
    outer loop
      vertex -10.15996370390618 -33.49291175062731 6
      vertex -10.15996370390618 -33.49291175062731 90
      vertex -8.504306296614235 -33.95109386180904 90
    endloop
  endfacet
  facet normal 0.2191012401568672 0.9757021300385291 0
    outer loop
      vertex -8.504306296614235 -33.95109386180904 6
      vertex -8.504306296614235 -33.95109386180904 90
      vertex -6.828161270564489 -34.32748481411306 90
    endloop
  endfacet
  facet normal 0.1709618887603051 0.9852776423889404 0
    outer loop
      vertex -6.828161270564489 -34.32748481411306 6
      vertex -6.828161270564489 -34.32748481411306 90
      vertex -5.135566605937661 -34.62117784876734 90
    endloop
  endfacet
  facet normal 0.12241067519921543 0.99247953459871 0
    outer loop
      vertex -5.135566605937661 -34.62117784876734 6
      vertex -5.135566605937661 -34.62117784876734 90
      vertex -3.430599911534621 -34.831465433526894 90
    endloop
  endfacet
  facet normal 0.07356456359966629 0.9972904566786902 0
    outer loop
      vertex -3.430599911534621 -34.831465433526894 6
      vertex -3.430599911534621 -34.831465433526894 90
      vertex -1.7173686014596306 -34.957840967181035 90
    endloop
  endfacet
  facet normal 0.02454122852291165 0.9996988186962041 0
    outer loop
      vertex -1.7173686014596306 -34.957840967181035 6
      vertex -1.7173686014596306 -34.957840967181035 90
      vertex 0 -35 90
    endloop
  endfacet
  facet normal -0.02454122852291165 0.9996988186962041 0
    outer loop
      vertex 0 -35 6
      vertex 0 -35 90
      vertex 1.7173686014596306 -34.957840967181035 90
    endloop
  endfacet
  facet normal -0.07356456359966629 0.9972904566786902 0
    outer loop
      vertex 1.7173686014596306 -34.957840967181035 6
      vertex 1.7173686014596306 -34.957840967181035 90
      vertex 3.430599911534621 -34.831465433526894 90
    endloop
  endfacet
  facet normal -0.12241067519921543 0.99247953459871 0
    outer loop
      vertex 3.430599911534621 -34.831465433526894 6
      vertex 3.430599911534621 -34.831465433526894 90
      vertex 5.135566605937661 -34.62117784876734 90
    endloop
  endfacet
  facet normal -0.1709618887603051 0.9852776423889404 0
    outer loop
      vertex 5.135566605937661 -34.62117784876734 6
      vertex 5.135566605937661 -34.62117784876734 90
      vertex 6.828161270564489 -34.32748481411306 90
    endloop
  endfacet
  facet normal -0.2191012401568672 0.9757021300385291 0
    outer loop
      vertex 6.828161270564489 -34.32748481411306 6
      vertex 6.828161270564489 -34.32748481411306 90
      vertex 8.504306296614235 -33.95109386180904 90
    endloop
  endfacet
  facet normal -0.26671275747490136 0.963776065795439 0
    outer loop
      vertex 8.504306296614235 -33.95109386180904 6
      vertex 8.504306296614235 -33.95109386180904 90
      vertex 10.15996370390618 -33.49291175062731 90
    endloop
  endfacet
  facet normal 0 0 1
    outer loop
      vertex -34.957840967181035 -1.7173686014596306 6
      vertex -34.957840967181035 1.7173686014596306 6
      vertex -35 0 6
    endloop
  endfacet
  facet normal 0 0 1
    outer loop
      vertex -34.957840967181035 -1.7173686014596306 6
      vertex -34.831465433526894 3.430599911534621 6
      vertex -34.957840967181035 1.7173686014596306 6
    endloop
  endfacet
  facet normal 0 0 1
    outer loop
      vertex -34.831465433526894 -3.430599911534621 6
      vertex -34.62117784876734 5.135566605937661 6
      vertex -34.831465433526894 3.430599911534621 6
    endloop
  endfacet
  facet normal 0 0 1
    outer loop
      vertex -34.62117784876734 -5.135566605937661 6
      vertex -34.32748481411306 6.828161270564489 6
      vertex -34.62117784876734 5.135566605937661 6
    endloop
  endfacet
  facet normal 0 0 1
    outer loop
      vertex -34.32748481411306 -6.828161270564489 6
      vertex -33.95109386180904 8.504306296614235 6
      vertex -34.32748481411306 6.828161270564489 6
    endloop
  endfacet
  facet normal 0 0 1
    outer loop
      vertex -33.95109386180904 -8.504306296614235 6
      vertex -33.49291175062731 10.15996370390618 6
      vertex -33.95109386180904 8.504306296614235 6
    endloop
  endfacet
  facet normal 0 0 1
    outer loop
      vertex -33.49291175062731 -10.15996370390618 6
      vertex -32.95404228140573 11.791144868727702 6
      vertex -33.49291175062731 10.15996370390618 6
    endloop
  endfacet
  facet normal 0 0 1
    outer loop
      vertex -32.95404228140573 -11.791144868727702 6
      vertex -32.335783637895034 13.393920132778142 6
      vertex -32.95404228140573 11.791144868727702 6
    endloop
  endfacet
  facet normal 0 0 1
    outer loop
      vertex -32.335783637895034 -13.393920132778142 6
      vertex -31.639625259320518 14.964428270059873 6
      vertex -32.335783637895034 13.393920132778142 6
    endloop
  endfacet
  facet normal 0 0 1
    outer loop
      vertex -31.639625259320518 -14.964428270059873 6
      vertex -30.867244252192428 16.498885788909917 6
      vertex -31.639625259320518 14.964428270059873 6
    endloop
  endfacet
  facet normal 0 0 1
    outer loop
      vertex -30.867244252192428 -16.498885788909917 6
      vertex -30.02050135000952 17.99359604676276 6
      vertex -30.867244252192428 16.498885788909917 6
    endloop
  endfacet
  facet normal 0 0 1
    outer loop
      vertex -30.02050135000952 -17.99359604676276 6
      vertex -29.101436430589082 19.444958155686077 6
      vertex -30.02050135000952 17.99359604676276 6
    endloop
  endfacet
  facet normal 0 0 1
    outer loop
      vertex -29.101436430589082 -19.444958155686077 6
      vertex -28.112263601822573 20.849475657235168 6
      vertex -29.101436430589082 19.444958155686077 6
    endloop
  endfacet
  facet normal 0 0 1
    outer loop
      vertex -28.112263601822573 -20.849475657235168 6
      vertex -27.055365867695794 22.203764945727592 6
      vertex -28.112263601822573 20.849475657235168 6
    endloop
  endfacet
  facet normal 0 0 1
    outer loop
      vertex -27.055365867695794 -22.203764945727592 6
      vertex -25.933289387423567 23.504563419645645 6
      vertex -27.055365867695794 22.203764945727592 6
    endloop
  endfacet
  facet normal 0 0 1
    outer loop
      vertex -25.933289387423567 -23.504563419645645 6
      vertex -24.748737341529164 24.748737341529164 6
      vertex -25.933289387423567 23.504563419645645 6
    endloop
  endfacet
  facet normal 0 0 1
    outer loop
      vertex -24.748737341529164 -24.748737341529164 6
      vertex -23.504563419645645 25.933289387423567 6
      vertex -24.748737341529164 24.748737341529164 6
    endloop
  endfacet
  facet normal 0 0 1
    outer loop
      vertex -23.504563419645645 -25.933289387423567 6
      vertex -22.203764945727592 27.055365867695794 6
      vertex -23.504563419645645 25.933289387423567 6
    endloop
  endfacet
  facet normal 0 0 1
    outer loop
      vertex -22.203764945727592 -27.055365867695794 6
      vertex -20.849475657235168 28.112263601822573 6
      vertex -22.203764945727592 27.055365867695794 6
    endloop
  endfacet
  facet normal 0 0 1
    outer loop
      vertex -20.849475657235168 -28.112263601822573 6
      vertex -19.444958155686077 29.101436430589082 6
      vertex -20.849475657235168 28.112263601822573 6
    endloop
  endfacet
  facet normal 0 0 1
    outer loop
      vertex -19.444958155686077 -29.101436430589082 6
      vertex -17.99359604676276 30.02050135000952 6
      vertex -19.444958155686077 29.101436430589082 6
    endloop
  endfacet
  facet normal 0 0 1
    outer loop
      vertex -17.99359604676276 -30.02050135000952 6
      vertex -16.498885788909917 30.867244252192428 6
      vertex -17.99359604676276 30.02050135000952 6
    endloop
  endfacet
  facet normal 0 0 1
    outer loop
      vertex -16.498885788909917 -30.867244252192428 6
      vertex -14.964428270059873 31.639625259320518 6
      vertex -16.498885788909917 30.867244252192428 6
    endloop
  endfacet
  facet normal 0.9996988186962041 -0.02454122852291165 0
    outer loop
      vertex -35 0 6
      vertex -34.957840967181035 1.7173686014596306 6
      vertex -34.957840967181035 1.7173686014596306 90
    endloop
  endfacet
  facet normal 0.9972904566786902 -0.07356456359966629 0
    outer loop
      vertex -34.957840967181035 1.7173686014596306 6
      vertex -34.831465433526894 3.430599911534621 6
      vertex -34.831465433526894 3.430599911534621 90
    endloop
  endfacet
  facet normal 0.99247953459871 -0.12241067519921543 0
    outer loop
      vertex -34.831465433526894 3.430599911534621 6
      vertex -34.62117784876734 5.135566605937661 6
      vertex -34.62117784876734 5.135566605937661 90
    endloop
  endfacet
  facet normal 0.9852776423889404 -0.1709618887603051 0
    outer loop
      vertex -34.62117784876734 5.135566605937661 6
      vertex -34.32748481411306 6.828161270564489 6
      vertex -34.32748481411306 6.828161270564489 90
    endloop
  endfacet
  facet normal 0.9757021300385291 -0.2191012401568672 0
    outer loop
      vertex -34.32748481411306 6.828161270564489 6
      vertex -33.95109386180904 8.504306296614235 6
      vertex -33.95109386180904 8.504306296614235 90
    endloop
  endfacet
  facet normal 0.963776065795439 -0.26671275747490136 0
    outer loop
      vertex -33.95109386180904 8.504306296614235 6
      vertex -33.49291175062731 10.15996370390618 6
      vertex -33.49291175062731 10.15996370390618 90
    endloop
  endfacet
  facet normal 0.9495281805930372 -0.31368174039888985 0
    outer loop
      vertex -33.49291175062731 10.15996370390618 6
      vertex -32.95404228140573 11.791144868727702 6
      vertex -32.95404228140573 11.791144868727702 90
    endloop
  endfacet
  facet normal 0.9329927988347384 -0.3598950365349893 0
    outer loop
      vertex -32.95404228140573 11.791144868727702 6
      vertex -32.335783637895034 13.393920132778142 6
      vertex -32.335783637895034 13.393920132778142 90
    endloop
  endfacet
  facet normal 0.9142097557035314 -0.4052413140049881 0
    outer loop
      vertex -32.335783637895034 13.393920132778142 6
      vertex -31.639625259320518 14.964428270059873 6
      vertex -31.639625259320518 14.964428270059873 90
    endloop
  endfacet
  facet normal 0.8932243011955154 -0.4496113296546062 0
    outer loop
      vertex -31.639625259320518 14.964428270059873 6
      vertex -30.867244252192428 16.498885788909917 6
      vertex -30.867244252192428 16.498885788909917 90
    endloop
  endfacet
  facet normal 0.8700869911087108 -0.4928981922297851 0
    outer loop
      vertex -30.867244252192428 16.498885788909917 6
      vertex -30.02050135000952 17.99359604676276 6
      vertex -30.02050135000952 17.99359604676276 90
    endloop
  endfacet
  facet normal 0.844853565249707 -0.5349976198870975 0
    outer loop
      vertex -30.02050135000952 17.99359604676276 6
      vertex -29.101436430589082 19.444958155686077 6
      vertex -29.101436430589082 19.444958155686077 90
    endloop
  endfacet
  facet normal 0.8175848131515845 -0.5758081914178442 0
    outer loop
      vertex -29.101436430589082 19.444958155686077 6
      vertex -28.112263601822573 20.849475657235168 6
      vertex -28.112263601822573 20.849475657235168 90
    endloop
  endfacet
  facet normal 0.788346427626606 -0.6152315905806273 0
    outer loop
      vertex -28.112263601822573 20.849475657235168 6
      vertex -27.055365867695794 22.203764945727592 6
      vertex -27.055365867695794 22.203764945727592 90
    endloop
  endfacet
  facet normal 0.7572088465064845 -0.6531728429537768 0
    outer loop
      vertex -27.055365867695794 22.203764945727592 6
      vertex -25.933289387423567 23.504563419645645 6
      vertex -25.933289387423567 23.504563419645645 90
    endloop
  endfacet
  facet normal 0.7242470829514673 -0.6895405447370665 0
    outer loop
      vertex -25.933289387423567 23.504563419645645 6
      vertex -24.748737341529164 24.748737341529164 6
      vertex -24.748737341529164 24.748737341529164 90
    endloop
  endfacet
  facet normal 0.6895405447370665 -0.7242470829514673 0
    outer loop
      vertex -24.748737341529164 24.748737341529164 6
      vertex -23.504563419645645 25.933289387423567 6
      vertex -24.748737341529164 24.748737341529164 90
    endloop
  endfacet
  facet normal 0.6531728429537768 -0.7572088465064845 0
    outer loop
      vertex -23.504563419645645 25.933289387423567 6
      vertex -22.203764945727592 27.055365867695794 6
      vertex -23.504563419645645 25.933289387423567 90
    endloop
  endfacet
  facet normal 0.6152315905806273 -0.788346427626606 0
    outer loop
      vertex -22.203764945727592 27.055365867695794 6
      vertex -20.849475657235168 28.112263601822573 6
      vertex -22.203764945727592 27.055365867695794 90
    endloop
  endfacet
  facet normal 0.5758081914178442 -0.8175848131515845 0
    outer loop
      vertex -20.849475657235168 28.112263601822573 6
      vertex -19.444958155686077 29.101436430589082 6
      vertex -20.849475657235168 28.112263601822573 90
    endloop
  endfacet
  facet normal 0.5349976198870975 -0.844853565249707 0
    outer loop
      vertex -19.444958155686077 29.101436430589082 6
      vertex -17.99359604676276 30.02050135000952 6
      vertex -19.444958155686077 29.101436430589082 90
    endloop
  endfacet
  facet normal 0.4928981922297851 -0.8700869911087108 0
    outer loop
      vertex -17.99359604676276 30.02050135000952 6
      vertex -16.498885788909917 30.867244252192428 6
      vertex -17.99359604676276 30.02050135000952 90
    endloop
  endfacet
  facet normal 0.4496113296546062 -0.8932243011955154 0
    outer loop
      vertex -16.498885788909917 30.867244252192428 6
      vertex -14.964428270059873 31.639625259320518 6
      vertex -16.498885788909917 30.867244252192428 90
    endloop
  endfacet
  facet normal 0 0 1
    outer loop
      vertex -14.964428270059873 -31.639625259320518 6
      vertex -13.393920132778142 32.335783637895034 6
      vertex -14.964428270059873 31.639625259320518 6
    endloop
  endfacet
  facet normal 0 0 1
    outer loop
      vertex -13.393920132778142 -32.335783637895034 6
      vertex -11.791144868727702 32.95404228140573 6
      vertex -13.393920132778142 32.335783637895034 6
    endloop
  endfacet
  facet normal 0 0 1
    outer loop
      vertex -11.791144868727702 -32.95404228140573 6
      vertex -10.15996370390618 33.49291175062731 6
      vertex -11.791144868727702 32.95404228140573 6
    endloop
  endfacet
  facet normal 0 0 1
    outer loop
      vertex -10.15996370390618 -33.49291175062731 6
      vertex -8.504306296614235 33.95109386180904 6
      vertex -10.15996370390618 33.49291175062731 6
    endloop
  endfacet
  facet normal 0 0 1
    outer loop
      vertex -8.504306296614235 -33.95109386180904 6
      vertex -6.828161270564489 34.32748481411306 6
      vertex -8.504306296614235 33.95109386180904 6
    endloop
  endfacet
  facet normal 0 0 1
    outer loop
      vertex -6.828161270564489 -34.32748481411306 6
      vertex -5.135566605937661 34.62117784876734 6
      vertex -6.828161270564489 34.32748481411306 6
    endloop
  endfacet
  facet normal 0 0 1
    outer loop
      vertex -5.135566605937661 -34.62117784876734 6
      vertex -3.430599911534621 34.831465433526894 6
      vertex -5.135566605937661 34.62117784876734 6
    endloop
  endfacet
  facet normal 0 0 1
    outer loop
      vertex -3.430599911534621 -34.831465433526894 6
      vertex -1.7173686014596306 34.957840967181035 6
      vertex -3.430599911534621 34.831465433526894 6
    endloop
  endfacet
  facet normal 0 0 1
    outer loop
      vertex -1.7173686014596306 -34.957840967181035 6
      vertex 0 35 6
      vertex -1.7173686014596306 34.957840967181035 6
    endloop
  endfacet
  facet normal 0 0 1
    outer loop
      vertex 0 -35 6
      vertex 1.7173686014596306 34.957840967181035 6
      vertex 0 35 6
    endloop
  endfacet
  facet normal 0 0 1
    outer loop
      vertex 1.7173686014596306 -34.957840967181035 6
      vertex 3.430599911534621 34.831465433526894 6
      vertex 1.7173686014596306 34.957840967181035 6
    endloop
  endfacet
  facet normal 0 0 1
    outer loop
      vertex 3.430599911534621 -34.831465433526894 6
      vertex 5.135566605937661 34.62117784876734 6
      vertex 3.430599911534621 34.831465433526894 6
    endloop
  endfacet
  facet normal 0 0 1
    outer loop
      vertex 5.135566605937661 -34.62117784876734 6
      vertex 6.828161270564489 34.32748481411306 6
      vertex 5.135566605937661 34.62117784876734 6
    endloop
  endfacet
  facet normal 0 0 1
    outer loop
      vertex 6.828161270564489 -34.32748481411306 6
      vertex 8.504306296614235 33.95109386180904 6
      vertex 6.828161270564489 34.32748481411306 6
    endloop
  endfacet
  facet normal 0 0 1
    outer loop
      vertex 8.504306296614235 -33.95109386180904 6
      vertex 10.15996370390618 33.49291175062731 6
      vertex 8.504306296614235 33.95109386180904 6
    endloop
  endfacet
  facet normal 0.4052413140049881 -0.9142097557035314 0
    outer loop
      vertex -14.964428270059873 31.639625259320518 6
      vertex -13.393920132778142 32.335783637895034 6
      vertex -14.964428270059873 31.639625259320518 90
    endloop
  endfacet
  facet normal 0.3598950365349893 -0.9329927988347384 0
    outer loop
      vertex -13.393920132778142 32.335783637895034 6
      vertex -11.791144868727702 32.95404228140573 6
      vertex -13.393920132778142 32.335783637895034 90
    endloop
  endfacet
  facet normal 0.31368174039888985 -0.9495281805930372 0
    outer loop
      vertex -11.791144868727702 32.95404228140573 6
      vertex -10.15996370390618 33.49291175062731 6
      vertex -11.791144868727702 32.95404228140573 90
    endloop
  endfacet
  facet normal 0.26671275747490136 -0.963776065795439 0
    outer loop
      vertex -10.15996370390618 33.49291175062731 6
      vertex -8.504306296614235 33.95109386180904 6
      vertex -10.15996370390618 33.49291175062731 90
    endloop
  endfacet
  facet normal 0.2191012401568672 -0.9757021300385291 0
    outer loop
      vertex -8.504306296614235 33.95109386180904 6
      vertex -6.828161270564489 34.32748481411306 6
      vertex -8.504306296614235 33.95109386180904 90
    endloop
  endfacet
  facet normal 0.1709618887603051 -0.9852776423889404 0
    outer loop
      vertex -6.828161270564489 34.32748481411306 6
      vertex -5.135566605937661 34.62117784876734 6
      vertex -6.828161270564489 34.32748481411306 90
    endloop
  endfacet
  facet normal 0.12241067519921543 -0.99247953459871 0
    outer loop
      vertex -5.135566605937661 34.62117784876734 6
      vertex -3.430599911534621 34.831465433526894 6
      vertex -5.135566605937661 34.62117784876734 90
    endloop
  endfacet
  facet normal 0.07356456359966629 -0.9972904566786902 0
    outer loop
      vertex -3.430599911534621 34.831465433526894 6
      vertex -1.7173686014596306 34.957840967181035 6
      vertex -3.430599911534621 34.831465433526894 90
    endloop
  endfacet
  facet normal 0.02454122852291165 -0.9996988186962041 0
    outer loop
      vertex -1.7173686014596306 34.957840967181035 6
      vertex 0 35 6
      vertex -1.7173686014596306 34.957840967181035 90
    endloop
  endfacet
  facet normal -0.02454122852291165 -0.9996988186962041 0
    outer loop
      vertex 1.7173686014596306 34.957840967181035 6
      vertex 0 35 90
      vertex 0 35 6
    endloop
  endfacet
  facet normal -0.07356456359966629 -0.9972904566786902 0
    outer loop
      vertex 1.7173686014596306 34.957840967181035 6
      vertex 3.430599911534621 34.831465433526894 6
      vertex 1.7173686014596306 34.957840967181035 90
    endloop
  endfacet
  facet normal -0.12241067519921543 -0.99247953459871 0
    outer loop
      vertex 3.430599911534621 34.831465433526894 6
      vertex 5.135566605937661 34.62117784876734 6
      vertex 3.430599911534621 34.831465433526894 90
    endloop
  endfacet
  facet normal -0.1709618887603051 -0.9852776423889404 0
    outer loop
      vertex 5.135566605937661 34.62117784876734 6
      vertex 6.828161270564489 34.32748481411306 6
      vertex 5.135566605937661 34.62117784876734 90
    endloop
  endfacet
  facet normal -0.2191012401568672 -0.9757021300385291 0
    outer loop
      vertex 6.828161270564489 34.32748481411306 6
      vertex 8.504306296614235 33.95109386180904 6
      vertex 6.828161270564489 34.32748481411306 90
    endloop
  endfacet
  facet normal -0.26671275747490136 -0.963776065795439 0
    outer loop
      vertex 8.504306296614235 33.95109386180904 6
      vertex 10.15996370390618 33.49291175062731 6
      vertex 8.504306296614235 33.95109386180904 90
    endloop
  endfacet
  facet normal 0.9996988186962041 -0.02454122852291165 0
    outer loop
      vertex -35 0 6
      vertex -34.957840967181035 1.7173686014596306 90
      vertex -35 0 90
    endloop
  endfacet
  facet normal 0.9972904566786902 -0.07356456359966629 0
    outer loop
      vertex -34.957840967181035 1.7173686014596306 6
      vertex -34.831465433526894 3.430599911534621 90
      vertex -34.957840967181035 1.7173686014596306 90
    endloop
  endfacet
  facet normal 0.99247953459871 -0.12241067519921543 0
    outer loop
      vertex -34.831465433526894 3.430599911534621 6
      vertex -34.62117784876734 5.135566605937661 90
      vertex -34.831465433526894 3.430599911534621 90
    endloop
  endfacet
  facet normal 0.9852776423889404 -0.1709618887603051 0
    outer loop
      vertex -34.62117784876734 5.135566605937661 6
      vertex -34.32748481411306 6.828161270564489 90
      vertex -34.62117784876734 5.135566605937661 90
    endloop
  endfacet
  facet normal 0.9757021300385291 -0.2191012401568672 0
    outer loop
      vertex -34.32748481411306 6.828161270564489 6
      vertex -33.95109386180904 8.504306296614235 90
      vertex -34.32748481411306 6.828161270564489 90
    endloop
  endfacet
  facet normal 0.963776065795439 -0.26671275747490136 0
    outer loop
      vertex -33.95109386180904 8.504306296614235 6
      vertex -33.49291175062731 10.15996370390618 90
      vertex -33.95109386180904 8.504306296614235 90
    endloop
  endfacet
  facet normal 0.9495281805930372 -0.31368174039888985 0
    outer loop
      vertex -33.49291175062731 10.15996370390618 6
      vertex -32.95404228140573 11.791144868727702 90
      vertex -33.49291175062731 10.15996370390618 90
    endloop
  endfacet
  facet normal 0.9329927988347384 -0.3598950365349893 0
    outer loop
      vertex -32.95404228140573 11.791144868727702 6
      vertex -32.335783637895034 13.393920132778142 90
      vertex -32.95404228140573 11.791144868727702 90
    endloop
  endfacet
  facet normal 0.9142097557035314 -0.4052413140049881 0
    outer loop
      vertex -32.335783637895034 13.393920132778142 6
      vertex -31.639625259320518 14.964428270059873 90
      vertex -32.335783637895034 13.393920132778142 90
    endloop
  endfacet
  facet normal 0.8932243011955154 -0.4496113296546062 0
    outer loop
      vertex -31.639625259320518 14.964428270059873 6
      vertex -30.867244252192428 16.498885788909917 90
      vertex -31.639625259320518 14.964428270059873 90
    endloop
  endfacet
  facet normal 0.8700869911087108 -0.4928981922297851 0
    outer loop
      vertex -30.867244252192428 16.498885788909917 6
      vertex -30.02050135000952 17.99359604676276 90
      vertex -30.867244252192428 16.498885788909917 90
    endloop
  endfacet
  facet normal 0.844853565249707 -0.5349976198870975 0
    outer loop
      vertex -30.02050135000952 17.99359604676276 6
      vertex -29.101436430589082 19.444958155686077 90
      vertex -30.02050135000952 17.99359604676276 90
    endloop
  endfacet
  facet normal 0.8175848131515845 -0.5758081914178442 0
    outer loop
      vertex -29.101436430589082 19.444958155686077 6
      vertex -28.112263601822573 20.849475657235168 90
      vertex -29.101436430589082 19.444958155686077 90
    endloop
  endfacet
  facet normal 0.788346427626606 -0.6152315905806273 0
    outer loop
      vertex -28.112263601822573 20.849475657235168 6
      vertex -27.055365867695794 22.203764945727592 90
      vertex -28.112263601822573 20.849475657235168 90
    endloop
  endfacet
  facet normal 0.7572088465064845 -0.6531728429537768 0
    outer loop
      vertex -27.055365867695794 22.203764945727592 6
      vertex -25.933289387423567 23.504563419645645 90
      vertex -27.055365867695794 22.203764945727592 90
    endloop
  endfacet
  facet normal 0.7242470829514673 -0.6895405447370665 0
    outer loop
      vertex -25.933289387423567 23.504563419645645 6
      vertex -24.748737341529164 24.748737341529164 90
      vertex -25.933289387423567 23.504563419645645 90
    endloop
  endfacet
  facet normal 0.6895405447370665 -0.7242470829514673 0
    outer loop
      vertex -23.504563419645645 25.933289387423567 6
      vertex -23.504563419645645 25.933289387423567 90
      vertex -24.748737341529164 24.748737341529164 90
    endloop
  endfacet
  facet normal 0.6531728429537768 -0.7572088465064845 0
    outer loop
      vertex -22.203764945727592 27.055365867695794 6
      vertex -22.203764945727592 27.055365867695794 90
      vertex -23.504563419645645 25.933289387423567 90
    endloop
  endfacet
  facet normal 0.6152315905806273 -0.788346427626606 0
    outer loop
      vertex -20.849475657235168 28.112263601822573 6
      vertex -20.849475657235168 28.112263601822573 90
      vertex -22.203764945727592 27.055365867695794 90
    endloop
  endfacet
  facet normal 0.5758081914178442 -0.8175848131515845 0
    outer loop
      vertex -19.444958155686077 29.101436430589082 6
      vertex -19.444958155686077 29.101436430589082 90
      vertex -20.849475657235168 28.112263601822573 90
    endloop
  endfacet
  facet normal 0.5349976198870975 -0.844853565249707 0
    outer loop
      vertex -17.99359604676276 30.02050135000952 6
      vertex -17.99359604676276 30.02050135000952 90
      vertex -19.444958155686077 29.101436430589082 90
    endloop
  endfacet
  facet normal 0.4928981922297851 -0.8700869911087108 0
    outer loop
      vertex -16.498885788909917 30.867244252192428 6
      vertex -16.498885788909917 30.867244252192428 90
      vertex -17.99359604676276 30.02050135000952 90
    endloop
  endfacet
  facet normal 0.4496113296546062 -0.8932243011955154 0
    outer loop
      vertex -14.964428270059873 31.639625259320518 6
      vertex -14.964428270059873 31.639625259320518 90
      vertex -16.498885788909917 30.867244252192428 90
    endloop
  endfacet
  facet normal 0.4052413140049881 -0.9142097557035314 0
    outer loop
      vertex -13.393920132778142 32.335783637895034 6
      vertex -13.393920132778142 32.335783637895034 90
      vertex -14.964428270059873 31.639625259320518 90
    endloop
  endfacet
  facet normal 0.3598950365349893 -0.9329927988347384 0
    outer loop
      vertex -11.791144868727702 32.95404228140573 6
      vertex -11.791144868727702 32.95404228140573 90
      vertex -13.393920132778142 32.335783637895034 90
    endloop
  endfacet
  facet normal 0.31368174039888985 -0.9495281805930372 0
    outer loop
      vertex -10.15996370390618 33.49291175062731 6
      vertex -10.15996370390618 33.49291175062731 90
      vertex -11.791144868727702 32.95404228140573 90
    endloop
  endfacet
  facet normal 0.26671275747490136 -0.963776065795439 0
    outer loop
      vertex -8.504306296614235 33.95109386180904 6
      vertex -8.504306296614235 33.95109386180904 90
      vertex -10.15996370390618 33.49291175062731 90
    endloop
  endfacet
  facet normal 0.2191012401568672 -0.9757021300385291 0
    outer loop
      vertex -6.828161270564489 34.32748481411306 6
      vertex -6.828161270564489 34.32748481411306 90
      vertex -8.504306296614235 33.95109386180904 90
    endloop
  endfacet
  facet normal 0.1709618887603051 -0.9852776423889404 0
    outer loop
      vertex -5.135566605937661 34.62117784876734 6
      vertex -5.135566605937661 34.62117784876734 90
      vertex -6.828161270564489 34.32748481411306 90
    endloop
  endfacet
  facet normal 0.12241067519921543 -0.99247953459871 0
    outer loop
      vertex -3.430599911534621 34.831465433526894 6
      vertex -3.430599911534621 34.831465433526894 90
      vertex -5.135566605937661 34.62117784876734 90
    endloop
  endfacet
  facet normal 0.07356456359966629 -0.9972904566786902 0
    outer loop
      vertex -1.7173686014596306 34.957840967181035 6
      vertex -1.7173686014596306 34.957840967181035 90
      vertex -3.430599911534621 34.831465433526894 90
    endloop
  endfacet
  facet normal 0.02454122852291165 -0.9996988186962041 0
    outer loop
      vertex -1.7173686014596306 34.957840967181035 90
      vertex 0 35 6
      vertex 0 35 90
    endloop
  endfacet
  facet normal -0.02454122852291165 -0.9996988186962041 0
    outer loop
      vertex 1.7173686014596306 34.957840967181035 6
      vertex 1.7173686014596306 34.957840967181035 90
      vertex 0 35 90
    endloop
  endfacet
  facet normal -0.07356456359966629 -0.9972904566786902 0
    outer loop
      vertex 3.430599911534621 34.831465433526894 6
      vertex 3.430599911534621 34.831465433526894 90
      vertex 1.7173686014596306 34.957840967181035 90
    endloop
  endfacet
  facet normal -0.12241067519921543 -0.99247953459871 0
    outer loop
      vertex 5.135566605937661 34.62117784876734 6
      vertex 5.135566605937661 34.62117784876734 90
      vertex 3.430599911534621 34.831465433526894 90
    endloop
  endfacet
  facet normal -0.1709618887603051 -0.9852776423889404 0
    outer loop
      vertex 6.828161270564489 34.32748481411306 6
      vertex 6.828161270564489 34.32748481411306 90
      vertex 5.135566605937661 34.62117784876734 90
    endloop
  endfacet
  facet normal -0.2191012401568672 -0.9757021300385291 0
    outer loop
      vertex 8.504306296614235 33.95109386180904 6
      vertex 8.504306296614235 33.95109386180904 90
      vertex 6.828161270564489 34.32748481411306 90
    endloop
  endfacet
  facet normal -0.26671275747490136 0.963776065795439 0
    outer loop
      vertex 8.504306296614235 -33.95109386180904 6
      vertex 10.15996370390618 -33.49291175062731 90
      vertex 10.15996370390618 -33.49291175062731 6
    endloop
  endfacet
  facet normal -0.31368174039888985 0.9495281805930372 0
    outer loop
      vertex 10.15996370390618 -33.49291175062731 6
      vertex 11.791144868727702 -32.95404228140573 90
      vertex 11.791144868727702 -32.95404228140573 6
    endloop
  endfacet
  facet normal -0.3598950365349893 0.9329927988347384 0
    outer loop
      vertex 11.791144868727702 -32.95404228140573 6
      vertex 13.393920132778142 -32.335783637895034 90
      vertex 13.393920132778142 -32.335783637895034 6
    endloop
  endfacet
  facet normal -0.4052413140049881 0.9142097557035314 0
    outer loop
      vertex 13.393920132778142 -32.335783637895034 6
      vertex 14.964428270059873 -31.639625259320518 90
      vertex 14.964428270059873 -31.639625259320518 6
    endloop
  endfacet
  facet normal -0.4496113296546062 0.8932243011955154 0
    outer loop
      vertex 14.964428270059873 -31.639625259320518 6
      vertex 16.498885788909917 -30.867244252192428 90
      vertex 16.498885788909917 -30.867244252192428 6
    endloop
  endfacet
  facet normal -0.4928981922297851 0.8700869911087108 0
    outer loop
      vertex 16.498885788909917 -30.867244252192428 6
      vertex 17.99359604676276 -30.02050135000952 90
      vertex 17.99359604676276 -30.02050135000952 6
    endloop
  endfacet
  facet normal -0.5349976198870975 0.844853565249707 0
    outer loop
      vertex 17.99359604676276 -30.02050135000952 6
      vertex 19.444958155686077 -29.101436430589082 90
      vertex 19.444958155686077 -29.101436430589082 6
    endloop
  endfacet
  facet normal -0.5758081914178442 0.8175848131515845 0
    outer loop
      vertex 19.444958155686077 -29.101436430589082 6
      vertex 20.849475657235168 -28.112263601822573 90
      vertex 20.849475657235168 -28.112263601822573 6
    endloop
  endfacet
  facet normal -0.6152315905806273 0.788346427626606 0
    outer loop
      vertex 20.849475657235168 -28.112263601822573 6
      vertex 22.203764945727592 -27.055365867695794 90
      vertex 22.203764945727592 -27.055365867695794 6
    endloop
  endfacet
  facet normal -0.6531728429537768 0.7572088465064845 0
    outer loop
      vertex 22.203764945727592 -27.055365867695794 6
      vertex 23.504563419645645 -25.933289387423567 90
      vertex 23.504563419645645 -25.933289387423567 6
    endloop
  endfacet
  facet normal -0.6895405447370665 0.7242470829514673 0
    outer loop
      vertex 23.504563419645645 -25.933289387423567 6
      vertex 24.748737341529164 -24.748737341529164 90
      vertex 24.748737341529164 -24.748737341529164 6
    endloop
  endfacet
  facet normal -0.7242470829514673 0.6895405447370665 0
    outer loop
      vertex 24.748737341529164 -24.748737341529164 6
      vertex 24.748737341529164 -24.748737341529164 90
      vertex 25.933289387423567 -23.504563419645645 6
    endloop
  endfacet
  facet normal -0.7572088465064845 0.6531728429537768 0
    outer loop
      vertex 25.933289387423567 -23.504563419645645 6
      vertex 25.933289387423567 -23.504563419645645 90
      vertex 27.055365867695794 -22.203764945727592 6
    endloop
  endfacet
  facet normal -0.788346427626606 0.6152315905806273 0
    outer loop
      vertex 27.055365867695794 -22.203764945727592 6
      vertex 27.055365867695794 -22.203764945727592 90
      vertex 28.112263601822573 -20.849475657235168 6
    endloop
  endfacet
  facet normal -0.8175848131515845 0.5758081914178442 0
    outer loop
      vertex 28.112263601822573 -20.849475657235168 6
      vertex 28.112263601822573 -20.849475657235168 90
      vertex 29.101436430589082 -19.444958155686077 6
    endloop
  endfacet
  facet normal 0 0 1
    outer loop
      vertex 8.504306296614235 -33.95109386180904 6
      vertex 10.15996370390618 -33.49291175062731 6
      vertex 10.15996370390618 33.49291175062731 6
    endloop
  endfacet
  facet normal 0 0 1
    outer loop
      vertex 10.15996370390618 -33.49291175062731 6
      vertex 11.791144868727702 -32.95404228140573 6
      vertex 11.791144868727702 32.95404228140573 6
    endloop
  endfacet
  facet normal 0 0 1
    outer loop
      vertex 11.791144868727702 -32.95404228140573 6
      vertex 13.393920132778142 -32.335783637895034 6
      vertex 13.393920132778142 32.335783637895034 6
    endloop
  endfacet
  facet normal 0 0 1
    outer loop
      vertex 13.393920132778142 -32.335783637895034 6
      vertex 14.964428270059873 -31.639625259320518 6
      vertex 14.964428270059873 31.639625259320518 6
    endloop
  endfacet
  facet normal 0 0 1
    outer loop
      vertex 14.964428270059873 -31.639625259320518 6
      vertex 16.498885788909917 -30.867244252192428 6
      vertex 16.498885788909917 30.867244252192428 6
    endloop
  endfacet
  facet normal 0 0 1
    outer loop
      vertex 16.498885788909917 -30.867244252192428 6
      vertex 17.99359604676276 -30.02050135000952 6
      vertex 17.99359604676276 30.02050135000952 6
    endloop
  endfacet
  facet normal 0 0 1
    outer loop
      vertex 17.99359604676276 -30.02050135000952 6
      vertex 19.444958155686077 -29.101436430589082 6
      vertex 19.444958155686077 29.101436430589082 6
    endloop
  endfacet
  facet normal 0 0 1
    outer loop
      vertex 19.444958155686077 -29.101436430589082 6
      vertex 20.849475657235168 -28.112263601822573 6
      vertex 20.849475657235168 28.112263601822573 6
    endloop
  endfacet
  facet normal 0 0 1
    outer loop
      vertex 20.849475657235168 -28.112263601822573 6
      vertex 22.203764945727592 -27.055365867695794 6
      vertex 22.203764945727592 27.055365867695794 6
    endloop
  endfacet
  facet normal 0 0 1
    outer loop
      vertex 22.203764945727592 -27.055365867695794 6
      vertex 23.504563419645645 -25.933289387423567 6
      vertex 23.504563419645645 25.933289387423567 6
    endloop
  endfacet
  facet normal 0 0 1
    outer loop
      vertex 23.504563419645645 -25.933289387423567 6
      vertex 24.748737341529164 -24.748737341529164 6
      vertex 24.748737341529164 24.748737341529164 6
    endloop
  endfacet
  facet normal 0 0 1
    outer loop
      vertex 24.748737341529164 -24.748737341529164 6
      vertex 25.933289387423567 -23.504563419645645 6
      vertex 25.933289387423567 23.504563419645645 6
    endloop
  endfacet
  facet normal 0 0 1
    outer loop
      vertex 25.933289387423567 -23.504563419645645 6
      vertex 27.055365867695794 -22.203764945727592 6
      vertex 27.055365867695794 22.203764945727592 6
    endloop
  endfacet
  facet normal 0 0 1
    outer loop
      vertex 27.055365867695794 -22.203764945727592 6
      vertex 28.112263601822573 -20.849475657235168 6
      vertex 28.112263601822573 20.849475657235168 6
    endloop
  endfacet
  facet normal 0 0 1
    outer loop
      vertex 28.112263601822573 -20.849475657235168 6
      vertex 29.101436430589082 -19.444958155686077 6
      vertex 29.101436430589082 19.444958155686077 6
    endloop
  endfacet
  facet normal 0 0 1
    outer loop
      vertex 29.101436430589082 -19.444958155686077 6
      vertex 30.02050135000952 -17.99359604676276 6
      vertex 30.02050135000952 17.99359604676276 6
    endloop
  endfacet
  facet normal 0 0 1
    outer loop
      vertex 30.02050135000952 -17.99359604676276 6
      vertex 30.867244252192428 -16.498885788909917 6
      vertex 30.867244252192428 16.498885788909917 6
    endloop
  endfacet
  facet normal 0 0 1
    outer loop
      vertex 30.867244252192428 -16.498885788909917 6
      vertex 31.639625259320518 -14.964428270059873 6
      vertex 31.639625259320518 14.964428270059873 6
    endloop
  endfacet
  facet normal 0 0 1
    outer loop
      vertex 31.639625259320518 -14.964428270059873 6
      vertex 32.335783637895034 -13.393920132778142 6
      vertex 32.335783637895034 13.393920132778142 6
    endloop
  endfacet
  facet normal 0 0 1
    outer loop
      vertex 32.335783637895034 -13.393920132778142 6
      vertex 32.95404228140573 -11.791144868727702 6
      vertex 32.95404228140573 11.791144868727702 6
    endloop
  endfacet
  facet normal 0 0 1
    outer loop
      vertex 32.95404228140573 -11.791144868727702 6
      vertex 33.49291175062731 -10.15996370390618 6
      vertex 33.49291175062731 10.15996370390618 6
    endloop
  endfacet
  facet normal 0 0 1
    outer loop
      vertex 33.49291175062731 -10.15996370390618 6
      vertex 33.95109386180904 -8.504306296614235 6
      vertex 33.95109386180904 8.504306296614235 6
    endloop
  endfacet
  facet normal -0.844853565249707 0.5349976198870975 0
    outer loop
      vertex 29.101436430589082 -19.444958155686077 6
      vertex 29.101436430589082 -19.444958155686077 90
      vertex 30.02050135000952 -17.99359604676276 6
    endloop
  endfacet
  facet normal -0.8700869911087108 0.4928981922297851 0
    outer loop
      vertex 30.02050135000952 -17.99359604676276 6
      vertex 30.02050135000952 -17.99359604676276 90
      vertex 30.867244252192428 -16.498885788909917 6
    endloop
  endfacet
  facet normal -0.8932243011955154 0.4496113296546062 0
    outer loop
      vertex 30.867244252192428 -16.498885788909917 6
      vertex 30.867244252192428 -16.498885788909917 90
      vertex 31.639625259320518 -14.964428270059873 6
    endloop
  endfacet
  facet normal -0.9142097557035314 0.4052413140049881 0
    outer loop
      vertex 31.639625259320518 -14.964428270059873 6
      vertex 31.639625259320518 -14.964428270059873 90
      vertex 32.335783637895034 -13.393920132778142 6
    endloop
  endfacet
  facet normal -0.9329927988347384 0.3598950365349893 0
    outer loop
      vertex 32.335783637895034 -13.393920132778142 6
      vertex 32.335783637895034 -13.393920132778142 90
      vertex 32.95404228140573 -11.791144868727702 6
    endloop
  endfacet
  facet normal -0.9495281805930372 0.31368174039888985 0
    outer loop
      vertex 32.95404228140573 -11.791144868727702 6
      vertex 32.95404228140573 -11.791144868727702 90
      vertex 33.49291175062731 -10.15996370390618 6
    endloop
  endfacet
  facet normal -0.963776065795439 0.26671275747490136 0
    outer loop
      vertex 33.49291175062731 -10.15996370390618 6
      vertex 33.49291175062731 -10.15996370390618 90
      vertex 33.95109386180904 -8.504306296614235 6
    endloop
  endfacet
  facet normal 0 0 1
    outer loop
      vertex 33.95109386180904 -8.504306296614235 6
      vertex 34.32748481411306 -6.828161270564489 6
      vertex 34.32748481411306 6.828161270564489 6
    endloop
  endfacet
  facet normal 0 0 1
    outer loop
      vertex 34.32748481411306 -6.828161270564489 6
      vertex 34.62117784876734 -5.135566605937661 6
      vertex 34.62117784876734 5.135566605937661 6
    endloop
  endfacet
  facet normal 0 0 1
    outer loop
      vertex 34.62117784876734 -5.135566605937661 6
      vertex 34.831465433526894 -3.430599911534621 6
      vertex 34.831465433526894 3.430599911534621 6
    endloop
  endfacet
  facet normal 0 0 1
    outer loop
      vertex 34.831465433526894 -3.430599911534621 6
      vertex 34.957840967181035 -1.7173686014596306 6
      vertex 34.957840967181035 1.7173686014596306 6
    endloop
  endfacet
  facet normal -0.9757021300385291 0.2191012401568672 0
    outer loop
      vertex 33.95109386180904 -8.504306296614235 6
      vertex 33.95109386180904 -8.504306296614235 90
      vertex 34.32748481411306 -6.828161270564489 6
    endloop
  endfacet
  facet normal -0.9852776423889404 0.1709618887603051 0
    outer loop
      vertex 34.32748481411306 -6.828161270564489 6
      vertex 34.32748481411306 -6.828161270564489 90
      vertex 34.62117784876734 -5.135566605937661 6
    endloop
  endfacet
  facet normal -0.99247953459871 0.12241067519921543 0
    outer loop
      vertex 34.62117784876734 -5.135566605937661 6
      vertex 34.62117784876734 -5.135566605937661 90
      vertex 34.831465433526894 -3.430599911534621 6
    endloop
  endfacet
  facet normal -0.9972904566786902 0.07356456359966629 0
    outer loop
      vertex 34.831465433526894 -3.430599911534621 6
      vertex 34.831465433526894 -3.430599911534621 90
      vertex 34.957840967181035 -1.7173686014596306 6
    endloop
  endfacet
  facet normal -0.9996988186962041 0.02454122852291165 0
    outer loop
      vertex 34.957840967181035 -1.7173686014596306 6
      vertex 34.957840967181035 -1.7173686014596306 90
      vertex 35 0 6
    endloop
  endfacet
  facet normal -0.31368174039888985 0.9495281805930372 0
    outer loop
      vertex 10.15996370390618 -33.49291175062731 6
      vertex 10.15996370390618 -33.49291175062731 90
      vertex 11.791144868727702 -32.95404228140573 90
    endloop
  endfacet
  facet normal -0.3598950365349893 0.9329927988347384 0
    outer loop
      vertex 11.791144868727702 -32.95404228140573 6
      vertex 11.791144868727702 -32.95404228140573 90
      vertex 13.393920132778142 -32.335783637895034 90
    endloop
  endfacet
  facet normal -0.4052413140049881 0.9142097557035314 0
    outer loop
      vertex 13.393920132778142 -32.335783637895034 6
      vertex 13.393920132778142 -32.335783637895034 90
      vertex 14.964428270059873 -31.639625259320518 90
    endloop
  endfacet
  facet normal -0.4496113296546062 0.8932243011955154 0
    outer loop
      vertex 14.964428270059873 -31.639625259320518 6
      vertex 14.964428270059873 -31.639625259320518 90
      vertex 16.498885788909917 -30.867244252192428 90
    endloop
  endfacet
  facet normal -0.4928981922297851 0.8700869911087108 0
    outer loop
      vertex 16.498885788909917 -30.867244252192428 6
      vertex 16.498885788909917 -30.867244252192428 90
      vertex 17.99359604676276 -30.02050135000952 90
    endloop
  endfacet
  facet normal -0.5349976198870975 0.844853565249707 0
    outer loop
      vertex 17.99359604676276 -30.02050135000952 6
      vertex 17.99359604676276 -30.02050135000952 90
      vertex 19.444958155686077 -29.101436430589082 90
    endloop
  endfacet
  facet normal -0.5758081914178442 0.8175848131515845 0
    outer loop
      vertex 19.444958155686077 -29.101436430589082 6
      vertex 19.444958155686077 -29.101436430589082 90
      vertex 20.849475657235168 -28.112263601822573 90
    endloop
  endfacet
  facet normal -0.6152315905806273 0.788346427626606 0
    outer loop
      vertex 20.849475657235168 -28.112263601822573 6
      vertex 20.849475657235168 -28.112263601822573 90
      vertex 22.203764945727592 -27.055365867695794 90
    endloop
  endfacet
  facet normal -0.6531728429537768 0.7572088465064845 0
    outer loop
      vertex 22.203764945727592 -27.055365867695794 6
      vertex 22.203764945727592 -27.055365867695794 90
      vertex 23.504563419645645 -25.933289387423567 90
    endloop
  endfacet
  facet normal -0.6895405447370665 0.7242470829514673 0
    outer loop
      vertex 23.504563419645645 -25.933289387423567 6
      vertex 23.504563419645645 -25.933289387423567 90
      vertex 24.748737341529164 -24.748737341529164 90
    endloop
  endfacet
  facet normal -0.7242470829514673 0.6895405447370665 0
    outer loop
      vertex 25.933289387423567 -23.504563419645645 6
      vertex 24.748737341529164 -24.748737341529164 90
      vertex 25.933289387423567 -23.504563419645645 90
    endloop
  endfacet
  facet normal -0.7572088465064845 0.6531728429537768 0
    outer loop
      vertex 27.055365867695794 -22.203764945727592 6
      vertex 25.933289387423567 -23.504563419645645 90
      vertex 27.055365867695794 -22.203764945727592 90
    endloop
  endfacet
  facet normal -0.788346427626606 0.6152315905806273 0
    outer loop
      vertex 28.112263601822573 -20.849475657235168 6
      vertex 27.055365867695794 -22.203764945727592 90
      vertex 28.112263601822573 -20.849475657235168 90
    endloop
  endfacet
  facet normal -0.8175848131515845 0.5758081914178442 0
    outer loop
      vertex 29.101436430589082 -19.444958155686077 6
      vertex 28.112263601822573 -20.849475657235168 90
      vertex 29.101436430589082 -19.444958155686077 90
    endloop
  endfacet
  facet normal -0.844853565249707 0.5349976198870975 0
    outer loop
      vertex 30.02050135000952 -17.99359604676276 6
      vertex 29.101436430589082 -19.444958155686077 90
      vertex 30.02050135000952 -17.99359604676276 90
    endloop
  endfacet
  facet normal -0.8700869911087108 0.4928981922297851 0
    outer loop
      vertex 30.867244252192428 -16.498885788909917 6
      vertex 30.02050135000952 -17.99359604676276 90
      vertex 30.867244252192428 -16.498885788909917 90
    endloop
  endfacet
  facet normal -0.8932243011955154 0.4496113296546062 0
    outer loop
      vertex 31.639625259320518 -14.964428270059873 6
      vertex 30.867244252192428 -16.498885788909917 90
      vertex 31.639625259320518 -14.964428270059873 90
    endloop
  endfacet
  facet normal -0.9142097557035314 0.4052413140049881 0
    outer loop
      vertex 32.335783637895034 -13.393920132778142 6
      vertex 31.639625259320518 -14.964428270059873 90
      vertex 32.335783637895034 -13.393920132778142 90
    endloop
  endfacet
  facet normal -0.9329927988347384 0.3598950365349893 0
    outer loop
      vertex 32.95404228140573 -11.791144868727702 6
      vertex 32.335783637895034 -13.393920132778142 90
      vertex 32.95404228140573 -11.791144868727702 90
    endloop
  endfacet
  facet normal -0.9495281805930372 0.31368174039888985 0
    outer loop
      vertex 33.49291175062731 -10.15996370390618 6
      vertex 32.95404228140573 -11.791144868727702 90
      vertex 33.49291175062731 -10.15996370390618 90
    endloop
  endfacet
  facet normal -0.963776065795439 0.26671275747490136 0
    outer loop
      vertex 33.95109386180904 -8.504306296614235 6
      vertex 33.49291175062731 -10.15996370390618 90
      vertex 33.95109386180904 -8.504306296614235 90
    endloop
  endfacet
  facet normal -0.9757021300385291 0.2191012401568672 0
    outer loop
      vertex 34.32748481411306 -6.828161270564489 6
      vertex 33.95109386180904 -8.504306296614235 90
      vertex 34.32748481411306 -6.828161270564489 90
    endloop
  endfacet
  facet normal -0.9852776423889404 0.1709618887603051 0
    outer loop
      vertex 34.62117784876734 -5.135566605937661 6
      vertex 34.32748481411306 -6.828161270564489 90
      vertex 34.62117784876734 -5.135566605937661 90
    endloop
  endfacet
  facet normal -0.99247953459871 0.12241067519921543 0
    outer loop
      vertex 34.831465433526894 -3.430599911534621 6
      vertex 34.62117784876734 -5.135566605937661 90
      vertex 34.831465433526894 -3.430599911534621 90
    endloop
  endfacet
  facet normal -0.9972904566786902 0.07356456359966629 0
    outer loop
      vertex 34.957840967181035 -1.7173686014596306 6
      vertex 34.831465433526894 -3.430599911534621 90
      vertex 34.957840967181035 -1.7173686014596306 90
    endloop
  endfacet
  facet normal -0.9996988186962041 0.02454122852291165 0
    outer loop
      vertex 34.957840967181035 -1.7173686014596306 90
      vertex 35 0 90
      vertex 35 0 6
    endloop
  endfacet
  facet normal 0 0 1
    outer loop
      vertex 17.99359604676276 -30.02050135000952 6
      vertex 19.444958155686077 29.101436430589082 6
      vertex 17.99359604676276 30.02050135000952 6
    endloop
  endfacet
  facet normal 0 0 1
    outer loop
      vertex 19.444958155686077 -29.101436430589082 6
      vertex 20.849475657235168 28.112263601822573 6
      vertex 19.444958155686077 29.101436430589082 6
    endloop
  endfacet
  facet normal 0 0 1
    outer loop
      vertex 20.849475657235168 -28.112263601822573 6
      vertex 22.203764945727592 27.055365867695794 6
      vertex 20.849475657235168 28.112263601822573 6
    endloop
  endfacet
  facet normal 0 0 1
    outer loop
      vertex 10.15996370390618 -33.49291175062731 6
      vertex 11.791144868727702 32.95404228140573 6
      vertex 10.15996370390618 33.49291175062731 6
    endloop
  endfacet
  facet normal 0 0 1
    outer loop
      vertex 11.791144868727702 -32.95404228140573 6
      vertex 13.393920132778142 32.335783637895034 6
      vertex 11.791144868727702 32.95404228140573 6
    endloop
  endfacet
  facet normal 0 0 1
    outer loop
      vertex 13.393920132778142 -32.335783637895034 6
      vertex 14.964428270059873 31.639625259320518 6
      vertex 13.393920132778142 32.335783637895034 6
    endloop
  endfacet
  facet normal 0 0 1
    outer loop
      vertex 14.964428270059873 -31.639625259320518 6
      vertex 16.498885788909917 30.867244252192428 6
      vertex 14.964428270059873 31.639625259320518 6
    endloop
  endfacet
  facet normal 0 0 1
    outer loop
      vertex 16.498885788909917 -30.867244252192428 6
      vertex 17.99359604676276 30.02050135000952 6
      vertex 16.498885788909917 30.867244252192428 6
    endloop
  endfacet
  facet normal 0 0 1
    outer loop
      vertex 22.203764945727592 -27.055365867695794 6
      vertex 23.504563419645645 25.933289387423567 6
      vertex 22.203764945727592 27.055365867695794 6
    endloop
  endfacet
  facet normal 0 0 1
    outer loop
      vertex 23.504563419645645 -25.933289387423567 6
      vertex 24.748737341529164 24.748737341529164 6
      vertex 23.504563419645645 25.933289387423567 6
    endloop
  endfacet
  facet normal 0 0 1
    outer loop
      vertex 25.933289387423567 -23.504563419645645 6
      vertex 27.055365867695794 22.203764945727592 6
      vertex 25.933289387423567 23.504563419645645 6
    endloop
  endfacet
  facet normal 0 0 1
    outer loop
      vertex 27.055365867695794 -22.203764945727592 6
      vertex 28.112263601822573 20.849475657235168 6
      vertex 27.055365867695794 22.203764945727592 6
    endloop
  endfacet
  facet normal 0 0 1
    outer loop
      vertex 24.748737341529164 -24.748737341529164 6
      vertex 25.933289387423567 23.504563419645645 6
      vertex 24.748737341529164 24.748737341529164 6
    endloop
  endfacet
  facet normal 0 0 1
    outer loop
      vertex 30.867244252192428 -16.498885788909917 6
      vertex 31.639625259320518 14.964428270059873 6
      vertex 30.867244252192428 16.498885788909917 6
    endloop
  endfacet
  facet normal 0 0 1
    outer loop
      vertex 31.639625259320518 -14.964428270059873 6
      vertex 32.335783637895034 13.393920132778142 6
      vertex 31.639625259320518 14.964428270059873 6
    endloop
  endfacet
  facet normal 0 0 1
    outer loop
      vertex 33.49291175062731 -10.15996370390618 6
      vertex 33.95109386180904 8.504306296614235 6
      vertex 33.49291175062731 10.15996370390618 6
    endloop
  endfacet
  facet normal 0 0 1
    outer loop
      vertex 32.95404228140573 -11.791144868727702 6
      vertex 33.49291175062731 10.15996370390618 6
      vertex 32.95404228140573 11.791144868727702 6
    endloop
  endfacet
  facet normal 0 0 1
    outer loop
      vertex 32.335783637895034 -13.393920132778142 6
      vertex 32.95404228140573 11.791144868727702 6
      vertex 32.335783637895034 13.393920132778142 6
    endloop
  endfacet
  facet normal 0 0 1
    outer loop
      vertex 28.112263601822573 -20.849475657235168 6
      vertex 29.101436430589082 19.444958155686077 6
      vertex 28.112263601822573 20.849475657235168 6
    endloop
  endfacet
  facet normal 0 0 1
    outer loop
      vertex 29.101436430589082 -19.444958155686077 6
      vertex 30.02050135000952 17.99359604676276 6
      vertex 29.101436430589082 19.444958155686077 6
    endloop
  endfacet
  facet normal 0 0 1
    outer loop
      vertex 30.02050135000952 -17.99359604676276 6
      vertex 30.867244252192428 16.498885788909917 6
      vertex 30.02050135000952 17.99359604676276 6
    endloop
  endfacet
  facet normal -0.963776065795439 -0.26671275747490136 0
    outer loop
      vertex 33.95109386180904 8.504306296614235 6
      vertex 33.95109386180904 8.504306296614235 90
      vertex 33.49291175062731 10.15996370390618 6
    endloop
  endfacet
  facet normal -0.9495281805930372 -0.31368174039888985 0
    outer loop
      vertex 33.49291175062731 10.15996370390618 6
      vertex 33.49291175062731 10.15996370390618 90
      vertex 32.95404228140573 11.791144868727702 6
    endloop
  endfacet
  facet normal -0.9329927988347384 -0.3598950365349893 0
    outer loop
      vertex 32.335783637895034 13.393920132778142 6
      vertex 32.95404228140573 11.791144868727702 6
      vertex 32.95404228140573 11.791144868727702 90
    endloop
  endfacet
  facet normal -0.9142097557035314 -0.4052413140049881 0
    outer loop
      vertex 32.335783637895034 13.393920132778142 6
      vertex 32.335783637895034 13.393920132778142 90
      vertex 31.639625259320518 14.964428270059873 6
    endloop
  endfacet
  facet normal -0.8700869911087108 -0.4928981922297851 0
    outer loop
      vertex 30.867244252192428 16.498885788909917 6
      vertex 30.867244252192428 16.498885788909917 90
      vertex 30.02050135000952 17.99359604676276 6
    endloop
  endfacet
  facet normal -0.8175848131515845 -0.5758081914178442 0
    outer loop
      vertex 29.101436430589082 19.444958155686077 6
      vertex 29.101436430589082 19.444958155686077 90
      vertex 28.112263601822573 20.849475657235168 6
    endloop
  endfacet
  facet normal -0.844853565249707 -0.5349976198870975 0
    outer loop
      vertex 29.101436430589082 19.444958155686077 6
      vertex 30.02050135000952 17.99359604676276 6
      vertex 30.02050135000952 17.99359604676276 90
    endloop
  endfacet
  facet normal -0.8932243011955154 -0.4496113296546062 0
    outer loop
      vertex 31.639625259320518 14.964428270059873 6
      vertex 31.639625259320518 14.964428270059873 90
      vertex 30.867244252192428 16.498885788909917 6
    endloop
  endfacet
  facet normal -0.5349976198870975 -0.844853565249707 0
    outer loop
      vertex 19.444958155686077 29.101436430589082 6
      vertex 17.99359604676276 30.02050135000952 90
      vertex 17.99359604676276 30.02050135000952 6
    endloop
  endfacet
  facet normal -0.5758081914178442 -0.8175848131515845 0
    outer loop
      vertex 19.444958155686077 29.101436430589082 6
      vertex 20.849475657235168 28.112263601822573 6
      vertex 19.444958155686077 29.101436430589082 90
    endloop
  endfacet
  facet normal -0.6152315905806273 -0.788346427626606 0
    outer loop
      vertex 22.203764945727592 27.055365867695794 6
      vertex 20.849475657235168 28.112263601822573 90
      vertex 20.849475657235168 28.112263601822573 6
    endloop
  endfacet
  facet normal -0.31368174039888985 -0.9495281805930372 0
    outer loop
      vertex 10.15996370390618 33.49291175062731 6
      vertex 11.791144868727702 32.95404228140573 6
      vertex 10.15996370390618 33.49291175062731 90
    endloop
  endfacet
  facet normal -0.4052413140049881 -0.9142097557035314 0
    outer loop
      vertex 13.393920132778142 32.335783637895034 6
      vertex 14.964428270059873 31.639625259320518 6
      vertex 13.393920132778142 32.335783637895034 90
    endloop
  endfacet
  facet normal -0.3598950365349893 -0.9329927988347384 0
    outer loop
      vertex 11.791144868727702 32.95404228140573 6
      vertex 13.393920132778142 32.335783637895034 6
      vertex 11.791144868727702 32.95404228140573 90
    endloop
  endfacet
  facet normal -0.4496113296546062 -0.8932243011955154 0
    outer loop
      vertex 14.964428270059873 31.639625259320518 6
      vertex 16.498885788909917 30.867244252192428 6
      vertex 14.964428270059873 31.639625259320518 90
    endloop
  endfacet
  facet normal -0.4928981922297851 -0.8700869911087108 0
    outer loop
      vertex 16.498885788909917 30.867244252192428 6
      vertex 17.99359604676276 30.02050135000952 6
      vertex 16.498885788909917 30.867244252192428 90
    endloop
  endfacet
  facet normal -0.7242470829514673 -0.6895405447370665 0
    outer loop
      vertex 24.748737341529164 24.748737341529164 6
      vertex 25.933289387423567 23.504563419645645 6
      vertex 25.933289387423567 23.504563419645645 90
    endloop
  endfacet
  facet normal -0.7572088465064845 -0.6531728429537768 0
    outer loop
      vertex 27.055365867695794 22.203764945727592 6
      vertex 27.055365867695794 22.203764945727592 90
      vertex 25.933289387423567 23.504563419645645 6
    endloop
  endfacet
  facet normal -0.6531728429537768 -0.7572088465064845 0
    outer loop
      vertex 22.203764945727592 27.055365867695794 6
      vertex 23.504563419645645 25.933289387423567 6
      vertex 22.203764945727592 27.055365867695794 90
    endloop
  endfacet
  facet normal -0.6895405447370665 -0.7242470829514673 0
    outer loop
      vertex 24.748737341529164 24.748737341529164 6
      vertex 23.504563419645645 25.933289387423567 90
      vertex 23.504563419645645 25.933289387423567 6
    endloop
  endfacet
  facet normal -0.788346427626606 -0.6152315905806273 0
    outer loop
      vertex 27.055365867695794 22.203764945727592 6
      vertex 28.112263601822573 20.849475657235168 6
      vertex 28.112263601822573 20.849475657235168 90
    endloop
  endfacet
  facet normal 0 0 1
    outer loop
      vertex 34.831465433526894 -3.430599911534621 6
      vertex 34.957840967181035 1.7173686014596306 6
      vertex 34.831465433526894 3.430599911534621 6
    endloop
  endfacet
  facet normal 0 0 1
    outer loop
      vertex 34.957840967181035 -1.7173686014596306 6
      vertex 35 0 6
      vertex 34.957840967181035 1.7173686014596306 6
    endloop
  endfacet
  facet normal 0 0 1
    outer loop
      vertex 34.62117784876734 -5.135566605937661 6
      vertex 34.831465433526894 3.430599911534621 6
      vertex 34.62117784876734 5.135566605937661 6
    endloop
  endfacet
  facet normal 0 0 1
    outer loop
      vertex 34.32748481411306 -6.828161270564489 6
      vertex 34.62117784876734 5.135566605937661 6
      vertex 34.32748481411306 6.828161270564489 6
    endloop
  endfacet
  facet normal 0 0 1
    outer loop
      vertex 33.95109386180904 -8.504306296614235 6
      vertex 34.32748481411306 6.828161270564489 6
      vertex 33.95109386180904 8.504306296614235 6
    endloop
  endfacet
  facet normal -0.9996988186962041 -0.02454122852291165 0
    outer loop
      vertex 34.957840967181035 1.7173686014596306 6
      vertex 35 0 6
      vertex 35 0 90
    endloop
  endfacet
  facet normal -0.9972904566786902 -0.07356456359966629 0
    outer loop
      vertex 34.957840967181035 1.7173686014596306 6
      vertex 34.957840967181035 1.7173686014596306 90
      vertex 34.831465433526894 3.430599911534621 6
    endloop
  endfacet
  facet normal -0.99247953459871 -0.12241067519921543 0
    outer loop
      vertex 34.831465433526894 3.430599911534621 6
      vertex 34.831465433526894 3.430599911534621 90
      vertex 34.62117784876734 5.135566605937661 6
    endloop
  endfacet
  facet normal -0.9852776423889404 -0.1709618887603051 0
    outer loop
      vertex 34.62117784876734 5.135566605937661 6
      vertex 34.62117784876734 5.135566605937661 90
      vertex 34.32748481411306 6.828161270564489 6
    endloop
  endfacet
  facet normal -0.9757021300385291 -0.2191012401568672 0
    outer loop
      vertex 34.32748481411306 6.828161270564489 6
      vertex 34.32748481411306 6.828161270564489 90
      vertex 33.95109386180904 8.504306296614235 6
    endloop
  endfacet
  facet normal -0.963776065795439 -0.26671275747490136 0
    outer loop
      vertex 33.49291175062731 10.15996370390618 6
      vertex 33.95109386180904 8.504306296614235 90
      vertex 33.49291175062731 10.15996370390618 90
    endloop
  endfacet
  facet normal -0.9495281805930372 -0.31368174039888985 0
    outer loop
      vertex 32.95404228140573 11.791144868727702 6
      vertex 33.49291175062731 10.15996370390618 90
      vertex 32.95404228140573 11.791144868727702 90
    endloop
  endfacet
  facet normal -0.9142097557035314 -0.4052413140049881 0
    outer loop
      vertex 31.639625259320518 14.964428270059873 6
      vertex 32.335783637895034 13.393920132778142 90
      vertex 31.639625259320518 14.964428270059873 90
    endloop
  endfacet
  facet normal -0.9329927988347384 -0.3598950365349893 0
    outer loop
      vertex 32.335783637895034 13.393920132778142 6
      vertex 32.95404228140573 11.791144868727702 90
      vertex 32.335783637895034 13.393920132778142 90
    endloop
  endfacet
  facet normal -0.8700869911087108 -0.4928981922297851 0
    outer loop
      vertex 30.02050135000952 17.99359604676276 6
      vertex 30.867244252192428 16.498885788909917 90
      vertex 30.02050135000952 17.99359604676276 90
    endloop
  endfacet
  facet normal -0.844853565249707 -0.5349976198870975 0
    outer loop
      vertex 29.101436430589082 19.444958155686077 6
      vertex 30.02050135000952 17.99359604676276 90
      vertex 29.101436430589082 19.444958155686077 90
    endloop
  endfacet
  facet normal -0.8932243011955154 -0.4496113296546062 0
    outer loop
      vertex 30.867244252192428 16.498885788909917 6
      vertex 31.639625259320518 14.964428270059873 90
      vertex 30.867244252192428 16.498885788909917 90
    endloop
  endfacet
  facet normal -0.5349976198870975 -0.844853565249707 0
    outer loop
      vertex 19.444958155686077 29.101436430589082 6
      vertex 19.444958155686077 29.101436430589082 90
      vertex 17.99359604676276 30.02050135000952 90
    endloop
  endfacet
  facet normal -0.5758081914178442 -0.8175848131515845 0
    outer loop
      vertex 20.849475657235168 28.112263601822573 6
      vertex 20.849475657235168 28.112263601822573 90
      vertex 19.444958155686077 29.101436430589082 90
    endloop
  endfacet
  facet normal -0.26671275747490136 -0.963776065795439 0
    outer loop
      vertex 10.15996370390618 33.49291175062731 6
      vertex 10.15996370390618 33.49291175062731 90
      vertex 8.504306296614235 33.95109386180904 90
    endloop
  endfacet
  facet normal -0.31368174039888985 -0.9495281805930372 0
    outer loop
      vertex 11.791144868727702 32.95404228140573 6
      vertex 11.791144868727702 32.95404228140573 90
      vertex 10.15996370390618 33.49291175062731 90
    endloop
  endfacet
  facet normal -0.4052413140049881 -0.9142097557035314 0
    outer loop
      vertex 14.964428270059873 31.639625259320518 6
      vertex 14.964428270059873 31.639625259320518 90
      vertex 13.393920132778142 32.335783637895034 90
    endloop
  endfacet
  facet normal -0.3598950365349893 -0.9329927988347384 0
    outer loop
      vertex 13.393920132778142 32.335783637895034 6
      vertex 13.393920132778142 32.335783637895034 90
      vertex 11.791144868727702 32.95404228140573 90
    endloop
  endfacet
  facet normal -0.4496113296546062 -0.8932243011955154 0
    outer loop
      vertex 16.498885788909917 30.867244252192428 6
      vertex 16.498885788909917 30.867244252192428 90
      vertex 14.964428270059873 31.639625259320518 90
    endloop
  endfacet
  facet normal -0.4928981922297851 -0.8700869911087108 0
    outer loop
      vertex 17.99359604676276 30.02050135000952 6
      vertex 17.99359604676276 30.02050135000952 90
      vertex 16.498885788909917 30.867244252192428 90
    endloop
  endfacet
  facet normal -0.788346427626606 -0.6152315905806273 0
    outer loop
      vertex 27.055365867695794 22.203764945727592 6
      vertex 28.112263601822573 20.849475657235168 90
      vertex 27.055365867695794 22.203764945727592 90
    endloop
  endfacet
  facet normal -0.7242470829514673 -0.6895405447370665 0
    outer loop
      vertex 24.748737341529164 24.748737341529164 6
      vertex 25.933289387423567 23.504563419645645 90
      vertex 24.748737341529164 24.748737341529164 90
    endloop
  endfacet
  facet normal -0.7572088465064845 -0.6531728429537768 0
    outer loop
      vertex 25.933289387423567 23.504563419645645 6
      vertex 27.055365867695794 22.203764945727592 90
      vertex 25.933289387423567 23.504563419645645 90
    endloop
  endfacet
  facet normal -0.6152315905806273 -0.788346427626606 0
    outer loop
      vertex 22.203764945727592 27.055365867695794 6
      vertex 22.203764945727592 27.055365867695794 90
      vertex 20.849475657235168 28.112263601822573 90
    endloop
  endfacet
  facet normal -0.6895405447370665 -0.7242470829514673 0
    outer loop
      vertex 24.748737341529164 24.748737341529164 6
      vertex 24.748737341529164 24.748737341529164 90
      vertex 23.504563419645645 25.933289387423567 90
    endloop
  endfacet
  facet normal -0.6531728429537768 -0.7572088465064845 0
    outer loop
      vertex 23.504563419645645 25.933289387423567 6
      vertex 23.504563419645645 25.933289387423567 90
      vertex 22.203764945727592 27.055365867695794 90
    endloop
  endfacet
  facet normal -0.8175848131515845 -0.5758081914178442 0
    outer loop
      vertex 28.112263601822573 20.849475657235168 6
      vertex 29.101436430589082 19.444958155686077 90
      vertex 28.112263601822573 20.849475657235168 90
    endloop
  endfacet
  facet normal -0.9996988186962041 -0.02454122852291165 0
    outer loop
      vertex 34.957840967181035 1.7173686014596306 6
      vertex 35 0 90
      vertex 34.957840967181035 1.7173686014596306 90
    endloop
  endfacet
  facet normal -0.9972904566786902 -0.07356456359966629 0
    outer loop
      vertex 34.831465433526894 3.430599911534621 6
      vertex 34.957840967181035 1.7173686014596306 90
      vertex 34.831465433526894 3.430599911534621 90
    endloop
  endfacet
  facet normal -0.99247953459871 -0.12241067519921543 0
    outer loop
      vertex 34.62117784876734 5.135566605937661 6
      vertex 34.831465433526894 3.430599911534621 90
      vertex 34.62117784876734 5.135566605937661 90
    endloop
  endfacet
  facet normal -0.9852776423889404 -0.1709618887603051 0
    outer loop
      vertex 34.32748481411306 6.828161270564489 6
      vertex 34.62117784876734 5.135566605937661 90
      vertex 34.32748481411306 6.828161270564489 90
    endloop
  endfacet
  facet normal -0.9757021300385291 -0.2191012401568672 0
    outer loop
      vertex 33.95109386180904 8.504306296614235 6
      vertex 34.32748481411306 6.828161270564489 90
      vertex 33.95109386180904 8.504306296614235 90
    endloop
  endfacet
  facet normal -1 0 0
    outer loop
      vertex 39.4 15 60
      vertex 39.4 15 65
      vertex 39.4 19 60
    endloop
  endfacet
  facet normal 0 0 1
    outer loop
      vertex 39.4 15 65
      vertex 40.13601511120796 14.98193184286356 65
      vertex 39.4 19 65
    endloop
  endfacet
  facet normal -1 0 0
    outer loop
      vertex 39.4 19 60
      vertex 39.4 15 65
      vertex 39.4 19 65
    endloop
  endfacet
  facet normal 0.024541224469362032 0.9996988187957133 0
    outer loop
      vertex 39.4 19 60
      vertex 39.4 19 65
      vertex 40.33228581547737 18.97711367160082 65
    endloop
  endfacet
  facet normal 0 0 1
    outer loop
      vertex 41.26232566833496 18.90850980579853 65
      vertex 47.11154116094112 12.865929149091244 65
      vertex 47.73355349302292 12.472044184803963 65
    endloop
  endfacet
  facet normal 0 0 1
    outer loop
      vertex 41.26232566833496 18.90850980579853 65
      vertex 47.73355349302292 12.472044184803963 65
      vertex 48.33548956513405 12.048112973570824 65
    endloop
  endfacet
  facet normal 0.024541224469362032 0.9996988187957133 0
    outer loop
      vertex 39.4 19 60
      vertex 40.33228581547737 18.97711367160082 65
      vertex 40.33228581547737 18.97711367160082 60
    endloop
  endfacet
  facet normal 0.07356456867946426 0.9972904563039819 0
    outer loop
      vertex 40.33228581547737 18.97711367160082 60
      vertex 41.26232566833496 18.90850980579853 65
      vertex 41.26232566833496 18.90850980579853 60
    endloop
  endfacet
  facet normal 0.17096188360027723 0.9852776432842902 0
    outer loop
      vertex 42.18787901252508 18.794353686273098 60
      vertex 43.10671612024307 18.634920328855515 65
      vertex 43.10671612024307 18.634920328855515 60
    endloop
  endfacet
  facet normal 0.12241067794815157 0.9924795342596612 0
    outer loop
      vertex 41.26232566833496 18.90850980579853 60
      vertex 42.18787901252508 18.794353686273098 65
      vertex 42.18787901252508 18.794353686273098 60
    endloop
  endfacet
  facet normal 0.21910124190593047 0.975702129645764 0
    outer loop
      vertex 43.10671612024307 18.634920328855515 60
      vertex 44.016623416543005 18.43059381097555 65
      vertex 44.016623416543005 18.43059381097555 60
    endloop
  endfacet
  facet normal 0.26671275909750275 0.9637760653464047 0
    outer loop
      vertex 44.016623416543005 18.43059381097555 60
      vertex 44.91540886610746 18.181866377592087 65
      vertex 44.91540886610746 18.181866377592087 60
    endloop
  endfacet
  facet normal 0.31368173660500454 0.9495281818463677 0
    outer loop
      vertex 44.91540886610746 18.181866377592087 60
      vertex 45.800907211005686 17.889337241649628 65
      vertex 45.800907211005686 17.889337241649628 60
    endloop
  endfacet
  facet normal 0 0 1
    outer loop
      vertex 41.60095711946487 14.837647646665573 65
      vertex 42.32635483294725 14.711779206991196 65
      vertex 39.4 19 65
    endloop
  endfacet
  facet normal 0 0 1
    outer loop
      vertex 40.13601511120796 14.98193184286356 65
      vertex 40.870257103443144 14.927770897746086 65
      vertex 39.4 19 65
    endloop
  endfacet
  facet normal 0 0 1
    outer loop
      vertex 40.870257103443144 14.927770897746086 65
      vertex 41.60095711946487 14.837647646665573 65
      vertex 39.4 19 65
    endloop
  endfacet
  facet normal 0 0 1
    outer loop
      vertex 39.4 19 65
      vertex 42.32635483294725 14.711779206991196 65
      vertex 43.044702695310114 14.550468795001507 65
    endloop
  endfacet
  facet normal 0 0 1
    outer loop
      vertex 39.4 19 65
      vertex 43.044702695310114 14.550468795001507 65
      vertex 43.75427016019821 14.354105032980442 65
    endloop
  endfacet
  facet normal 0 0 1
    outer loop
      vertex 39.4 19 65
      vertex 43.75427016019821 14.354105032980442 65
      vertex 44.453347803652285 14.123160980641842 65
    endloop
  endfacet
  facet normal 0 0 1
    outer loop
      vertex 39.4 19 65
      vertex 44.453347803652285 14.123160980641842 65
      vertex 45.14025148898363 13.85819298774004 65
    endloop
  endfacet
  facet normal 0 0 1
    outer loop
      vertex 39.4 19 65
      vertex 45.14025148898363 13.85819298774004 65
      vertex 40.33228581547737 18.97711367160082 65
    endloop
  endfacet
  facet normal 0 0 1
    outer loop
      vertex 40.33228581547737 18.97711367160082 65
      vertex 47.11154116094112 12.865929149091244 65
      vertex 41.26232566833496 18.90850980579853 65
    endloop
  endfacet
  facet normal 0.07356456867946426 0.9972904563039819 0
    outer loop
      vertex 40.33228581547737 18.97711367160082 60
      vertex 40.33228581547737 18.97711367160082 65
      vertex 41.26232566833496 18.90850980579853 65
    endloop
  endfacet
  facet normal 0.17096188360027723 0.9852776432842902 0
    outer loop
      vertex 42.18787901252508 18.794353686273098 60
      vertex 42.18787901252508 18.794353686273098 65
      vertex 43.10671612024307 18.634920328855515 65
    endloop
  endfacet
  facet normal 0.12241067794815157 0.9924795342596612 0
    outer loop
      vertex 41.26232566833496 18.90850980579853 60
      vertex 41.26232566833496 18.90850980579853 65
      vertex 42.18787901252508 18.794353686273098 65
    endloop
  endfacet
  facet normal 0 0 1
    outer loop
      vertex 40.33228581547737 18.97711367160082 65
      vertex 45.14025148898363 13.85819298774004 65
      vertex 45.813326404988764 13.559839397668839 65
    endloop
  endfacet
  facet normal 0 0 1
    outer loop
      vertex 40.33228581547737 18.97711367160082 65
      vertex 45.813326404988764 13.559839397668839 65
      vertex 46.47095105201006 13.228818967938423 65
    endloop
  endfacet
  facet normal 0 0 1
    outer loop
      vertex 40.33228581547737 18.97711367160082 65
      vertex 46.47095105201006 13.228818967938423 65
      vertex 47.11154116094112 12.865929149091244 65
    endloop
  endfacet
  facet normal 0.21910124190593047 0.975702129645764 0
    outer loop
      vertex 43.10671612024307 18.634920328855515 60
      vertex 43.10671612024307 18.634920328855515 65
      vertex 44.016623416543005 18.43059381097555 65
    endloop
  endfacet
  facet normal 0.26671275909750275 0.9637760653464047 0
    outer loop
      vertex 44.016623416543005 18.43059381097555 60
      vertex 44.016623416543005 18.43059381097555 65
      vertex 44.91540886610746 18.181866377592087 65
    endloop
  endfacet
  facet normal 0.31368173660500454 0.9495281818463677 0
    outer loop
      vertex 44.91540886610746 18.181866377592087 60
      vertex 44.91540886610746 18.181866377592087 65
      vertex 45.800907211005686 17.889337241649628 65
    endloop
  endfacet
  facet normal 0.35989503921465327 0.932992797801078 0
    outer loop
      vertex 45.800907211005686 17.889337241649628 60
      vertex 45.800907211005686 17.889337241649628 65
      vertex 46.67098521590233 17.553711116313934 65
    endloop
  endfacet
  facet normal 0 -1 0
    outer loop
      vertex 54.4 0 60
      vertex 58.4 0 60
      vertex 54.4 0 65
    endloop
  endfacet
  facet normal 0.9996988187957133 0.024541224469362032 0
    outer loop
      vertex 58.4 0 60
      vertex 58.37711367160082 0.9322858154773712 60
      vertex 58.4 0 65
    endloop
  endfacet
  facet normal 0.9972904563039819 0.07356456867946426 0
    outer loop
      vertex 58.37711367160082 0.9322858154773712 60
      vertex 58.30850980579853 1.862325668334961 60
      vertex 58.37711367160082 0.9322858154773712 65
    endloop
  endfacet
  facet normal 0.9924795342596612 0.12241067794815157 0
    outer loop
      vertex 58.30850980579853 1.862325668334961 60
      vertex 58.1943536862731 2.7878790125250816 60
      vertex 58.30850980579853 1.862325668334961 65
    endloop
  endfacet
  facet normal 0.9852776432842902 0.17096188360027723 0
    outer loop
      vertex 58.1943536862731 2.7878790125250816 60
      vertex 58.03492032885551 3.7067161202430725 60
      vertex 58.1943536862731 2.7878790125250816 65
    endloop
  endfacet
  facet normal 0.975702129645764 0.21910124190593047 0
    outer loop
      vertex 58.03492032885551 3.7067161202430725 60
      vertex 57.83059381097555 4.616623416543007 60
      vertex 58.03492032885551 3.7067161202430725 65
    endloop
  endfacet
  facet normal 0.9637760653464047 0.26671275909750275 0
    outer loop
      vertex 57.83059381097555 4.616623416543007 60
      vertex 57.581866377592085 5.515408866107464 60
      vertex 57.83059381097555 4.616623416543007 65
    endloop
  endfacet
  facet normal 0 0 1
    outer loop
      vertex 53.52316098064184 5.0533478036522865 65
      vertex 53.75410503298044 4.354270160198212 65
      vertex 58.37711367160082 0.9322858154773712 65
    endloop
  endfacet
  facet normal 0 0 1
    outer loop
      vertex 53.52316098064184 5.0533478036522865 65
      vertex 58.37711367160082 0.9322858154773712 65
      vertex 53.25819298774004 5.740251488983631 65
    endloop
  endfacet
  facet normal 0 0 1
    outer loop
      vertex 53.25819298774004 5.740251488983631 65
      vertex 58.30850980579853 1.862325668334961 65
      vertex 52.95983939766884 6.413326404988766 65
    endloop
  endfacet
  facet normal 0 -1 0
    outer loop
      vertex 58.4 0 60
      vertex 58.4 0 65
      vertex 54.4 0 65
    endloop
  endfacet
  facet normal 0.9996988187957133 0.024541224469362032 0
    outer loop
      vertex 58.37711367160082 0.9322858154773712 60
      vertex 58.37711367160082 0.9322858154773712 65
      vertex 58.4 0 65
    endloop
  endfacet
  facet normal 0.9972904563039819 0.07356456867946426 0
    outer loop
      vertex 58.30850980579853 1.862325668334961 60
      vertex 58.30850980579853 1.862325668334961 65
      vertex 58.37711367160082 0.9322858154773712 65
    endloop
  endfacet
  facet normal 0.9924795342596612 0.12241067794815157 0
    outer loop
      vertex 58.1943536862731 2.7878790125250816 60
      vertex 58.1943536862731 2.7878790125250816 65
      vertex 58.30850980579853 1.862325668334961 65
    endloop
  endfacet
  facet normal 0 0 1
    outer loop
      vertex 54.4 0 65
      vertex 58.4 0 65
      vertex 54.38193184286356 0.736015111207962 65
    endloop
  endfacet
  facet normal 0 0 1
    outer loop
      vertex 54.38193184286356 0.736015111207962 65
      vertex 58.37711367160082 0.9322858154773712 65
      vertex 54.327770897746085 1.4702571034431458 65
    endloop
  endfacet
  facet normal 0 0 1
    outer loop
      vertex 54.23764764666557 2.2009571194648743 65
      vertex 54.327770897746085 1.4702571034431458 65
      vertex 58.37711367160082 0.9322858154773712 65
    endloop
  endfacet
  facet normal 0 0 1
    outer loop
      vertex 54.23764764666557 2.2009571194648743 65
      vertex 58.37711367160082 0.9322858154773712 65
      vertex 54.111779206991194 2.926354832947254 65
    endloop
  endfacet
  facet normal 0 0 1
    outer loop
      vertex 54.38193184286356 0.736015111207962 65
      vertex 58.4 0 65
      vertex 58.37711367160082 0.9322858154773712 65
    endloop
  endfacet
  facet normal 0.9852776432842902 0.17096188360027723 0
    outer loop
      vertex 58.03492032885551 3.7067161202430725 60
      vertex 58.03492032885551 3.7067161202430725 65
      vertex 58.1943536862731 2.7878790125250816 65
    endloop
  endfacet
  facet normal 0.975702129645764 0.21910124190593047 0
    outer loop
      vertex 57.83059381097555 4.616623416543007 60
      vertex 57.83059381097555 4.616623416543007 65
      vertex 58.03492032885551 3.7067161202430725 65
    endloop
  endfacet
  facet normal 0 0 1
    outer loop
      vertex 54.111779206991194 2.926354832947254 65
      vertex 58.37711367160082 0.9322858154773712 65
      vertex 53.950468795001505 3.644702695310116 65
    endloop
  endfacet
  facet normal 0 0 1
    outer loop
      vertex 53.950468795001505 3.644702695310116 65
      vertex 58.37711367160082 0.9322858154773712 65
      vertex 53.75410503298044 4.354270160198212 65
    endloop
  endfacet
  facet normal 0 0 1
    outer loop
      vertex 53.25819298774004 5.740251488983631 65
      vertex 58.37711367160082 0.9322858154773712 65
      vertex 58.30850980579853 1.862325668334961 65
    endloop
  endfacet
  facet normal 0 0 1
    outer loop
      vertex 52.62881896793842 7.070951052010059 65
      vertex 58.30850980579853 1.862325668334961 65
      vertex 58.1943536862731 2.7878790125250816 65
    endloop
  endfacet
  facet normal 0.9495281818463677 0.31368173660500454 0
    outer loop
      vertex 57.581866377592085 5.515408866107464 60
      vertex 57.289337241649626 6.400907211005688 60
      vertex 57.581866377592085 5.515408866107464 65
    endloop
  endfacet
  facet normal 0.932992797801078 0.35989503921465327 0
    outer loop
      vertex 57.289337241649626 6.400907211005688 60
      vertex 56.95371111631393 7.2709852159023285 60
      vertex 57.289337241649626 6.400907211005688 65
    endloop
  endfacet
  facet normal 0.9142097551006934 0.405241315364969 0
    outer loop
      vertex 56.575796568393706 8.12354677170515 60
      vertex 56.95371111631393 7.2709852159023285 65
      vertex 56.95371111631393 7.2709852159023285 60
    endloop
  endfacet
  facet normal 0.8932243018081023 0.4496113284376053 0
    outer loop
      vertex 56.575796568393706 8.12354677170515 60
      vertex 56.156504021584986 8.956537999212742 60
      vertex 56.575796568393706 8.12354677170515 65
    endloop
  endfacet
  facet normal 0.8700869901740657 0.4928981938796642 0
    outer loop
      vertex 56.156504021584986 8.956537999212742 60
      vertex 55.6968435883522 9.767952136695385 60
      vertex 56.156504021584986 8.956537999212742 65
    endloop
  endfacet
  facet normal 0 0 1
    outer loop
      vertex 58.1943536862731 2.7878790125250816 65
      vertex 50.514266879856585 10.073384322226048 65
      vertex 50.99515680372715 9.515899263322353 65
    endloop
  endfacet
  facet normal 0 0 1
    outer loop
      vertex 51.44811297357082 8.935489565134048 65
      vertex 58.1943536862731 2.7878790125250816 65
      vertex 50.99515680372715 9.515899263322353 65
    endloop
  endfacet
  facet normal 0 0 1
    outer loop
      vertex 52.62881896793842 7.070951052010059 65
      vertex 58.1943536862731 2.7878790125250816 65
      vertex 52.26592914909124 7.711541160941124 65
    endloop
  endfacet
  facet normal 0 0 1
    outer loop
      vertex 52.95983939766884 6.413326404988766 65
      vertex 58.30850980579853 1.862325668334961 65
      vertex 52.62881896793842 7.070951052010059 65
    endloop
  endfacet
  facet normal 0 0 1
    outer loop
      vertex 52.26592914909124 7.711541160941124 65
      vertex 58.1943536862731 2.7878790125250816 65
      vertex 51.87204418480396 8.333553493022919 65
    endloop
  endfacet
  facet normal 0 0 1
    outer loop
      vertex 51.44811297357082 8.935489565134048 65
      vertex 51.87204418480396 8.333553493022919 65
      vertex 58.1943536862731 2.7878790125250816 65
    endloop
  endfacet
  facet normal 0 0 1
    outer loop
      vertex 58.03492032885551 3.7067161202430725 65
      vertex 49.473384322226046 11.114266879856586 65
      vertex 50.00660171508789 10.60660171508789 65
    endloop
  endfacet
  facet normal 0 0 1
    outer loop
      vertex 58.03492032885551 3.7067161202430725 65
      vertex 50.00660171508789 10.60660171508789 65
      vertex 50.514266879856585 10.073384322226048 65
    endloop
  endfacet
  facet normal 0 0 1
    outer loop
      vertex 42.18787901252508 18.794353686273098 65
      vertex 58.03492032885551 3.7067161202430725 65
      vertex 57.83059381097555 4.616623416543007 65
    endloop
  endfacet
  facet normal 0 0 1
    outer loop
      vertex 43.10671612024307 18.634920328855515 65
      vertex 57.83059381097555 4.616623416543007 65
      vertex 57.581866377592085 5.515408866107464 65
    endloop
  endfacet
  facet normal 0.9495281818463677 0.31368173660500454 0
    outer loop
      vertex 57.289337241649626 6.400907211005688 60
      vertex 57.289337241649626 6.400907211005688 65
      vertex 57.581866377592085 5.515408866107464 65
    endloop
  endfacet
  facet normal 0.9637760653464047 0.26671275909750275 0
    outer loop
      vertex 57.581866377592085 5.515408866107464 60
      vertex 57.581866377592085 5.515408866107464 65
      vertex 57.83059381097555 4.616623416543007 65
    endloop
  endfacet
  facet normal 0.932992797801078 0.35989503921465327 0
    outer loop
      vertex 56.95371111631393 7.2709852159023285 60
      vertex 56.95371111631393 7.2709852159023285 65
      vertex 57.289337241649626 6.400907211005688 65
    endloop
  endfacet
  facet normal 0 0 1
    outer loop
      vertex 58.1943536862731 2.7878790125250816 65
      vertex 58.03492032885551 3.7067161202430725 65
      vertex 50.514266879856585 10.073384322226048 65
    endloop
  endfacet
  facet normal 0.9142097551006934 0.405241315364969 0
    outer loop
      vertex 56.575796568393706 8.12354677170515 60
      vertex 56.575796568393706 8.12354677170515 65
      vertex 56.95371111631393 7.2709852159023285 65
    endloop
  endfacet
  facet normal 0.8932243018081023 0.4496113284376053 0
    outer loop
      vertex 56.156504021584986 8.956537999212742 60
      vertex 56.156504021584986 8.956537999212742 65
      vertex 56.575796568393706 8.12354677170515 65
    endloop
  endfacet
  facet normal 0.8700869901740657 0.4928981938796642 0
    outer loop
      vertex 56.156504021584986 8.956537999212742 65
      vertex 55.6968435883522 9.767952136695385 60
      vertex 55.6968435883522 9.767952136695385 65
    endloop
  endfacet
  facet normal 0.6152315889266087 0.7883464289174148 0
    outer loop
      vertex 50.71828678399324 15.260943099856377 60
      vertex 51.45347239971161 14.687198616564274 65
      vertex 51.45347239971161 14.687198616564274 60
    endloop
  endfacet
  facet normal 0.6531728455907797 0.7572088442317901 0
    outer loop
      vertex 52.15962014496326 14.078071378171444 60
      vertex 51.45347239971161 14.687198616564274 60
      vertex 52.15962014496326 14.078071378171444 65
    endloop
  endfacet
  facet normal 0 0 1
    outer loop
      vertex 41.26232566833496 18.90850980579853 65
      vertex 48.33548956513405 12.048112973570824 65
      vertex 48.91589926332235 11.59515680372715 65
    endloop
  endfacet
  facet normal 0 0 1
    outer loop
      vertex 41.26232566833496 18.90850980579853 65
      vertex 48.91589926332235 11.59515680372715 65
      vertex 49.473384322226046 11.114266879856586 65
    endloop
  endfacet
  facet normal 0 0 1
    outer loop
      vertex 41.26232566833496 18.90850980579853 65
      vertex 58.03492032885551 3.7067161202430725 65
      vertex 42.18787901252508 18.794353686273098 65
    endloop
  endfacet
  facet normal 0 0 1
    outer loop
      vertex 42.18787901252508 18.794353686273098 65
      vertex 57.83059381097555 4.616623416543007 65
      vertex 43.10671612024307 18.634920328855515 65
    endloop
  endfacet
  facet normal 0 0 1
    outer loop
      vertex 43.10671612024307 18.634920328855515 65
      vertex 57.581866377592085 5.515408866107464 65
      vertex 44.016623416543005 18.43059381097555 65
    endloop
  endfacet
  facet normal 0 0 1
    outer loop
      vertex 44.016623416543005 18.43059381097555 65
      vertex 57.289337241649626 6.400907211005688 65
      vertex 44.91540886610746 18.181866377592087 65
    endloop
  endfacet
  facet normal 0 0 1
    outer loop
      vertex 41.26232566833496 18.90850980579853 65
      vertex 49.473384322226046 11.114266879856586 65
      vertex 58.03492032885551 3.7067161202430725 65
    endloop
  endfacet
  facet normal 0.6531728455907797 0.7572088442317901 0
    outer loop
      vertex 51.45347239971161 14.687198616564274 60
      vertex 51.45347239971161 14.687198616564274 65
      vertex 52.15962014496326 14.078071378171444 65
    endloop
  endfacet
  facet normal 0 0 1
    outer loop
      vertex 44.91540886610746 18.181866377592087 65
      vertex 56.95371111631393 7.2709852159023285 65
      vertex 45.800907211005686 17.889337241649628 65
    endloop
  endfacet
  facet normal 0 0 1
    outer loop
      vertex 45.800907211005686 17.889337241649628 65
      vertex 56.575796568393706 8.12354677170515 65
      vertex 46.67098521590233 17.553711116313934 65
    endloop
  endfacet
  facet normal 0 0 1
    outer loop
      vertex 46.67098521590233 17.553711116313934 65
      vertex 56.156504021584986 8.956537999212742 65
      vertex 47.52354677170515 17.175796568393707 65
    endloop
  endfacet
  facet normal 0 0 1
    outer loop
      vertex 47.52354677170515 17.175796568393707 65
      vertex 55.6968435883522 9.767952136695385 65
      vertex 48.35653799921274 16.756504021584988 65
    endloop
  endfacet
  facet normal 0 0 1
    outer loop
      vertex 48.35653799921274 16.756504021584988 65
      vertex 55.19792263358831 10.55583442747593 65
      vertex 49.167952136695384 16.296843588352203 65
    endloop
  endfacet
  facet normal 0 0 1
    outer loop
      vertex 49.167952136695384 16.296843588352203 65
      vertex 54.660943099856375 11.318286783993244 65
      vertex 49.95583442747593 15.797922633588314 65
    endloop
  endfacet
  facet normal 0 0 1
    outer loop
      vertex 49.95583442747593 15.797922633588314 65
      vertex 54.08719861656427 12.053472399711609 65
      vertex 50.71828678399324 15.260943099856377 65
    endloop
  endfacet
  facet normal 0 0 1
    outer loop
      vertex 53.47807137817144 12.759620144963264 65
      vertex 51.45347239971161 14.687198616564274 65
      vertex 50.71828678399324 15.260943099856377 65
    endloop
  endfacet
  facet normal 0 0 1
    outer loop
      vertex 52.15962014496326 14.078071378171444 65
      vertex 51.45347239971161 14.687198616564274 65
      vertex 52.835028843581675 13.435028843581676 65
    endloop
  endfacet
  facet normal 0.405241315364969 0.9142097551006934 0
    outer loop
      vertex 46.67098521590233 17.553711116313934 60
      vertex 47.52354677170515 17.175796568393707 65
      vertex 47.52354677170515 17.175796568393707 60
    endloop
  endfacet
  facet normal 0.4496113284376053 0.8932243018081023 0
    outer loop
      vertex 47.52354677170515 17.175796568393707 60
      vertex 48.35653799921274 16.756504021584988 65
      vertex 48.35653799921274 16.756504021584988 60
    endloop
  endfacet
  facet normal 0.4928981938796642 0.8700869901740657 0
    outer loop
      vertex 48.35653799921274 16.756504021584988 60
      vertex 49.167952136695384 16.296843588352203 65
      vertex 49.167952136695384 16.296843588352203 60
    endloop
  endfacet
  facet normal 0.35989503921465327 0.932992797801078 0
    outer loop
      vertex 45.800907211005686 17.889337241649628 60
      vertex 46.67098521590233 17.553711116313934 65
      vertex 46.67098521590233 17.553711116313934 60
    endloop
  endfacet
  facet normal 0.5349976172519538 0.8448535669183932 0
    outer loop
      vertex 49.167952136695384 16.296843588352203 60
      vertex 49.95583442747593 15.797922633588314 65
      vertex 49.95583442747593 15.797922633588314 60
    endloop
  endfacet
  facet normal 0.575808190807608 0.8175848135813614 0
    outer loop
      vertex 49.95583442747593 15.797922633588314 60
      vertex 50.71828678399324 15.260943099856377 65
      vertex 50.71828678399324 15.260943099856377 60
    endloop
  endfacet
  facet normal 0.405241315364969 0.9142097551006934 0
    outer loop
      vertex 46.67098521590233 17.553711116313934 60
      vertex 46.67098521590233 17.553711116313934 65
      vertex 47.52354677170515 17.175796568393707 65
    endloop
  endfacet
  facet normal 0.4496113284376053 0.8932243018081023 0
    outer loop
      vertex 47.52354677170515 17.175796568393707 60
      vertex 47.52354677170515 17.175796568393707 65
      vertex 48.35653799921274 16.756504021584988 65
    endloop
  endfacet
  facet normal 0.4928981938796642 0.8700869901740657 0
    outer loop
      vertex 48.35653799921274 16.756504021584988 60
      vertex 48.35653799921274 16.756504021584988 65
      vertex 49.167952136695384 16.296843588352203 65
    endloop
  endfacet
  facet normal 0.5349976172519538 0.8448535669183932 0
    outer loop
      vertex 49.167952136695384 16.296843588352203 60
      vertex 49.167952136695384 16.296843588352203 65
      vertex 49.95583442747593 15.797922633588314 65
    endloop
  endfacet
  facet normal 0.575808190807608 0.8175848135813614 0
    outer loop
      vertex 49.95583442747593 15.797922633588314 60
      vertex 49.95583442747593 15.797922633588314 65
      vertex 50.71828678399324 15.260943099856377 65
    endloop
  endfacet
  facet normal 0.6152315889266087 0.7883464289174148 0
    outer loop
      vertex 50.71828678399324 15.260943099856377 60
      vertex 50.71828678399324 15.260943099856377 65
      vertex 51.45347239971161 14.687198616564274 65
    endloop
  endfacet
  facet normal 0.8175848135813614 0.575808190807608 0
    outer loop
      vertex 54.660943099856375 11.318286783993244 60
      vertex 55.19792263358831 10.55583442747593 65
      vertex 55.19792263358831 10.55583442747593 60
    endloop
  endfacet
  facet normal 0.7883464289174148 0.6152315889266087 0
    outer loop
      vertex 54.660943099856375 11.318286783993244 60
      vertex 54.08719861656427 12.053472399711609 60
      vertex 54.660943099856375 11.318286783993244 65
    endloop
  endfacet
  facet normal 0.7572088442317901 0.6531728455907797 0
    outer loop
      vertex 53.47807137817144 12.759620144963264 60
      vertex 54.08719861656427 12.053472399711609 65
      vertex 54.08719861656427 12.053472399711609 60
    endloop
  endfacet
  facet normal 0.6895405431254809 0.7242470844858244 0
    outer loop
      vertex 52.15962014496326 14.078071378171444 60
      vertex 52.835028843581675 13.435028843581676 65
      vertex 52.835028843581675 13.435028843581676 60
    endloop
  endfacet
  facet normal 0.7242470844858244 0.6895405431254809 0
    outer loop
      vertex 53.47807137817144 12.759620144963264 60
      vertex 52.835028843581675 13.435028843581676 60
      vertex 53.47807137817144 12.759620144963264 65
    endloop
  endfacet
  facet normal 0.8448535669183932 0.5349976172519538 0
    outer loop
      vertex 55.19792263358831 10.55583442747593 60
      vertex 55.6968435883522 9.767952136695385 65
      vertex 55.6968435883522 9.767952136695385 60
    endloop
  endfacet
  facet normal 0.8175848135813614 0.575808190807608 0
    outer loop
      vertex 54.660943099856375 11.318286783993244 60
      vertex 54.660943099856375 11.318286783993244 65
      vertex 55.19792263358831 10.55583442747593 65
    endloop
  endfacet
  facet normal 0.7883464289174148 0.6152315889266087 0
    outer loop
      vertex 54.08719861656427 12.053472399711609 60
      vertex 54.08719861656427 12.053472399711609 65
      vertex 54.660943099856375 11.318286783993244 65
    endloop
  endfacet
  facet normal 0 0 1
    outer loop
      vertex 44.016623416543005 18.43059381097555 65
      vertex 57.581866377592085 5.515408866107464 65
      vertex 57.289337241649626 6.400907211005688 65
    endloop
  endfacet
  facet normal 0 0 1
    outer loop
      vertex 44.91540886610746 18.181866377592087 65
      vertex 57.289337241649626 6.400907211005688 65
      vertex 56.95371111631393 7.2709852159023285 65
    endloop
  endfacet
  facet normal 0 0 1
    outer loop
      vertex 45.800907211005686 17.889337241649628 65
      vertex 56.95371111631393 7.2709852159023285 65
      vertex 56.575796568393706 8.12354677170515 65
    endloop
  endfacet
  facet normal 0 0 1
    outer loop
      vertex 46.67098521590233 17.553711116313934 65
      vertex 56.575796568393706 8.12354677170515 65
      vertex 56.156504021584986 8.956537999212742 65
    endloop
  endfacet
  facet normal 0 0 1
    outer loop
      vertex 47.52354677170515 17.175796568393707 65
      vertex 56.156504021584986 8.956537999212742 65
      vertex 55.6968435883522 9.767952136695385 65
    endloop
  endfacet
  facet normal 0 0 1
    outer loop
      vertex 48.35653799921274 16.756504021584988 65
      vertex 55.6968435883522 9.767952136695385 65
      vertex 55.19792263358831 10.55583442747593 65
    endloop
  endfacet
  facet normal 0.7572088442317901 0.6531728455907797 0
    outer loop
      vertex 53.47807137817144 12.759620144963264 60
      vertex 53.47807137817144 12.759620144963264 65
      vertex 54.08719861656427 12.053472399711609 65
    endloop
  endfacet
  facet normal 0.7242470844858244 0.6895405431254809 0
    outer loop
      vertex 52.835028843581675 13.435028843581676 60
      vertex 52.835028843581675 13.435028843581676 65
      vertex 53.47807137817144 12.759620144963264 65
    endloop
  endfacet
  facet normal 0.6895405431254809 0.7242470844858244 0
    outer loop
      vertex 52.15962014496326 14.078071378171444 60
      vertex 52.15962014496326 14.078071378171444 65
      vertex 52.835028843581675 13.435028843581676 65
    endloop
  endfacet
  facet normal 0 0 1
    outer loop
      vertex 49.167952136695384 16.296843588352203 65
      vertex 55.19792263358831 10.55583442747593 65
      vertex 54.660943099856375 11.318286783993244 65
    endloop
  endfacet
  facet normal 0 0 1
    outer loop
      vertex 49.95583442747593 15.797922633588314 65
      vertex 54.660943099856375 11.318286783993244 65
      vertex 54.08719861656427 12.053472399711609 65
    endloop
  endfacet
  facet normal 0 0 1
    outer loop
      vertex 53.47807137817144 12.759620144963264 65
      vertex 52.835028843581675 13.435028843581676 65
      vertex 51.45347239971161 14.687198616564274 65
    endloop
  endfacet
  facet normal 0 0 1
    outer loop
      vertex 53.47807137817144 12.759620144963264 65
      vertex 50.71828678399324 15.260943099856377 65
      vertex 54.08719861656427 12.053472399711609 65
    endloop
  endfacet
  facet normal 0.8448535669183932 0.5349976172519538 0
    outer loop
      vertex 55.19792263358831 10.55583442747593 60
      vertex 55.19792263358831 10.55583442747593 65
      vertex 55.6968435883522 9.767952136695385 65
    endloop
  endfacet
  facet normal -0.024541228936846505 -0.9996988186860427 0
    outer loop
      vertex 39.4 15 60
      vertex 40.13601511120796 14.98193184286356 60
      vertex 39.4 15 65
    endloop
  endfacet
  facet normal -0.024541228936846505 -0.9996988186860427 0
    outer loop
      vertex 40.13601511120796 14.98193184286356 60
      vertex 40.13601511120796 14.98193184286356 65
      vertex 39.4 15 65
    endloop
  endfacet
  facet normal -0.07356456624789917 -0.9972904564833449 0
    outer loop
      vertex 40.13601511120796 14.98193184286356 60
      vertex 40.870257103443144 14.927770897746086 60
      vertex 40.870257103443144 14.927770897746086 65
    endloop
  endfacet
  facet normal -0.12241067514477187 -0.992479534605425 0
    outer loop
      vertex 40.870257103443144 14.927770897746086 60
      vertex 41.60095711946487 14.837647646665573 60
      vertex 41.60095711946487 14.837647646665573 65
    endloop
  endfacet
  facet normal -0.17096188380096242 -0.9852776432494681 0
    outer loop
      vertex 41.60095711946487 14.837647646665573 60
      vertex 42.32635483294725 14.711779206991196 60
      vertex 42.32635483294725 14.711779206991196 65
    endloop
  endfacet
  facet normal -0.21910124687325624 -0.9757021285303135 0
    outer loop
      vertex 42.32635483294725 14.711779206991196 60
      vertex 43.044702695310114 14.550468795001507 60
      vertex 43.044702695310114 14.550468795001507 65
    endloop
  endfacet
  facet normal -0.2667127559703685 -0.9637760662117993 0
    outer loop
      vertex 43.044702695310114 14.550468795001507 60
      vertex 43.75427016019821 14.354105032980442 60
      vertex 43.75427016019821 14.354105032980442 65
    endloop
  endfacet
  facet normal -0.31368173261323284 -0.9495281831650708 0
    outer loop
      vertex 43.75427016019821 14.354105032980442 60
      vertex 44.453347803652285 14.123160980641842 60
      vertex 44.453347803652285 14.123160980641842 65
    endloop
  endfacet
  facet normal -0.4052413131439042 -0.9142097560852237 0
    outer loop
      vertex 45.14025148898363 13.85819298774004 60
      vertex 45.813326404988764 13.559839397668839 60
      vertex 45.813326404988764 13.559839397668839 65
    endloop
  endfacet
  facet normal -0.3598950395392891 -0.9329927976758521 0
    outer loop
      vertex 44.453347803652285 14.123160980641842 60
      vertex 45.14025148898363 13.85819298774004 60
      vertex 45.14025148898363 13.85819298774004 65
    endloop
  endfacet
  facet normal -0.07356456624789917 -0.9972904564833449 0
    outer loop
      vertex 40.13601511120796 14.98193184286356 60
      vertex 40.870257103443144 14.927770897746086 65
      vertex 40.13601511120796 14.98193184286356 65
    endloop
  endfacet
  facet normal -0.12241067514477187 -0.992479534605425 0
    outer loop
      vertex 40.870257103443144 14.927770897746086 60
      vertex 41.60095711946487 14.837647646665573 65
      vertex 40.870257103443144 14.927770897746086 65
    endloop
  endfacet
  facet normal -0.17096188380096242 -0.9852776432494681 0
    outer loop
      vertex 41.60095711946487 14.837647646665573 60
      vertex 42.32635483294725 14.711779206991196 65
      vertex 41.60095711946487 14.837647646665573 65
    endloop
  endfacet
  facet normal -0.21910124687325624 -0.9757021285303135 0
    outer loop
      vertex 42.32635483294725 14.711779206991196 60
      vertex 43.044702695310114 14.550468795001507 65
      vertex 42.32635483294725 14.711779206991196 65
    endloop
  endfacet
  facet normal -0.2667127559703685 -0.9637760662117993 0
    outer loop
      vertex 43.044702695310114 14.550468795001507 60
      vertex 43.75427016019821 14.354105032980442 65
      vertex 43.044702695310114 14.550468795001507 65
    endloop
  endfacet
  facet normal -0.31368173261323284 -0.9495281831650708 0
    outer loop
      vertex 43.75427016019821 14.354105032980442 60
      vertex 44.453347803652285 14.123160980641842 65
      vertex 43.75427016019821 14.354105032980442 65
    endloop
  endfacet
  facet normal -0.44961132973529155 -0.8932243011549019 0
    outer loop
      vertex 45.813326404988764 13.559839397668839 60
      vertex 46.47095105201006 13.228818967938423 65
      vertex 45.813326404988764 13.559839397668839 65
    endloop
  endfacet
  facet normal -0.3598950395392891 -0.9329927976758521 0
    outer loop
      vertex 44.453347803652285 14.123160980641842 60
      vertex 45.14025148898363 13.85819298774004 65
      vertex 44.453347803652285 14.123160980641842 65
    endloop
  endfacet
  facet normal -0.4052413131439042 -0.9142097560852237 0
    outer loop
      vertex 45.14025148898363 13.85819298774004 60
      vertex 45.813326404988764 13.559839397668839 65
      vertex 45.14025148898363 13.85819298774004 65
    endloop
  endfacet
  facet normal -0.844853565851255 -0.5349976189371494 0
    outer loop
      vertex 52.26592914909124 7.711541160941124 60
      vertex 52.26592914909124 7.711541160941124 65
      vertex 51.87204418480396 8.333553493022919 60
    endloop
  endfacet
  facet normal -0.8175848138603984 -0.575808190411406 0
    outer loop
      vertex 51.44811297357082 8.935489565134048 60
      vertex 51.87204418480396 8.333553493022919 60
      vertex 51.87204418480396 8.333553493022919 65
    endloop
  endfacet
  facet normal -0.788346430498815 -0.6152315869002314 0
    outer loop
      vertex 51.44811297357082 8.935489565134048 60
      vertex 51.44811297357082 8.935489565134048 65
      vertex 50.99515680372715 9.515899263322353 60
    endloop
  endfacet
  facet normal -0.7572088432041958 -0.6531728467820472 0
    outer loop
      vertex 50.514266879856585 10.073384322226048 60
      vertex 50.99515680372715 9.515899263322353 60
      vertex 50.99515680372715 9.515899263322353 65
    endloop
  endfacet
  facet normal -0.7572088432041958 -0.6531728467820472 0
    outer loop
      vertex 50.514266879856585 10.073384322226048 60
      vertex 50.99515680372715 9.515899263322353 65
      vertex 50.514266879856585 10.073384322226048 65
    endloop
  endfacet
  facet normal -0.8175848138603984 -0.575808190411406 0
    outer loop
      vertex 51.44811297357082 8.935489565134048 60
      vertex 51.87204418480396 8.333553493022919 65
      vertex 51.44811297357082 8.935489565134048 65
    endloop
  endfacet
  facet normal -0.844853565851255 -0.5349976189371494 0
    outer loop
      vertex 51.87204418480396 8.333553493022919 60
      vertex 52.26592914909124 7.711541160941124 65
      vertex 51.87204418480396 8.333553493022919 65
    endloop
  endfacet
  facet normal -0.788346430498815 -0.6152315869002314 0
    outer loop
      vertex 51.44811297357082 8.935489565134048 65
      vertex 50.99515680372715 9.515899263322353 65
      vertex 50.99515680372715 9.515899263322353 60
    endloop
  endfacet
  facet normal -0.9996988186860427 -0.024541228936846505 0
    outer loop
      vertex 54.4 0 60
      vertex 54.4 0 65
      vertex 54.38193184286356 0.736015111207962 60
    endloop
  endfacet
  facet normal -0.9972904564833449 -0.07356456624789917 0
    outer loop
      vertex 54.38193184286356 0.736015111207962 60
      vertex 54.38193184286356 0.736015111207962 65
      vertex 54.327770897746085 1.4702571034431458 60
    endloop
  endfacet
  facet normal -0.992479534605425 -0.12241067514477187 0
    outer loop
      vertex 54.23764764666557 2.2009571194648743 60
      vertex 54.327770897746085 1.4702571034431458 60
      vertex 54.327770897746085 1.4702571034431458 65
    endloop
  endfacet
  facet normal -0.9852776432494681 -0.17096188380096242 0
    outer loop
      vertex 54.23764764666557 2.2009571194648743 60
      vertex 54.23764764666557 2.2009571194648743 65
      vertex 54.111779206991194 2.926354832947254 60
    endloop
  endfacet
  facet normal -0.9495281831650708 -0.31368173261323284 0
    outer loop
      vertex 53.52316098064184 5.0533478036522865 60
      vertex 53.75410503298044 4.354270160198212 60
      vertex 53.75410503298044 4.354270160198212 65
    endloop
  endfacet
  facet normal -0.9757021285303135 -0.21910124687325624 0
    outer loop
      vertex 54.111779206991194 2.926354832947254 60
      vertex 54.111779206991194 2.926354832947254 65
      vertex 53.950468795001505 3.644702695310116 60
    endloop
  endfacet
  facet normal -0.9637760662117993 -0.2667127559703685 0
    outer loop
      vertex 53.950468795001505 3.644702695310116 60
      vertex 53.950468795001505 3.644702695310116 65
      vertex 53.75410503298044 4.354270160198212 60
    endloop
  endfacet
  facet normal -0.9996988186860427 -0.024541228936846505 0
    outer loop
      vertex 54.38193184286356 0.736015111207962 60
      vertex 54.4 0 65
      vertex 54.38193184286356 0.736015111207962 65
    endloop
  endfacet
  facet normal -0.9972904564833449 -0.07356456624789917 0
    outer loop
      vertex 54.327770897746085 1.4702571034431458 60
      vertex 54.38193184286356 0.736015111207962 65
      vertex 54.327770897746085 1.4702571034431458 65
    endloop
  endfacet
  facet normal -0.992479534605425 -0.12241067514477187 0
    outer loop
      vertex 54.23764764666557 2.2009571194648743 60
      vertex 54.327770897746085 1.4702571034431458 65
      vertex 54.23764764666557 2.2009571194648743 65
    endloop
  endfacet
  facet normal -0.9495281831650708 -0.31368173261323284 0
    outer loop
      vertex 53.52316098064184 5.0533478036522865 60
      vertex 53.75410503298044 4.354270160198212 65
      vertex 53.52316098064184 5.0533478036522865 65
    endloop
  endfacet
  facet normal -0.9852776432494681 -0.17096188380096242 0
    outer loop
      vertex 54.111779206991194 2.926354832947254 60
      vertex 54.23764764666557 2.2009571194648743 65
      vertex 54.111779206991194 2.926354832947254 65
    endloop
  endfacet
  facet normal -0.9757021285303135 -0.21910124687325624 0
    outer loop
      vertex 53.950468795001505 3.644702695310116 60
      vertex 54.111779206991194 2.926354832947254 65
      vertex 53.950468795001505 3.644702695310116 65
    endloop
  endfacet
  facet normal -0.9637760662117993 -0.2667127559703685 0
    outer loop
      vertex 53.75410503298044 4.354270160198212 60
      vertex 53.950468795001505 3.644702695310116 65
      vertex 53.75410503298044 4.354270160198212 65
    endloop
  endfacet
  facet normal -0.9329927976758521 -0.3598950395392891 0
    outer loop
      vertex 53.52316098064184 5.0533478036522865 60
      vertex 53.52316098064184 5.0533478036522865 65
      vertex 53.25819298774004 5.740251488983631 60
    endloop
  endfacet
  facet normal -0.9142097560852237 -0.4052413131439042 0
    outer loop
      vertex 53.25819298774004 5.740251488983631 60
      vertex 53.25819298774004 5.740251488983631 65
      vertex 52.95983939766884 6.413326404988766 60
    endloop
  endfacet
  facet normal -0.8932243011549019 -0.44961132973529155 0
    outer loop
      vertex 52.95983939766884 6.413326404988766 60
      vertex 52.95983939766884 6.413326404988766 65
      vertex 52.62881896793842 7.070951052010059 60
    endloop
  endfacet
  facet normal -0.8700869884760857 -0.49289819687701847 0
    outer loop
      vertex 52.62881896793842 7.070951052010059 60
      vertex 52.62881896793842 7.070951052010059 65
      vertex 52.26592914909124 7.711541160941124 60
    endloop
  endfacet
  facet normal -0.9329927976758521 -0.3598950395392891 0
    outer loop
      vertex 53.25819298774004 5.740251488983631 60
      vertex 53.52316098064184 5.0533478036522865 65
      vertex 53.25819298774004 5.740251488983631 65
    endloop
  endfacet
  facet normal -0.9142097560852237 -0.4052413131439042 0
    outer loop
      vertex 52.95983939766884 6.413326404988766 60
      vertex 53.25819298774004 5.740251488983631 65
      vertex 52.95983939766884 6.413326404988766 65
    endloop
  endfacet
  facet normal -0.8932243011549019 -0.44961132973529155 0
    outer loop
      vertex 52.62881896793842 7.070951052010059 60
      vertex 52.95983939766884 6.413326404988766 65
      vertex 52.62881896793842 7.070951052010059 65
    endloop
  endfacet
  facet normal -0.8700869884760857 -0.49289819687701847 0
    outer loop
      vertex 52.26592914909124 7.711541160941124 60
      vertex 52.62881896793842 7.070951052010059 65
      vertex 52.26592914909124 7.711541160941124 65
    endloop
  endfacet
  facet normal -0.575808190411406 -0.8175848138603984 0
    outer loop
      vertex 47.73355349302292 12.472044184803963 60
      vertex 48.33548956513405 12.048112973570824 60
      vertex 48.33548956513405 12.048112973570824 65
    endloop
  endfacet
  facet normal -0.6152315869002314 -0.788346430498815 0
    outer loop
      vertex 48.33548956513405 12.048112973570824 60
      vertex 48.91589926332235 11.59515680372715 60
      vertex 48.91589926332235 11.59515680372715 65
    endloop
  endfacet
  facet normal -0.44961132973529155 -0.8932243011549019 0
    outer loop
      vertex 45.813326404988764 13.559839397668839 60
      vertex 46.47095105201006 13.228818967938423 60
      vertex 46.47095105201006 13.228818967938423 65
    endloop
  endfacet
  facet normal -0.49289819687701847 -0.8700869884760857 0
    outer loop
      vertex 46.47095105201006 13.228818967938423 60
      vertex 47.11154116094112 12.865929149091244 60
      vertex 47.11154116094112 12.865929149091244 65
    endloop
  endfacet
  facet normal -0.5349976189371494 -0.844853565851255 0
    outer loop
      vertex 47.11154116094112 12.865929149091244 60
      vertex 47.73355349302292 12.472044184803963 60
      vertex 47.73355349302292 12.472044184803963 65
    endloop
  endfacet
  facet normal -0.6895405478481337 -0.7242470799894851 0
    outer loop
      vertex 50.00660171508789 10.60660171508789 60
      vertex 50.00660171508789 10.60660171508789 65
      vertex 49.473384322226046 11.114266879856586 60
    endloop
  endfacet
  facet normal -0.7242470799894851 -0.6895405478481337 0
    outer loop
      vertex 50.00660171508789 10.60660171508789 60
      vertex 50.514266879856585 10.073384322226048 60
      vertex 50.514266879856585 10.073384322226048 65
    endloop
  endfacet
  facet normal -0.6531728467820472 -0.7572088432041958 0
    outer loop
      vertex 49.473384322226046 11.114266879856586 60
      vertex 49.473384322226046 11.114266879856586 65
      vertex 48.91589926332235 11.59515680372715 60
    endloop
  endfacet
  facet normal -0.575808190411406 -0.8175848138603984 0
    outer loop
      vertex 47.73355349302292 12.472044184803963 60
      vertex 48.33548956513405 12.048112973570824 65
      vertex 47.73355349302292 12.472044184803963 65
    endloop
  endfacet
  facet normal -0.6531728467820472 -0.7572088432041958 0
    outer loop
      vertex 48.91589926332235 11.59515680372715 60
      vertex 49.473384322226046 11.114266879856586 65
      vertex 48.91589926332235 11.59515680372715 65
    endloop
  endfacet
  facet normal -0.6152315869002314 -0.788346430498815 0
    outer loop
      vertex 48.33548956513405 12.048112973570824 60
      vertex 48.91589926332235 11.59515680372715 65
      vertex 48.33548956513405 12.048112973570824 65
    endloop
  endfacet
  facet normal -0.49289819687701847 -0.8700869884760857 0
    outer loop
      vertex 46.47095105201006 13.228818967938423 60
      vertex 47.11154116094112 12.865929149091244 65
      vertex 46.47095105201006 13.228818967938423 65
    endloop
  endfacet
  facet normal -0.5349976189371494 -0.844853565851255 0
    outer loop
      vertex 47.11154116094112 12.865929149091244 60
      vertex 47.73355349302292 12.472044184803963 65
      vertex 47.11154116094112 12.865929149091244 65
    endloop
  endfacet
  facet normal -0.6895405478481337 -0.7242470799894851 0
    outer loop
      vertex 49.473384322226046 11.114266879856586 60
      vertex 50.00660171508789 10.60660171508789 65
      vertex 49.473384322226046 11.114266879856586 65
    endloop
  endfacet
  facet normal -0.7242470799894851 -0.6895405478481337 0
    outer loop
      vertex 50.00660171508789 10.60660171508789 60
      vertex 50.514266879856585 10.073384322226048 65
      vertex 50.00660171508789 10.60660171508789 65
    endloop
  endfacet
  facet normal 0 0 -1
    outer loop
      vertex 39.4 15 60
      vertex 39.4 19 60
      vertex 40.13601511120796 14.98193184286356 60
    endloop
  endfacet
  facet normal 0 0 -1
    outer loop
      vertex 43.10671612024307 18.634920328855515 60
      vertex 47.11154116094112 12.865929149091244 60
      vertex 46.47095105201006 13.228818967938423 60
    endloop
  endfacet
  facet normal 0 0 -1
    outer loop
      vertex 43.10671612024307 18.634920328855515 60
      vertex 47.73355349302292 12.472044184803963 60
      vertex 47.11154116094112 12.865929149091244 60
    endloop
  endfacet
  facet normal 0 0 -1
    outer loop
      vertex 40.870257103443144 14.927770897746086 60
      vertex 40.33228581547737 18.97711367160082 60
      vertex 41.60095711946487 14.837647646665573 60
    endloop
  endfacet
  facet normal 0 0 -1
    outer loop
      vertex 41.60095711946487 14.837647646665573 60
      vertex 40.33228581547737 18.97711367160082 60
      vertex 42.32635483294725 14.711779206991196 60
    endloop
  endfacet
  facet normal 0 0 -1
    outer loop
      vertex 40.13601511120796 14.98193184286356 60
      vertex 39.4 19 60
      vertex 40.870257103443144 14.927770897746086 60
    endloop
  endfacet
  facet normal 0 0 -1
    outer loop
      vertex 41.26232566833496 18.90850980579853 60
      vertex 43.044702695310114 14.550468795001507 60
      vertex 42.32635483294725 14.711779206991196 60
    endloop
  endfacet
  facet normal 0 0 -1
    outer loop
      vertex 41.26232566833496 18.90850980579853 60
      vertex 43.75427016019821 14.354105032980442 60
      vertex 43.044702695310114 14.550468795001507 60
    endloop
  endfacet
  facet normal 0 0 -1
    outer loop
      vertex 41.26232566833496 18.90850980579853 60
      vertex 42.18787901252508 18.794353686273098 60
      vertex 44.453347803652285 14.123160980641842 60
    endloop
  endfacet
  facet normal 0 0 -1
    outer loop
      vertex 40.870257103443144 14.927770897746086 60
      vertex 39.4 19 60
      vertex 40.33228581547737 18.97711367160082 60
    endloop
  endfacet
  facet normal 0 0 -1
    outer loop
      vertex 40.33228581547737 18.97711367160082 60
      vertex 41.26232566833496 18.90850980579853 60
      vertex 42.32635483294725 14.711779206991196 60
    endloop
  endfacet
  facet normal 0 0 -1
    outer loop
      vertex 41.26232566833496 18.90850980579853 60
      vertex 44.453347803652285 14.123160980641842 60
      vertex 43.75427016019821 14.354105032980442 60
    endloop
  endfacet
  facet normal 0 0 -1
    outer loop
      vertex 42.18787901252508 18.794353686273098 60
      vertex 45.14025148898363 13.85819298774004 60
      vertex 44.453347803652285 14.123160980641842 60
    endloop
  endfacet
  facet normal 0 0 -1
    outer loop
      vertex 42.18787901252508 18.794353686273098 60
      vertex 45.813326404988764 13.559839397668839 60
      vertex 45.14025148898363 13.85819298774004 60
    endloop
  endfacet
  facet normal 0 0 -1
    outer loop
      vertex 42.18787901252508 18.794353686273098 60
      vertex 43.10671612024307 18.634920328855515 60
      vertex 46.47095105201006 13.228818967938423 60
    endloop
  endfacet
  facet normal 0 0 -1
    outer loop
      vertex 42.18787901252508 18.794353686273098 60
      vertex 46.47095105201006 13.228818967938423 60
      vertex 45.813326404988764 13.559839397668839 60
    endloop
  endfacet
  facet normal 0 0 -1
    outer loop
      vertex 43.10671612024307 18.634920328855515 60
      vertex 44.016623416543005 18.43059381097555 60
      vertex 50.514266879856585 10.073384322226048 60
    endloop
  endfacet
  facet normal 0 0 -1
    outer loop
      vertex 53.52316098064184 5.0533478036522865 60
      vertex 58.30850980579853 1.862325668334961 60
      vertex 53.75410503298044 4.354270160198212 60
    endloop
  endfacet
  facet normal 0 0 -1
    outer loop
      vertex 53.25819298774004 5.740251488983631 60
      vertex 52.95983939766884 6.413326404988766 60
      vertex 58.1943536862731 2.7878790125250816 60
    endloop
  endfacet
  facet normal 0 0 -1
    outer loop
      vertex 53.52316098064184 5.0533478036522865 60
      vertex 53.25819298774004 5.740251488983631 60
      vertex 58.1943536862731 2.7878790125250816 60
    endloop
  endfacet
  facet normal 0 0 -1
    outer loop
      vertex 54.4 0 60
      vertex 54.38193184286356 0.736015111207962 60
      vertex 58.37711367160082 0.9322858154773712 60
    endloop
  endfacet
  facet normal 0 0 -1
    outer loop
      vertex 54.38193184286356 0.736015111207962 60
      vertex 54.327770897746085 1.4702571034431458 60
      vertex 58.37711367160082 0.9322858154773712 60
    endloop
  endfacet
  facet normal 0 0 -1
    outer loop
      vertex 54.23764764666557 2.2009571194648743 60
      vertex 58.37711367160082 0.9322858154773712 60
      vertex 54.327770897746085 1.4702571034431458 60
    endloop
  endfacet
  facet normal 0 0 -1
    outer loop
      vertex 54.23764764666557 2.2009571194648743 60
      vertex 54.111779206991194 2.926354832947254 60
      vertex 58.30850980579853 1.862325668334961 60
    endloop
  endfacet
  facet normal 0 0 -1
    outer loop
      vertex 54.4 0 60
      vertex 58.37711367160082 0.9322858154773712 60
      vertex 58.4 0 60
    endloop
  endfacet
  facet normal 0 0 -1
    outer loop
      vertex 54.23764764666557 2.2009571194648743 60
      vertex 58.30850980579853 1.862325668334961 60
      vertex 58.37711367160082 0.9322858154773712 60
    endloop
  endfacet
  facet normal 0 0 -1
    outer loop
      vertex 54.111779206991194 2.926354832947254 60
      vertex 53.950468795001505 3.644702695310116 60
      vertex 58.30850980579853 1.862325668334961 60
    endloop
  endfacet
  facet normal 0 0 -1
    outer loop
      vertex 53.950468795001505 3.644702695310116 60
      vertex 53.75410503298044 4.354270160198212 60
      vertex 58.30850980579853 1.862325668334961 60
    endloop
  endfacet
  facet normal 0 0 -1
    outer loop
      vertex 53.52316098064184 5.0533478036522865 60
      vertex 58.1943536862731 2.7878790125250816 60
      vertex 58.30850980579853 1.862325668334961 60
    endloop
  endfacet
  facet normal 0 0 -1
    outer loop
      vertex 51.44811297357082 8.935489565134048 60
      vertex 50.99515680372715 9.515899263322353 60
      vertex 58.1943536862731 2.7878790125250816 60
    endloop
  endfacet
  facet normal 0 0 -1
    outer loop
      vertex 52.62881896793842 7.070951052010059 60
      vertex 52.26592914909124 7.711541160941124 60
      vertex 58.1943536862731 2.7878790125250816 60
    endloop
  endfacet
  facet normal 0 0 -1
    outer loop
      vertex 52.95983939766884 6.413326404988766 60
      vertex 52.62881896793842 7.070951052010059 60
      vertex 58.1943536862731 2.7878790125250816 60
    endloop
  endfacet
  facet normal 0 0 -1
    outer loop
      vertex 52.26592914909124 7.711541160941124 60
      vertex 51.87204418480396 8.333553493022919 60
      vertex 58.1943536862731 2.7878790125250816 60
    endloop
  endfacet
  facet normal 0 0 -1
    outer loop
      vertex 51.44811297357082 8.935489565134048 60
      vertex 58.1943536862731 2.7878790125250816 60
      vertex 51.87204418480396 8.333553493022919 60
    endloop
  endfacet
  facet normal 0 0 -1
    outer loop
      vertex 44.91540886610746 18.181866377592087 60
      vertex 57.83059381097555 4.616623416543007 60
      vertex 58.03492032885551 3.7067161202430725 60
    endloop
  endfacet
  facet normal 0 0 -1
    outer loop
      vertex 47.52354677170515 17.175796568393707 60
      vertex 57.581866377592085 5.515408866107464 60
      vertex 57.83059381097555 4.616623416543007 60
    endloop
  endfacet
  facet normal 0 0 -1
    outer loop
      vertex 48.35653799921274 16.756504021584988 60
      vertex 57.289337241649626 6.400907211005688 60
      vertex 57.581866377592085 5.515408866107464 60
    endloop
  endfacet
  facet normal 0 0 -1
    outer loop
      vertex 57.289337241649626 6.400907211005688 60
      vertex 49.167952136695384 16.296843588352203 60
      vertex 56.95371111631393 7.2709852159023285 60
    endloop
  endfacet
  facet normal 0 0 -1
    outer loop
      vertex 58.1943536862731 2.7878790125250816 60
      vertex 50.99515680372715 9.515899263322353 60
      vertex 58.03492032885551 3.7067161202430725 60
    endloop
  endfacet
  facet normal 0 0 -1
    outer loop
      vertex 43.10671612024307 18.634920328855515 60
      vertex 50.00660171508789 10.60660171508789 60
      vertex 49.473384322226046 11.114266879856586 60
    endloop
  endfacet
  facet normal 0 0 -1
    outer loop
      vertex 43.10671612024307 18.634920328855515 60
      vertex 48.91589926332235 11.59515680372715 60
      vertex 48.33548956513405 12.048112973570824 60
    endloop
  endfacet
  facet normal 0 0 -1
    outer loop
      vertex 43.10671612024307 18.634920328855515 60
      vertex 48.33548956513405 12.048112973570824 60
      vertex 47.73355349302292 12.472044184803963 60
    endloop
  endfacet
  facet normal 0 0 -1
    outer loop
      vertex 43.10671612024307 18.634920328855515 60
      vertex 49.473384322226046 11.114266879856586 60
      vertex 48.91589926332235 11.59515680372715 60
    endloop
  endfacet
  facet normal 0 0 -1
    outer loop
      vertex 43.10671612024307 18.634920328855515 60
      vertex 50.514266879856585 10.073384322226048 60
      vertex 50.00660171508789 10.60660171508789 60
    endloop
  endfacet
  facet normal 0 0 -1
    outer loop
      vertex 44.016623416543005 18.43059381097555 60
      vertex 50.99515680372715 9.515899263322353 60
      vertex 50.514266879856585 10.073384322226048 60
    endloop
  endfacet
  facet normal 0 0 -1
    outer loop
      vertex 44.91540886610746 18.181866377592087 60
      vertex 58.03492032885551 3.7067161202430725 60
      vertex 50.99515680372715 9.515899263322353 60
    endloop
  endfacet
  facet normal 0 0 -1
    outer loop
      vertex 44.91540886610746 18.181866377592087 60
      vertex 45.800907211005686 17.889337241649628 60
      vertex 57.83059381097555 4.616623416543007 60
    endloop
  endfacet
  facet normal 0 0 -1
    outer loop
      vertex 46.67098521590233 17.553711116313934 60
      vertex 47.52354677170515 17.175796568393707 60
      vertex 57.83059381097555 4.616623416543007 60
    endloop
  endfacet
  facet normal 0 0 -1
    outer loop
      vertex 45.800907211005686 17.889337241649628 60
      vertex 46.67098521590233 17.553711116313934 60
      vertex 57.83059381097555 4.616623416543007 60
    endloop
  endfacet
  facet normal 0 0 -1
    outer loop
      vertex 47.52354677170515 17.175796568393707 60
      vertex 48.35653799921274 16.756504021584988 60
      vertex 57.581866377592085 5.515408866107464 60
    endloop
  endfacet
  facet normal 0 0 -1
    outer loop
      vertex 56.95371111631393 7.2709852159023285 60
      vertex 49.167952136695384 16.296843588352203 60
      vertex 49.95583442747593 15.797922633588314 60
    endloop
  endfacet
  facet normal 0 0 -1
    outer loop
      vertex 48.35653799921274 16.756504021584988 60
      vertex 49.167952136695384 16.296843588352203 60
      vertex 57.289337241649626 6.400907211005688 60
    endloop
  endfacet
  facet normal 0 0 -1
    outer loop
      vertex 44.016623416543005 18.43059381097555 60
      vertex 44.91540886610746 18.181866377592087 60
      vertex 50.99515680372715 9.515899263322353 60
    endloop
  endfacet
  facet normal 0 0 -1
    outer loop
      vertex 56.575796568393706 8.12354677170515 60
      vertex 56.95371111631393 7.2709852159023285 60
      vertex 49.95583442747593 15.797922633588314 60
    endloop
  endfacet
  facet normal 0 0 -1
    outer loop
      vertex 56.575796568393706 8.12354677170515 60
      vertex 50.71828678399324 15.260943099856377 60
      vertex 56.156504021584986 8.956537999212742 60
    endloop
  endfacet
  facet normal 0 0 -1
    outer loop
      vertex 56.156504021584986 8.956537999212742 60
      vertex 51.45347239971161 14.687198616564274 60
      vertex 55.6968435883522 9.767952136695385 60
    endloop
  endfacet
  facet normal 0 0 -1
    outer loop
      vertex 52.15962014496326 14.078071378171444 60
      vertex 55.19792263358831 10.55583442747593 60
      vertex 55.6968435883522 9.767952136695385 60
    endloop
  endfacet
  facet normal 0 0 -1
    outer loop
      vertex 52.835028843581675 13.435028843581676 60
      vertex 54.660943099856375 11.318286783993244 60
      vertex 55.19792263358831 10.55583442747593 60
    endloop
  endfacet
  facet normal 0 0 -1
    outer loop
      vertex 53.47807137817144 12.759620144963264 60
      vertex 54.08719861656427 12.053472399711609 60
      vertex 54.660943099856375 11.318286783993244 60
    endloop
  endfacet
  facet normal 0 0 -1
    outer loop
      vertex 56.575796568393706 8.12354677170515 60
      vertex 49.95583442747593 15.797922633588314 60
      vertex 50.71828678399324 15.260943099856377 60
    endloop
  endfacet
  facet normal 0 0 -1
    outer loop
      vertex 56.156504021584986 8.956537999212742 60
      vertex 50.71828678399324 15.260943099856377 60
      vertex 51.45347239971161 14.687198616564274 60
    endloop
  endfacet
  facet normal 0 0 -1
    outer loop
      vertex 52.15962014496326 14.078071378171444 60
      vertex 52.835028843581675 13.435028843581676 60
      vertex 55.19792263358831 10.55583442747593 60
    endloop
  endfacet
  facet normal 0 0 -1
    outer loop
      vertex 52.15962014496326 14.078071378171444 60
      vertex 55.6968435883522 9.767952136695385 60
      vertex 51.45347239971161 14.687198616564274 60
    endloop
  endfacet
  facet normal 0 0 -1
    outer loop
      vertex 53.47807137817144 12.759620144963264 60
      vertex 54.660943099856375 11.318286783993244 60
      vertex 52.835028843581675 13.435028843581676 60
    endloop
  endfacet
endsolid OpenSCAD_Model
