solid OpenSCAD_Model
  facet normal -1 0 0
    outer loop
      vertex -14.75 -4.2 0
      vertex -14.75 -2 2
      vertex -14.75 -2 0
    endloop
  endfacet
  facet normal -1 0 0
    outer loop
      vertex -14.75 4.2 0
      vertex -14.75 2 0
      vertex -14.75 2 2
    endloop
  endfacet
  facet normal -1 0 0
    outer loop
      vertex -14.75 -4.2 0
      vertex -14.75 4.2 8.4
      vertex -14.75 -2 2
    endloop
  endfacet
  facet normal -1 0 0
    outer loop
      vertex -14.75 4.2 0
      vertex -14.75 2 2
      vertex -14.75 4.2 8.4
    endloop
  endfacet
  facet normal -1 0 0
    outer loop
      vertex -14.75 4.2 8.4
      vertex -14.75 2 2
      vertex -14.75 -2 2
    endloop
  endfacet
  facet normal 0 -1 0
    outer loop
      vertex -14.75 -4.2 0
      vertex -5.049999999999999 -4.2 0
      vertex -5.05 -4.2 2.5
    endloop
  endfacet
  facet normal 0 0 -1
    outer loop
      vertex -14.75 -4.2 0
      vertex 14.75 4.2 0
      vertex -5.049999999999999 -4.2 0
    endloop
  endfacet
  facet normal 0 0 -1
    outer loop
      vertex -14.75 -4.2 0
      vertex -14.75 -2 0
      vertex 14.75 4.2 0
    endloop
  endfacet
  facet normal 0 0 -1
    outer loop
      vertex 14.75 4.2 0
      vertex -14.75 -2 0
      vertex -14.75 0.8300198103422827 0
    endloop
  endfacet
  facet normal 0 0 -1
    outer loop
      vertex 14.75 4.2 0
      vertex -14.75 0.8300198103422827 0
      vertex -14.75 2 0
    endloop
  endfacet
  facet normal 0 0 -1
    outer loop
      vertex -14.75 4.2 0
      vertex 14.75 4.2 0
      vertex -14.75 2 0
    endloop
  endfacet
  facet normal 0 -1 0
    outer loop
      vertex -14.75 -4.2 0
      vertex -5.05 -4.2 2.5
      vertex 14.75 -4.2 8.4
    endloop
  endfacet
  facet normal 0 1 0
    outer loop
      vertex -14.75 4.2 0
      vertex -14.75 4.2 8.4
      vertex 14.75 4.2 0
    endloop
  endfacet
  facet normal -1 0 0
    outer loop
      vertex -14.75 -4.2 0
      vertex -14.75 -4.2 8.4
      vertex -14.75 4.2 8.4
    endloop
  endfacet
  facet normal 0 0 1
    outer loop
      vertex -14.75 -4.2 8.4
      vertex -13 -3.15 8.4
      vertex -13 -0.9545359952495875 8.4
    endloop
  endfacet
  facet normal 1 0 0
    outer loop
      vertex -13 -3.15 8.05
      vertex -13 -0.9545359952495875 8.3
      vertex -13 -3.15 8.4
    endloop
  endfacet
  facet normal 0 0 1
    outer loop
      vertex -14.75 -4.2 8.4
      vertex -13 -0.9545359952495875 8.4
      vertex -13.014362057556458 -0.9143967333515564 8.4
    endloop
  endfacet
  facet normal 0 0 1
    outer loop
      vertex -14.75 -4.2 8.4
      vertex -13.014362057556458 -0.9143967333515564 8.4
      vertex -13.089473633270176 -0.614534514350804 8.4
    endloop
  endfacet
  facet normal 0 0 1
    outer loop
      vertex -14.75 -4.2 8.4
      vertex -13.089473633270176 -0.614534514350804 8.4
      vertex -13.13483188901742 -0.3087539920381159 8.4
    endloop
  endfacet
  facet normal 0 0 1
    outer loop
      vertex -14.75 -4.2 8.4
      vertex -13.13483188901742 -0.3087539920381159 8.4
      vertex -13.15 0 8.4
    endloop
  endfacet
  facet normal 1 0 0
    outer loop
      vertex -13 -3.15 8.4
      vertex -13 -0.9545359952495875 8.3
      vertex -13 -0.9545359952495875 8.4
    endloop
  endfacet
  facet normal 0 0 1
    outer loop
      vertex -14.75 -4.2 8.4
      vertex -7 -3.15 8.4
      vertex -13 -3.15 8.4
    endloop
  endfacet
  facet normal 0 0 1
    outer loop
      vertex -14.75 -4.2 8.4
      vertex -13 3.15 8.4
      vertex -14.75 4.2 8.4
    endloop
  endfacet
  facet normal 0 0 1
    outer loop
      vertex -14.75 -4.2 8.4
      vertex -13.15 0 8.4
      vertex -13 3.15 8.4
    endloop
  endfacet
  facet normal 1 0 0
    outer loop
      vertex -13 -3.15 8.05
      vertex -13 0.9545359952495875 8.3
      vertex -13 -0.9545359952495875 8.3
    endloop
  endfacet
  facet normal 1 0 0
    outer loop
      vertex -13 -3.15 8.05
      vertex -13 3.15 8.4
      vertex -13 0.9545359952495875 8.3
    endloop
  endfacet
  facet normal 1 0 0
    outer loop
      vertex -13 -3.15 8.05
      vertex -13 3.15 8.05
      vertex -13 3.15 8.4
    endloop
  endfacet
  facet normal 0 0 1
    outer loop
      vertex -13 3.15 8.4
      vertex -13.15 0 8.4
      vertex -13.13483188901742 0.3087539920381159 8.4
    endloop
  endfacet
  facet normal 0 0 1
    outer loop
      vertex -13 3.15 8.4
      vertex -13.13483188901742 0.3087539920381159 8.4
      vertex -13.089473633270176 0.614534514350804 8.4
    endloop
  endfacet
  facet normal 0 0 1
    outer loop
      vertex -13 3.15 8.4
      vertex -13.089473633270176 0.614534514350804 8.4
      vertex -13.014362057556458 0.9143967333515564 8.4
    endloop
  endfacet
  facet normal 1 0 0
    outer loop
      vertex -13 3.15 8.4
      vertex -13 0.9545359952495875 8.4
      vertex -13 0.9545359952495875 8.3
    endloop
  endfacet
  facet normal 0 0 1
    outer loop
      vertex -13 3.15 8.4
      vertex -13.014362057556458 0.9143967333515564 8.4
      vertex -13 0.9545359952495875 8.4
    endloop
  endfacet
  facet normal 0 0 1
    outer loop
      vertex -13 3.15 8.4
      vertex -7 3.15 8.4
      vertex -14.75 4.2 8.4
    endloop
  endfacet
  facet normal 0 1 0
    outer loop
      vertex -13 -3.15 8.05
      vertex -13 -3.15 8.4
      vertex -7 -3.15 8.05
    endloop
  endfacet
  facet normal 0 1 0
    outer loop
      vertex -7 -3.15 8.05
      vertex -13 -3.15 8.4
      vertex -7 -3.15 8.4
    endloop
  endfacet
  facet normal -1 0 0
    outer loop
      vertex -7 -3.15 8.4
      vertex -7 -0.9545359952495875 8.4
      vertex -7 -0.9545359952495875 8.3
    endloop
  endfacet
  facet normal 0 0 1
    outer loop
      vertex -13 -3.15 8.05
      vertex -7 3.15 8.05
      vertex -13 3.15 8.05
    endloop
  endfacet
  facet normal 0 0 1
    outer loop
      vertex -13 -3.15 8.05
      vertex -7 -3.15 8.05
      vertex -7 3.15 8.05
    endloop
  endfacet
  facet normal 0 -1 0
    outer loop
      vertex -13 3.15 8.05
      vertex -7 3.15 8.4
      vertex -13 3.15 8.4
    endloop
  endfacet
  facet normal 0 -1 0
    outer loop
      vertex -13 3.15 8.05
      vertex -7 3.15 8.05
      vertex -7 3.15 8.4
    endloop
  endfacet
  facet normal -1 0 0
    outer loop
      vertex -7 -3.15 8.05
      vertex -7 -3.15 8.4
      vertex -7 3.15 8.05
    endloop
  endfacet
  facet normal -1 0 0
    outer loop
      vertex -7 -3.15 8.4
      vertex -7 -0.9545359952495875 8.3
      vertex -7 3.15 8.05
    endloop
  endfacet
  facet normal -1 0 0
    outer loop
      vertex -7 3.15 8.05
      vertex -7 -0.9545359952495875 8.3
      vertex -7 0.9545359952495875 8.3
    endloop
  endfacet
  facet normal -1 0 0
    outer loop
      vertex -7 3.15 8.4
      vertex -7 0.9545359952495875 8.3
      vertex -7 0.9545359952495875 8.4
    endloop
  endfacet
  facet normal -1 0 0
    outer loop
      vertex -7 3.15 8.05
      vertex -7 0.9545359952495875 8.3
      vertex -7 3.15 8.4
    endloop
  endfacet
  facet normal 0 -1 0
    outer loop
      vertex -14.75 -4.2 0
      vertex 14.75 -4.2 8.4
      vertex -14.75 -4.2 8.4
    endloop
  endfacet
  facet normal 0 0 1
    outer loop
      vertex -14.75 -4.2 8.4
      vertex 7 -3.15 8.4
      vertex -7 -3.15 8.4
    endloop
  endfacet
  facet normal 0 0 1
    outer loop
      vertex -7 -3.15 8.4
      vertex 7 3.15 8.4
      vertex -7 -0.9545359952495875 8.4
    endloop
  endfacet
  facet normal 0 0 1
    outer loop
      vertex 7 3.15 8.4
      vertex -6.985637942443542 -0.9143967333515564 8.4
      vertex -7 -0.9545359952495875 8.4
    endloop
  endfacet
  facet normal 0 0 1
    outer loop
      vertex 7 3.15 8.4
      vertex -6.910526366729824 -0.614534514350804 8.4
      vertex -6.985637942443542 -0.9143967333515564 8.4
    endloop
  endfacet
  facet normal 0 0 1
    outer loop
      vertex 7 3.15 8.4
      vertex -6.86516811098258 -0.3087539920381159 8.4
      vertex -6.910526366729824 -0.614534514350804 8.4
    endloop
  endfacet
  facet normal 0 0 1
    outer loop
      vertex 7 3.15 8.4
      vertex -6.85 0 8.4
      vertex -6.86516811098258 -0.3087539920381159 8.4
    endloop
  endfacet
  facet normal 0 0 1
    outer loop
      vertex 7 3.15 8.4
      vertex -6.86516811098258 0.3087539920381159 8.4
      vertex -6.85 0 8.4
    endloop
  endfacet
  facet normal 0 0 1
    outer loop
      vertex 7 3.15 8.4
      vertex -6.985637942443542 0.9143967333515564 8.4
      vertex -6.910526366729824 0.614534514350804 8.4
    endloop
  endfacet
  facet normal 0 0 1
    outer loop
      vertex 7 3.15 8.4
      vertex -6.910526366729824 0.614534514350804 8.4
      vertex -6.86516811098258 0.3087539920381159 8.4
    endloop
  endfacet
  facet normal 0 0 1
    outer loop
      vertex 7 3.15 8.4
      vertex -7 0.9545359952495875 8.4
      vertex -6.985637942443542 0.9143967333515564 8.4
    endloop
  endfacet
  facet normal 0 0 1
    outer loop
      vertex -7 3.15 8.4
      vertex -7 0.9545359952495875 8.4
      vertex 7 3.15 8.4
    endloop
  endfacet
  facet normal 0 0 1
    outer loop
      vertex -14.75 4.2 8.4
      vertex -7 3.15 8.4
      vertex 14.75 4.2 8.4
    endloop
  endfacet
  facet normal 0 0 -1
    outer loop
      vertex 14.75 4.2 0
      vertex -0.1898115254237327 -4.2 0
      vertex -5.049999999999999 -4.2 0
    endloop
  endfacet
  facet normal 0 -1 0
    outer loop
      vertex -3.8499999999999996 -4.2 2
      vertex 3.8499999999999996 -4.2 2
      vertex 3.8499999999999996 -4.2 2.5
    endloop
  endfacet
  facet normal 0 -1 0
    outer loop
      vertex 14.75 -4.2 0
      vertex 5.05 -4.2 1.008
      vertex 5.05 -4.2 0
    endloop
  endfacet
  facet normal 0 -1 0
    outer loop
      vertex 14.75 -4.2 0
      vertex 5.05 -4.2 1.2
      vertex 5.05 -4.2 1.008
    endloop
  endfacet
  facet normal 0 0 -1
    outer loop
      vertex 14.75 4.2 0
      vertex 4.824620823244552 -4.2 0
      vertex -0.1898115254237327 -4.2 0
    endloop
  endfacet
  facet normal 0 0 -1
    outer loop
      vertex 5.05 -4.2 0
      vertex 4.824620823244552 -4.2 0
      vertex 14.75 -2 0
    endloop
  endfacet
  facet normal 0 -1 0
    outer loop
      vertex 14.75 -4.2 0
      vertex 5.05 -4.2 2.5
      vertex 5.05 -4.2 1.2
    endloop
  endfacet
  facet normal 0 -1 0
    outer loop
      vertex 14.75 -4.2 8.4
      vertex -5.05 -4.2 2.5
      vertex -3.8499999999999996 -4.2 2.5
    endloop
  endfacet
  facet normal 0 -1 0
    outer loop
      vertex 14.75 -4.2 8.4
      vertex -3.8499999999999996 -4.2 2.5
      vertex -3.8499999999999996 -4.2 2
    endloop
  endfacet
  facet normal 0 -1 0
    outer loop
      vertex 14.75 -4.2 8.4
      vertex -3.8499999999999996 -4.2 2
      vertex 3.8499999999999996 -4.2 2.5
    endloop
  endfacet
  facet normal 0 -1 0
    outer loop
      vertex 14.75 -4.2 8.4
      vertex 3.8499999999999996 -4.2 2.5
      vertex 5.05 -4.2 2.5
    endloop
  endfacet
  facet normal 0 0 -1
    outer loop
      vertex 14.75 -4.2 0
      vertex 5.05 -4.2 0
      vertex 14.75 -2 0
    endloop
  endfacet
  facet normal 0 0 -1
    outer loop
      vertex 14.75 2 0
      vertex 14.75 -2 0
      vertex 4.824620823244552 -4.2 0
    endloop
  endfacet
  facet normal 1 0 0
    outer loop
      vertex 14.75 -4.2 0
      vertex 14.75 -2 0
      vertex 14.75 -2 2
    endloop
  endfacet
  facet normal 0 0 -1
    outer loop
      vertex 14.75 4.2 0
      vertex 14.75 2 0
      vertex 4.824620823244552 -4.2 0
    endloop
  endfacet
  facet normal 1 0 0
    outer loop
      vertex 14.75 4.2 0
      vertex 14.75 2 2
      vertex 14.75 2 0
    endloop
  endfacet
  facet normal 0 -1 0
    outer loop
      vertex 14.75 -4.2 0
      vertex 14.75 -4.2 8.4
      vertex 5.05 -4.2 2.5
    endloop
  endfacet
  facet normal 1 0 0
    outer loop
      vertex 14.75 -4.2 0
      vertex 14.75 -2 2
      vertex 14.75 -4.2 8.4
    endloop
  endfacet
  facet normal 1 0 0
    outer loop
      vertex 14.75 -4.2 8.4
      vertex 14.75 -2 2
      vertex 14.75 2 2
    endloop
  endfacet
  facet normal 1 0 0
    outer loop
      vertex 14.75 -4.2 8.4
      vertex 14.75 2 2
      vertex 14.75 4.2 0
    endloop
  endfacet
  facet normal 0 0 1
    outer loop
      vertex -14.75 -4.2 8.4
      vertex 14.75 -4.2 8.4
      vertex 7 -3.15 8.4
    endloop
  endfacet
  facet normal 0 0 1
    outer loop
      vertex -7 -3.15 8.4
      vertex 7 -3.15 8.4
      vertex 7 -0.9545359952495875 8.4
    endloop
  endfacet
  facet normal 0 0 1
    outer loop
      vertex -7 -3.15 8.4
      vertex 7 -0.9545359952495875 8.4
      vertex 6.985637942443542 -0.9143967333515564 8.4
    endloop
  endfacet
  facet normal 0 0 1
    outer loop
      vertex -7 -3.15 8.4
      vertex 6.985637942443542 -0.9143967333515564 8.4
      vertex 6.910526366729824 -0.614534514350804 8.4
    endloop
  endfacet
  facet normal 0 0 1
    outer loop
      vertex -7 -3.15 8.4
      vertex 6.910526366729824 -0.614534514350804 8.4
      vertex 6.86516811098258 -0.3087539920381159 8.4
    endloop
  endfacet
  facet normal 0 0 1
    outer loop
      vertex -7 -3.15 8.4
      vertex 6.86516811098258 -0.3087539920381159 8.4
      vertex 6.85 0 8.4
    endloop
  endfacet
  facet normal 0 1 0
    outer loop
      vertex -14.75 4.2 8.4
      vertex 14.75 4.2 8.4
      vertex 14.75 4.2 0
    endloop
  endfacet
  facet normal 0 0 1
    outer loop
      vertex -7 -3.15 8.4
      vertex 6.85 0 8.4
      vertex 6.86516811098258 0.3087539920381159 8.4
    endloop
  endfacet
  facet normal 0 0 1
    outer loop
      vertex -7 -3.15 8.4
      vertex 6.86516811098258 0.3087539920381159 8.4
      vertex 6.910526366729824 0.614534514350804 8.4
    endloop
  endfacet
  facet normal 0 0 1
    outer loop
      vertex -7 -3.15 8.4
      vertex 6.910526366729824 0.614534514350804 8.4
      vertex 6.985637942443542 0.9143967333515564 8.4
    endloop
  endfacet
  facet normal 0 0 1
    outer loop
      vertex -7 -3.15 8.4
      vertex 6.985637942443542 0.9143967333515564 8.4
      vertex 7 0.9545359952495875 8.4
    endloop
  endfacet
  facet normal 0 0 1
    outer loop
      vertex -7 -3.15 8.4
      vertex 7 0.9545359952495875 8.4
      vertex 7 3.15 8.4
    endloop
  endfacet
  facet normal 0 0 1
    outer loop
      vertex -7 3.15 8.4
      vertex 7 3.15 8.4
      vertex 14.75 4.2 8.4
    endloop
  endfacet
  facet normal 1 0 0
    outer loop
      vertex 7 -3.15 8.05
      vertex 7 -0.9545359952495875 8.3
      vertex 7 -3.15 8.4
    endloop
  endfacet
  facet normal 1 0 0
    outer loop
      vertex 7 -3.15 8.4
      vertex 7 -0.9545359952495875 8.3
      vertex 7 -0.9545359952495875 8.4
    endloop
  endfacet
  facet normal 0 1 0
    outer loop
      vertex 7 -3.15 8.05
      vertex 7 -3.15 8.4
      vertex 13 -3.15 8.05
    endloop
  endfacet
  facet normal 0 1 0
    outer loop
      vertex 7 -3.15 8.4
      vertex 13 -3.15 8.4
      vertex 13 -3.15 8.05
    endloop
  endfacet
  facet normal 1 0 0
    outer loop
      vertex 7 -3.15 8.05
      vertex 7 0.9545359952495875 8.3
      vertex 7 -0.9545359952495875 8.3
    endloop
  endfacet
  facet normal 1 0 0
    outer loop
      vertex 7 -3.15 8.05
      vertex 7 3.15 8.4
      vertex 7 0.9545359952495875 8.3
    endloop
  endfacet
  facet normal 1 0 0
    outer loop
      vertex 7 -3.15 8.05
      vertex 7 3.15 8.05
      vertex 7 3.15 8.4
    endloop
  endfacet
  facet normal 1 0 0
    outer loop
      vertex 7 3.15 8.4
      vertex 7 0.9545359952495875 8.4
      vertex 7 0.9545359952495875 8.3
    endloop
  endfacet
  facet normal 0 0 1
    outer loop
      vertex 7 -3.15 8.05
      vertex 13 3.15 8.05
      vertex 7 3.15 8.05
    endloop
  endfacet
  facet normal 0 0 1
    outer loop
      vertex 7 -3.15 8.05
      vertex 13 -3.15 8.05
      vertex 13 3.15 8.05
    endloop
  endfacet
  facet normal 0 -1 0
    outer loop
      vertex 7 3.15 8.05
      vertex 13 3.15 8.4
      vertex 7 3.15 8.4
    endloop
  endfacet
  facet normal 0 -1 0
    outer loop
      vertex 7 3.15 8.05
      vertex 13 3.15 8.05
      vertex 13 3.15 8.4
    endloop
  endfacet
  facet normal 0 0 1
    outer loop
      vertex 7 -3.15 8.4
      vertex 14.75 -4.2 8.4
      vertex 13 -3.15 8.4
    endloop
  endfacet
  facet normal -1 0 0
    outer loop
      vertex 13 -3.15 8.4
      vertex 13 -0.9545359952495875 8.4
      vertex 13 -0.9545359952495875 8.3
    endloop
  endfacet
  facet normal 0 0 1
    outer loop
      vertex 13 -3.15 8.4
      vertex 13.014362057556458 -0.9143967333515564 8.4
      vertex 13 -0.9545359952495875 8.4
    endloop
  endfacet
  facet normal 0 0 1
    outer loop
      vertex 13 -3.15 8.4
      vertex 13.089473633270176 -0.614534514350804 8.4
      vertex 13.014362057556458 -0.9143967333515564 8.4
    endloop
  endfacet
  facet normal 0 0 1
    outer loop
      vertex 13 -3.15 8.4
      vertex 13.13483188901742 -0.3087539920381159 8.4
      vertex 13.089473633270176 -0.614534514350804 8.4
    endloop
  endfacet
  facet normal 0 0 1
    outer loop
      vertex 13 -3.15 8.4
      vertex 13.15 0 8.4
      vertex 13.13483188901742 -0.3087539920381159 8.4
    endloop
  endfacet
  facet normal 1 0 0
    outer loop
      vertex 14.75 -4.2 8.4
      vertex 14.75 4.2 0
      vertex 14.75 4.2 8.4
    endloop
  endfacet
  facet normal -1 0 0
    outer loop
      vertex 13 -3.15 8.05
      vertex 13 -3.15 8.4
      vertex 13 3.15 8.05
    endloop
  endfacet
  facet normal -1 0 0
    outer loop
      vertex 13 -3.15 8.4
      vertex 13 -0.9545359952495875 8.3
      vertex 13 3.15 8.05
    endloop
  endfacet
  facet normal -1 0 0
    outer loop
      vertex 13 3.15 8.05
      vertex 13 -0.9545359952495875 8.3
      vertex 13 0.9545359952495875 8.3
    endloop
  endfacet
  facet normal 0 0 1
    outer loop
      vertex 13 -3.15 8.4
      vertex 14.75 4.2 8.4
      vertex 13.15 0 8.4
    endloop
  endfacet
  facet normal 0 0 1
    outer loop
      vertex 14.75 4.2 8.4
      vertex 13.13483188901742 0.3087539920381159 8.4
      vertex 13.15 0 8.4
    endloop
  endfacet
  facet normal 0 0 1
    outer loop
      vertex 13 3.15 8.4
      vertex 14.75 4.2 8.4
      vertex 7 3.15 8.4
    endloop
  endfacet
  facet normal -1 0 0
    outer loop
      vertex 13 3.15 8.4
      vertex 13 0.9545359952495875 8.3
      vertex 13 0.9545359952495875 8.4
    endloop
  endfacet
  facet normal -1 0 0
    outer loop
      vertex 13 3.15 8.05
      vertex 13 0.9545359952495875 8.3
      vertex 13 3.15 8.4
    endloop
  endfacet
  facet normal 0 0 1
    outer loop
      vertex 14.75 4.2 8.4
      vertex 13.089473633270176 0.614534514350804 8.4
      vertex 13.13483188901742 0.3087539920381159 8.4
    endloop
  endfacet
  facet normal 0 0 1
    outer loop
      vertex 14.75 4.2 8.4
      vertex 13.014362057556458 0.9143967333515564 8.4
      vertex 13.089473633270176 0.614534514350804 8.4
    endloop
  endfacet
  facet normal 0 0 1
    outer loop
      vertex 14.75 4.2 8.4
      vertex 13 0.9545359952495875 8.4
      vertex 13.014362057556458 0.9143967333515564 8.4
    endloop
  endfacet
  facet normal 0 0 1
    outer loop
      vertex 13 3.15 8.4
      vertex 13 0.9545359952495875 8.4
      vertex 14.75 4.2 8.4
    endloop
  endfacet
  facet normal 0 0 1
    outer loop
      vertex 14.75 -4.2 8.4
      vertex 14.75 4.2 8.4
      vertex 13 -3.15 8.4
    endloop
  endfacet
  facet normal 0 0 -1
    outer loop
      vertex -20.26773776309749 -3.3072047413063315 0
      vertex -19.91107402295737 -0.7542347789215963 0
      vertex -19.935062871369087 -3.4645482469173254 0
    endloop
  endfacet
  facet normal 0 0 -1
    outer loop
      vertex -19.935062871369087 -3.4645482469173254 0
      vertex -19.515029254661833 -1.2368167253803792 0
      vertex -19.588567539704233 -3.588526258995783 0
    endloop
  endfacet
  facet normal 0 0 -1
    outer loop
      vertex -19.935062871369087 -3.4645482469173254 0
      vertex -19.83035137968407 -0.8889123728313635 0
      vertex -19.73681672538038 -1.015029254661833 0
    endloop
  endfacet
  facet normal 0 0 -1
    outer loop
      vertex -19.935062871369087 -3.4645482469173254 0
      vertex -19.631370849898477 -1.1313708498984762 0
      vertex -19.515029254661833 -1.2368167253803792 0
    endloop
  endfacet
  facet normal 0 0 -1
    outer loop
      vertex -19.935062871369087 -3.4645482469173254 0
      vertex -19.73681672538038 -1.015029254661833 0
      vertex -19.631370849898477 -1.1313708498984762 0
    endloop
  endfacet
  facet normal 0 0 -1
    outer loop
      vertex -19.588567539704233 -3.588526258995783 0
      vertex -19.515029254661833 -1.2368167253803792 0
      vertex -19.388912372831363 -1.3303513796840725 0
    endloop
  endfacet
  facet normal 0 0 -1
    outer loop
      vertex -20.26773776309749 -3.3072047413063315 0
      vertex -20.031104537171533 -0.46445548360713973 0
      vertex -19.97820725201806 -0.6122934917841437 0
    endloop
  endfacet
  facet normal 0 0 -1
    outer loop
      vertex -20.26773776309749 -3.3072047413063315 0
      vertex -19.97820725201806 -0.6122934917841437 0
      vertex -19.91107402295737 -0.7542347789215963 0
    endloop
  endfacet
  facet normal 0 0 -1
    outer loop
      vertex -19.935062871369087 -3.4645482469173254 0
      vertex -19.91107402295737 -0.7542347789215963 0
      vertex -19.83035137968407 -0.8889123728313635 0
    endloop
  endfacet
  facet normal 0 0 -1
    outer loop
      vertex -20.26773776309749 -3.3072047413063315 0
      vertex -20.06925644864517 -0.3121445152258052 0
      vertex -20.031104537171533 -0.46445548360713973 0
    endloop
  endfacet
  facet normal 0 0 -1
    outer loop
      vertex -20.26773776309749 -3.3072047413063315 0
      vertex -20.092295562675517 -0.15682742452729698 0
      vertex -20.06925644864517 -0.3121445152258052 0
    endloop
  endfacet
  facet normal 0 0 -1
    outer loop
      vertex -20.26773776309749 -3.3072047413063315 0
      vertex -20.1 0 0
      vertex -20.092295562675517 -0.15682742452729698 0
    endloop
  endfacet
  facet normal -0.7409511253549572 -0.6715589548470206 0
    outer loop
      vertex -21.398789200110265 -2.3789748156136707 0
      vertex -21.151650429449553 -2.6516504294495533 0
      vertex -21.398789200110265 -2.3789748156136707 2
    endloop
  endfacet
  facet normal -0.6715589548470179 -0.7409511253549595 0
    outer loop
      vertex -20.87897481561367 -2.8987892001102638 0
      vertex -20.87897481561367 -2.8987892001102638 2
      vertex -21.151650429449553 -2.6516504294495533 0
    endloop
  endfacet
  facet normal -0.8577286100002705 -0.5141027441932242 0
    outer loop
      vertex -21.618011046134544 -2.0833883738235084 0
      vertex -21.807204741306332 -1.767737763097491 2
      vertex -21.807204741306332 -1.767737763097491 0
    endloop
  endfacet
  facet normal -0.9039892931234451 -0.4275550934302783 0
    outer loop
      vertex -21.807204741306332 -1.767737763097491 0
      vertex -21.964548246917325 -1.4350628713690867 2
      vertex -21.964548246917325 -1.4350628713690867 0
    endloop
  endfacet
  facet normal -0.9415440651830188 -0.3368898533922253 0
    outer loop
      vertex -21.964548246917325 -1.4350628713690867 0
      vertex -22.088526258995785 -1.0885675397042338 2
      vertex -22.088526258995785 -1.0885675397042338 0
    endloop
  endfacet
  facet normal -0.8032075314806474 -0.59569930449243 0
    outer loop
      vertex -21.618011046134544 -2.0833883738235084 0
      vertex -21.398789200110265 -2.3789748156136707 0
      vertex -21.618011046134544 -2.0833883738235084 2
    endloop
  endfacet
  facet normal -0.595699304492436 -0.8032075314806429 0
    outer loop
      vertex -20.87897481561367 -2.8987892001102638 0
      vertex -20.58338837382351 -3.1180110461345447 0
      vertex -20.58338837382351 -3.1180110461345447 2
    endloop
  endfacet
  facet normal -0.5141027441932177 -0.8577286100002746 0
    outer loop
      vertex -20.58338837382351 -3.1180110461345447 0
      vertex -20.26773776309749 -3.3072047413063315 0
      vertex -20.26773776309749 -3.3072047413063315 2
    endloop
  endfacet
  facet normal -0.42755509343028464 -0.9039892931234422 0
    outer loop
      vertex -20.26773776309749 -3.3072047413063315 0
      vertex -19.935062871369087 -3.4645482469173254 0
      vertex -19.935062871369087 -3.4645482469173254 2
    endloop
  endfacet
  facet normal -0.3368898533922174 -0.9415440651830217 0
    outer loop
      vertex -19.935062871369087 -3.4645482469173254 0
      vertex -19.588567539704233 -3.588526258995783 0
      vertex -19.588567539704233 -3.588526258995783 2
    endloop
  endfacet
  facet normal 0.5956993044924319 0.8032075314806457 0
    outer loop
      vertex -19.515029254661833 -1.2368167253803792 0
      vertex -19.515029254661833 -1.2368167253803792 2
      vertex -19.388912372831363 -1.3303513796840725 0
    endloop
  endfacet
  facet normal 0.6715589548470149 0.7409511253549623 0
    outer loop
      vertex -19.515029254661833 -1.2368167253803792 0
      vertex -19.631370849898477 -1.1313708498984762 0
      vertex -19.631370849898477 -1.1313708498984762 2
    endloop
  endfacet
  facet normal -0.14673047445536375 -0.9891765099647807 0
    outer loop
      vertex -19.23158870756048 -3.677944801512114 0
      vertex -18.867564276235854 -3.7319427250207386 0
      vertex -18.867564276235854 -3.7319427250207386 2
    endloop
  endfacet
  facet normal -0.04906767432741696 -0.9987954562051725 0
    outer loop
      vertex -18.867564276235854 -3.7319427250207386 0
      vertex -18.5 -3.75 0
      vertex -18.5 -3.75 2
    endloop
  endfacet
  facet normal 0.04906767432741696 -0.9987954562051725 0
    outer loop
      vertex -18.5 -3.75 0
      vertex -18.132435723764146 -3.7319427250207386 0
      vertex -18.132435723764146 -3.7319427250207386 2
    endloop
  endfacet
  facet normal 0 0 -1
    outer loop
      vertex -19.588567539704233 -3.588526258995783 0
      vertex -19.112293491784143 -1.478207252018059 0
      vertex -19.23158870756048 -3.677944801512114 0
    endloop
  endfacet
  facet normal 0 0 -1
    outer loop
      vertex -19.23158870756048 -3.677944801512114 0
      vertex -18.812144515225807 -1.5692564486451688 0
      vertex -18.867564276235854 -3.7319427250207386 0
    endloop
  endfacet
  facet normal 0 0 -1
    outer loop
      vertex -18.867564276235854 -3.7319427250207386 0
      vertex -18.5 -2 0
      vertex -18.5 -3.75 0
    endloop
  endfacet
  facet normal 0 0 -1
    outer loop
      vertex -18.867564276235854 -3.7319427250207386 0
      vertex -18.656827424527297 -1.592295562675515 0
      vertex -18.5 -2 0
    endloop
  endfacet
  facet normal 0 0 -1
    outer loop
      vertex -19.588567539704233 -3.588526258995783 0
      vertex -19.388912372831363 -1.3303513796840725 0
      vertex -19.254234778921596 -1.4110740229573682 0
    endloop
  endfacet
  facet normal 0 0 -1
    outer loop
      vertex -19.588567539704233 -3.588526258995783 0
      vertex -19.254234778921596 -1.4110740229573682 0
      vertex -19.112293491784143 -1.478207252018059 0
    endloop
  endfacet
  facet normal 0 0 -1
    outer loop
      vertex -19.23158870756048 -3.677944801512114 0
      vertex -19.112293491784143 -1.478207252018059 0
      vertex -18.96445548360714 -1.5311045371715342 0
    endloop
  endfacet
  facet normal 0 0 -1
    outer loop
      vertex -19.23158870756048 -3.677944801512114 0
      vertex -18.96445548360714 -1.5311045371715342 0
      vertex -18.812144515225807 -1.5692564486451688 0
    endloop
  endfacet
  facet normal 0 0 -1
    outer loop
      vertex -18.867564276235854 -3.7319427250207386 0
      vertex -18.812144515225807 -1.5692564486451688 0
      vertex -18.656827424527297 -1.592295562675515 0
    endloop
  endfacet
  facet normal 0 0 -1
    outer loop
      vertex -18.5 -2 0
      vertex -18.656827424527297 -1.592295562675515 0
      vertex -18.5 -1.6 0
    endloop
  endfacet
  facet normal 0 0 -1
    outer loop
      vertex -18.5 -2 0
      vertex -18.5 -1.6 0
      vertex -18.343172575472703 -1.592295562675515 0
    endloop
  endfacet
  facet normal 0 0 -1
    outer loop
      vertex -18.5 -2 0
      vertex -18.343172575472703 -1.592295562675515 0
      vertex -18.187855484774193 -1.5692564486451688 0
    endloop
  endfacet
  facet normal 0 0 -1
    outer loop
      vertex -18.5 -2 0
      vertex -18.187855484774193 -1.5692564486451688 0
      vertex -18.03554451639286 -1.5311045371715342 0
    endloop
  endfacet
  facet normal 0 0 -1
    outer loop
      vertex -18.5 -2 0
      vertex -18.03554451639286 -1.5311045371715342 0
      vertex -17.887706508215857 -1.478207252018059 0
    endloop
  endfacet
  facet normal 0 0 -1
    outer loop
      vertex -18.5 -3.75 0
      vertex -18.5 -2 0
      vertex -15.332007886058399 -2 0
    endloop
  endfacet
  facet normal 0 0 -1
    outer loop
      vertex -18.5 -3.75 0
      vertex -15.332007886058399 -2 0
      vertex -18.132435723764146 -3.7319427250207386 0
    endloop
  endfacet
  facet normal 0 0 -1
    outer loop
      vertex -18.132435723764146 -3.7319427250207386 0
      vertex -15.332007886058399 -2 0
      vertex -17.76841129243952 -3.677944801512114 0
    endloop
  endfacet
  facet normal 0 0 -1
    outer loop
      vertex -17.76841129243952 -3.677944801512114 0
      vertex -15.332007886058399 -2 0
      vertex -17.411432460295767 -3.588526258995783 0
    endloop
  endfacet
  facet normal 0 0 -1
    outer loop
      vertex -18.5 -2 0
      vertex -17.887706508215857 -1.478207252018059 0
      vertex -17.745765221078404 -1.4110740229573682 0
    endloop
  endfacet
  facet normal 0 0 -1
    outer loop
      vertex -18.5 -2 0
      vertex -17.745765221078404 -1.4110740229573682 0
      vertex -17.611087627168637 -1.3303513796840725 0
    endloop
  endfacet
  facet normal 0 0 -1
    outer loop
      vertex -18.5 -2 0
      vertex -17.611087627168637 -1.3303513796840725 0
      vertex -17.484970745338167 -1.2368167253803792 0
    endloop
  endfacet
  facet normal 0 0 -1
    outer loop
      vertex -18.5 -2 0
      vertex -17.484970745338167 -1.2368167253803792 0
      vertex -15.332007886058399 -2 0
    endloop
  endfacet
  facet normal -0.24298017990326456 -0.9700312531945438 0
    outer loop
      vertex -19.588567539704233 -3.588526258995783 0
      vertex -19.23158870756048 -3.677944801512114 0
      vertex -19.23158870756048 -3.677944801512114 2
    endloop
  endfacet
  facet normal 0.4275550934302821 0.9039892931234434 0
    outer loop
      vertex -19.112293491784143 -1.478207252018059 0
      vertex -19.254234778921596 -1.4110740229573682 0
      vertex -19.254234778921596 -1.4110740229573682 2
    endloop
  endfacet
  facet normal 0.5141027441932213 0.8577286100002723 0
    outer loop
      vertex -19.388912372831363 -1.3303513796840725 0
      vertex -19.388912372831363 -1.3303513796840725 2
      vertex -19.254234778921596 -1.4110740229573682 0
    endloop
  endfacet
  facet normal 0.3368898533922189 0.9415440651830214 0
    outer loop
      vertex -19.112293491784143 -1.478207252018059 0
      vertex -19.112293491784143 -1.478207252018059 2
      vertex -18.96445548360714 -1.5311045371715342 0
    endloop
  endfacet
  facet normal 0.2429801799032676 0.970031253194543 0
    outer loop
      vertex -18.96445548360714 -1.5311045371715342 0
      vertex -18.96445548360714 -1.5311045371715342 2
      vertex -18.812144515225807 -1.5692564486451688 0
    endloop
  endfacet
  facet normal 0.14673047445536003 0.9891765099647812 0
    outer loop
      vertex -18.812144515225807 -1.5692564486451688 0
      vertex -18.812144515225807 -1.5692564486451688 2
      vertex -18.656827424527297 -1.592295562675515 0
    endloop
  endfacet
  facet normal 0.04906767432741823 0.9987954562051724 0
    outer loop
      vertex -18.656827424527297 -1.592295562675515 0
      vertex -18.656827424527297 -1.592295562675515 2
      vertex -18.5 -1.6 0
    endloop
  endfacet
  facet normal -0.04906767432741823 0.9987954562051724 0
    outer loop
      vertex -18.5 -1.6 0
      vertex -18.5 -1.6 2
      vertex -18.343172575472703 -1.592295562675515 0
    endloop
  endfacet
  facet normal -0.14673047445536003 0.9891765099647812 0
    outer loop
      vertex -18.343172575472703 -1.592295562675515 0
      vertex -18.343172575472703 -1.592295562675515 2
      vertex -18.187855484774193 -1.5692564486451688 0
    endloop
  endfacet
  facet normal -0.2429801799032676 0.970031253194543 0
    outer loop
      vertex -18.187855484774193 -1.5692564486451688 0
      vertex -18.187855484774193 -1.5692564486451688 2
      vertex -18.03554451639286 -1.5311045371715342 0
    endloop
  endfacet
  facet normal 0.14673047445536375 -0.9891765099647807 0
    outer loop
      vertex -18.132435723764146 -3.7319427250207386 0
      vertex -17.76841129243952 -3.677944801512114 0
      vertex -17.76841129243952 -3.677944801512114 2
    endloop
  endfacet
  facet normal 0.24298017990326456 -0.9700312531945438 0
    outer loop
      vertex -17.76841129243952 -3.677944801512114 0
      vertex -17.411432460295767 -3.588526258995783 0
      vertex -17.411432460295767 -3.588526258995783 2
    endloop
  endfacet
  facet normal 0.3368898533922174 -0.9415440651830217 0
    outer loop
      vertex -17.411432460295767 -3.588526258995783 0
      vertex -17.064937128630913 -3.4645482469173254 0
      vertex -17.064937128630913 -3.4645482469173254 2
    endloop
  endfacet
  facet normal 0.42755509343028464 -0.9039892931234422 0
    outer loop
      vertex -17.064937128630913 -3.4645482469173254 0
      vertex -16.73226223690251 -3.3072047413063315 0
      vertex -16.73226223690251 -3.3072047413063315 2
    endloop
  endfacet
  facet normal -0.3368898533922189 0.9415440651830214 0
    outer loop
      vertex -18.03554451639286 -1.5311045371715342 0
      vertex -18.03554451639286 -1.5311045371715342 2
      vertex -17.887706508215857 -1.478207252018059 0
    endloop
  endfacet
  facet normal -0.4275550934302821 0.9039892931234434 0
    outer loop
      vertex -17.887706508215857 -1.478207252018059 0
      vertex -17.887706508215857 -1.478207252018059 2
      vertex -17.745765221078404 -1.4110740229573682 0
    endloop
  endfacet
  facet normal -0.5141027441932213 0.8577286100002723 0
    outer loop
      vertex -17.745765221078404 -1.4110740229573682 0
      vertex -17.745765221078404 -1.4110740229573682 2
      vertex -17.611087627168637 -1.3303513796840725 0
    endloop
  endfacet
  facet normal -0.5956993044924319 0.8032075314806457 0
    outer loop
      vertex -17.611087627168637 -1.3303513796840725 0
      vertex -17.611087627168637 -1.3303513796840725 2
      vertex -17.484970745338167 -1.2368167253803792 0
    endloop
  endfacet
  facet normal -0.6715589548470149 0.7409511253549623 0
    outer loop
      vertex -17.484970745338167 -1.2368167253803792 0
      vertex -17.484970745338167 -1.2368167253803792 2
      vertex -17.368629150101523 -1.1313708498984762 0
    endloop
  endfacet
  facet normal -0.740951125354964 0.671558954847013 0
    outer loop
      vertex -17.368629150101523 -1.1313708498984762 0
      vertex -17.368629150101523 -1.1313708498984762 2
      vertex -17.26318327461962 -1.015029254661833 0
    endloop
  endfacet
  facet normal -0.7409511253549572 -0.6715589548470206 0
    outer loop
      vertex -21.151650429449553 -2.6516504294495533 0
      vertex -21.151650429449553 -2.6516504294495533 2
      vertex -21.398789200110265 -2.3789748156136707 2
    endloop
  endfacet
  facet normal -0.6715589548470179 -0.7409511253549595 0
    outer loop
      vertex -21.151650429449553 -2.6516504294495533 0
      vertex -20.87897481561367 -2.8987892001102638 2
      vertex -21.151650429449553 -2.6516504294495533 2
    endloop
  endfacet
  facet normal -0.8577286100002705 -0.5141027441932242 0
    outer loop
      vertex -21.618011046134544 -2.0833883738235084 0
      vertex -21.618011046134544 -2.0833883738235084 2
      vertex -21.807204741306332 -1.767737763097491 2
    endloop
  endfacet
  facet normal -0.9415440651830188 -0.3368898533922253 0
    outer loop
      vertex -21.964548246917325 -1.4350628713690867 0
      vertex -21.964548246917325 -1.4350628713690867 2
      vertex -22.088526258995785 -1.0885675397042338 2
    endloop
  endfacet
  facet normal -0.9039892931234451 -0.4275550934302783 0
    outer loop
      vertex -21.807204741306332 -1.767737763097491 0
      vertex -21.807204741306332 -1.767737763097491 2
      vertex -21.964548246917325 -1.4350628713690867 2
    endloop
  endfacet
  facet normal -0.8032075314806474 -0.59569930449243 0
    outer loop
      vertex -21.398789200110265 -2.3789748156136707 0
      vertex -21.398789200110265 -2.3789748156136707 2
      vertex -21.618011046134544 -2.0833883738235084 2
    endloop
  endfacet
  facet normal -0.5141027441932177 -0.8577286100002746 0
    outer loop
      vertex -20.58338837382351 -3.1180110461345447 0
      vertex -20.26773776309749 -3.3072047413063315 2
      vertex -20.58338837382351 -3.1180110461345447 2
    endloop
  endfacet
  facet normal -0.595699304492436 -0.8032075314806429 0
    outer loop
      vertex -20.87897481561367 -2.8987892001102638 0
      vertex -20.58338837382351 -3.1180110461345447 2
      vertex -20.87897481561367 -2.8987892001102638 2
    endloop
  endfacet
  facet normal -0.3368898533922174 -0.9415440651830217 0
    outer loop
      vertex -19.935062871369087 -3.4645482469173254 0
      vertex -19.588567539704233 -3.588526258995783 2
      vertex -19.935062871369087 -3.4645482469173254 2
    endloop
  endfacet
  facet normal -0.42755509343028464 -0.9039892931234422 0
    outer loop
      vertex -20.26773776309749 -3.3072047413063315 0
      vertex -19.935062871369087 -3.4645482469173254 2
      vertex -20.26773776309749 -3.3072047413063315 2
    endloop
  endfacet
  facet normal -0.24298017990326456 -0.9700312531945438 0
    outer loop
      vertex -19.588567539704233 -3.588526258995783 0
      vertex -19.23158870756048 -3.677944801512114 2
      vertex -19.588567539704233 -3.588526258995783 2
    endloop
  endfacet
  facet normal 0.740951125354964 0.671558954847013 0
    outer loop
      vertex -19.631370849898477 -1.1313708498984762 0
      vertex -19.73681672538038 -1.015029254661833 2
      vertex -19.631370849898477 -1.1313708498984762 2
    endloop
  endfacet
  facet normal 0.6715589548470149 0.7409511253549623 0
    outer loop
      vertex -19.515029254661833 -1.2368167253803792 0
      vertex -19.631370849898477 -1.1313708498984762 2
      vertex -19.515029254661833 -1.2368167253803792 2
    endloop
  endfacet
  facet normal 0 0 1
    outer loop
      vertex -19.935062871369087 -3.4645482469173254 2
      vertex -19.588567539704233 -3.588526258995783 2
      vertex -19.73681672538038 -1.015029254661833 2
    endloop
  endfacet
  facet normal 0 0 1
    outer loop
      vertex -20.58338837382351 -3.1180110461345447 2
      vertex -20.26773776309749 -3.3072047413063315 2
      vertex -20.58338837382351 3.1180110461345447 2
    endloop
  endfacet
  facet normal 0 0 1
    outer loop
      vertex -19.935062871369087 -3.4645482469173254 2
      vertex -19.73681672538038 -1.015029254661833 2
      vertex -19.83035137968407 -0.8889123728313635 2
    endloop
  endfacet
  facet normal 0 0 1
    outer loop
      vertex -19.588567539704233 -3.588526258995783 2
      vertex -19.631370849898477 -1.1313708498984762 2
      vertex -19.73681672538038 -1.015029254661833 2
    endloop
  endfacet
  facet normal 0 0 1
    outer loop
      vertex -19.588567539704233 -3.588526258995783 2
      vertex -19.515029254661833 -1.2368167253803792 2
      vertex -19.631370849898477 -1.1313708498984762 2
    endloop
  endfacet
  facet normal 0 0 1
    outer loop
      vertex -19.588567539704233 -3.588526258995783 2
      vertex -19.388912372831363 -1.3303513796840725 2
      vertex -19.515029254661833 -1.2368167253803792 2
    endloop
  endfacet
  facet normal 0 0 1
    outer loop
      vertex -19.935062871369087 -3.4645482469173254 2
      vertex -20.031104537171533 -0.46445548360713973 2
      vertex -20.06925644864517 -0.3121445152258052 2
    endloop
  endfacet
  facet normal 0 0 1
    outer loop
      vertex -19.935062871369087 -3.4645482469173254 2
      vertex -19.91107402295737 -0.7542347789215963 2
      vertex -19.97820725201806 -0.6122934917841437 2
    endloop
  endfacet
  facet normal 0 0 1
    outer loop
      vertex -19.935062871369087 -3.4645482469173254 2
      vertex -19.83035137968407 -0.8889123728313635 2
      vertex -19.91107402295737 -0.7542347789215963 2
    endloop
  endfacet
  facet normal 0 0 1
    outer loop
      vertex -19.935062871369087 -3.4645482469173254 2
      vertex -19.97820725201806 -0.6122934917841437 2
      vertex -20.031104537171533 -0.46445548360713973 2
    endloop
  endfacet
  facet normal 0 0 1
    outer loop
      vertex -19.935062871369087 -3.4645482469173254 2
      vertex -20.06925644864517 -0.3121445152258052 2
      vertex -20.092295562675517 -0.15682742452729698 2
    endloop
  endfacet
  facet normal 0 0 1
    outer loop
      vertex -20.26773776309749 -3.3072047413063315 2
      vertex -19.935062871369087 -3.4645482469173254 2
      vertex -20.26773776309749 3.3072047413063315 2
    endloop
  endfacet
  facet normal 0 0 1
    outer loop
      vertex -19.935062871369087 -3.4645482469173254 2
      vertex -20.092295562675517 -0.15682742452729698 2
      vertex -20.1 0 2
    endloop
  endfacet
  facet normal -0.04906767432741696 -0.9987954562051725 0
    outer loop
      vertex -18.867564276235854 -3.7319427250207386 0
      vertex -18.5 -3.75 2
      vertex -18.867564276235854 -3.7319427250207386 2
    endloop
  endfacet
  facet normal 0.04906767432741696 -0.9987954562051725 0
    outer loop
      vertex -18.5 -3.75 0
      vertex -18.132435723764146 -3.7319427250207386 2
      vertex -18.5 -3.75 2
    endloop
  endfacet
  facet normal 0.14673047445536375 -0.9891765099647807 0
    outer loop
      vertex -18.132435723764146 -3.7319427250207386 0
      vertex -17.76841129243952 -3.677944801512114 2
      vertex -18.132435723764146 -3.7319427250207386 2
    endloop
  endfacet
  facet normal -0.14673047445536375 -0.9891765099647807 0
    outer loop
      vertex -19.23158870756048 -3.677944801512114 0
      vertex -18.867564276235854 -3.7319427250207386 2
      vertex -19.23158870756048 -3.677944801512114 2
    endloop
  endfacet
  facet normal 0.4275550934302821 0.9039892931234434 0
    outer loop
      vertex -19.112293491784143 -1.478207252018059 0
      vertex -19.254234778921596 -1.4110740229573682 2
      vertex -19.112293491784143 -1.478207252018059 2
    endloop
  endfacet
  facet normal 0.5956993044924319 0.8032075314806457 0
    outer loop
      vertex -19.388912372831363 -1.3303513796840725 0
      vertex -19.515029254661833 -1.2368167253803792 2
      vertex -19.388912372831363 -1.3303513796840725 2
    endloop
  endfacet
  facet normal 0.5141027441932213 0.8577286100002723 0
    outer loop
      vertex -19.254234778921596 -1.4110740229573682 0
      vertex -19.388912372831363 -1.3303513796840725 2
      vertex -19.254234778921596 -1.4110740229573682 2
    endloop
  endfacet
  facet normal 0.3368898533922189 0.9415440651830214 0
    outer loop
      vertex -18.96445548360714 -1.5311045371715342 0
      vertex -19.112293491784143 -1.478207252018059 2
      vertex -18.96445548360714 -1.5311045371715342 2
    endloop
  endfacet
  facet normal 0.2429801799032676 0.970031253194543 0
    outer loop
      vertex -18.812144515225807 -1.5692564486451688 0
      vertex -18.96445548360714 -1.5311045371715342 2
      vertex -18.812144515225807 -1.5692564486451688 2
    endloop
  endfacet
  facet normal 0.14673047445536003 0.9891765099647812 0
    outer loop
      vertex -18.656827424527297 -1.592295562675515 0
      vertex -18.812144515225807 -1.5692564486451688 2
      vertex -18.656827424527297 -1.592295562675515 2
    endloop
  endfacet
  facet normal 0.04906767432741823 0.9987954562051724 0
    outer loop
      vertex -18.5 -1.6 0
      vertex -18.656827424527297 -1.592295562675515 2
      vertex -18.5 -1.6 2
    endloop
  endfacet
  facet normal -0.04906767432741823 0.9987954562051724 0
    outer loop
      vertex -18.343172575472703 -1.592295562675515 0
      vertex -18.5 -1.6 2
      vertex -18.343172575472703 -1.592295562675515 2
    endloop
  endfacet
  facet normal -0.14673047445536003 0.9891765099647812 0
    outer loop
      vertex -18.187855484774193 -1.5692564486451688 0
      vertex -18.343172575472703 -1.592295562675515 2
      vertex -18.187855484774193 -1.5692564486451688 2
    endloop
  endfacet
  facet normal -0.2429801799032676 0.970031253194543 0
    outer loop
      vertex -18.03554451639286 -1.5311045371715342 0
      vertex -18.187855484774193 -1.5692564486451688 2
      vertex -18.03554451639286 -1.5311045371715342 2
    endloop
  endfacet
  facet normal 0.24298017990326456 -0.9700312531945438 0
    outer loop
      vertex -17.76841129243952 -3.677944801512114 0
      vertex -17.411432460295767 -3.588526258995783 2
      vertex -17.76841129243952 -3.677944801512114 2
    endloop
  endfacet
  facet normal 0.3368898533922174 -0.9415440651830217 0
    outer loop
      vertex -17.411432460295767 -3.588526258995783 0
      vertex -17.064937128630913 -3.4645482469173254 2
      vertex -17.411432460295767 -3.588526258995783 2
    endloop
  endfacet
  facet normal 0.42755509343028464 -0.9039892931234422 0
    outer loop
      vertex -17.064937128630913 -3.4645482469173254 0
      vertex -16.73226223690251 -3.3072047413063315 2
      vertex -17.064937128630913 -3.4645482469173254 2
    endloop
  endfacet
  facet normal -0.3368898533922189 0.9415440651830214 0
    outer loop
      vertex -17.887706508215857 -1.478207252018059 0
      vertex -18.03554451639286 -1.5311045371715342 2
      vertex -17.887706508215857 -1.478207252018059 2
    endloop
  endfacet
  facet normal -0.4275550934302821 0.9039892931234434 0
    outer loop
      vertex -17.887706508215857 -1.478207252018059 2
      vertex -17.745765221078404 -1.4110740229573682 2
      vertex -17.745765221078404 -1.4110740229573682 0
    endloop
  endfacet
  facet normal -0.5141027441932213 0.8577286100002723 0
    outer loop
      vertex -17.611087627168637 -1.3303513796840725 0
      vertex -17.745765221078404 -1.4110740229573682 2
      vertex -17.611087627168637 -1.3303513796840725 2
    endloop
  endfacet
  facet normal -0.5956993044924319 0.8032075314806457 0
    outer loop
      vertex -17.484970745338167 -1.2368167253803792 0
      vertex -17.611087627168637 -1.3303513796840725 2
      vertex -17.484970745338167 -1.2368167253803792 2
    endloop
  endfacet
  facet normal -0.6715589548470149 0.7409511253549623 0
    outer loop
      vertex -17.368629150101523 -1.1313708498984762 0
      vertex -17.484970745338167 -1.2368167253803792 2
      vertex -17.368629150101523 -1.1313708498984762 2
    endloop
  endfacet
  facet normal 0 0 1
    outer loop
      vertex -19.588567539704233 -3.588526258995783 2
      vertex -19.23158870756048 -3.677944801512114 2
      vertex -19.388912372831363 -1.3303513796840725 2
    endloop
  endfacet
  facet normal 0 0 1
    outer loop
      vertex -19.23158870756048 -3.677944801512114 2
      vertex -18.867564276235854 -3.7319427250207386 2
      vertex -19.112293491784143 -1.478207252018059 2
    endloop
  endfacet
  facet normal 0 0 1
    outer loop
      vertex -18.867564276235854 -3.7319427250207386 2
      vertex -18.5 -3.75 2
      vertex -18.656827424527297 -1.592295562675515 2
    endloop
  endfacet
  facet normal 0 0 1
    outer loop
      vertex -18.5 -3.75 2
      vertex -18.132435723764146 -3.7319427250207386 2
      vertex -18.343172575472703 -1.592295562675515 2
    endloop
  endfacet
  facet normal 0 0 1
    outer loop
      vertex -19.23158870756048 -3.677944801512114 2
      vertex -19.254234778921596 -1.4110740229573682 2
      vertex -19.388912372831363 -1.3303513796840725 2
    endloop
  endfacet
  facet normal 0 0 1
    outer loop
      vertex -19.23158870756048 -3.677944801512114 2
      vertex -19.112293491784143 -1.478207252018059 2
      vertex -19.254234778921596 -1.4110740229573682 2
    endloop
  endfacet
  facet normal 0 0 1
    outer loop
      vertex -18.867564276235854 -3.7319427250207386 2
      vertex -18.96445548360714 -1.5311045371715342 2
      vertex -19.112293491784143 -1.478207252018059 2
    endloop
  endfacet
  facet normal 0 0 1
    outer loop
      vertex -18.867564276235854 -3.7319427250207386 2
      vertex -18.812144515225807 -1.5692564486451688 2
      vertex -18.96445548360714 -1.5311045371715342 2
    endloop
  endfacet
  facet normal 0 0 1
    outer loop
      vertex -18.867564276235854 -3.7319427250207386 2
      vertex -18.656827424527297 -1.592295562675515 2
      vertex -18.812144515225807 -1.5692564486451688 2
    endloop
  endfacet
  facet normal 0 0 1
    outer loop
      vertex -18.5 -3.75 2
      vertex -18.5 -1.6 2
      vertex -18.656827424527297 -1.592295562675515 2
    endloop
  endfacet
  facet normal 0 0 1
    outer loop
      vertex -18.5 -3.75 2
      vertex -18.343172575472703 -1.592295562675515 2
      vertex -18.5 -1.6 2
    endloop
  endfacet
  facet normal 0 0 1
    outer loop
      vertex -18.132435723764146 -3.7319427250207386 2
      vertex -18.187855484774193 -1.5692564486451688 2
      vertex -18.343172575472703 -1.592295562675515 2
    endloop
  endfacet
  facet normal 0 0 1
    outer loop
      vertex -18.132435723764146 -3.7319427250207386 2
      vertex -17.76841129243952 -3.677944801512114 2
      vertex -18.187855484774193 -1.5692564486451688 2
    endloop
  endfacet
  facet normal 0 0 1
    outer loop
      vertex -17.76841129243952 -3.677944801512114 2
      vertex -17.411432460295767 -3.588526258995783 2
      vertex -17.887706508215857 -1.478207252018059 2
    endloop
  endfacet
  facet normal 0 0 1
    outer loop
      vertex -17.411432460295767 -3.588526258995783 2
      vertex -17.064937128630913 -3.4645482469173254 2
      vertex -17.484970745338167 -1.2368167253803792 2
    endloop
  endfacet
  facet normal 0 0 1
    outer loop
      vertex -17.064937128630913 -3.4645482469173254 2
      vertex -16.73226223690251 -3.3072047413063315 2
      vertex -17.08892597704263 -0.7542347789215963 2
    endloop
  endfacet
  facet normal 0 0 1
    outer loop
      vertex -18.187855484774193 -1.5692564486451688 2
      vertex -17.76841129243952 -3.677944801512114 2
      vertex -18.03554451639286 -1.5311045371715342 2
    endloop
  endfacet
  facet normal 0 0 1
    outer loop
      vertex -17.76841129243952 -3.677944801512114 2
      vertex -17.887706508215857 -1.478207252018059 2
      vertex -18.03554451639286 -1.5311045371715342 2
    endloop
  endfacet
  facet normal 0 0 1
    outer loop
      vertex -17.411432460295767 -3.588526258995783 2
      vertex -17.745765221078404 -1.4110740229573682 2
      vertex -17.887706508215857 -1.478207252018059 2
    endloop
  endfacet
  facet normal 0 0 1
    outer loop
      vertex -17.411432460295767 -3.588526258995783 2
      vertex -17.611087627168637 -1.3303513796840725 2
      vertex -17.745765221078404 -1.4110740229573682 2
    endloop
  endfacet
  facet normal 0 0 1
    outer loop
      vertex -17.411432460295767 -3.588526258995783 2
      vertex -17.484970745338167 -1.2368167253803792 2
      vertex -17.611087627168637 -1.3303513796840725 2
    endloop
  endfacet
  facet normal 0 0 1
    outer loop
      vertex -17.064937128630913 -3.4645482469173254 2
      vertex -17.368629150101523 -1.1313708498984762 2
      vertex -17.484970745338167 -1.2368167253803792 2
    endloop
  endfacet
  facet normal 0 0 1
    outer loop
      vertex -17.064937128630913 -3.4645482469173254 2
      vertex -17.26318327461962 -1.015029254661833 2
      vertex -17.368629150101523 -1.1313708498984762 2
    endloop
  endfacet
  facet normal 0 0 1
    outer loop
      vertex -17.064937128630913 -3.4645482469173254 2
      vertex -17.16964862031593 -0.8889123728313635 2
      vertex -17.26318327461962 -1.015029254661833 2
    endloop
  endfacet
  facet normal 0 0 1
    outer loop
      vertex -17.064937128630913 -3.4645482469173254 2
      vertex -17.08892597704263 -0.7542347789215963 2
      vertex -17.16964862031593 -0.8889123728313635 2
    endloop
  endfacet
  facet normal 0 0 1
    outer loop
      vertex -16.73226223690251 -3.3072047413063315 2
      vertex -17.02179274798194 -0.6122934917841437 2
      vertex -17.08892597704263 -0.7542347789215963 2
    endloop
  endfacet
  facet normal 0 0 1
    outer loop
      vertex -16.73226223690251 -3.3072047413063315 2
      vertex -16.968895462828467 -0.46445548360713973 2
      vertex -17.02179274798194 -0.6122934917841437 2
    endloop
  endfacet
  facet normal 0 0 1
    outer loop
      vertex -16.73226223690251 -3.3072047413063315 2
      vertex -16.93074355135483 -0.3121445152258052 2
      vertex -16.968895462828467 -0.46445548360713973 2
    endloop
  endfacet
  facet normal 0 0 1
    outer loop
      vertex -16.73226223690251 -3.3072047413063315 2
      vertex -16.907704437324483 -0.15682742452729698 2
      vertex -16.93074355135483 -0.3121445152258052 2
    endloop
  endfacet
  facet normal 0 0 1
    outer loop
      vertex -16.73226223690251 -3.3072047413063315 2
      vertex -16.9 0 2
      vertex -16.907704437324483 -0.15682742452729698 2
    endloop
  endfacet
  facet normal 0 0 -1
    outer loop
      vertex -21.807204741306332 -1.767737763097491 0
      vertex -21.964548246917325 -1.4350628713690867 0
      vertex -21.807204741306332 1.767737763097491 0
    endloop
  endfacet
  facet normal 0 0 -1
    outer loop
      vertex -21.618011046134544 -2.0833883738235084 0
      vertex -21.807204741306332 -1.767737763097491 0
      vertex -21.618011046134544 2.0833883738235084 0
    endloop
  endfacet
  facet normal 0 0 -1
    outer loop
      vertex -22.177944801512115 -0.7315887075604809 0
      vertex -22.231942725020737 -0.36756427623585225 0
      vertex -22.177944801512115 0.7315887075604809 0
    endloop
  endfacet
  facet normal 0 0 -1
    outer loop
      vertex -22.088526258995785 -1.0885675397042338 0
      vertex -22.177944801512115 -0.7315887075604809 0
      vertex -22.088526258995785 1.0885675397042338 0
    endloop
  endfacet
  facet normal 0 0 -1
    outer loop
      vertex -21.964548246917325 -1.4350628713690867 0
      vertex -22.088526258995785 -1.0885675397042338 0
      vertex -21.964548246917325 1.4350628713690867 0
    endloop
  endfacet
  facet normal 0 0 -1
    outer loop
      vertex -22.231942725020737 -0.36756427623585225 0
      vertex -22.25 0 0
      vertex -22.231942725020737 0.36756427623585225 0
    endloop
  endfacet
  facet normal 0 0 -1
    outer loop
      vertex -22.231942725020737 -0.36756427623585225 0
      vertex -22.231942725020737 0.36756427623585225 0
      vertex -22.177944801512115 0.7315887075604809 0
    endloop
  endfacet
  facet normal 0 0 -1
    outer loop
      vertex -21.398789200110265 -2.3789748156136707 0
      vertex -21.151650429449553 2.6516504294495533 0
      vertex -21.151650429449553 -2.6516504294495533 0
    endloop
  endfacet
  facet normal 0 0 -1
    outer loop
      vertex -21.618011046134544 -2.0833883738235084 0
      vertex -21.398789200110265 2.3789748156136707 0
      vertex -21.398789200110265 -2.3789748156136707 0
    endloop
  endfacet
  facet normal 0 0 -1
    outer loop
      vertex -20.87897481561367 -2.8987892001102638 0
      vertex -21.151650429449553 -2.6516504294495533 0
      vertex -20.87897481561367 2.8987892001102638 0
    endloop
  endfacet
  facet normal 0 0 -1
    outer loop
      vertex -22.177944801512115 -0.7315887075604809 0
      vertex -22.177944801512115 0.7315887075604809 0
      vertex -22.088526258995785 1.0885675397042338 0
    endloop
  endfacet
  facet normal 0 0 -1
    outer loop
      vertex -22.088526258995785 -1.0885675397042338 0
      vertex -22.088526258995785 1.0885675397042338 0
      vertex -21.964548246917325 1.4350628713690867 0
    endloop
  endfacet
  facet normal 0 0 -1
    outer loop
      vertex -21.964548246917325 -1.4350628713690867 0
      vertex -21.964548246917325 1.4350628713690867 0
      vertex -21.807204741306332 1.767737763097491 0
    endloop
  endfacet
  facet normal 0 0 -1
    outer loop
      vertex -21.807204741306332 -1.767737763097491 0
      vertex -21.807204741306332 1.767737763097491 0
      vertex -21.618011046134544 2.0833883738235084 0
    endloop
  endfacet
  facet normal 0 0 -1
    outer loop
      vertex -21.618011046134544 -2.0833883738235084 0
      vertex -21.618011046134544 2.0833883738235084 0
      vertex -21.398789200110265 2.3789748156136707 0
    endloop
  endfacet
  facet normal 0 0 -1
    outer loop
      vertex -21.398789200110265 -2.3789748156136707 0
      vertex -21.398789200110265 2.3789748156136707 0
      vertex -21.151650429449553 2.6516504294495533 0
    endloop
  endfacet
  facet normal 0 0 -1
    outer loop
      vertex -21.151650429449553 -2.6516504294495533 0
      vertex -21.151650429449553 2.6516504294495533 0
      vertex -20.87897481561367 2.8987892001102638 0
    endloop
  endfacet
  facet normal 0 0 -1
    outer loop
      vertex -20.87897481561367 -2.8987892001102638 0
      vertex -20.58338837382351 3.1180110461345447 0
      vertex -20.58338837382351 -3.1180110461345447 0
    endloop
  endfacet
  facet normal 0 0 -1
    outer loop
      vertex -20.58338837382351 -3.1180110461345447 0
      vertex -20.26773776309749 3.3072047413063315 0
      vertex -20.26773776309749 -3.3072047413063315 0
    endloop
  endfacet
  facet normal 0 0 -1
    outer loop
      vertex -20.26773776309749 -3.3072047413063315 0
      vertex -19.935062871369087 3.4645482469173254 0
      vertex -20.1 0 0
    endloop
  endfacet
  facet normal 0 0 -1
    outer loop
      vertex -20.87897481561367 -2.8987892001102638 0
      vertex -20.87897481561367 2.8987892001102638 0
      vertex -20.58338837382351 3.1180110461345447 0
    endloop
  endfacet
  facet normal 0 0 -1
    outer loop
      vertex -20.58338837382351 -3.1180110461345447 0
      vertex -20.58338837382351 3.1180110461345447 0
      vertex -20.26773776309749 3.3072047413063315 0
    endloop
  endfacet
  facet normal 0 0 -1
    outer loop
      vertex -20.26773776309749 -3.3072047413063315 0
      vertex -20.26773776309749 3.3072047413063315 0
      vertex -19.935062871369087 3.4645482469173254 0
    endloop
  endfacet
  facet normal 0 0 -1
    outer loop
      vertex -20.1 0 0
      vertex -19.935062871369087 3.4645482469173254 0
      vertex -20.092295562675517 0.15682742452729698 0
    endloop
  endfacet
  facet normal 0 0 -1
    outer loop
      vertex -20.092295562675517 0.15682742452729698 0
      vertex -19.935062871369087 3.4645482469173254 0
      vertex -20.06925644864517 0.3121445152258052 0
    endloop
  endfacet
  facet normal 0 0 -1
    outer loop
      vertex -20.06925644864517 0.3121445152258052 0
      vertex -19.935062871369087 3.4645482469173254 0
      vertex -20.031104537171533 0.46445548360713973 0
    endloop
  endfacet
  facet normal 0 0 -1
    outer loop
      vertex -20.031104537171533 0.46445548360713973 0
      vertex -19.935062871369087 3.4645482469173254 0
      vertex -19.97820725201806 0.6122934917841437 0
    endloop
  endfacet
  facet normal -0.9700312531945441 -0.24298017990326334 0
    outer loop
      vertex -22.088526258995785 -1.0885675397042338 0
      vertex -22.177944801512115 -0.7315887075604809 2
      vertex -22.177944801512115 -0.7315887075604809 0
    endloop
  endfacet
  facet normal -0.9891765099647821 -0.1467304744553546 0
    outer loop
      vertex -22.177944801512115 -0.7315887075604809 0
      vertex -22.231942725020737 -0.36756427623585225 2
      vertex -22.231942725020737 -0.36756427623585225 0
    endloop
  endfacet
  facet normal -0.9987954562051722 -0.04906767432742194 0
    outer loop
      vertex -22.231942725020737 -0.36756427623585225 0
      vertex -22.25 0 2
      vertex -22.25 0 0
    endloop
  endfacet
  facet normal -0.9987954562051722 0.04906767432742194 0
    outer loop
      vertex -22.25 0 0
      vertex -22.231942725020737 0.36756427623585225 2
      vertex -22.231942725020737 0.36756427623585225 0
    endloop
  endfacet
  facet normal -0.9891765099647821 0.1467304744553546 0
    outer loop
      vertex -22.231942725020737 0.36756427623585225 0
      vertex -22.177944801512115 0.7315887075604809 2
      vertex -22.177944801512115 0.7315887075604809 0
    endloop
  endfacet
  facet normal -0.9700312531945441 0.24298017990326334 0
    outer loop
      vertex -22.177944801512115 0.7315887075604809 0
      vertex -22.088526258995785 1.0885675397042338 2
      vertex -22.088526258995785 1.0885675397042338 0
    endloop
  endfacet
  facet normal -0.9415440651830188 0.3368898533922253 0
    outer loop
      vertex -22.088526258995785 1.0885675397042338 0
      vertex -21.964548246917325 1.4350628713690867 2
      vertex -21.964548246917325 1.4350628713690867 0
    endloop
  endfacet
  facet normal 0.8577286100002668 0.5141027441932305 0
    outer loop
      vertex -19.83035137968407 -0.8889123728313635 0
      vertex -19.91107402295737 -0.7542347789215963 0
      vertex -19.91107402295737 -0.7542347789215963 2
    endloop
  endfacet
  facet normal 0.9415440651830239 0.33688985339221156 0
    outer loop
      vertex -19.97820725201806 -0.6122934917841437 0
      vertex -20.031104537171533 -0.46445548360713973 0
      vertex -20.031104537171533 -0.46445548360713973 2
    endloop
  endfacet
  facet normal 0.9039892931234439 0.4275550934302809 0
    outer loop
      vertex -19.91107402295737 -0.7542347789215963 0
      vertex -19.97820725201806 -0.6122934917841437 0
      vertex -19.97820725201806 -0.6122934917841437 2
    endloop
  endfacet
  facet normal 0.8032075314806487 0.5956993044924281 0
    outer loop
      vertex -19.83035137968407 -0.8889123728313635 0
      vertex -19.83035137968407 -0.8889123728313635 2
      vertex -19.73681672538038 -1.015029254661833 0
    endloop
  endfacet
  facet normal 0.740951125354964 0.671558954847013 0
    outer loop
      vertex -19.73681672538038 -1.015029254661833 0
      vertex -19.73681672538038 -1.015029254661833 2
      vertex -19.631370849898477 -1.1313708498984762 0
    endloop
  endfacet
  facet normal 0.9700312531945402 0.24298017990327908 0
    outer loop
      vertex -20.031104537171533 -0.46445548360713973 0
      vertex -20.06925644864517 -0.3121445152258052 0
      vertex -20.06925644864517 -0.3121445152258052 2
    endloop
  endfacet
  facet normal 0.9891765099647806 0.1467304744553646 0
    outer loop
      vertex -20.06925644864517 -0.3121445152258052 0
      vertex -20.092295562675517 -0.15682742452729698 0
      vertex -20.092295562675517 -0.15682742452729698 2
    endloop
  endfacet
  facet normal 0.9987954562051726 0.04906767432741532 0
    outer loop
      vertex -20.092295562675517 -0.15682742452729698 0
      vertex -20.1 0 0
      vertex -20.1 0 2
    endloop
  endfacet
  facet normal 0.9987954562051726 -0.04906767432741532 0
    outer loop
      vertex -20.1 0 0
      vertex -20.092295562675517 0.15682742452729698 0
      vertex -20.092295562675517 0.15682742452729698 2
    endloop
  endfacet
  facet normal 0.9891765099647806 -0.1467304744553646 0
    outer loop
      vertex -20.092295562675517 0.15682742452729698 0
      vertex -20.06925644864517 0.3121445152258052 0
      vertex -20.06925644864517 0.3121445152258052 2
    endloop
  endfacet
  facet normal 0.9700312531945402 -0.24298017990327908 0
    outer loop
      vertex -20.06925644864517 0.3121445152258052 0
      vertex -20.031104537171533 0.46445548360713973 0
      vertex -20.031104537171533 0.46445548360713973 2
    endloop
  endfacet
  facet normal 0.9415440651830239 -0.33688985339221156 0
    outer loop
      vertex -20.031104537171533 0.46445548360713973 0
      vertex -19.97820725201806 0.6122934917841437 0
      vertex -19.97820725201806 0.6122934917841437 2
    endloop
  endfacet
  facet normal 0.9039892931234439 -0.4275550934302809 0
    outer loop
      vertex -19.97820725201806 0.6122934917841437 0
      vertex -19.91107402295737 0.7542347789215963 0
      vertex -19.91107402295737 0.7542347789215963 2
    endloop
  endfacet
  facet normal 0.8577286100002668 -0.5141027441932305 0
    outer loop
      vertex -19.91107402295737 0.7542347789215963 0
      vertex -19.83035137968407 0.8889123728313635 0
      vertex -19.83035137968407 0.8889123728313635 2
    endloop
  endfacet
  facet normal 0.8032075314806487 -0.5956993044924281 0
    outer loop
      vertex -19.83035137968407 0.8889123728313635 0
      vertex -19.73681672538038 1.015029254661833 0
      vertex -19.73681672538038 1.015029254661833 2
    endloop
  endfacet
  facet normal 0.740951125354964 -0.671558954847013 0
    outer loop
      vertex -19.73681672538038 1.015029254661833 0
      vertex -19.631370849898477 1.1313708498984762 0
      vertex -19.631370849898477 1.1313708498984762 2
    endloop
  endfacet
  facet normal 0.6715589548470149 -0.7409511253549623 0
    outer loop
      vertex -19.631370849898477 1.1313708498984762 0
      vertex -19.515029254661833 1.2368167253803792 0
      vertex -19.515029254661833 1.2368167253803792 2
    endloop
  endfacet
  facet normal 0 0 -1
    outer loop
      vertex -19.97820725201806 0.6122934917841437 0
      vertex -19.935062871369087 3.4645482469173254 0
      vertex -19.91107402295737 0.7542347789215963 0
    endloop
  endfacet
  facet normal 0 0 -1
    outer loop
      vertex -19.91107402295737 0.7542347789215963 0
      vertex -19.935062871369087 3.4645482469173254 0
      vertex -19.83035137968407 0.8889123728313635 0
    endloop
  endfacet
  facet normal 0 0 -1
    outer loop
      vertex -19.83035137968407 0.8889123728313635 0
      vertex -19.935062871369087 3.4645482469173254 0
      vertex -19.73681672538038 1.015029254661833 0
    endloop
  endfacet
  facet normal 0 0 -1
    outer loop
      vertex -19.73681672538038 1.015029254661833 0
      vertex -19.588567539704233 3.588526258995783 0
      vertex -19.631370849898477 1.1313708498984762 0
    endloop
  endfacet
  facet normal 0 0 -1
    outer loop
      vertex -19.631370849898477 1.1313708498984762 0
      vertex -19.588567539704233 3.588526258995783 0
      vertex -19.515029254661833 1.2368167253803792 0
    endloop
  endfacet
  facet normal 0 0 -1
    outer loop
      vertex -19.515029254661833 1.2368167253803792 0
      vertex -19.588567539704233 3.588526258995783 0
      vertex -19.388912372831363 1.3303513796840725 0
    endloop
  endfacet
  facet normal 0 0 -1
    outer loop
      vertex -19.73681672538038 1.015029254661833 0
      vertex -19.935062871369087 3.4645482469173254 0
      vertex -19.588567539704233 3.588526258995783 0
    endloop
  endfacet
  facet normal -0.9039892931234451 0.4275550934302783 0
    outer loop
      vertex -21.964548246917325 1.4350628713690867 0
      vertex -21.807204741306332 1.767737763097491 2
      vertex -21.807204741306332 1.767737763097491 0
    endloop
  endfacet
  facet normal -0.8577286100002705 0.5141027441932242 0
    outer loop
      vertex -21.807204741306332 1.767737763097491 0
      vertex -21.618011046134544 2.0833883738235084 2
      vertex -21.618011046134544 2.0833883738235084 0
    endloop
  endfacet
  facet normal -0.8032075314806474 0.59569930449243 0
    outer loop
      vertex -21.618011046134544 2.0833883738235084 0
      vertex -21.398789200110265 2.3789748156136707 2
      vertex -21.398789200110265 2.3789748156136707 0
    endloop
  endfacet
  facet normal -0.7409511253549572 0.6715589548470206 0
    outer loop
      vertex -21.398789200110265 2.3789748156136707 0
      vertex -21.151650429449553 2.6516504294495533 2
      vertex -21.151650429449553 2.6516504294495533 0
    endloop
  endfacet
  facet normal -0.6715589548470179 0.7409511253549595 0
    outer loop
      vertex -21.151650429449553 2.6516504294495533 0
      vertex -21.151650429449553 2.6516504294495533 2
      vertex -20.87897481561367 2.8987892001102638 0
    endloop
  endfacet
  facet normal -0.595699304492436 0.8032075314806429 0
    outer loop
      vertex -20.87897481561367 2.8987892001102638 0
      vertex -20.87897481561367 2.8987892001102638 2
      vertex -20.58338837382351 3.1180110461345447 0
    endloop
  endfacet
  facet normal -0.5141027441932177 0.8577286100002746 0
    outer loop
      vertex -20.58338837382351 3.1180110461345447 0
      vertex -20.58338837382351 3.1180110461345447 2
      vertex -20.26773776309749 3.3072047413063315 0
    endloop
  endfacet
  facet normal -0.42755509343028464 0.9039892931234422 0
    outer loop
      vertex -20.26773776309749 3.3072047413063315 0
      vertex -20.26773776309749 3.3072047413063315 2
      vertex -19.935062871369087 3.4645482469173254 0
    endloop
  endfacet
  facet normal -0.3368898533922174 0.9415440651830217 0
    outer loop
      vertex -19.935062871369087 3.4645482469173254 0
      vertex -19.935062871369087 3.4645482469173254 2
      vertex -19.588567539704233 3.588526258995783 0
    endloop
  endfacet
  facet normal -0.24298017990326456 0.9700312531945438 0
    outer loop
      vertex -19.588567539704233 3.588526258995783 0
      vertex -19.588567539704233 3.588526258995783 2
      vertex -19.23158870756048 3.677944801512114 0
    endloop
  endfacet
  facet normal 0 0 -1
    outer loop
      vertex -17.611087627168637 1.3303513796840725 0
      vertex -15.332007886058399 2 0
      vertex -17.484970745338167 1.2368167253803792 0
    endloop
  endfacet
  facet normal 0 0 -1
    outer loop
      vertex -17.368629150101523 1.1313708498984762 0
      vertex -17.484970745338167 1.2368167253803792 0
      vertex -15.332007886058399 2 0
    endloop
  endfacet
  facet normal 0.5956993044924319 -0.8032075314806457 0
    outer loop
      vertex -19.515029254661833 1.2368167253803792 0
      vertex -19.388912372831363 1.3303513796840725 0
      vertex -19.388912372831363 1.3303513796840725 2
    endloop
  endfacet
  facet normal 0.5141027441932213 -0.8577286100002723 0
    outer loop
      vertex -19.388912372831363 1.3303513796840725 0
      vertex -19.254234778921596 1.4110740229573682 0
      vertex -19.254234778921596 1.4110740229573682 2
    endloop
  endfacet
  facet normal 0.4275550934302821 -0.9039892931234434 0
    outer loop
      vertex -19.254234778921596 1.4110740229573682 0
      vertex -19.112293491784143 1.478207252018059 0
      vertex -19.112293491784143 1.478207252018059 2
    endloop
  endfacet
  facet normal 0.3368898533922189 -0.9415440651830214 0
    outer loop
      vertex -19.112293491784143 1.478207252018059 0
      vertex -18.96445548360714 1.5311045371715342 0
      vertex -18.96445548360714 1.5311045371715342 2
    endloop
  endfacet
  facet normal 0.2429801799032676 -0.970031253194543 0
    outer loop
      vertex -18.96445548360714 1.5311045371715342 0
      vertex -18.812144515225807 1.5692564486451688 0
      vertex -18.812144515225807 1.5692564486451688 2
    endloop
  endfacet
  facet normal -0.2429801799032676 -0.970031253194543 0
    outer loop
      vertex -18.187855484774193 1.5692564486451688 0
      vertex -18.03554451639286 1.5311045371715342 0
      vertex -18.03554451639286 1.5311045371715342 2
    endloop
  endfacet
  facet normal -0.8032075314806487 0.5956993044924281 0
    outer loop
      vertex -17.26318327461962 -1.015029254661833 0
      vertex -17.26318327461962 -1.015029254661833 2
      vertex -17.16964862031593 -0.8889123728313635 0
    endloop
  endfacet
  facet normal -0.8577286100002668 0.5141027441932305 0
    outer loop
      vertex -17.16964862031593 -0.8889123728313635 0
      vertex -17.16964862031593 -0.8889123728313635 2
      vertex -17.08892597704263 -0.7542347789215963 0
    endloop
  endfacet
  facet normal -0.9039892931234439 0.4275550934302809 0
    outer loop
      vertex -17.08892597704263 -0.7542347789215963 0
      vertex -17.08892597704263 -0.7542347789215963 2
      vertex -17.02179274798194 -0.6122934917841437 0
    endloop
  endfacet
  facet normal -0.9415440651830239 0.33688985339221156 0
    outer loop
      vertex -17.02179274798194 -0.6122934917841437 0
      vertex -17.02179274798194 -0.6122934917841437 2
      vertex -16.968895462828467 -0.46445548360713973 0
    endloop
  endfacet
  facet normal -0.9700312531945402 0.24298017990327908 0
    outer loop
      vertex -16.968895462828467 -0.46445548360713973 0
      vertex -16.968895462828467 -0.46445548360713973 2
      vertex -16.93074355135483 -0.3121445152258052 0
    endloop
  endfacet
  facet normal -0.9891765099647806 0.1467304744553646 0
    outer loop
      vertex -16.93074355135483 -0.3121445152258052 0
      vertex -16.93074355135483 -0.3121445152258052 2
      vertex -16.907704437324483 -0.15682742452729698 0
    endloop
  endfacet
  facet normal -0.9987954562051726 0.04906767432741532 0
    outer loop
      vertex -16.907704437324483 -0.15682742452729698 0
      vertex -16.907704437324483 -0.15682742452729698 2
      vertex -16.9 0 0
    endloop
  endfacet
  facet normal -0.9987954562051726 -0.04906767432741532 0
    outer loop
      vertex -16.9 0 0
      vertex -16.9 0 2
      vertex -16.907704437324483 0.15682742452729698 0
    endloop
  endfacet
  facet normal -0.9891765099647806 -0.1467304744553646 0
    outer loop
      vertex -16.907704437324483 0.15682742452729698 0
      vertex -16.907704437324483 0.15682742452729698 2
      vertex -16.93074355135483 0.3121445152258052 0
    endloop
  endfacet
  facet normal -0.3368898533922189 -0.9415440651830214 0
    outer loop
      vertex -18.03554451639286 1.5311045371715342 0
      vertex -17.887706508215857 1.478207252018059 0
      vertex -17.887706508215857 1.478207252018059 2
    endloop
  endfacet
  facet normal -0.4275550934302821 -0.9039892931234434 0
    outer loop
      vertex -17.745765221078404 1.4110740229573682 0
      vertex -17.745765221078404 1.4110740229573682 2
      vertex -17.887706508215857 1.478207252018059 0
    endloop
  endfacet
  facet normal -0.6715589548470149 -0.7409511253549623 0
    outer loop
      vertex -17.368629150101523 1.1313708498984762 0
      vertex -17.368629150101523 1.1313708498984762 2
      vertex -17.484970745338167 1.2368167253803792 0
    endloop
  endfacet
  facet normal -0.5141027441932213 -0.8577286100002723 0
    outer loop
      vertex -17.745765221078404 1.4110740229573682 0
      vertex -17.611087627168637 1.3303513796840725 0
      vertex -17.611087627168637 1.3303513796840725 2
    endloop
  endfacet
  facet normal -0.5956993044924319 -0.8032075314806457 0
    outer loop
      vertex -17.611087627168637 1.3303513796840725 0
      vertex -17.484970745338167 1.2368167253803792 0
      vertex -17.484970745338167 1.2368167253803792 2
    endloop
  endfacet
  facet normal -0.9039892931234439 -0.4275550934302809 0
    outer loop
      vertex -17.08892597704263 0.7542347789215963 0
      vertex -17.02179274798194 0.6122934917841437 0
      vertex -17.02179274798194 0.6122934917841437 2
    endloop
  endfacet
  facet normal -0.8577286100002668 -0.5141027441932305 0
    outer loop
      vertex -17.08892597704263 0.7542347789215963 0
      vertex -17.08892597704263 0.7542347789215963 2
      vertex -17.16964862031593 0.8889123728313635 0
    endloop
  endfacet
  facet normal -0.9700312531945402 -0.24298017990327908 0
    outer loop
      vertex -16.93074355135483 0.3121445152258052 0
      vertex -16.93074355135483 0.3121445152258052 2
      vertex -16.968895462828467 0.46445548360713973 0
    endloop
  endfacet
  facet normal -0.9415440651830239 -0.33688985339221156 0
    outer loop
      vertex -16.968895462828467 0.46445548360713973 0
      vertex -16.968895462828467 0.46445548360713973 2
      vertex -17.02179274798194 0.6122934917841437 0
    endloop
  endfacet
  facet normal -0.740951125354964 -0.671558954847013 0
    outer loop
      vertex -17.368629150101523 1.1313708498984762 0
      vertex -17.26318327461962 1.015029254661833 0
      vertex -17.26318327461962 1.015029254661833 2
    endloop
  endfacet
  facet normal -0.8032075314806487 -0.5956993044924281 0
    outer loop
      vertex -17.26318327461962 1.015029254661833 0
      vertex -17.16964862031593 0.8889123728313635 0
      vertex -17.16964862031593 0.8889123728313635 2
    endloop
  endfacet
  facet normal 0 0 -1
    outer loop
      vertex -19.388912372831363 1.3303513796840725 0
      vertex -19.23158870756048 3.677944801512114 0
      vertex -19.254234778921596 1.4110740229573682 0
    endloop
  endfacet
  facet normal 0 0 -1
    outer loop
      vertex -19.254234778921596 1.4110740229573682 0
      vertex -19.23158870756048 3.677944801512114 0
      vertex -19.112293491784143 1.478207252018059 0
    endloop
  endfacet
  facet normal 0 0 -1
    outer loop
      vertex -19.588567539704233 3.588526258995783 0
      vertex -19.23158870756048 3.677944801512114 0
      vertex -19.388912372831363 1.3303513796840725 0
    endloop
  endfacet
  facet normal 0 0 -1
    outer loop
      vertex -19.112293491784143 1.478207252018059 0
      vertex -18.867564276235854 3.7319427250207386 0
      vertex -18.96445548360714 1.5311045371715342 0
    endloop
  endfacet
  facet normal 0 0 -1
    outer loop
      vertex -18.96445548360714 1.5311045371715342 0
      vertex -18.867564276235854 3.7319427250207386 0
      vertex -18.812144515225807 1.5692564486451688 0
    endloop
  endfacet
  facet normal 0 0 -1
    outer loop
      vertex -18.812144515225807 1.5692564486451688 0
      vertex -18.867564276235854 3.7319427250207386 0
      vertex -18.656827424527297 1.592295562675515 0
    endloop
  endfacet
  facet normal 0 0 -1
    outer loop
      vertex -18.656827424527297 1.592295562675515 0
      vertex -18.5 2 0
      vertex -18.5 1.6 0
    endloop
  endfacet
  facet normal 0 0 -1
    outer loop
      vertex -18.5 1.6 0
      vertex -18.5 2 0
      vertex -18.343172575472703 1.592295562675515 0
    endloop
  endfacet
  facet normal 0 0 -1
    outer loop
      vertex -18.656827424527297 1.592295562675515 0
      vertex -18.5 3.75 0
      vertex -18.5 2 0
    endloop
  endfacet
  facet normal 0 0 -1
    outer loop
      vertex -19.112293491784143 1.478207252018059 0
      vertex -19.23158870756048 3.677944801512114 0
      vertex -18.867564276235854 3.7319427250207386 0
    endloop
  endfacet
  facet normal 0 0 -1
    outer loop
      vertex -18.656827424527297 1.592295562675515 0
      vertex -18.867564276235854 3.7319427250207386 0
      vertex -18.5 3.75 0
    endloop
  endfacet
  facet normal 0 0 -1
    outer loop
      vertex -18.5 2 0
      vertex -18.5 3.75 0
      vertex -18.132435723764146 3.7319427250207386 0
    endloop
  endfacet
  facet normal 0 0 -1
    outer loop
      vertex -18.5 2 0
      vertex -18.132435723764146 3.7319427250207386 0
      vertex -17.76841129243952 3.677944801512114 0
    endloop
  endfacet
  facet normal 0 0 -1
    outer loop
      vertex -18.343172575472703 1.592295562675515 0
      vertex -18.5 2 0
      vertex -15.332007886058399 2 0
    endloop
  endfacet
  facet normal 0 0 -1
    outer loop
      vertex -18.343172575472703 1.592295562675515 0
      vertex -15.332007886058399 2 0
      vertex -18.187855484774193 1.5692564486451688 0
    endloop
  endfacet
  facet normal 0 0 -1
    outer loop
      vertex -18.187855484774193 1.5692564486451688 0
      vertex -15.332007886058399 2 0
      vertex -18.03554451639286 1.5311045371715342 0
    endloop
  endfacet
  facet normal 0 0 -1
    outer loop
      vertex -18.03554451639286 1.5311045371715342 0
      vertex -15.332007886058399 2 0
      vertex -17.887706508215857 1.478207252018059 0
    endloop
  endfacet
  facet normal 0 0 -1
    outer loop
      vertex -17.745765221078404 1.4110740229573682 0
      vertex -17.887706508215857 1.478207252018059 0
      vertex -15.332007886058399 2 0
    endloop
  endfacet
  facet normal 0 0 -1
    outer loop
      vertex -17.745765221078404 1.4110740229573682 0
      vertex -15.332007886058399 2 0
      vertex -17.611087627168637 1.3303513796840725 0
    endloop
  endfacet
  facet normal 0 0 -1
    outer loop
      vertex -18.5 2 0
      vertex -16.73226223690251 3.3072047413063315 0
      vertex -16.41661162617649 3.1180110461345447 0
    endloop
  endfacet
  facet normal 0 0 -1
    outer loop
      vertex -18.5 2 0
      vertex -16.12102518438633 2.8987892001102638 0
      vertex -15.848349570550447 2.6516504294495533 0
    endloop
  endfacet
  facet normal 0 0 -1
    outer loop
      vertex -18.5 2 0
      vertex -16.41661162617649 3.1180110461345447 0
      vertex -16.12102518438633 2.8987892001102638 0
    endloop
  endfacet
  facet normal 0 0 -1
    outer loop
      vertex -18.5 2 0
      vertex -17.76841129243952 3.677944801512114 0
      vertex -17.411432460295767 3.588526258995783 0
    endloop
  endfacet
  facet normal 0 0 -1
    outer loop
      vertex -18.5 2 0
      vertex -17.411432460295767 3.588526258995783 0
      vertex -17.064937128630913 3.4645482469173254 0
    endloop
  endfacet
  facet normal 0 0 -1
    outer loop
      vertex -18.5 2 0
      vertex -17.064937128630913 3.4645482469173254 0
      vertex -16.73226223690251 3.3072047413063315 0
    endloop
  endfacet
  facet normal 0.14673047445536003 -0.9891765099647812 0
    outer loop
      vertex -18.812144515225807 1.5692564486451688 0
      vertex -18.656827424527297 1.592295562675515 0
      vertex -18.656827424527297 1.592295562675515 2
    endloop
  endfacet
  facet normal 0.04906767432741823 -0.9987954562051724 0
    outer loop
      vertex -18.656827424527297 1.592295562675515 0
      vertex -18.5 1.6 0
      vertex -18.5 1.6 2
    endloop
  endfacet
  facet normal -0.04906767432741823 -0.9987954562051724 0
    outer loop
      vertex -18.5 1.6 0
      vertex -18.343172575472703 1.592295562675515 0
      vertex -18.343172575472703 1.592295562675515 2
    endloop
  endfacet
  facet normal -0.14673047445536003 -0.9891765099647812 0
    outer loop
      vertex -18.343172575472703 1.592295562675515 0
      vertex -18.187855484774193 1.5692564486451688 0
      vertex -18.187855484774193 1.5692564486451688 2
    endloop
  endfacet
  facet normal -0.14673047445536375 0.9891765099647807 0
    outer loop
      vertex -19.23158870756048 3.677944801512114 0
      vertex -19.23158870756048 3.677944801512114 2
      vertex -18.867564276235854 3.7319427250207386 0
    endloop
  endfacet
  facet normal -0.04906767432741696 0.9987954562051725 0
    outer loop
      vertex -18.867564276235854 3.7319427250207386 0
      vertex -18.867564276235854 3.7319427250207386 2
      vertex -18.5 3.75 0
    endloop
  endfacet
  facet normal 0.04906767432741696 0.9987954562051725 0
    outer loop
      vertex -18.5 3.75 0
      vertex -18.5 3.75 2
      vertex -18.132435723764146 3.7319427250207386 0
    endloop
  endfacet
  facet normal 0.14673047445536375 0.9891765099647807 0
    outer loop
      vertex -18.132435723764146 3.7319427250207386 0
      vertex -18.132435723764146 3.7319427250207386 2
      vertex -17.76841129243952 3.677944801512114 0
    endloop
  endfacet
  facet normal 0.24298017990326456 0.9700312531945438 0
    outer loop
      vertex -17.76841129243952 3.677944801512114 0
      vertex -17.76841129243952 3.677944801512114 2
      vertex -17.411432460295767 3.588526258995783 0
    endloop
  endfacet
  facet normal 0.42755509343028464 0.9039892931234422 0
    outer loop
      vertex -17.064937128630913 3.4645482469173254 0
      vertex -17.064937128630913 3.4645482469173254 2
      vertex -16.73226223690251 3.3072047413063315 0
    endloop
  endfacet
  facet normal 0.3368898533922174 0.9415440651830217 0
    outer loop
      vertex -17.411432460295767 3.588526258995783 0
      vertex -17.411432460295767 3.588526258995783 2
      vertex -17.064937128630913 3.4645482469173254 0
    endloop
  endfacet
  facet normal -0.9700312531945441 -0.24298017990326334 0
    outer loop
      vertex -22.088526258995785 -1.0885675397042338 0
      vertex -22.088526258995785 -1.0885675397042338 2
      vertex -22.177944801512115 -0.7315887075604809 2
    endloop
  endfacet
  facet normal -0.9891765099647821 -0.1467304744553546 0
    outer loop
      vertex -22.177944801512115 -0.7315887075604809 0
      vertex -22.177944801512115 -0.7315887075604809 2
      vertex -22.231942725020737 -0.36756427623585225 2
    endloop
  endfacet
  facet normal -0.9987954562051722 -0.04906767432742194 0
    outer loop
      vertex -22.231942725020737 -0.36756427623585225 0
      vertex -22.231942725020737 -0.36756427623585225 2
      vertex -22.25 0 2
    endloop
  endfacet
  facet normal -0.9987954562051722 0.04906767432742194 0
    outer loop
      vertex -22.25 0 0
      vertex -22.25 0 2
      vertex -22.231942725020737 0.36756427623585225 2
    endloop
  endfacet
  facet normal -0.9891765099647821 0.1467304744553546 0
    outer loop
      vertex -22.231942725020737 0.36756427623585225 0
      vertex -22.231942725020737 0.36756427623585225 2
      vertex -22.177944801512115 0.7315887075604809 2
    endloop
  endfacet
  facet normal -0.9700312531945441 0.24298017990326334 0
    outer loop
      vertex -22.177944801512115 0.7315887075604809 0
      vertex -22.177944801512115 0.7315887075604809 2
      vertex -22.088526258995785 1.0885675397042338 2
    endloop
  endfacet
  facet normal -0.9415440651830188 0.3368898533922253 0
    outer loop
      vertex -22.088526258995785 1.0885675397042338 0
      vertex -22.088526258995785 1.0885675397042338 2
      vertex -21.964548246917325 1.4350628713690867 2
    endloop
  endfacet
  facet normal -0.9039892931234451 0.4275550934302783 0
    outer loop
      vertex -21.964548246917325 1.4350628713690867 0
      vertex -21.964548246917325 1.4350628713690867 2
      vertex -21.807204741306332 1.767737763097491 2
    endloop
  endfacet
  facet normal 0.8577286100002668 0.5141027441932305 0
    outer loop
      vertex -19.83035137968407 -0.8889123728313635 0
      vertex -19.91107402295737 -0.7542347789215963 2
      vertex -19.83035137968407 -0.8889123728313635 2
    endloop
  endfacet
  facet normal 0.9415440651830239 0.33688985339221156 0
    outer loop
      vertex -19.97820725201806 -0.6122934917841437 0
      vertex -20.031104537171533 -0.46445548360713973 2
      vertex -19.97820725201806 -0.6122934917841437 2
    endloop
  endfacet
  facet normal 0.9700312531945402 0.24298017990327908 0
    outer loop
      vertex -20.031104537171533 -0.46445548360713973 0
      vertex -20.06925644864517 -0.3121445152258052 2
      vertex -20.031104537171533 -0.46445548360713973 2
    endloop
  endfacet
  facet normal 0.9039892931234439 0.4275550934302809 0
    outer loop
      vertex -19.91107402295737 -0.7542347789215963 0
      vertex -19.97820725201806 -0.6122934917841437 2
      vertex -19.91107402295737 -0.7542347789215963 2
    endloop
  endfacet
  facet normal 0.8032075314806487 0.5956993044924281 0
    outer loop
      vertex -19.73681672538038 -1.015029254661833 0
      vertex -19.83035137968407 -0.8889123728313635 2
      vertex -19.73681672538038 -1.015029254661833 2
    endloop
  endfacet
  facet normal 0.9891765099647806 0.1467304744553646 0
    outer loop
      vertex -20.06925644864517 -0.3121445152258052 0
      vertex -20.092295562675517 -0.15682742452729698 2
      vertex -20.06925644864517 -0.3121445152258052 2
    endloop
  endfacet
  facet normal 0.9987954562051726 0.04906767432741532 0
    outer loop
      vertex -20.092295562675517 -0.15682742452729698 0
      vertex -20.1 0 2
      vertex -20.092295562675517 -0.15682742452729698 2
    endloop
  endfacet
  facet normal 0.9987954562051726 -0.04906767432741532 0
    outer loop
      vertex -20.1 0 0
      vertex -20.092295562675517 0.15682742452729698 2
      vertex -20.1 0 2
    endloop
  endfacet
  facet normal 0.9891765099647806 -0.1467304744553646 0
    outer loop
      vertex -20.092295562675517 0.15682742452729698 0
      vertex -20.06925644864517 0.3121445152258052 2
      vertex -20.092295562675517 0.15682742452729698 2
    endloop
  endfacet
  facet normal 0.9700312531945402 -0.24298017990327908 0
    outer loop
      vertex -20.06925644864517 0.3121445152258052 0
      vertex -20.031104537171533 0.46445548360713973 2
      vertex -20.06925644864517 0.3121445152258052 2
    endloop
  endfacet
  facet normal 0.9415440651830239 -0.33688985339221156 0
    outer loop
      vertex -20.031104537171533 0.46445548360713973 0
      vertex -19.97820725201806 0.6122934917841437 2
      vertex -20.031104537171533 0.46445548360713973 2
    endloop
  endfacet
  facet normal 0.9039892931234439 -0.4275550934302809 0
    outer loop
      vertex -19.97820725201806 0.6122934917841437 0
      vertex -19.91107402295737 0.7542347789215963 2
      vertex -19.97820725201806 0.6122934917841437 2
    endloop
  endfacet
  facet normal 0.8577286100002668 -0.5141027441932305 0
    outer loop
      vertex -19.91107402295737 0.7542347789215963 0
      vertex -19.83035137968407 0.8889123728313635 2
      vertex -19.91107402295737 0.7542347789215963 2
    endloop
  endfacet
  facet normal 0.8032075314806487 -0.5956993044924281 0
    outer loop
      vertex -19.83035137968407 0.8889123728313635 0
      vertex -19.73681672538038 1.015029254661833 2
      vertex -19.83035137968407 0.8889123728313635 2
    endloop
  endfacet
  facet normal 0.740951125354964 -0.671558954847013 0
    outer loop
      vertex -19.73681672538038 1.015029254661833 0
      vertex -19.631370849898477 1.1313708498984762 2
      vertex -19.73681672538038 1.015029254661833 2
    endloop
  endfacet
  facet normal 0.6715589548470149 -0.7409511253549623 0
    outer loop
      vertex -19.631370849898477 1.1313708498984762 0
      vertex -19.515029254661833 1.2368167253803792 2
      vertex -19.631370849898477 1.1313708498984762 2
    endloop
  endfacet
  facet normal 0.5956993044924319 -0.8032075314806457 0
    outer loop
      vertex -19.515029254661833 1.2368167253803792 0
      vertex -19.388912372831363 1.3303513796840725 2
      vertex -19.515029254661833 1.2368167253803792 2
    endloop
  endfacet
  facet normal 0 0 1
    outer loop
      vertex -21.807204741306332 -1.767737763097491 2
      vertex -21.964548246917325 1.4350628713690867 2
      vertex -21.964548246917325 -1.4350628713690867 2
    endloop
  endfacet
  facet normal 0 0 1
    outer loop
      vertex -21.964548246917325 -1.4350628713690867 2
      vertex -22.088526258995785 1.0885675397042338 2
      vertex -22.088526258995785 -1.0885675397042338 2
    endloop
  endfacet
  facet normal 0 0 1
    outer loop
      vertex -21.618011046134544 -2.0833883738235084 2
      vertex -21.807204741306332 1.767737763097491 2
      vertex -21.807204741306332 -1.767737763097491 2
    endloop
  endfacet
  facet normal 0 0 1
    outer loop
      vertex -22.088526258995785 -1.0885675397042338 2
      vertex -22.177944801512115 0.7315887075604809 2
      vertex -22.177944801512115 -0.7315887075604809 2
    endloop
  endfacet
  facet normal 0 0 1
    outer loop
      vertex -22.177944801512115 -0.7315887075604809 2
      vertex -22.231942725020737 0.36756427623585225 2
      vertex -22.231942725020737 -0.36756427623585225 2
    endloop
  endfacet
  facet normal 0 0 1
    outer loop
      vertex -22.231942725020737 -0.36756427623585225 2
      vertex -22.231942725020737 0.36756427623585225 2
      vertex -22.25 0 2
    endloop
  endfacet
  facet normal 0 0 1
    outer loop
      vertex -22.177944801512115 -0.7315887075604809 2
      vertex -22.177944801512115 0.7315887075604809 2
      vertex -22.231942725020737 0.36756427623585225 2
    endloop
  endfacet
  facet normal 0 0 1
    outer loop
      vertex -22.088526258995785 -1.0885675397042338 2
      vertex -22.088526258995785 1.0885675397042338 2
      vertex -22.177944801512115 0.7315887075604809 2
    endloop
  endfacet
  facet normal 0 0 1
    outer loop
      vertex -21.618011046134544 -2.0833883738235084 2
      vertex -21.398789200110265 -2.3789748156136707 2
      vertex -21.618011046134544 2.0833883738235084 2
    endloop
  endfacet
  facet normal 0 0 1
    outer loop
      vertex -21.398789200110265 -2.3789748156136707 2
      vertex -21.151650429449553 -2.6516504294495533 2
      vertex -21.398789200110265 2.3789748156136707 2
    endloop
  endfacet
  facet normal 0 0 1
    outer loop
      vertex -20.87897481561367 -2.8987892001102638 2
      vertex -21.151650429449553 2.6516504294495533 2
      vertex -21.151650429449553 -2.6516504294495533 2
    endloop
  endfacet
  facet normal 0 0 1
    outer loop
      vertex -21.964548246917325 -1.4350628713690867 2
      vertex -21.964548246917325 1.4350628713690867 2
      vertex -22.088526258995785 1.0885675397042338 2
    endloop
  endfacet
  facet normal 0 0 1
    outer loop
      vertex -21.807204741306332 -1.767737763097491 2
      vertex -21.807204741306332 1.767737763097491 2
      vertex -21.964548246917325 1.4350628713690867 2
    endloop
  endfacet
  facet normal 0 0 1
    outer loop
      vertex -21.618011046134544 -2.0833883738235084 2
      vertex -21.618011046134544 2.0833883738235084 2
      vertex -21.807204741306332 1.767737763097491 2
    endloop
  endfacet
  facet normal 0 0 1
    outer loop
      vertex -21.398789200110265 -2.3789748156136707 2
      vertex -21.398789200110265 2.3789748156136707 2
      vertex -21.618011046134544 2.0833883738235084 2
    endloop
  endfacet
  facet normal 0 0 1
    outer loop
      vertex -21.151650429449553 -2.6516504294495533 2
      vertex -21.151650429449553 2.6516504294495533 2
      vertex -21.398789200110265 2.3789748156136707 2
    endloop
  endfacet
  facet normal 0 0 1
    outer loop
      vertex -20.87897481561367 -2.8987892001102638 2
      vertex -20.87897481561367 2.8987892001102638 2
      vertex -21.151650429449553 2.6516504294495533 2
    endloop
  endfacet
  facet normal 0 0 1
    outer loop
      vertex -20.87897481561367 -2.8987892001102638 2
      vertex -20.58338837382351 -3.1180110461345447 2
      vertex -20.87897481561367 2.8987892001102638 2
    endloop
  endfacet
  facet normal 0 0 1
    outer loop
      vertex -19.935062871369087 -3.4645482469173254 2
      vertex -20.1 0 2
      vertex -20.26773776309749 3.3072047413063315 2
    endloop
  endfacet
  facet normal 0 0 1
    outer loop
      vertex -20.58338837382351 -3.1180110461345447 2
      vertex -20.58338837382351 3.1180110461345447 2
      vertex -20.87897481561367 2.8987892001102638 2
    endloop
  endfacet
  facet normal 0 0 1
    outer loop
      vertex -20.26773776309749 -3.3072047413063315 2
      vertex -20.26773776309749 3.3072047413063315 2
      vertex -20.58338837382351 3.1180110461345447 2
    endloop
  endfacet
  facet normal 0 0 1
    outer loop
      vertex -20.1 0 2
      vertex -20.092295562675517 0.15682742452729698 2
      vertex -20.26773776309749 3.3072047413063315 2
    endloop
  endfacet
  facet normal 0 0 1
    outer loop
      vertex -20.092295562675517 0.15682742452729698 2
      vertex -20.06925644864517 0.3121445152258052 2
      vertex -20.26773776309749 3.3072047413063315 2
    endloop
  endfacet
  facet normal 0 0 1
    outer loop
      vertex -20.06925644864517 0.3121445152258052 2
      vertex -20.031104537171533 0.46445548360713973 2
      vertex -20.26773776309749 3.3072047413063315 2
    endloop
  endfacet
  facet normal 0 0 1
    outer loop
      vertex -20.031104537171533 0.46445548360713973 2
      vertex -19.97820725201806 0.6122934917841437 2
      vertex -20.26773776309749 3.3072047413063315 2
    endloop
  endfacet
  facet normal 0 0 1
    outer loop
      vertex -19.97820725201806 0.6122934917841437 2
      vertex -19.91107402295737 0.7542347789215963 2
      vertex -20.26773776309749 3.3072047413063315 2
    endloop
  endfacet
  facet normal -0.8577286100002705 0.5141027441932242 0
    outer loop
      vertex -21.807204741306332 1.767737763097491 0
      vertex -21.807204741306332 1.767737763097491 2
      vertex -21.618011046134544 2.0833883738235084 2
    endloop
  endfacet
  facet normal -0.8032075314806474 0.59569930449243 0
    outer loop
      vertex -21.618011046134544 2.0833883738235084 0
      vertex -21.618011046134544 2.0833883738235084 2
      vertex -21.398789200110265 2.3789748156136707 2
    endloop
  endfacet
  facet normal -0.7409511253549572 0.6715589548470206 0
    outer loop
      vertex -21.398789200110265 2.3789748156136707 0
      vertex -21.398789200110265 2.3789748156136707 2
      vertex -21.151650429449553 2.6516504294495533 2
    endloop
  endfacet
  facet normal -0.6715589548470179 0.7409511253549595 0
    outer loop
      vertex -20.87897481561367 2.8987892001102638 0
      vertex -21.151650429449553 2.6516504294495533 2
      vertex -20.87897481561367 2.8987892001102638 2
    endloop
  endfacet
  facet normal -0.595699304492436 0.8032075314806429 0
    outer loop
      vertex -20.58338837382351 3.1180110461345447 0
      vertex -20.87897481561367 2.8987892001102638 2
      vertex -20.58338837382351 3.1180110461345447 2
    endloop
  endfacet
  facet normal -0.5141027441932177 0.8577286100002746 0
    outer loop
      vertex -20.26773776309749 3.3072047413063315 0
      vertex -20.58338837382351 3.1180110461345447 2
      vertex -20.26773776309749 3.3072047413063315 2
    endloop
  endfacet
  facet normal -0.42755509343028464 0.9039892931234422 0
    outer loop
      vertex -19.935062871369087 3.4645482469173254 0
      vertex -20.26773776309749 3.3072047413063315 2
      vertex -19.935062871369087 3.4645482469173254 2
    endloop
  endfacet
  facet normal -0.3368898533922174 0.9415440651830217 0
    outer loop
      vertex -19.588567539704233 3.588526258995783 0
      vertex -19.935062871369087 3.4645482469173254 2
      vertex -19.588567539704233 3.588526258995783 2
    endloop
  endfacet
  facet normal 0 0 1
    outer loop
      vertex -19.91107402295737 0.7542347789215963 2
      vertex -19.83035137968407 0.8889123728313635 2
      vertex -19.935062871369087 3.4645482469173254 2
    endloop
  endfacet
  facet normal 0 0 1
    outer loop
      vertex -19.83035137968407 0.8889123728313635 2
      vertex -19.73681672538038 1.015029254661833 2
      vertex -19.935062871369087 3.4645482469173254 2
    endloop
  endfacet
  facet normal 0 0 1
    outer loop
      vertex -19.73681672538038 1.015029254661833 2
      vertex -19.631370849898477 1.1313708498984762 2
      vertex -19.935062871369087 3.4645482469173254 2
    endloop
  endfacet
  facet normal 0 0 1
    outer loop
      vertex -19.631370849898477 1.1313708498984762 2
      vertex -19.515029254661833 1.2368167253803792 2
      vertex -19.935062871369087 3.4645482469173254 2
    endloop
  endfacet
  facet normal 0 0 1
    outer loop
      vertex -19.515029254661833 1.2368167253803792 2
      vertex -19.388912372831363 1.3303513796840725 2
      vertex -19.588567539704233 3.588526258995783 2
    endloop
  endfacet
  facet normal 0 0 1
    outer loop
      vertex -19.91107402295737 0.7542347789215963 2
      vertex -19.935062871369087 3.4645482469173254 2
      vertex -20.26773776309749 3.3072047413063315 2
    endloop
  endfacet
  facet normal 0 0 1
    outer loop
      vertex -19.515029254661833 1.2368167253803792 2
      vertex -19.588567539704233 3.588526258995783 2
      vertex -19.935062871369087 3.4645482469173254 2
    endloop
  endfacet
  facet normal 0.5141027441932213 -0.8577286100002723 0
    outer loop
      vertex -19.388912372831363 1.3303513796840725 0
      vertex -19.254234778921596 1.4110740229573682 2
      vertex -19.388912372831363 1.3303513796840725 2
    endloop
  endfacet
  facet normal 0.4275550934302821 -0.9039892931234434 0
    outer loop
      vertex -19.254234778921596 1.4110740229573682 0
      vertex -19.112293491784143 1.478207252018059 2
      vertex -19.254234778921596 1.4110740229573682 2
    endloop
  endfacet
  facet normal 0.3368898533922189 -0.9415440651830214 0
    outer loop
      vertex -19.112293491784143 1.478207252018059 0
      vertex -18.96445548360714 1.5311045371715342 2
      vertex -19.112293491784143 1.478207252018059 2
    endloop
  endfacet
  facet normal 0.2429801799032676 -0.970031253194543 0
    outer loop
      vertex -18.96445548360714 1.5311045371715342 0
      vertex -18.812144515225807 1.5692564486451688 2
      vertex -18.96445548360714 1.5311045371715342 2
    endloop
  endfacet
  facet normal -0.2429801799032676 -0.970031253194543 0
    outer loop
      vertex -18.187855484774193 1.5692564486451688 0
      vertex -18.03554451639286 1.5311045371715342 2
      vertex -18.187855484774193 1.5692564486451688 2
    endloop
  endfacet
  facet normal -0.740951125354964 0.671558954847013 0
    outer loop
      vertex -17.26318327461962 -1.015029254661833 0
      vertex -17.368629150101523 -1.1313708498984762 2
      vertex -17.26318327461962 -1.015029254661833 2
    endloop
  endfacet
  facet normal -0.8032075314806487 0.5956993044924281 0
    outer loop
      vertex -17.16964862031593 -0.8889123728313635 0
      vertex -17.26318327461962 -1.015029254661833 2
      vertex -17.16964862031593 -0.8889123728313635 2
    endloop
  endfacet
  facet normal -0.8577286100002668 0.5141027441932305 0
    outer loop
      vertex -17.08892597704263 -0.7542347789215963 0
      vertex -17.16964862031593 -0.8889123728313635 2
      vertex -17.08892597704263 -0.7542347789215963 2
    endloop
  endfacet
  facet normal -0.9039892931234439 0.4275550934302809 0
    outer loop
      vertex -17.02179274798194 -0.6122934917841437 0
      vertex -17.08892597704263 -0.7542347789215963 2
      vertex -17.02179274798194 -0.6122934917841437 2
    endloop
  endfacet
  facet normal -0.9415440651830239 0.33688985339221156 0
    outer loop
      vertex -16.968895462828467 -0.46445548360713973 0
      vertex -17.02179274798194 -0.6122934917841437 2
      vertex -16.968895462828467 -0.46445548360713973 2
    endloop
  endfacet
  facet normal -0.9700312531945402 0.24298017990327908 0
    outer loop
      vertex -16.93074355135483 -0.3121445152258052 0
      vertex -16.968895462828467 -0.46445548360713973 2
      vertex -16.93074355135483 -0.3121445152258052 2
    endloop
  endfacet
  facet normal -0.9891765099647806 0.1467304744553646 0
    outer loop
      vertex -16.907704437324483 -0.15682742452729698 0
      vertex -16.93074355135483 -0.3121445152258052 2
      vertex -16.907704437324483 -0.15682742452729698 2
    endloop
  endfacet
  facet normal -0.9987954562051726 0.04906767432741532 0
    outer loop
      vertex -16.9 0 0
      vertex -16.907704437324483 -0.15682742452729698 2
      vertex -16.9 0 2
    endloop
  endfacet
  facet normal -0.9987954562051726 -0.04906767432741532 0
    outer loop
      vertex -16.907704437324483 0.15682742452729698 0
      vertex -16.9 0 2
      vertex -16.907704437324483 0.15682742452729698 2
    endloop
  endfacet
  facet normal -0.3368898533922189 -0.9415440651830214 0
    outer loop
      vertex -18.03554451639286 1.5311045371715342 0
      vertex -17.887706508215857 1.478207252018059 2
      vertex -18.03554451639286 1.5311045371715342 2
    endloop
  endfacet
  facet normal -0.4275550934302821 -0.9039892931234434 0
    outer loop
      vertex -17.887706508215857 1.478207252018059 0
      vertex -17.745765221078404 1.4110740229573682 2
      vertex -17.887706508215857 1.478207252018059 2
    endloop
  endfacet
  facet normal -0.6715589548470149 -0.7409511253549623 0
    outer loop
      vertex -17.484970745338167 1.2368167253803792 0
      vertex -17.368629150101523 1.1313708498984762 2
      vertex -17.484970745338167 1.2368167253803792 2
    endloop
  endfacet
  facet normal -0.5141027441932213 -0.8577286100002723 0
    outer loop
      vertex -17.745765221078404 1.4110740229573682 0
      vertex -17.611087627168637 1.3303513796840725 2
      vertex -17.745765221078404 1.4110740229573682 2
    endloop
  endfacet
  facet normal -0.5956993044924319 -0.8032075314806457 0
    outer loop
      vertex -17.611087627168637 1.3303513796840725 0
      vertex -17.484970745338167 1.2368167253803792 2
      vertex -17.611087627168637 1.3303513796840725 2
    endloop
  endfacet
  facet normal -0.9039892931234439 -0.4275550934302809 0
    outer loop
      vertex -17.08892597704263 0.7542347789215963 0
      vertex -17.02179274798194 0.6122934917841437 2
      vertex -17.08892597704263 0.7542347789215963 2
    endloop
  endfacet
  facet normal -0.8577286100002668 -0.5141027441932305 0
    outer loop
      vertex -17.16964862031593 0.8889123728313635 0
      vertex -17.08892597704263 0.7542347789215963 2
      vertex -17.16964862031593 0.8889123728313635 2
    endloop
  endfacet
  facet normal -0.9891765099647806 -0.1467304744553646 0
    outer loop
      vertex -16.93074355135483 0.3121445152258052 0
      vertex -16.907704437324483 0.15682742452729698 2
      vertex -16.93074355135483 0.3121445152258052 2
    endloop
  endfacet
  facet normal -0.9700312531945402 -0.24298017990327908 0
    outer loop
      vertex -16.968895462828467 0.46445548360713973 0
      vertex -16.93074355135483 0.3121445152258052 2
      vertex -16.968895462828467 0.46445548360713973 2
    endloop
  endfacet
  facet normal -0.9415440651830239 -0.33688985339221156 0
    outer loop
      vertex -17.02179274798194 0.6122934917841437 0
      vertex -16.968895462828467 0.46445548360713973 2
      vertex -17.02179274798194 0.6122934917841437 2
    endloop
  endfacet
  facet normal -0.8032075314806487 -0.5956993044924281 0
    outer loop
      vertex -17.26318327461962 1.015029254661833 0
      vertex -17.16964862031593 0.8889123728313635 2
      vertex -17.26318327461962 1.015029254661833 2
    endloop
  endfacet
  facet normal -0.740951125354964 -0.671558954847013 0
    outer loop
      vertex -17.368629150101523 1.1313708498984762 0
      vertex -17.26318327461962 1.015029254661833 2
      vertex -17.368629150101523 1.1313708498984762 2
    endloop
  endfacet
  facet normal 0 0 1
    outer loop
      vertex -16.73226223690251 -3.3072047413063315 2
      vertex -17.064937128630913 3.4645482469173254 2
      vertex -16.9 0 2
    endloop
  endfacet
  facet normal 0 0 1
    outer loop
      vertex -16.9 0 2
      vertex -17.064937128630913 3.4645482469173254 2
      vertex -16.907704437324483 0.15682742452729698 2
    endloop
  endfacet
  facet normal 0 0 1
    outer loop
      vertex -16.73226223690251 -3.3072047413063315 2
      vertex -16.73226223690251 3.3072047413063315 2
      vertex -17.064937128630913 3.4645482469173254 2
    endloop
  endfacet
  facet normal 0 0 1
    outer loop
      vertex -16.907704437324483 0.15682742452729698 2
      vertex -17.064937128630913 3.4645482469173254 2
      vertex -16.93074355135483 0.3121445152258052 2
    endloop
  endfacet
  facet normal 0 0 1
    outer loop
      vertex -16.93074355135483 0.3121445152258052 2
      vertex -17.064937128630913 3.4645482469173254 2
      vertex -16.968895462828467 0.46445548360713973 2
    endloop
  endfacet
  facet normal 0 0 1
    outer loop
      vertex -16.968895462828467 0.46445548360713973 2
      vertex -17.064937128630913 3.4645482469173254 2
      vertex -17.02179274798194 0.6122934917841437 2
    endloop
  endfacet
  facet normal 0.14673047445536003 -0.9891765099647812 0
    outer loop
      vertex -18.812144515225807 1.5692564486451688 0
      vertex -18.656827424527297 1.592295562675515 2
      vertex -18.812144515225807 1.5692564486451688 2
    endloop
  endfacet
  facet normal 0.04906767432741823 -0.9987954562051724 0
    outer loop
      vertex -18.656827424527297 1.592295562675515 0
      vertex -18.5 1.6 2
      vertex -18.656827424527297 1.592295562675515 2
    endloop
  endfacet
  facet normal -0.04906767432741823 -0.9987954562051724 0
    outer loop
      vertex -18.5 1.6 0
      vertex -18.343172575472703 1.592295562675515 2
      vertex -18.5 1.6 2
    endloop
  endfacet
  facet normal -0.14673047445536003 -0.9891765099647812 0
    outer loop
      vertex -18.343172575472703 1.592295562675515 0
      vertex -18.187855484774193 1.5692564486451688 2
      vertex -18.343172575472703 1.592295562675515 2
    endloop
  endfacet
  facet normal -0.24298017990326456 0.9700312531945438 0
    outer loop
      vertex -19.23158870756048 3.677944801512114 0
      vertex -19.588567539704233 3.588526258995783 2
      vertex -19.23158870756048 3.677944801512114 2
    endloop
  endfacet
  facet normal -0.14673047445536375 0.9891765099647807 0
    outer loop
      vertex -18.867564276235854 3.7319427250207386 0
      vertex -19.23158870756048 3.677944801512114 2
      vertex -18.867564276235854 3.7319427250207386 2
    endloop
  endfacet
  facet normal -0.04906767432741696 0.9987954562051725 0
    outer loop
      vertex -18.5 3.75 0
      vertex -18.867564276235854 3.7319427250207386 2
      vertex -18.5 3.75 2
    endloop
  endfacet
  facet normal 0.04906767432741696 0.9987954562051725 0
    outer loop
      vertex -18.132435723764146 3.7319427250207386 0
      vertex -18.5 3.75 2
      vertex -18.132435723764146 3.7319427250207386 2
    endloop
  endfacet
  facet normal 0.14673047445536375 0.9891765099647807 0
    outer loop
      vertex -17.76841129243952 3.677944801512114 0
      vertex -18.132435723764146 3.7319427250207386 2
      vertex -17.76841129243952 3.677944801512114 2
    endloop
  endfacet
  facet normal 0.24298017990326456 0.9700312531945438 0
    outer loop
      vertex -17.411432460295767 3.588526258995783 0
      vertex -17.76841129243952 3.677944801512114 2
      vertex -17.411432460295767 3.588526258995783 2
    endloop
  endfacet
  facet normal 0.3368898533922174 0.9415440651830217 0
    outer loop
      vertex -17.064937128630913 3.4645482469173254 0
      vertex -17.411432460295767 3.588526258995783 2
      vertex -17.064937128630913 3.4645482469173254 2
    endloop
  endfacet
  facet normal 0.42755509343028464 0.9039892931234422 0
    outer loop
      vertex -16.73226223690251 3.3072047413063315 0
      vertex -17.064937128630913 3.4645482469173254 2
      vertex -16.73226223690251 3.3072047413063315 2
    endloop
  endfacet
  facet normal 0 0 1
    outer loop
      vertex -19.588567539704233 3.588526258995783 2
      vertex -19.388912372831363 1.3303513796840725 2
      vertex -19.254234778921596 1.4110740229573682 2
    endloop
  endfacet
  facet normal 0 0 1
    outer loop
      vertex -19.588567539704233 3.588526258995783 2
      vertex -19.254234778921596 1.4110740229573682 2
      vertex -19.112293491784143 1.478207252018059 2
    endloop
  endfacet
  facet normal 0 0 1
    outer loop
      vertex -19.112293491784143 1.478207252018059 2
      vertex -18.96445548360714 1.5311045371715342 2
      vertex -19.23158870756048 3.677944801512114 2
    endloop
  endfacet
  facet normal 0 0 1
    outer loop
      vertex -18.96445548360714 1.5311045371715342 2
      vertex -18.812144515225807 1.5692564486451688 2
      vertex -19.23158870756048 3.677944801512114 2
    endloop
  endfacet
  facet normal 0 0 1
    outer loop
      vertex -18.812144515225807 1.5692564486451688 2
      vertex -18.656827424527297 1.592295562675515 2
      vertex -18.867564276235854 3.7319427250207386 2
    endloop
  endfacet
  facet normal 0 0 1
    outer loop
      vertex -18.656827424527297 1.592295562675515 2
      vertex -18.5 1.6 2
      vertex -18.5 3.75 2
    endloop
  endfacet
  facet normal 0 0 1
    outer loop
      vertex -18.5 1.6 2
      vertex -18.343172575472703 1.592295562675515 2
      vertex -18.5 3.75 2
    endloop
  endfacet
  facet normal 0 0 1
    outer loop
      vertex -18.343172575472703 1.592295562675515 2
      vertex -18.187855484774193 1.5692564486451688 2
      vertex -18.132435723764146 3.7319427250207386 2
    endloop
  endfacet
  facet normal 0 0 1
    outer loop
      vertex -18.187855484774193 1.5692564486451688 2
      vertex -18.03554451639286 1.5311045371715342 2
      vertex -18.132435723764146 3.7319427250207386 2
    endloop
  endfacet
  facet normal 0 0 1
    outer loop
      vertex -19.588567539704233 3.588526258995783 2
      vertex -19.112293491784143 1.478207252018059 2
      vertex -19.23158870756048 3.677944801512114 2
    endloop
  endfacet
  facet normal 0 0 1
    outer loop
      vertex -18.812144515225807 1.5692564486451688 2
      vertex -18.867564276235854 3.7319427250207386 2
      vertex -19.23158870756048 3.677944801512114 2
    endloop
  endfacet
  facet normal 0 0 1
    outer loop
      vertex -18.656827424527297 1.592295562675515 2
      vertex -18.5 3.75 2
      vertex -18.867564276235854 3.7319427250207386 2
    endloop
  endfacet
  facet normal 0 0 1
    outer loop
      vertex -18.343172575472703 1.592295562675515 2
      vertex -18.132435723764146 3.7319427250207386 2
      vertex -18.5 3.75 2
    endloop
  endfacet
  facet normal 0 0 1
    outer loop
      vertex -17.745765221078404 1.4110740229573682 2
      vertex -17.76841129243952 3.677944801512114 2
      vertex -17.887706508215857 1.478207252018059 2
    endloop
  endfacet
  facet normal 0 0 1
    outer loop
      vertex -17.745765221078404 1.4110740229573682 2
      vertex -17.611087627168637 1.3303513796840725 2
      vertex -17.76841129243952 3.677944801512114 2
    endloop
  endfacet
  facet normal 0 0 1
    outer loop
      vertex -17.611087627168637 1.3303513796840725 2
      vertex -17.484970745338167 1.2368167253803792 2
      vertex -17.411432460295767 3.588526258995783 2
    endloop
  endfacet
  facet normal 0 0 1
    outer loop
      vertex -17.368629150101523 1.1313708498984762 2
      vertex -17.411432460295767 3.588526258995783 2
      vertex -17.484970745338167 1.2368167253803792 2
    endloop
  endfacet
  facet normal 0 0 1
    outer loop
      vertex -18.132435723764146 3.7319427250207386 2
      vertex -18.03554451639286 1.5311045371715342 2
      vertex -17.887706508215857 1.478207252018059 2
    endloop
  endfacet
  facet normal 0 0 1
    outer loop
      vertex -17.611087627168637 1.3303513796840725 2
      vertex -17.411432460295767 3.588526258995783 2
      vertex -17.76841129243952 3.677944801512114 2
    endloop
  endfacet
  facet normal 0 0 1
    outer loop
      vertex -17.08892597704263 0.7542347789215963 2
      vertex -17.02179274798194 0.6122934917841437 2
      vertex -17.064937128630913 3.4645482469173254 2
    endloop
  endfacet
  facet normal 0 0 1
    outer loop
      vertex -17.08892597704263 0.7542347789215963 2
      vertex -17.064937128630913 3.4645482469173254 2
      vertex -17.16964862031593 0.8889123728313635 2
    endloop
  endfacet
  facet normal 0 0 1
    outer loop
      vertex -17.26318327461962 1.015029254661833 2
      vertex -17.16964862031593 0.8889123728313635 2
      vertex -17.064937128630913 3.4645482469173254 2
    endloop
  endfacet
  facet normal 0 0 1
    outer loop
      vertex -17.368629150101523 1.1313708498984762 2
      vertex -17.26318327461962 1.015029254661833 2
      vertex -17.411432460295767 3.588526258995783 2
    endloop
  endfacet
  facet normal 0 0 1
    outer loop
      vertex -17.26318327461962 1.015029254661833 2
      vertex -17.064937128630913 3.4645482469173254 2
      vertex -17.411432460295767 3.588526258995783 2
    endloop
  endfacet
  facet normal 0 0 1
    outer loop
      vertex -18.132435723764146 3.7319427250207386 2
      vertex -17.887706508215857 1.478207252018059 2
      vertex -17.76841129243952 3.677944801512114 2
    endloop
  endfacet
  facet normal 0 0 -1
    outer loop
      vertex -17.411432460295767 -3.588526258995783 0
      vertex -15.332007886058399 -2 0
      vertex -17.064937128630913 -3.4645482469173254 0
    endloop
  endfacet
  facet normal 0 0 -1
    outer loop
      vertex -17.064937128630913 -3.4645482469173254 0
      vertex -15.332007886058399 -2 0
      vertex -16.73226223690251 -3.3072047413063315 0
    endloop
  endfacet
  facet normal 0 0 -1
    outer loop
      vertex -16.73226223690251 -3.3072047413063315 0
      vertex -15.332007886058399 -2 0
      vertex -16.41661162617649 -3.1180110461345447 0
    endloop
  endfacet
  facet normal 0 0 -1
    outer loop
      vertex -16.41661162617649 -3.1180110461345447 0
      vertex -15.332007886058399 -2 0
      vertex -16.12102518438633 -2.8987892001102638 0
    endloop
  endfacet
  facet normal 0 0 -1
    outer loop
      vertex -16.12102518438633 -2.8987892001102638 0
      vertex -15.332007886058399 -2 0
      vertex -15.848349570550447 -2.6516504294495533 0
    endloop
  endfacet
  facet normal 0 0 -1
    outer loop
      vertex -17.484970745338167 -1.2368167253803792 0
      vertex -17.368629150101523 -1.1313708498984762 0
      vertex -14.75 -2 0
    endloop
  endfacet
  facet normal 0 0 -1
    outer loop
      vertex -17.368629150101523 -1.1313708498984762 0
      vertex -17.26318327461962 -1.015029254661833 0
      vertex -14.75 -2 0
    endloop
  endfacet
  facet normal 0 0 -1
    outer loop
      vertex -17.26318327461962 -1.015029254661833 0
      vertex -17.16964862031593 -0.8889123728313635 0
      vertex -14.75 -2 0
    endloop
  endfacet
  facet normal 0 0 -1
    outer loop
      vertex -17.16964862031593 -0.8889123728313635 0
      vertex -17.08892597704263 -0.7542347789215963 0
      vertex -14.75 -2 0
    endloop
  endfacet
  facet normal 0 0 -1
    outer loop
      vertex -17.08892597704263 -0.7542347789215963 0
      vertex -17.02179274798194 -0.6122934917841437 0
      vertex -14.75 -2 0
    endloop
  endfacet
  facet normal 0 0 -1
    outer loop
      vertex -17.484970745338167 -1.2368167253803792 0
      vertex -14.75 -2 0
      vertex -15.332007886058399 -2 0
    endloop
  endfacet
  facet normal 0 0 -1
    outer loop
      vertex -15.848349570550447 -2.6516504294495533 0
      vertex -15.332007886058399 -2 0
      vertex -15.601210799889737 -2.3789748156136707 0
    endloop
  endfacet
  facet normal 0 0 -1
    outer loop
      vertex -15.601210799889737 -2.3789748156136707 0
      vertex -15.332007886058399 -2 0
      vertex -15.381988953865456 -2.0833883738235084 0
    endloop
  endfacet
  facet normal 0.5141027441932177 -0.8577286100002746 0
    outer loop
      vertex -16.73226223690251 -3.3072047413063315 0
      vertex -16.41661162617649 -3.1180110461345447 0
      vertex -16.41661162617649 -3.1180110461345447 2
    endloop
  endfacet
  facet normal 0.595699304492436 -0.8032075314806429 0
    outer loop
      vertex -16.41661162617649 -3.1180110461345447 0
      vertex -16.12102518438633 -2.8987892001102638 0
      vertex -16.12102518438633 -2.8987892001102638 2
    endloop
  endfacet
  facet normal 0.6715589548470179 -0.7409511253549595 0
    outer loop
      vertex -16.12102518438633 -2.8987892001102638 0
      vertex -15.848349570550447 -2.6516504294495533 0
      vertex -15.848349570550447 -2.6516504294495533 2
    endloop
  endfacet
  facet normal 0.7409511253549597 -0.6715589548470179 0
    outer loop
      vertex -15.848349570550447 -2.6516504294495533 0
      vertex -15.601210799889737 -2.3789748156136707 0
      vertex -15.848349570550447 -2.6516504294495533 2
    endloop
  endfacet
  facet normal 0.803207531480645 -0.5956993044924331 0
    outer loop
      vertex -15.601210799889737 -2.3789748156136707 0
      vertex -15.381988953865456 -2.0833883738235084 0
      vertex -15.601210799889737 -2.3789748156136707 2
    endloop
  endfacet
  facet normal 0.857728610000271 -0.5141027441932235 0
    outer loop
      vertex -15.381988953865456 -2.0833883738235084 0
      vertex -15.332007886058399 -2 0
      vertex -15.332007886058399 -2 2
    endloop
  endfacet
  facet normal 0 -1 0
    outer loop
      vertex -15.332007886058399 -2 0
      vertex -14.75 -2 0
      vertex -14.75 -2 2
    endloop
  endfacet
  facet normal 0.5141027441932177 -0.8577286100002746 0
    outer loop
      vertex -16.73226223690251 -3.3072047413063315 0
      vertex -16.41661162617649 -3.1180110461345447 2
      vertex -16.73226223690251 -3.3072047413063315 2
    endloop
  endfacet
  facet normal 0.595699304492436 -0.8032075314806429 0
    outer loop
      vertex -16.41661162617649 -3.1180110461345447 0
      vertex -16.12102518438633 -2.8987892001102638 2
      vertex -16.41661162617649 -3.1180110461345447 2
    endloop
  endfacet
  facet normal 0.6715589548470179 -0.7409511253549595 0
    outer loop
      vertex -16.12102518438633 -2.8987892001102638 0
      vertex -15.848349570550447 -2.6516504294495533 2
      vertex -16.12102518438633 -2.8987892001102638 2
    endloop
  endfacet
  facet normal 0.7409511253549597 -0.6715589548470179 0
    outer loop
      vertex -15.601210799889737 -2.3789748156136707 0
      vertex -15.601210799889737 -2.3789748156136707 2
      vertex -15.848349570550447 -2.6516504294495533 2
    endloop
  endfacet
  facet normal 0.803207531480645 -0.5956993044924331 0
    outer loop
      vertex -15.381988953865456 -2.0833883738235084 0
      vertex -15.381988953865456 -2.0833883738235084 2
      vertex -15.601210799889737 -2.3789748156136707 2
    endloop
  endfacet
  facet normal 0.857728610000271 -0.5141027441932235 0
    outer loop
      vertex -15.381988953865456 -2.0833883738235084 0
      vertex -15.332007886058399 -2 2
      vertex -15.381988953865456 -2.0833883738235084 2
    endloop
  endfacet
  facet normal 0 -1 0
    outer loop
      vertex -15.332007886058399 -2 0
      vertex -14.75 -2 2
      vertex -15.332007886058399 -2 2
    endloop
  endfacet
  facet normal 0 0 1
    outer loop
      vertex -15.381988953865456 -2.0833883738235084 2
      vertex -15.332007886058399 -2 2
      vertex -15.293889076590187 0.2900741741814328 2
    endloop
  endfacet
  facet normal 0 0 -1
    outer loop
      vertex -17.02179274798194 -0.6122934917841437 0
      vertex -16.968895462828467 -0.46445548360713973 0
      vertex -14.75 -2 0
    endloop
  endfacet
  facet normal 0 0 -1
    outer loop
      vertex -16.968895462828467 -0.46445548360713973 0
      vertex -16.93074355135483 -0.3121445152258052 0
      vertex -14.75 -2 0
    endloop
  endfacet
  facet normal 0 0 -1
    outer loop
      vertex -16.93074355135483 -0.3121445152258052 0
      vertex -16.907704437324483 -0.15682742452729698 0
      vertex -14.75 -2 0
    endloop
  endfacet
  facet normal 0 0 -1
    outer loop
      vertex -16.907704437324483 -0.15682742452729698 0
      vertex -16.9 0 0
      vertex -14.75 -2 0
    endloop
  endfacet
  facet normal 0 0 -1
    outer loop
      vertex -16.9 0 0
      vertex -16.907704437324483 0.15682742452729698 0
      vertex -14.75 -2 0
    endloop
  endfacet
  facet normal 0 0 -1
    outer loop
      vertex -16.907704437324483 0.15682742452729698 0
      vertex -14.75 0.8300198103422827 0
      vertex -14.75 -2 0
    endloop
  endfacet
  facet normal 0 0 -1
    outer loop
      vertex -16.907704437324483 0.15682742452729698 0
      vertex -16.93074355135483 0.3121445152258052 0
      vertex -15.332007886058399 2 0
    endloop
  endfacet
  facet normal 0 0 -1
    outer loop
      vertex -17.08892597704263 0.7542347789215963 0
      vertex -17.16964862031593 0.8889123728313635 0
      vertex -15.332007886058399 2 0
    endloop
  endfacet
  facet normal 0 0 -1
    outer loop
      vertex -16.968895462828467 0.46445548360713973 0
      vertex -17.02179274798194 0.6122934917841437 0
      vertex -15.332007886058399 2 0
    endloop
  endfacet
  facet normal 0 0 -1
    outer loop
      vertex -16.93074355135483 0.3121445152258052 0
      vertex -16.968895462828467 0.46445548360713973 0
      vertex -15.332007886058399 2 0
    endloop
  endfacet
  facet normal 0 0 -1
    outer loop
      vertex -17.08892597704263 0.7542347789215963 0
      vertex -15.332007886058399 2 0
      vertex -17.02179274798194 0.6122934917841437 0
    endloop
  endfacet
  facet normal 0 0 -1
    outer loop
      vertex -17.368629150101523 1.1313708498984762 0
      vertex -15.332007886058399 2 0
      vertex -17.26318327461962 1.015029254661833 0
    endloop
  endfacet
  facet normal 0 0 -1
    outer loop
      vertex -17.26318327461962 1.015029254661833 0
      vertex -15.332007886058399 2 0
      vertex -17.16964862031593 0.8889123728313635 0
    endloop
  endfacet
  facet normal 0 0 -1
    outer loop
      vertex -16.907704437324483 0.15682742452729698 0
      vertex -15.332007886058399 2 0
      vertex -14.75 0.8300198103422827 0
    endloop
  endfacet
  facet normal 0 0 -1
    outer loop
      vertex -18.5 2 0
      vertex -15.381988953865456 2.0833883738235084 0
      vertex -15.332007886058399 2 0
    endloop
  endfacet
  facet normal 0 0 -1
    outer loop
      vertex -18.5 2 0
      vertex -15.601210799889737 2.3789748156136707 0
      vertex -15.381988953865456 2.0833883738235084 0
    endloop
  endfacet
  facet normal 0 0 -1
    outer loop
      vertex -18.5 2 0
      vertex -15.848349570550447 2.6516504294495533 0
      vertex -15.601210799889737 2.3789748156136707 0
    endloop
  endfacet
  facet normal 0 0 -1
    outer loop
      vertex -15.332007886058399 2 0
      vertex -14.75 2 0
      vertex -14.75 0.8300198103422827 0
    endloop
  endfacet
  facet normal 0.6715589548470179 0.7409511253549595 0
    outer loop
      vertex -16.12102518438633 2.8987892001102638 0
      vertex -16.12102518438633 2.8987892001102638 2
      vertex -15.848349570550447 2.6516504294495533 0
    endloop
  endfacet
  facet normal 0.857728610000271 0.5141027441932235 0
    outer loop
      vertex -15.332007886058399 2 0
      vertex -15.381988953865456 2.0833883738235084 0
      vertex -15.381988953865456 2.0833883738235084 2
    endloop
  endfacet
  facet normal 0.803207531480645 0.5956993044924331 0
    outer loop
      vertex -15.381988953865456 2.0833883738235084 0
      vertex -15.601210799889737 2.3789748156136707 0
      vertex -15.381988953865456 2.0833883738235084 2
    endloop
  endfacet
  facet normal 0.7409511253549597 0.6715589548470179 0
    outer loop
      vertex -15.601210799889737 2.3789748156136707 0
      vertex -15.848349570550447 2.6516504294495533 0
      vertex -15.601210799889737 2.3789748156136707 2
    endloop
  endfacet
  facet normal 0.5141027441932177 0.8577286100002746 0
    outer loop
      vertex -16.73226223690251 3.3072047413063315 0
      vertex -16.73226223690251 3.3072047413063315 2
      vertex -16.41661162617649 3.1180110461345447 0
    endloop
  endfacet
  facet normal 0.595699304492436 0.8032075314806429 0
    outer loop
      vertex -16.12102518438633 2.8987892001102638 0
      vertex -16.41661162617649 3.1180110461345447 0
      vertex -16.41661162617649 3.1180110461345447 2
    endloop
  endfacet
  facet normal 0 1 0
    outer loop
      vertex -15.332007886058399 2 0
      vertex -15.332007886058399 2 2
      vertex -14.75 2 0
    endloop
  endfacet
  facet normal 0 0 1
    outer loop
      vertex -16.73226223690251 -3.3072047413063315 2
      vertex -16.41661162617649 -3.1180110461345447 2
      vertex -16.73226223690251 3.3072047413063315 2
    endloop
  endfacet
  facet normal 0 0 1
    outer loop
      vertex -16.41661162617649 -3.1180110461345447 2
      vertex -16.12102518438633 -2.8987892001102638 2
      vertex -16.41661162617649 3.1180110461345447 2
    endloop
  endfacet
  facet normal 0 0 1
    outer loop
      vertex -16.12102518438633 -2.8987892001102638 2
      vertex -15.848349570550447 -2.6516504294495533 2
      vertex -16.12102518438633 2.8987892001102638 2
    endloop
  endfacet
  facet normal 0 0 1
    outer loop
      vertex -15.848349570550447 -2.6516504294495533 2
      vertex -15.601210799889737 -2.3789748156136707 2
      vertex -15.848349570550447 2.6516504294495533 2
    endloop
  endfacet
  facet normal 0 0 1
    outer loop
      vertex -15.601210799889737 -2.3789748156136707 2
      vertex -15.381988953865456 -2.0833883738235084 2
      vertex -15.601210799889737 2.3789748156136707 2
    endloop
  endfacet
  facet normal 0 0 1
    outer loop
      vertex -15.381988953865456 -2.0833883738235084 2
      vertex -15.293889076590187 0.2900741741814328 2
      vertex -15.381988953865456 2.0833883738235084 2
    endloop
  endfacet
  facet normal 0 0 1
    outer loop
      vertex -16.73226223690251 3.3072047413063315 2
      vertex -16.41661162617649 -3.1180110461345447 2
      vertex -16.41661162617649 3.1180110461345447 2
    endloop
  endfacet
  facet normal 0 0 1
    outer loop
      vertex -16.12102518438633 -2.8987892001102638 2
      vertex -16.12102518438633 2.8987892001102638 2
      vertex -16.41661162617649 3.1180110461345447 2
    endloop
  endfacet
  facet normal 0 0 1
    outer loop
      vertex -15.601210799889737 -2.3789748156136707 2
      vertex -15.601210799889737 2.3789748156136707 2
      vertex -15.848349570550447 2.6516504294495533 2
    endloop
  endfacet
  facet normal 0 0 1
    outer loop
      vertex -15.381988953865456 -2.0833883738235084 2
      vertex -15.381988953865456 2.0833883738235084 2
      vertex -15.601210799889737 2.3789748156136707 2
    endloop
  endfacet
  facet normal 0 0 1
    outer loop
      vertex -15.848349570550447 -2.6516504294495533 2
      vertex -15.848349570550447 2.6516504294495533 2
      vertex -16.12102518438633 2.8987892001102638 2
    endloop
  endfacet
  facet normal 0 0 1
    outer loop
      vertex -15.293889076590187 0.2900741741814328 2
      vertex -15.332007886058399 2 2
      vertex -15.381988953865456 2.0833883738235084 2
    endloop
  endfacet
  facet normal 0 0 1
    outer loop
      vertex -15.332007886058399 -2 2
      vertex -15.192795258693668 0.23615747130328946 2
      vertex -15.293889076590187 0.2900741741814328 2
    endloop
  endfacet
  facet normal 0 0 1
    outer loop
      vertex -15.332007886058399 -2 2
      vertex -14.75 -2 2
      vertex -14.75 2 2
    endloop
  endfacet
  facet normal 0 0 1
    outer loop
      vertex -15.332007886058399 -2 2
      vertex -14.75 2 2
      vertex -15.192795258693668 0.23615747130328946 2
    endloop
  endfacet
  facet normal 0 0 1
    outer loop
      vertex -15.293889076590187 0.2900741741814328 2
      vertex -15.192795258693668 0.23615747130328946 2
      vertex -15.332007886058399 2 2
    endloop
  endfacet
  facet normal 0 0 1
    outer loop
      vertex -15.192795258693668 0.23615747130328946 2
      vertex -14.75 2 2
      vertex -15.332007886058399 2 2
    endloop
  endfacet
  facet normal 0.857728610000271 0.5141027441932235 0
    outer loop
      vertex -15.332007886058399 2 0
      vertex -15.381988953865456 2.0833883738235084 2
      vertex -15.332007886058399 2 2
    endloop
  endfacet
  facet normal 0.6715589548470179 0.7409511253549595 0
    outer loop
      vertex -15.848349570550447 2.6516504294495533 0
      vertex -16.12102518438633 2.8987892001102638 2
      vertex -15.848349570550447 2.6516504294495533 2
    endloop
  endfacet
  facet normal 0.7409511253549597 0.6715589548470179 0
    outer loop
      vertex -15.848349570550447 2.6516504294495533 0
      vertex -15.848349570550447 2.6516504294495533 2
      vertex -15.601210799889737 2.3789748156136707 2
    endloop
  endfacet
  facet normal 0.803207531480645 0.5956993044924331 0
    outer loop
      vertex -15.601210799889737 2.3789748156136707 0
      vertex -15.601210799889737 2.3789748156136707 2
      vertex -15.381988953865456 2.0833883738235084 2
    endloop
  endfacet
  facet normal 0.5141027441932177 0.8577286100002746 0
    outer loop
      vertex -16.73226223690251 3.3072047413063315 2
      vertex -16.41661162617649 3.1180110461345447 2
      vertex -16.41661162617649 3.1180110461345447 0
    endloop
  endfacet
  facet normal 0.595699304492436 0.8032075314806429 0
    outer loop
      vertex -16.12102518438633 2.8987892001102638 0
      vertex -16.41661162617649 3.1180110461345447 2
      vertex -16.12102518438633 2.8987892001102638 2
    endloop
  endfacet
  facet normal 0 1 0
    outer loop
      vertex -15.332007886058399 2 2
      vertex -14.75 2 2
      vertex -14.75 2 0
    endloop
  endfacet
  facet normal 0 0 -1
    outer loop
      vertex 15.332007886058399 -2 0
      vertex 14.75 -2 0
      vertex 17.08892597704263 -0.7542347789215963 0
    endloop
  endfacet
  facet normal 0 0 -1
    outer loop
      vertex 17.02179274798194 -0.6122934917841437 0
      vertex 17.08892597704263 -0.7542347789215963 0
      vertex 14.75 -2 0
    endloop
  endfacet
  facet normal 0 0 -1
    outer loop
      vertex 15.332007886058399 -2 0
      vertex 17.16964862031593 -0.8889123728313635 0
      vertex 17.26318327461962 -1.015029254661833 0
    endloop
  endfacet
  facet normal 0 0 -1
    outer loop
      vertex 15.332007886058399 -2 0
      vertex 17.26318327461962 -1.015029254661833 0
      vertex 17.368629150101523 -1.1313708498984762 0
    endloop
  endfacet
  facet normal 0 0 -1
    outer loop
      vertex 15.332007886058399 -2 0
      vertex 17.08892597704263 -0.7542347789215963 0
      vertex 17.16964862031593 -0.8889123728313635 0
    endloop
  endfacet
  facet normal 0 -1 0
    outer loop
      vertex 15.332007886058399 -2 0
      vertex 14.75 -2 2
      vertex 14.75 -2 0
    endloop
  endfacet
  facet normal -0.7409511253549597 -0.6715589548470179 0
    outer loop
      vertex 15.601210799889737 -2.3789748156136707 0
      vertex 15.848349570550447 -2.6516504294495533 0
      vertex 15.601210799889737 -2.3789748156136707 2
    endloop
  endfacet
  facet normal -0.595699304492436 -0.8032075314806429 0
    outer loop
      vertex 16.12102518438633 -2.8987892001102638 0
      vertex 16.41661162617649 -3.1180110461345447 0
      vertex 16.41661162617649 -3.1180110461345447 2
    endloop
  endfacet
  facet normal -0.5141027441932177 -0.8577286100002746 0
    outer loop
      vertex 16.41661162617649 -3.1180110461345447 0
      vertex 16.73226223690251 -3.3072047413063315 0
      vertex 16.73226223690251 -3.3072047413063315 2
    endloop
  endfacet
  facet normal -0.6715589548470179 -0.7409511253549595 0
    outer loop
      vertex 16.12102518438633 -2.8987892001102638 0
      vertex 16.12102518438633 -2.8987892001102638 2
      vertex 15.848349570550447 -2.6516504294495533 0
    endloop
  endfacet
  facet normal -0.803207531480645 -0.5956993044924331 0
    outer loop
      vertex 15.601210799889737 -2.3789748156136707 0
      vertex 15.381988953865456 -2.0833883738235084 2
      vertex 15.381988953865456 -2.0833883738235084 0
    endloop
  endfacet
  facet normal -0.857728610000271 -0.5141027441932235 0
    outer loop
      vertex 15.381988953865456 -2.0833883738235084 0
      vertex 15.381988953865456 -2.0833883738235084 2
      vertex 15.332007886058399 -2 0
    endloop
  endfacet
  facet normal 0 -1 0
    outer loop
      vertex 15.332007886058399 -2 0
      vertex 15.332007886058399 -2 2
      vertex 14.75 -2 2
    endloop
  endfacet
  facet normal -0.6715589548470179 -0.7409511253549595 0
    outer loop
      vertex 15.848349570550447 -2.6516504294495533 0
      vertex 16.12102518438633 -2.8987892001102638 2
      vertex 15.848349570550447 -2.6516504294495533 2
    endloop
  endfacet
  facet normal -0.7409511253549597 -0.6715589548470179 0
    outer loop
      vertex 15.848349570550447 -2.6516504294495533 0
      vertex 15.848349570550447 -2.6516504294495533 2
      vertex 15.601210799889737 -2.3789748156136707 2
    endloop
  endfacet
  facet normal -0.5141027441932177 -0.8577286100002746 0
    outer loop
      vertex 16.41661162617649 -3.1180110461345447 0
      vertex 16.73226223690251 -3.3072047413063315 2
      vertex 16.41661162617649 -3.1180110461345447 2
    endloop
  endfacet
  facet normal -0.595699304492436 -0.8032075314806429 0
    outer loop
      vertex 16.12102518438633 -2.8987892001102638 0
      vertex 16.41661162617649 -3.1180110461345447 2
      vertex 16.12102518438633 -2.8987892001102638 2
    endloop
  endfacet
  facet normal -0.803207531480645 -0.5956993044924331 0
    outer loop
      vertex 15.601210799889737 -2.3789748156136707 0
      vertex 15.601210799889737 -2.3789748156136707 2
      vertex 15.381988953865456 -2.0833883738235084 2
    endloop
  endfacet
  facet normal -0.857728610000271 -0.5141027441932235 0
    outer loop
      vertex 15.332007886058399 -2 0
      vertex 15.381988953865456 -2.0833883738235084 2
      vertex 15.332007886058399 -2 2
    endloop
  endfacet
  facet normal 0 0 1
    outer loop
      vertex 16.41661162617649 -3.1180110461345447 2
      vertex 16.73226223690251 -3.3072047413063315 2
      vertex 16.41661162617649 3.1180110461345447 2
    endloop
  endfacet
  facet normal 0 0 -1
    outer loop
      vertex 15.332007886058399 2 0
      vertex 14.75 -2 0
      vertex 14.75 2 0
    endloop
  endfacet
  facet normal 0 0 -1
    outer loop
      vertex 15.332007886058399 2 0
      vertex 15.377892345752109 2 0
      vertex 14.75 -2 0
    endloop
  endfacet
  facet normal 0 0 -1
    outer loop
      vertex 15.377892345752109 2 0
      vertex 16.907704437324483 -0.15682742452729698 0
      vertex 14.75 -2 0
    endloop
  endfacet
  facet normal 0 0 -1
    outer loop
      vertex 17.02179274798194 -0.6122934917841437 0
      vertex 14.75 -2 0
      vertex 16.968895462828467 -0.46445548360713973 0
    endloop
  endfacet
  facet normal 0 0 -1
    outer loop
      vertex 16.968895462828467 -0.46445548360713973 0
      vertex 14.75 -2 0
      vertex 16.93074355135483 -0.3121445152258052 0
    endloop
  endfacet
  facet normal 0 0 -1
    outer loop
      vertex 16.93074355135483 -0.3121445152258052 0
      vertex 14.75 -2 0
      vertex 16.907704437324483 -0.15682742452729698 0
    endloop
  endfacet
  facet normal 0 0 -1
    outer loop
      vertex 15.377892345752109 2 0
      vertex 16.9 0 0
      vertex 16.907704437324483 -0.15682742452729698 0
    endloop
  endfacet
  facet normal 0 0 -1
    outer loop
      vertex 15.377892345752109 2 0
      vertex 16.907704437324483 0.15682742452729698 0
      vertex 16.9 0 0
    endloop
  endfacet
  facet normal 0 0 -1
    outer loop
      vertex 15.377892345752109 2 0
      vertex 16.93074355135483 0.3121445152258052 0
      vertex 16.907704437324483 0.15682742452729698 0
    endloop
  endfacet
  facet normal 0 0 -1
    outer loop
      vertex 15.377892345752109 2 0
      vertex 16.968895462828467 0.46445548360713973 0
      vertex 16.93074355135483 0.3121445152258052 0
    endloop
  endfacet
  facet normal 0 0 -1
    outer loop
      vertex 15.377892345752109 2 0
      vertex 17.02179274798194 0.6122934917841437 0
      vertex 16.968895462828467 0.46445548360713973 0
    endloop
  endfacet
  facet normal 0 0 -1
    outer loop
      vertex 15.377892345752109 2 0
      vertex 17.08892597704263 0.7542347789215963 0
      vertex 17.02179274798194 0.6122934917841437 0
    endloop
  endfacet
  facet normal 0 0 -1
    outer loop
      vertex 15.377892345752109 2 0
      vertex 17.16964862031593 0.8889123728313635 0
      vertex 17.08892597704263 0.7542347789215963 0
    endloop
  endfacet
  facet normal 0 0 -1
    outer loop
      vertex 15.377892345752109 2 0
      vertex 17.26318327461962 1.015029254661833 0
      vertex 17.16964862031593 0.8889123728313635 0
    endloop
  endfacet
  facet normal 0 0 -1
    outer loop
      vertex 15.377892345752109 2 0
      vertex 17.368629150101523 1.1313708498984762 0
      vertex 17.26318327461962 1.015029254661833 0
    endloop
  endfacet
  facet normal 0 0 -1
    outer loop
      vertex 15.332007886058399 2 0
      vertex 15.381988953865456 2.0833883738235084 0
      vertex 15.377892345752109 2 0
    endloop
  endfacet
  facet normal 0 0 -1
    outer loop
      vertex 15.377892345752109 2 0
      vertex 15.381988953865456 2.0833883738235084 0
      vertex 15.601210799889737 2.3789748156136707 0
    endloop
  endfacet
  facet normal 0 0 -1
    outer loop
      vertex 15.377892345752109 2 0
      vertex 15.601210799889737 2.3789748156136707 0
      vertex 15.848349570550447 2.6516504294495533 0
    endloop
  endfacet
  facet normal 0 0 -1
    outer loop
      vertex 15.377892345752109 2 0
      vertex 15.848349570550447 2.6516504294495533 0
      vertex 16.12102518438633 2.8987892001102638 0
    endloop
  endfacet
  facet normal 0 0 -1
    outer loop
      vertex 15.377892345752109 2 0
      vertex 16.12102518438633 2.8987892001102638 0
      vertex 16.41661162617649 3.1180110461345447 0
    endloop
  endfacet
  facet normal 0 0 -1
    outer loop
      vertex 15.377892345752109 2 0
      vertex 16.41661162617649 3.1180110461345447 0
      vertex 16.73226223690251 3.3072047413063315 0
    endloop
  endfacet
  facet normal 0 0 -1
    outer loop
      vertex 15.377892345752109 2 0
      vertex 16.73226223690251 3.3072047413063315 0
      vertex 17.064937128630913 3.4645482469173254 0
    endloop
  endfacet
  facet normal 0 0 -1
    outer loop
      vertex 15.377892345752109 2 0
      vertex 17.064937128630913 3.4645482469173254 0
      vertex 17.411432460295767 3.588526258995783 0
    endloop
  endfacet
  facet normal 0 1 0
    outer loop
      vertex 15.332007886058399 2 0
      vertex 14.75 2 0
      vertex 15.332007886058399 2 2
    endloop
  endfacet
  facet normal -0.857728610000271 0.5141027441932235 0
    outer loop
      vertex 15.332007886058399 2 0
      vertex 15.332007886058399 2 2
      vertex 15.381988953865456 2.0833883738235084 0
    endloop
  endfacet
  facet normal -0.803207531480645 0.5956993044924331 0
    outer loop
      vertex 15.381988953865456 2.0833883738235084 0
      vertex 15.601210799889737 2.3789748156136707 2
      vertex 15.601210799889737 2.3789748156136707 0
    endloop
  endfacet
  facet normal -0.7409511253549597 0.6715589548470179 0
    outer loop
      vertex 15.601210799889737 2.3789748156136707 0
      vertex 15.848349570550447 2.6516504294495533 2
      vertex 15.848349570550447 2.6516504294495533 0
    endloop
  endfacet
  facet normal -0.6715589548470179 0.7409511253549595 0
    outer loop
      vertex 15.848349570550447 2.6516504294495533 0
      vertex 15.848349570550447 2.6516504294495533 2
      vertex 16.12102518438633 2.8987892001102638 0
    endloop
  endfacet
  facet normal -0.595699304492436 0.8032075314806429 0
    outer loop
      vertex 16.12102518438633 2.8987892001102638 0
      vertex 16.12102518438633 2.8987892001102638 2
      vertex 16.41661162617649 3.1180110461345447 0
    endloop
  endfacet
  facet normal -0.5141027441932177 0.8577286100002746 0
    outer loop
      vertex 16.41661162617649 3.1180110461345447 0
      vertex 16.41661162617649 3.1180110461345447 2
      vertex 16.73226223690251 3.3072047413063315 0
    endloop
  endfacet
  facet normal 0 0 1
    outer loop
      vertex 15.332007886058399 -2 2
      vertex 14.75 2 2
      vertex 14.75 -2 2
    endloop
  endfacet
  facet normal 0 0 1
    outer loop
      vertex 15.332007886058399 -2 2
      vertex 15.192991768027298 1.7637377237187744 2
      vertex 15.192795258693668 1.7638425286967105 2
    endloop
  endfacet
  facet normal 0 0 1
    outer loop
      vertex 15.332007886058399 -2 2
      vertex 15.192795258693668 1.7638425286967105 2
      vertex 14.75 2 2
    endloop
  endfacet
  facet normal 0 0 1
    outer loop
      vertex 15.381988953865456 -2.0833883738235084 2
      vertex 15.192991768027298 1.7637377237187744 2
      vertex 15.332007886058399 -2 2
    endloop
  endfacet
  facet normal 0 0 1
    outer loop
      vertex 15.601210799889737 -2.3789748156136707 2
      vertex 15.381988953865456 2.0833883738235084 2
      vertex 15.381988953865456 -2.0833883738235084 2
    endloop
  endfacet
  facet normal 0 0 1
    outer loop
      vertex 15.601210799889737 -2.3789748156136707 2
      vertex 15.848349570550447 -2.6516504294495533 2
      vertex 15.601210799889737 2.3789748156136707 2
    endloop
  endfacet
  facet normal 0 0 1
    outer loop
      vertex 16.12102518438633 -2.8987892001102638 2
      vertex 15.848349570550447 2.6516504294495533 2
      vertex 15.848349570550447 -2.6516504294495533 2
    endloop
  endfacet
  facet normal 0 0 1
    outer loop
      vertex 16.12102518438633 -2.8987892001102638 2
      vertex 16.41661162617649 -3.1180110461345447 2
      vertex 16.12102518438633 2.8987892001102638 2
    endloop
  endfacet
  facet normal 0 0 1
    outer loop
      vertex 15.381988953865456 -2.0833883738235084 2
      vertex 15.381988953865456 2.0833883738235084 2
      vertex 15.192991768027298 1.7637377237187744 2
    endloop
  endfacet
  facet normal 0 0 1
    outer loop
      vertex 15.601210799889737 -2.3789748156136707 2
      vertex 15.601210799889737 2.3789748156136707 2
      vertex 15.381988953865456 2.0833883738235084 2
    endloop
  endfacet
  facet normal 0 0 1
    outer loop
      vertex 15.848349570550447 -2.6516504294495533 2
      vertex 15.848349570550447 2.6516504294495533 2
      vertex 15.601210799889737 2.3789748156136707 2
    endloop
  endfacet
  facet normal 0 0 1
    outer loop
      vertex 16.12102518438633 -2.8987892001102638 2
      vertex 16.12102518438633 2.8987892001102638 2
      vertex 15.848349570550447 2.6516504294495533 2
    endloop
  endfacet
  facet normal 0 0 1
    outer loop
      vertex 16.41661162617649 -3.1180110461345447 2
      vertex 16.41661162617649 3.1180110461345447 2
      vertex 16.12102518438633 2.8987892001102638 2
    endloop
  endfacet
  facet normal 0 0 1
    outer loop
      vertex 16.41661162617649 3.1180110461345447 2
      vertex 16.73226223690251 -3.3072047413063315 2
      vertex 16.73226223690251 3.3072047413063315 2
    endloop
  endfacet
  facet normal 0 1 0
    outer loop
      vertex 15.332007886058399 2 2
      vertex 14.75 2 0
      vertex 14.75 2 2
    endloop
  endfacet
  facet normal -0.857728610000271 0.5141027441932235 0
    outer loop
      vertex 15.381988953865456 2.0833883738235084 0
      vertex 15.332007886058399 2 2
      vertex 15.381988953865456 2.0833883738235084 2
    endloop
  endfacet
  facet normal -0.803207531480645 0.5956993044924331 0
    outer loop
      vertex 15.381988953865456 2.0833883738235084 0
      vertex 15.381988953865456 2.0833883738235084 2
      vertex 15.601210799889737 2.3789748156136707 2
    endloop
  endfacet
  facet normal -0.7409511253549597 0.6715589548470179 0
    outer loop
      vertex 15.601210799889737 2.3789748156136707 0
      vertex 15.601210799889737 2.3789748156136707 2
      vertex 15.848349570550447 2.6516504294495533 2
    endloop
  endfacet
  facet normal -0.6715589548470179 0.7409511253549595 0
    outer loop
      vertex 16.12102518438633 2.8987892001102638 0
      vertex 15.848349570550447 2.6516504294495533 2
      vertex 16.12102518438633 2.8987892001102638 2
    endloop
  endfacet
  facet normal -0.595699304492436 0.8032075314806429 0
    outer loop
      vertex 16.41661162617649 3.1180110461345447 0
      vertex 16.12102518438633 2.8987892001102638 2
      vertex 16.41661162617649 3.1180110461345447 2
    endloop
  endfacet
  facet normal -0.5141027441932177 0.8577286100002746 0
    outer loop
      vertex 16.41661162617649 3.1180110461345447 2
      vertex 16.73226223690251 3.3072047413063315 2
      vertex 16.73226223690251 3.3072047413063315 0
    endloop
  endfacet
  facet normal 0 0 1
    outer loop
      vertex 15.192991768027298 1.7637377237187744 2
      vertex 15.332007886058399 2 2
      vertex 15.192795258693668 1.7638425286967105 2
    endloop
  endfacet
  facet normal 0 0 1
    outer loop
      vertex 15.192795258693668 1.7638425286967105 2
      vertex 15.332007886058399 2 2
      vertex 14.75 2 2
    endloop
  endfacet
  facet normal 0 0 1
    outer loop
      vertex 15.192991768027298 1.7637377237187744 2
      vertex 15.381988953865456 2.0833883738235084 2
      vertex 15.332007886058399 2 2
    endloop
  endfacet
  facet normal -0.14673047445536375 -0.9891765099647807 0
    outer loop
      vertex 17.76841129243952 -3.677944801512114 0
      vertex 18.132435723764146 -3.7319427250207386 0
      vertex 18.132435723764146 -3.7319427250207386 2
    endloop
  endfacet
  facet normal -0.04906767432741696 -0.9987954562051725 0
    outer loop
      vertex 18.132435723764146 -3.7319427250207386 0
      vertex 18.5 -3.75 0
      vertex 18.5 -3.75 2
    endloop
  endfacet
  facet normal 0.04906767432741696 -0.9987954562051725 0
    outer loop
      vertex 18.5 -3.75 0
      vertex 18.867564276235854 -3.7319427250207386 0
      vertex 18.867564276235854 -3.7319427250207386 2
    endloop
  endfacet
  facet normal 0 0 -1
    outer loop
      vertex 16.12102518438633 -2.8987892001102638 0
      vertex 15.848349570550447 -2.6516504294495533 0
      vertex 21.6679921139416 -2 0
    endloop
  endfacet
  facet normal 0 0 -1
    outer loop
      vertex 16.12102518438633 -2.8987892001102638 0
      vertex 21.6679921139416 -2 0
      vertex 16.41661162617649 -3.1180110461345447 0
    endloop
  endfacet
  facet normal 0 0 -1
    outer loop
      vertex 15.332007886058399 -2 0
      vertex 17.368629150101523 -1.1313708498984762 0
      vertex 17.484970745338167 -1.2368167253803792 0
    endloop
  endfacet
  facet normal 0 0 -1
    outer loop
      vertex 15.332007886058399 -2 0
      vertex 17.484970745338167 -1.2368167253803792 0
      vertex 17.611087627168637 -1.3303513796840725 0
    endloop
  endfacet
  facet normal 0 0 -1
    outer loop
      vertex 15.332007886058399 -2 0
      vertex 17.611087627168637 -1.3303513796840725 0
      vertex 17.745765221078404 -1.4110740229573682 0
    endloop
  endfacet
  facet normal 0 0 -1
    outer loop
      vertex 15.332007886058399 -2 0
      vertex 17.745765221078404 -1.4110740229573682 0
      vertex 17.887706508215857 -1.478207252018059 0
    endloop
  endfacet
  facet normal 0 0 -1
    outer loop
      vertex 15.332007886058399 -2 0
      vertex 17.887706508215857 -1.478207252018059 0
      vertex 18.03554451639286 -1.5311045371715342 0
    endloop
  endfacet
  facet normal 0 0 -1
    outer loop
      vertex 15.332007886058399 -2 0
      vertex 18.03554451639286 -1.5311045371715342 0
      vertex 18.187855484774193 -1.5692564486451688 0
    endloop
  endfacet
  facet normal 0 0 -1
    outer loop
      vertex 15.332007886058399 -2 0
      vertex 18.187855484774193 -1.5692564486451688 0
      vertex 18.343172575472703 -1.592295562675515 0
    endloop
  endfacet
  facet normal 0 0 -1
    outer loop
      vertex 15.601210799889737 -2.3789748156136707 0
      vertex 15.381988953865456 -2.0833883738235084 0
      vertex 21.6679921139416 -2 0
    endloop
  endfacet
  facet normal 0 0 -1
    outer loop
      vertex 15.601210799889737 -2.3789748156136707 0
      vertex 21.6679921139416 -2 0
      vertex 15.848349570550447 -2.6516504294495533 0
    endloop
  endfacet
  facet normal 0 0 -1
    outer loop
      vertex 15.381988953865456 -2.0833883738235084 0
      vertex 15.332007886058399 -2 0
      vertex 21.6679921139416 -2 0
    endloop
  endfacet
  facet normal 0 0 -1
    outer loop
      vertex 16.41661162617649 -3.1180110461345447 0
      vertex 21.6679921139416 -2 0
      vertex 16.73226223690251 -3.3072047413063315 0
    endloop
  endfacet
  facet normal 0 0 -1
    outer loop
      vertex 17.064937128630913 -3.4645482469173254 0
      vertex 16.73226223690251 -3.3072047413063315 0
      vertex 21.6679921139416 -2 0
    endloop
  endfacet
  facet normal 0 0 -1
    outer loop
      vertex 17.064937128630913 -3.4645482469173254 0
      vertex 21.6679921139416 -2 0
      vertex 17.411432460295767 -3.588526258995783 0
    endloop
  endfacet
  facet normal 0 0 -1
    outer loop
      vertex 17.411432460295767 -3.588526258995783 0
      vertex 21.6679921139416 -2 0
      vertex 17.76841129243952 -3.677944801512114 0
    endloop
  endfacet
  facet normal 0 0 -1
    outer loop
      vertex 17.76841129243952 -3.677944801512114 0
      vertex 21.6679921139416 -2 0
      vertex 18.132435723764146 -3.7319427250207386 0
    endloop
  endfacet
  facet normal 0 0 -1
    outer loop
      vertex 18.132435723764146 -3.7319427250207386 0
      vertex 21.6679921139416 -2 0
      vertex 18.5 -3.75 0
    endloop
  endfacet
  facet normal 0 0 -1
    outer loop
      vertex 15.332007886058399 -2 0
      vertex 18.343172575472703 -1.592295562675515 0
      vertex 21.6679921139416 -2 0
    endloop
  endfacet
  facet normal -0.42755509343028464 -0.9039892931234422 0
    outer loop
      vertex 17.064937128630913 -3.4645482469173254 0
      vertex 17.064937128630913 -3.4645482469173254 2
      vertex 16.73226223690251 -3.3072047413063315 0
    endloop
  endfacet
  facet normal -0.3368898533922174 -0.9415440651830217 0
    outer loop
      vertex 17.064937128630913 -3.4645482469173254 0
      vertex 17.411432460295767 -3.588526258995783 0
      vertex 17.411432460295767 -3.588526258995783 2
    endloop
  endfacet
  facet normal -0.24298017990326456 -0.9700312531945438 0
    outer loop
      vertex 17.411432460295767 -3.588526258995783 0
      vertex 17.76841129243952 -3.677944801512114 0
      vertex 17.76841129243952 -3.677944801512114 2
    endloop
  endfacet
  facet normal 0.5956993044924319 0.8032075314806457 0
    outer loop
      vertex 17.484970745338167 -1.2368167253803792 0
      vertex 17.484970745338167 -1.2368167253803792 2
      vertex 17.611087627168637 -1.3303513796840725 0
    endloop
  endfacet
  facet normal 0.6715589548470149 0.7409511253549623 0
    outer loop
      vertex 17.368629150101523 -1.1313708498984762 0
      vertex 17.368629150101523 -1.1313708498984762 2
      vertex 17.484970745338167 -1.2368167253803792 0
    endloop
  endfacet
  facet normal 0.5141027441932213 0.8577286100002723 0
    outer loop
      vertex 17.611087627168637 -1.3303513796840725 0
      vertex 17.611087627168637 -1.3303513796840725 2
      vertex 17.745765221078404 -1.4110740229573682 0
    endloop
  endfacet
  facet normal 0.4275550934302821 0.9039892931234434 0
    outer loop
      vertex 17.887706508215857 -1.478207252018059 0
      vertex 17.745765221078404 -1.4110740229573682 0
      vertex 17.745765221078404 -1.4110740229573682 2
    endloop
  endfacet
  facet normal 0.3368898533922189 0.9415440651830214 0
    outer loop
      vertex 17.887706508215857 -1.478207252018059 0
      vertex 17.887706508215857 -1.478207252018059 2
      vertex 18.03554451639286 -1.5311045371715342 0
    endloop
  endfacet
  facet normal 0.14673047445536375 -0.9891765099647807 0
    outer loop
      vertex 18.867564276235854 -3.7319427250207386 0
      vertex 19.23158870756048 -3.677944801512114 0
      vertex 19.23158870756048 -3.677944801512114 2
    endloop
  endfacet
  facet normal 0.14673047445536003 0.9891765099647812 0
    outer loop
      vertex 18.187855484774193 -1.5692564486451688 0
      vertex 18.187855484774193 -1.5692564486451688 2
      vertex 18.343172575472703 -1.592295562675515 0
    endloop
  endfacet
  facet normal 0.2429801799032676 0.970031253194543 0
    outer loop
      vertex 18.03554451639286 -1.5311045371715342 0
      vertex 18.03554451639286 -1.5311045371715342 2
      vertex 18.187855484774193 -1.5692564486451688 0
    endloop
  endfacet
  facet normal 0.04906767432741823 0.9987954562051724 0
    outer loop
      vertex 18.343172575472703 -1.592295562675515 0
      vertex 18.343172575472703 -1.592295562675515 2
      vertex 18.5 -1.6 0
    endloop
  endfacet
  facet normal -0.04906767432741823 0.9987954562051724 0
    outer loop
      vertex 18.5 -1.6 0
      vertex 18.5 -1.6 2
      vertex 18.656827424527297 -1.592295562675515 0
    endloop
  endfacet
  facet normal -0.14673047445536003 0.9891765099647812 0
    outer loop
      vertex 18.656827424527297 -1.592295562675515 0
      vertex 18.656827424527297 -1.592295562675515 2
      vertex 18.812144515225807 -1.5692564486451688 0
    endloop
  endfacet
  facet normal -0.2429801799032676 0.970031253194543 0
    outer loop
      vertex 18.812144515225807 -1.5692564486451688 0
      vertex 18.812144515225807 -1.5692564486451688 2
      vertex 18.96445548360714 -1.5311045371715342 0
    endloop
  endfacet
  facet normal -0.3368898533922189 0.9415440651830214 0
    outer loop
      vertex 18.96445548360714 -1.5311045371715342 0
      vertex 18.96445548360714 -1.5311045371715342 2
      vertex 19.112293491784143 -1.478207252018059 0
    endloop
  endfacet
  facet normal -0.4275550934302821 0.9039892931234434 0
    outer loop
      vertex 19.112293491784143 -1.478207252018059 0
      vertex 19.112293491784143 -1.478207252018059 2
      vertex 19.254234778921596 -1.4110740229573682 0
    endloop
  endfacet
  facet normal -0.5141027441932213 0.8577286100002723 0
    outer loop
      vertex 19.254234778921596 -1.4110740229573682 0
      vertex 19.254234778921596 -1.4110740229573682 2
      vertex 19.388912372831363 -1.3303513796840725 0
    endloop
  endfacet
  facet normal -0.5956993044924319 0.8032075314806457 0
    outer loop
      vertex 19.388912372831363 -1.3303513796840725 0
      vertex 19.388912372831363 -1.3303513796840725 2
      vertex 19.515029254661833 -1.2368167253803792 0
    endloop
  endfacet
  facet normal 0 0 -1
    outer loop
      vertex 18.5 -3.75 0
      vertex 21.6679921139416 -2 0
      vertex 18.867564276235854 -3.7319427250207386 0
    endloop
  endfacet
  facet normal 0 0 -1
    outer loop
      vertex 18.867564276235854 -3.7319427250207386 0
      vertex 21.6679921139416 -2 0
      vertex 19.23158870756048 -3.677944801512114 0
    endloop
  endfacet
  facet normal 0 0 -1
    outer loop
      vertex 19.23158870756048 -3.677944801512114 0
      vertex 21.6679921139416 -2 0
      vertex 19.588567539704233 -3.588526258995783 0
    endloop
  endfacet
  facet normal 0 0 -1
    outer loop
      vertex 19.588567539704233 -3.588526258995783 0
      vertex 21.6679921139416 -2 0
      vertex 19.935062871369087 -3.4645482469173254 0
    endloop
  endfacet
  facet normal 0 0 -1
    outer loop
      vertex 19.935062871369087 -3.4645482469173254 0
      vertex 21.6679921139416 -2 0
      vertex 20.26773776309749 -3.3072047413063315 0
    endloop
  endfacet
  facet normal 0 0 -1
    outer loop
      vertex 20.26773776309749 -3.3072047413063315 0
      vertex 21.6679921139416 -2 0
      vertex 20.58338837382351 -3.1180110461345447 0
    endloop
  endfacet
  facet normal 0 0 -1
    outer loop
      vertex 18.343172575472703 -1.592295562675515 0
      vertex 18.5 -1.6 0
      vertex 21.6679921139416 -2 0
    endloop
  endfacet
  facet normal 0 0 -1
    outer loop
      vertex 18.5 -1.6 0
      vertex 18.656827424527297 -1.592295562675515 0
      vertex 21.6679921139416 -2 0
    endloop
  endfacet
  facet normal 0 0 -1
    outer loop
      vertex 18.656827424527297 -1.592295562675515 0
      vertex 18.812144515225807 -1.5692564486451688 0
      vertex 21.6679921139416 -2 0
    endloop
  endfacet
  facet normal 0 0 -1
    outer loop
      vertex 18.812144515225807 -1.5692564486451688 0
      vertex 18.96445548360714 -1.5311045371715342 0
      vertex 21.6679921139416 -2 0
    endloop
  endfacet
  facet normal 0 0 -1
    outer loop
      vertex 18.96445548360714 -1.5311045371715342 0
      vertex 19.112293491784143 -1.478207252018059 0
      vertex 21.6679921139416 -2 0
    endloop
  endfacet
  facet normal 0 0 -1
    outer loop
      vertex 19.112293491784143 -1.478207252018059 0
      vertex 19.254234778921596 -1.4110740229573682 0
      vertex 21.6679921139416 -2 0
    endloop
  endfacet
  facet normal 0 0 -1
    outer loop
      vertex 21.6679921139416 -2 0
      vertex 19.254234778921596 -1.4110740229573682 0
      vertex 19.388912372831363 -1.3303513796840725 0
    endloop
  endfacet
  facet normal 0 0 -1
    outer loop
      vertex 21.6679921139416 -2 0
      vertex 19.388912372831363 -1.3303513796840725 0
      vertex 19.515029254661833 -1.2368167253803792 0
    endloop
  endfacet
  facet normal 0 0 -1
    outer loop
      vertex 21.6679921139416 -2 0
      vertex 19.515029254661833 -1.2368167253803792 0
      vertex 19.631370849898477 -1.1313708498984762 0
    endloop
  endfacet
  facet normal 0 0 -1
    outer loop
      vertex 21.6679921139416 -2 0
      vertex 19.631370849898477 -1.1313708498984762 0
      vertex 19.73681672538038 -1.015029254661833 0
    endloop
  endfacet
  facet normal 0 0 -1
    outer loop
      vertex 21.6679921139416 -2 0
      vertex 19.73681672538038 -1.015029254661833 0
      vertex 19.83035137968407 -0.8889123728313635 0
    endloop
  endfacet
  facet normal 0 0 -1
    outer loop
      vertex 21.6679921139416 -2 0
      vertex 19.83035137968407 -0.8889123728313635 0
      vertex 19.91107402295737 -0.7542347789215963 0
    endloop
  endfacet
  facet normal 0 0 -1
    outer loop
      vertex 21.6679921139416 -2 0
      vertex 19.91107402295737 -0.7542347789215963 0
      vertex 19.97820725201806 -0.6122934917841437 0
    endloop
  endfacet
  facet normal 0 0 -1
    outer loop
      vertex 20.58338837382351 -3.1180110461345447 0
      vertex 21.6679921139416 -2 0
      vertex 20.87897481561367 -2.8987892001102638 0
    endloop
  endfacet
  facet normal 0 0 -1
    outer loop
      vertex 20.87897481561367 -2.8987892001102638 0
      vertex 21.6679921139416 -2 0
      vertex 21.151650429449553 -2.6516504294495533 0
    endloop
  endfacet
  facet normal 0 0 -1
    outer loop
      vertex 21.151650429449553 -2.6516504294495533 0
      vertex 21.6679921139416 -2 0
      vertex 21.398789200110265 -2.3789748156136707 0
    endloop
  endfacet
  facet normal 0 0 -1
    outer loop
      vertex 21.398789200110265 -2.3789748156136707 0
      vertex 21.6679921139416 -2 0
      vertex 21.618011046134544 -2.0833883738235084 0
    endloop
  endfacet
  facet normal 0.24298017990326456 -0.9700312531945438 0
    outer loop
      vertex 19.23158870756048 -3.677944801512114 0
      vertex 19.588567539704233 -3.588526258995783 0
      vertex 19.588567539704233 -3.588526258995783 2
    endloop
  endfacet
  facet normal 0.3368898533922174 -0.9415440651830217 0
    outer loop
      vertex 19.588567539704233 -3.588526258995783 0
      vertex 19.935062871369087 -3.4645482469173254 0
      vertex 19.935062871369087 -3.4645482469173254 2
    endloop
  endfacet
  facet normal 0.42755509343028464 -0.9039892931234422 0
    outer loop
      vertex 19.935062871369087 -3.4645482469173254 0
      vertex 20.26773776309749 -3.3072047413063315 0
      vertex 20.26773776309749 -3.3072047413063315 2
    endloop
  endfacet
  facet normal 0.5141027441932177 -0.8577286100002746 0
    outer loop
      vertex 20.26773776309749 -3.3072047413063315 0
      vertex 20.58338837382351 -3.1180110461345447 0
      vertex 20.58338837382351 -3.1180110461345447 2
    endloop
  endfacet
  facet normal 0.595699304492436 -0.8032075314806429 0
    outer loop
      vertex 20.58338837382351 -3.1180110461345447 0
      vertex 20.87897481561367 -2.8987892001102638 0
      vertex 20.87897481561367 -2.8987892001102638 2
    endloop
  endfacet
  facet normal -0.6715589548470149 0.7409511253549623 0
    outer loop
      vertex 19.515029254661833 -1.2368167253803792 0
      vertex 19.515029254661833 -1.2368167253803792 2
      vertex 19.631370849898477 -1.1313708498984762 0
    endloop
  endfacet
  facet normal -0.740951125354964 0.671558954847013 0
    outer loop
      vertex 19.631370849898477 -1.1313708498984762 0
      vertex 19.631370849898477 -1.1313708498984762 2
      vertex 19.73681672538038 -1.015029254661833 0
    endloop
  endfacet
  facet normal 0.6715589548470179 -0.7409511253549595 0
    outer loop
      vertex 20.87897481561367 -2.8987892001102638 0
      vertex 21.151650429449553 -2.6516504294495533 0
      vertex 21.151650429449553 -2.6516504294495533 2
    endloop
  endfacet
  facet normal 0.7409511253549572 -0.6715589548470206 0
    outer loop
      vertex 21.151650429449553 -2.6516504294495533 0
      vertex 21.398789200110265 -2.3789748156136707 0
      vertex 21.151650429449553 -2.6516504294495533 2
    endloop
  endfacet
  facet normal 0.8032075314806474 -0.59569930449243 0
    outer loop
      vertex 21.398789200110265 -2.3789748156136707 0
      vertex 21.618011046134544 -2.0833883738235084 0
      vertex 21.398789200110265 -2.3789748156136707 2
    endloop
  endfacet
  facet normal 0.857728610000271 -0.5141027441932235 0
    outer loop
      vertex 21.618011046134544 -2.0833883738235084 0
      vertex 21.6679921139416 -2 0
      vertex 21.6679921139416 -2 2
    endloop
  endfacet
  facet normal 0 -1 0
    outer loop
      vertex 21.6679921139416 -2 0
      vertex 22.25 -2 0
      vertex 21.6679921139416 -2 2
    endloop
  endfacet
  facet normal -0.04906767432741696 -0.9987954562051725 0
    outer loop
      vertex 18.132435723764146 -3.7319427250207386 0
      vertex 18.5 -3.75 2
      vertex 18.132435723764146 -3.7319427250207386 2
    endloop
  endfacet
  facet normal 0.04906767432741696 -0.9987954562051725 0
    outer loop
      vertex 18.5 -3.75 0
      vertex 18.867564276235854 -3.7319427250207386 2
      vertex 18.5 -3.75 2
    endloop
  endfacet
  facet normal 0.14673047445536375 -0.9891765099647807 0
    outer loop
      vertex 18.867564276235854 -3.7319427250207386 0
      vertex 19.23158870756048 -3.677944801512114 2
      vertex 18.867564276235854 -3.7319427250207386 2
    endloop
  endfacet
  facet normal -0.42755509343028464 -0.9039892931234422 0
    outer loop
      vertex 16.73226223690251 -3.3072047413063315 0
      vertex 17.064937128630913 -3.4645482469173254 2
      vertex 16.73226223690251 -3.3072047413063315 2
    endloop
  endfacet
  facet normal -0.3368898533922174 -0.9415440651830217 0
    outer loop
      vertex 17.064937128630913 -3.4645482469173254 0
      vertex 17.411432460295767 -3.588526258995783 2
      vertex 17.064937128630913 -3.4645482469173254 2
    endloop
  endfacet
  facet normal -0.24298017990326456 -0.9700312531945438 0
    outer loop
      vertex 17.411432460295767 -3.588526258995783 0
      vertex 17.76841129243952 -3.677944801512114 2
      vertex 17.411432460295767 -3.588526258995783 2
    endloop
  endfacet
  facet normal -0.14673047445536375 -0.9891765099647807 0
    outer loop
      vertex 17.76841129243952 -3.677944801512114 0
      vertex 18.132435723764146 -3.7319427250207386 2
      vertex 17.76841129243952 -3.677944801512114 2
    endloop
  endfacet
  facet normal 0.740951125354964 0.671558954847013 0
    outer loop
      vertex 17.368629150101523 -1.1313708498984762 0
      vertex 17.26318327461962 -1.015029254661833 2
      vertex 17.368629150101523 -1.1313708498984762 2
    endloop
  endfacet
  facet normal 0.6715589548470149 0.7409511253549623 0
    outer loop
      vertex 17.484970745338167 -1.2368167253803792 0
      vertex 17.368629150101523 -1.1313708498984762 2
      vertex 17.484970745338167 -1.2368167253803792 2
    endloop
  endfacet
  facet normal 0.5956993044924319 0.8032075314806457 0
    outer loop
      vertex 17.611087627168637 -1.3303513796840725 0
      vertex 17.484970745338167 -1.2368167253803792 2
      vertex 17.611087627168637 -1.3303513796840725 2
    endloop
  endfacet
  facet normal 0.5141027441932213 0.8577286100002723 0
    outer loop
      vertex 17.745765221078404 -1.4110740229573682 0
      vertex 17.611087627168637 -1.3303513796840725 2
      vertex 17.745765221078404 -1.4110740229573682 2
    endloop
  endfacet
  facet normal 0.4275550934302821 0.9039892931234434 0
    outer loop
      vertex 17.887706508215857 -1.478207252018059 0
      vertex 17.745765221078404 -1.4110740229573682 2
      vertex 17.887706508215857 -1.478207252018059 2
    endloop
  endfacet
  facet normal 0.3368898533922189 0.9415440651830214 0
    outer loop
      vertex 18.03554451639286 -1.5311045371715342 0
      vertex 17.887706508215857 -1.478207252018059 2
      vertex 18.03554451639286 -1.5311045371715342 2
    endloop
  endfacet
  facet normal 0.24298017990326456 -0.9700312531945438 0
    outer loop
      vertex 19.23158870756048 -3.677944801512114 0
      vertex 19.588567539704233 -3.588526258995783 2
      vertex 19.23158870756048 -3.677944801512114 2
    endloop
  endfacet
  facet normal 0.2429801799032676 0.970031253194543 0
    outer loop
      vertex 18.187855484774193 -1.5692564486451688 0
      vertex 18.03554451639286 -1.5311045371715342 2
      vertex 18.187855484774193 -1.5692564486451688 2
    endloop
  endfacet
  facet normal 0.14673047445536003 0.9891765099647812 0
    outer loop
      vertex 18.343172575472703 -1.592295562675515 0
      vertex 18.187855484774193 -1.5692564486451688 2
      vertex 18.343172575472703 -1.592295562675515 2
    endloop
  endfacet
  facet normal 0.04906767432741823 0.9987954562051724 0
    outer loop
      vertex 18.5 -1.6 0
      vertex 18.343172575472703 -1.592295562675515 2
      vertex 18.5 -1.6 2
    endloop
  endfacet
  facet normal -0.04906767432741823 0.9987954562051724 0
    outer loop
      vertex 18.656827424527297 -1.592295562675515 0
      vertex 18.5 -1.6 2
      vertex 18.656827424527297 -1.592295562675515 2
    endloop
  endfacet
  facet normal -0.14673047445536003 0.9891765099647812 0
    outer loop
      vertex 18.812144515225807 -1.5692564486451688 0
      vertex 18.656827424527297 -1.592295562675515 2
      vertex 18.812144515225807 -1.5692564486451688 2
    endloop
  endfacet
  facet normal -0.2429801799032676 0.970031253194543 0
    outer loop
      vertex 18.96445548360714 -1.5311045371715342 0
      vertex 18.812144515225807 -1.5692564486451688 2
      vertex 18.96445548360714 -1.5311045371715342 2
    endloop
  endfacet
  facet normal -0.3368898533922189 0.9415440651830214 0
    outer loop
      vertex 19.112293491784143 -1.478207252018059 0
      vertex 18.96445548360714 -1.5311045371715342 2
      vertex 19.112293491784143 -1.478207252018059 2
    endloop
  endfacet
  facet normal -0.4275550934302821 0.9039892931234434 0
    outer loop
      vertex 19.112293491784143 -1.478207252018059 2
      vertex 19.254234778921596 -1.4110740229573682 2
      vertex 19.254234778921596 -1.4110740229573682 0
    endloop
  endfacet
  facet normal -0.5141027441932213 0.8577286100002723 0
    outer loop
      vertex 19.388912372831363 -1.3303513796840725 0
      vertex 19.254234778921596 -1.4110740229573682 2
      vertex 19.388912372831363 -1.3303513796840725 2
    endloop
  endfacet
  facet normal 0 0 1
    outer loop
      vertex 17.064937128630913 -3.4645482469173254 2
      vertex 17.411432460295767 -3.588526258995783 2
      vertex 17.26318327461962 -1.015029254661833 2
    endloop
  endfacet
  facet normal 0 0 1
    outer loop
      vertex 17.411432460295767 -3.588526258995783 2
      vertex 17.76841129243952 -3.677944801512114 2
      vertex 17.611087627168637 -1.3303513796840725 2
    endloop
  endfacet
  facet normal 0 0 1
    outer loop
      vertex 17.76841129243952 -3.677944801512114 2
      vertex 18.132435723764146 -3.7319427250207386 2
      vertex 17.887706508215857 -1.478207252018059 2
    endloop
  endfacet
  facet normal 0 0 1
    outer loop
      vertex 17.064937128630913 -3.4645482469173254 2
      vertex 17.26318327461962 -1.015029254661833 2
      vertex 17.16964862031593 -0.8889123728313635 2
    endloop
  endfacet
  facet normal 0 0 1
    outer loop
      vertex 17.411432460295767 -3.588526258995783 2
      vertex 17.368629150101523 -1.1313708498984762 2
      vertex 17.26318327461962 -1.015029254661833 2
    endloop
  endfacet
  facet normal 0 0 1
    outer loop
      vertex 17.064937128630913 -3.4645482469173254 2
      vertex 17.02179274798194 -0.6122934917841437 2
      vertex 16.968895462828467 -0.46445548360713973 2
    endloop
  endfacet
  facet normal 0 0 1
    outer loop
      vertex 17.064937128630913 -3.4645482469173254 2
      vertex 16.968895462828467 -0.46445548360713973 2
      vertex 16.93074355135483 -0.3121445152258052 2
    endloop
  endfacet
  facet normal 0 0 1
    outer loop
      vertex 17.064937128630913 -3.4645482469173254 2
      vertex 16.73226223690251 3.3072047413063315 2
      vertex 16.73226223690251 -3.3072047413063315 2
    endloop
  endfacet
  facet normal 0 0 1
    outer loop
      vertex 17.064937128630913 -3.4645482469173254 2
      vertex 16.93074355135483 -0.3121445152258052 2
      vertex 16.907704437324483 -0.15682742452729698 2
    endloop
  endfacet
  facet normal 0 0 1
    outer loop
      vertex 17.064937128630913 -3.4645482469173254 2
      vertex 16.907704437324483 -0.15682742452729698 2
      vertex 16.9 0 2
    endloop
  endfacet
  facet normal 0 0 1
    outer loop
      vertex 17.064937128630913 -3.4645482469173254 2
      vertex 17.16964862031593 -0.8889123728313635 2
      vertex 17.08892597704263 -0.7542347789215963 2
    endloop
  endfacet
  facet normal 0 0 1
    outer loop
      vertex 17.064937128630913 -3.4645482469173254 2
      vertex 17.08892597704263 -0.7542347789215963 2
      vertex 17.02179274798194 -0.6122934917841437 2
    endloop
  endfacet
  facet normal 0 0 1
    outer loop
      vertex 17.76841129243952 -3.677944801512114 2
      vertex 17.745765221078404 -1.4110740229573682 2
      vertex 17.611087627168637 -1.3303513796840725 2
    endloop
  endfacet
  facet normal 0 0 1
    outer loop
      vertex 17.411432460295767 -3.588526258995783 2
      vertex 17.484970745338167 -1.2368167253803792 2
      vertex 17.368629150101523 -1.1313708498984762 2
    endloop
  endfacet
  facet normal 0 0 1
    outer loop
      vertex 17.411432460295767 -3.588526258995783 2
      vertex 17.611087627168637 -1.3303513796840725 2
      vertex 17.484970745338167 -1.2368167253803792 2
    endloop
  endfacet
  facet normal 0 0 1
    outer loop
      vertex 17.76841129243952 -3.677944801512114 2
      vertex 17.887706508215857 -1.478207252018059 2
      vertex 17.745765221078404 -1.4110740229573682 2
    endloop
  endfacet
  facet normal 0 0 1
    outer loop
      vertex 17.887706508215857 -1.478207252018059 2
      vertex 18.132435723764146 -3.7319427250207386 2
      vertex 18.03554451639286 -1.5311045371715342 2
    endloop
  endfacet
  facet normal 0 0 1
    outer loop
      vertex 18.132435723764146 -3.7319427250207386 2
      vertex 18.5 -3.75 2
      vertex 18.343172575472703 -1.592295562675515 2
    endloop
  endfacet
  facet normal 0 0 1
    outer loop
      vertex 18.5 -3.75 2
      vertex 18.867564276235854 -3.7319427250207386 2
      vertex 18.656827424527297 -1.592295562675515 2
    endloop
  endfacet
  facet normal 0 0 1
    outer loop
      vertex 18.867564276235854 -3.7319427250207386 2
      vertex 19.23158870756048 -3.677944801512114 2
      vertex 18.812144515225807 -1.5692564486451688 2
    endloop
  endfacet
  facet normal 0 0 1
    outer loop
      vertex 19.23158870756048 -3.677944801512114 2
      vertex 19.588567539704233 -3.588526258995783 2
      vertex 19.112293491784143 -1.478207252018059 2
    endloop
  endfacet
  facet normal 0 0 1
    outer loop
      vertex 18.03554451639286 -1.5311045371715342 2
      vertex 18.132435723764146 -3.7319427250207386 2
      vertex 18.187855484774193 -1.5692564486451688 2
    endloop
  endfacet
  facet normal 0 0 1
    outer loop
      vertex 18.132435723764146 -3.7319427250207386 2
      vertex 18.343172575472703 -1.592295562675515 2
      vertex 18.187855484774193 -1.5692564486451688 2
    endloop
  endfacet
  facet normal 0 0 1
    outer loop
      vertex 18.5 -3.75 2
      vertex 18.5 -1.6 2
      vertex 18.343172575472703 -1.592295562675515 2
    endloop
  endfacet
  facet normal 0 0 1
    outer loop
      vertex 18.5 -3.75 2
      vertex 18.656827424527297 -1.592295562675515 2
      vertex 18.5 -1.6 2
    endloop
  endfacet
  facet normal 0 0 1
    outer loop
      vertex 18.867564276235854 -3.7319427250207386 2
      vertex 18.812144515225807 -1.5692564486451688 2
      vertex 18.656827424527297 -1.592295562675515 2
    endloop
  endfacet
  facet normal 0 0 1
    outer loop
      vertex 19.23158870756048 -3.677944801512114 2
      vertex 18.96445548360714 -1.5311045371715342 2
      vertex 18.812144515225807 -1.5692564486451688 2
    endloop
  endfacet
  facet normal 0 0 1
    outer loop
      vertex 19.23158870756048 -3.677944801512114 2
      vertex 19.112293491784143 -1.478207252018059 2
      vertex 18.96445548360714 -1.5311045371715342 2
    endloop
  endfacet
  facet normal 0 0 1
    outer loop
      vertex 19.112293491784143 -1.478207252018059 2
      vertex 19.588567539704233 -3.588526258995783 2
      vertex 19.254234778921596 -1.4110740229573682 2
    endloop
  endfacet
  facet normal 0 0 1
    outer loop
      vertex 19.588567539704233 -3.588526258995783 2
      vertex 19.388912372831363 -1.3303513796840725 2
      vertex 19.254234778921596 -1.4110740229573682 2
    endloop
  endfacet
  facet normal 0.3368898533922174 -0.9415440651830217 0
    outer loop
      vertex 19.588567539704233 -3.588526258995783 0
      vertex 19.935062871369087 -3.4645482469173254 2
      vertex 19.588567539704233 -3.588526258995783 2
    endloop
  endfacet
  facet normal 0.42755509343028464 -0.9039892931234422 0
    outer loop
      vertex 19.935062871369087 -3.4645482469173254 0
      vertex 20.26773776309749 -3.3072047413063315 2
      vertex 19.935062871369087 -3.4645482469173254 2
    endloop
  endfacet
  facet normal 0.5141027441932177 -0.8577286100002746 0
    outer loop
      vertex 20.26773776309749 -3.3072047413063315 0
      vertex 20.58338837382351 -3.1180110461345447 2
      vertex 20.26773776309749 -3.3072047413063315 2
    endloop
  endfacet
  facet normal 0.595699304492436 -0.8032075314806429 0
    outer loop
      vertex 20.58338837382351 -3.1180110461345447 0
      vertex 20.87897481561367 -2.8987892001102638 2
      vertex 20.58338837382351 -3.1180110461345447 2
    endloop
  endfacet
  facet normal -0.5956993044924319 0.8032075314806457 0
    outer loop
      vertex 19.515029254661833 -1.2368167253803792 0
      vertex 19.388912372831363 -1.3303513796840725 2
      vertex 19.515029254661833 -1.2368167253803792 2
    endloop
  endfacet
  facet normal -0.6715589548470149 0.7409511253549623 0
    outer loop
      vertex 19.631370849898477 -1.1313708498984762 0
      vertex 19.515029254661833 -1.2368167253803792 2
      vertex 19.631370849898477 -1.1313708498984762 2
    endloop
  endfacet
  facet normal 0.6715589548470179 -0.7409511253549595 0
    outer loop
      vertex 20.87897481561367 -2.8987892001102638 0
      vertex 21.151650429449553 -2.6516504294495533 2
      vertex 20.87897481561367 -2.8987892001102638 2
    endloop
  endfacet
  facet normal 0.7409511253549572 -0.6715589548470206 0
    outer loop
      vertex 21.398789200110265 -2.3789748156136707 0
      vertex 21.398789200110265 -2.3789748156136707 2
      vertex 21.151650429449553 -2.6516504294495533 2
    endloop
  endfacet
  facet normal 0.8032075314806474 -0.59569930449243 0
    outer loop
      vertex 21.618011046134544 -2.0833883738235084 0
      vertex 21.618011046134544 -2.0833883738235084 2
      vertex 21.398789200110265 -2.3789748156136707 2
    endloop
  endfacet
  facet normal 0.857728610000271 -0.5141027441932235 0
    outer loop
      vertex 21.618011046134544 -2.0833883738235084 0
      vertex 21.6679921139416 -2 2
      vertex 21.618011046134544 -2.0833883738235084 2
    endloop
  endfacet
  facet normal 0 -1 0
    outer loop
      vertex 22.25 -2 0
      vertex 22.25 -2 2
      vertex 21.6679921139416 -2 2
    endloop
  endfacet
  facet normal 0 0 1
    outer loop
      vertex 19.588567539704233 -3.588526258995783 2
      vertex 19.935062871369087 -3.4645482469173254 2
      vertex 19.515029254661833 -1.2368167253803792 2
    endloop
  endfacet
  facet normal 0 0 1
    outer loop
      vertex 19.935062871369087 -3.4645482469173254 2
      vertex 20.26773776309749 -3.3072047413063315 2
      vertex 19.91107402295737 -0.7542347789215963 2
    endloop
  endfacet
  facet normal 0 0 1
    outer loop
      vertex 19.588567539704233 -3.588526258995783 2
      vertex 19.515029254661833 -1.2368167253803792 2
      vertex 19.388912372831363 -1.3303513796840725 2
    endloop
  endfacet
  facet normal 0 0 1
    outer loop
      vertex 19.935062871369087 -3.4645482469173254 2
      vertex 19.631370849898477 -1.1313708498984762 2
      vertex 19.515029254661833 -1.2368167253803792 2
    endloop
  endfacet
  facet normal 0 0 1
    outer loop
      vertex 19.935062871369087 -3.4645482469173254 2
      vertex 19.73681672538038 -1.015029254661833 2
      vertex 19.631370849898477 -1.1313708498984762 2
    endloop
  endfacet
  facet normal 0 0 1
    outer loop
      vertex 19.935062871369087 -3.4645482469173254 2
      vertex 19.83035137968407 -0.8889123728313635 2
      vertex 19.73681672538038 -1.015029254661833 2
    endloop
  endfacet
  facet normal 0 0 1
    outer loop
      vertex 19.935062871369087 -3.4645482469173254 2
      vertex 19.91107402295737 -0.7542347789215963 2
      vertex 19.83035137968407 -0.8889123728313635 2
    endloop
  endfacet
  facet normal 0 0 1
    outer loop
      vertex 20.26773776309749 -3.3072047413063315 2
      vertex 19.97820725201806 -0.6122934917841437 2
      vertex 19.91107402295737 -0.7542347789215963 2
    endloop
  endfacet
  facet normal 0 0 1
    outer loop
      vertex 20.26773776309749 -3.3072047413063315 2
      vertex 20.031104537171533 -0.46445548360713973 2
      vertex 19.97820725201806 -0.6122934917841437 2
    endloop
  endfacet
  facet normal 0 0 1
    outer loop
      vertex 20.26773776309749 -3.3072047413063315 2
      vertex 20.06925644864517 -0.3121445152258052 2
      vertex 20.031104537171533 -0.46445548360713973 2
    endloop
  endfacet
  facet normal 0 0 1
    outer loop
      vertex 20.26773776309749 -3.3072047413063315 2
      vertex 20.092295562675517 -0.15682742452729698 2
      vertex 20.06925644864517 -0.3121445152258052 2
    endloop
  endfacet
  facet normal 0 0 1
    outer loop
      vertex 20.26773776309749 -3.3072047413063315 2
      vertex 20.1 0 2
      vertex 20.092295562675517 -0.15682742452729698 2
    endloop
  endfacet
  facet normal 0 0 1
    outer loop
      vertex 21.618011046134544 -2.0833883738235084 2
      vertex 21.6679921139416 -2 2
      vertex 21.807008231972702 -1.7637377237187744 2
    endloop
  endfacet
  facet normal 0 0 1
    outer loop
      vertex 21.6679921139416 -2 2
      vertex 21.807204741306332 -1.7638425286967105 2
      vertex 21.807008231972702 -1.7637377237187744 2
    endloop
  endfacet
  facet normal 0 0 1
    outer loop
      vertex 21.6679921139416 -2 2
      vertex 22.25 -2 2
      vertex 21.807204741306332 -1.7638425286967105 2
    endloop
  endfacet
  facet normal 0 0 -1
    outer loop
      vertex 15.377892345752109 2 0
      vertex 17.484970745338167 1.2368167253803792 0
      vertex 17.368629150101523 1.1313708498984762 0
    endloop
  endfacet
  facet normal 0 0 -1
    outer loop
      vertex 15.377892345752109 2 0
      vertex 17.611087627168637 1.3303513796840725 0
      vertex 17.484970745338167 1.2368167253803792 0
    endloop
  endfacet
  facet normal 0.9415440651830239 0.33688985339221156 0
    outer loop
      vertex 17.02179274798194 -0.6122934917841437 0
      vertex 16.968895462828467 -0.46445548360713973 0
      vertex 16.968895462828467 -0.46445548360713973 2
    endloop
  endfacet
  facet normal 0.8032075314806487 0.5956993044924281 0
    outer loop
      vertex 17.16964862031593 -0.8889123728313635 0
      vertex 17.16964862031593 -0.8889123728313635 2
      vertex 17.26318327461962 -1.015029254661833 0
    endloop
  endfacet
  facet normal 0.8577286100002668 0.5141027441932305 0
    outer loop
      vertex 17.16964862031593 -0.8889123728313635 0
      vertex 17.08892597704263 -0.7542347789215963 0
      vertex 17.08892597704263 -0.7542347789215963 2
    endloop
  endfacet
  facet normal 0.740951125354964 0.671558954847013 0
    outer loop
      vertex 17.26318327461962 -1.015029254661833 0
      vertex 17.26318327461962 -1.015029254661833 2
      vertex 17.368629150101523 -1.1313708498984762 0
    endloop
  endfacet
  facet normal 0.9039892931234439 0.4275550934302809 0
    outer loop
      vertex 17.02179274798194 -0.6122934917841437 0
      vertex 17.02179274798194 -0.6122934917841437 2
      vertex 17.08892597704263 -0.7542347789215963 0
    endloop
  endfacet
  facet normal 0.9700312531945402 0.24298017990327908 0
    outer loop
      vertex 16.968895462828467 -0.46445548360713973 0
      vertex 16.93074355135483 -0.3121445152258052 0
      vertex 16.93074355135483 -0.3121445152258052 2
    endloop
  endfacet
  facet normal 0.9891765099647806 0.1467304744553646 0
    outer loop
      vertex 16.93074355135483 -0.3121445152258052 0
      vertex 16.907704437324483 -0.15682742452729698 0
      vertex 16.907704437324483 -0.15682742452729698 2
    endloop
  endfacet
  facet normal 0.9987954562051726 0.04906767432741532 0
    outer loop
      vertex 16.907704437324483 -0.15682742452729698 0
      vertex 16.9 0 0
      vertex 16.9 0 2
    endloop
  endfacet
  facet normal 0.9987954562051726 -0.04906767432741532 0
    outer loop
      vertex 16.9 0 0
      vertex 16.907704437324483 0.15682742452729698 0
      vertex 16.907704437324483 0.15682742452729698 2
    endloop
  endfacet
  facet normal 0.9891765099647806 -0.1467304744553646 0
    outer loop
      vertex 16.907704437324483 0.15682742452729698 0
      vertex 16.93074355135483 0.3121445152258052 0
      vertex 16.93074355135483 0.3121445152258052 2
    endloop
  endfacet
  facet normal 0.9700312531945402 -0.24298017990327908 0
    outer loop
      vertex 16.93074355135483 0.3121445152258052 0
      vertex 16.968895462828467 0.46445548360713973 0
      vertex 16.968895462828467 0.46445548360713973 2
    endloop
  endfacet
  facet normal 0.9415440651830239 -0.33688985339221156 0
    outer loop
      vertex 16.968895462828467 0.46445548360713973 0
      vertex 17.02179274798194 0.6122934917841437 0
      vertex 17.02179274798194 0.6122934917841437 2
    endloop
  endfacet
  facet normal 0.9039892931234439 -0.4275550934302809 0
    outer loop
      vertex 17.02179274798194 0.6122934917841437 0
      vertex 17.08892597704263 0.7542347789215963 0
      vertex 17.08892597704263 0.7542347789215963 2
    endloop
  endfacet
  facet normal 0.8577286100002668 -0.5141027441932305 0
    outer loop
      vertex 17.08892597704263 0.7542347789215963 0
      vertex 17.16964862031593 0.8889123728313635 0
      vertex 17.16964862031593 0.8889123728313635 2
    endloop
  endfacet
  facet normal 0.8032075314806487 -0.5956993044924281 0
    outer loop
      vertex 17.16964862031593 0.8889123728313635 0
      vertex 17.26318327461962 1.015029254661833 0
      vertex 17.26318327461962 1.015029254661833 2
    endloop
  endfacet
  facet normal 0.740951125354964 -0.671558954847013 0
    outer loop
      vertex 17.26318327461962 1.015029254661833 0
      vertex 17.368629150101523 1.1313708498984762 0
      vertex 17.368629150101523 1.1313708498984762 2
    endloop
  endfacet
  facet normal 0.6715589548470149 -0.7409511253549623 0
    outer loop
      vertex 17.368629150101523 1.1313708498984762 0
      vertex 17.484970745338167 1.2368167253803792 0
      vertex 17.484970745338167 1.2368167253803792 2
    endloop
  endfacet
  facet normal 0.5956993044924319 -0.8032075314806457 0
    outer loop
      vertex 17.484970745338167 1.2368167253803792 0
      vertex 17.611087627168637 1.3303513796840725 0
      vertex 17.611087627168637 1.3303513796840725 2
    endloop
  endfacet
  facet normal 0.5141027441932213 -0.8577286100002723 0
    outer loop
      vertex 17.611087627168637 1.3303513796840725 0
      vertex 17.745765221078404 1.4110740229573682 0
      vertex 17.745765221078404 1.4110740229573682 2
    endloop
  endfacet
  facet normal 0.4275550934302821 -0.9039892931234434 0
    outer loop
      vertex 17.745765221078404 1.4110740229573682 0
      vertex 17.887706508215857 1.478207252018059 0
      vertex 17.887706508215857 1.478207252018059 2
    endloop
  endfacet
  facet normal 0.3368898533922189 -0.9415440651830214 0
    outer loop
      vertex 17.887706508215857 1.478207252018059 0
      vertex 18.03554451639286 1.5311045371715342 0
      vertex 18.03554451639286 1.5311045371715342 2
    endloop
  endfacet
  facet normal 0.2429801799032676 -0.970031253194543 0
    outer loop
      vertex 18.03554451639286 1.5311045371715342 0
      vertex 18.187855484774193 1.5692564486451688 0
      vertex 18.187855484774193 1.5692564486451688 2
    endloop
  endfacet
  facet normal -0.2429801799032676 -0.970031253194543 0
    outer loop
      vertex 18.812144515225807 1.5692564486451688 0
      vertex 18.96445548360714 1.5311045371715342 0
      vertex 18.96445548360714 1.5311045371715342 2
    endloop
  endfacet
  facet normal -0.3368898533922189 -0.9415440651830214 0
    outer loop
      vertex 18.96445548360714 1.5311045371715342 0
      vertex 19.112293491784143 1.478207252018059 0
      vertex 19.112293491784143 1.478207252018059 2
    endloop
  endfacet
  facet normal -0.4275550934302821 -0.9039892931234434 0
    outer loop
      vertex 19.112293491784143 1.478207252018059 0
      vertex 19.254234778921596 1.4110740229573682 0
      vertex 19.254234778921596 1.4110740229573682 2
    endloop
  endfacet
  facet normal -0.5141027441932213 -0.8577286100002723 0
    outer loop
      vertex 19.254234778921596 1.4110740229573682 0
      vertex 19.388912372831363 1.3303513796840725 0
      vertex 19.388912372831363 1.3303513796840725 2
    endloop
  endfacet
  facet normal 0 0 -1
    outer loop
      vertex 15.377892345752109 2 0
      vertex 17.745765221078404 1.4110740229573682 0
      vertex 17.611087627168637 1.3303513796840725 0
    endloop
  endfacet
  facet normal 0 0 -1
    outer loop
      vertex 15.377892345752109 2 0
      vertex 17.887706508215857 1.478207252018059 0
      vertex 17.745765221078404 1.4110740229573682 0
    endloop
  endfacet
  facet normal 0 0 -1
    outer loop
      vertex 15.377892345752109 2 0
      vertex 18.03554451639286 1.5311045371715342 0
      vertex 17.887706508215857 1.478207252018059 0
    endloop
  endfacet
  facet normal 0 0 -1
    outer loop
      vertex 15.377892345752109 2 0
      vertex 18.187855484774193 1.5692564486451688 0
      vertex 18.03554451639286 1.5311045371715342 0
    endloop
  endfacet
  facet normal 0 0 -1
    outer loop
      vertex 15.377892345752109 2 0
      vertex 18.343172575472703 1.592295562675515 0
      vertex 18.187855484774193 1.5692564486451688 0
    endloop
  endfacet
  facet normal 0 0 -1
    outer loop
      vertex 15.377892345752109 2 0
      vertex 18.5 1.6 0
      vertex 18.343172575472703 1.592295562675515 0
    endloop
  endfacet
  facet normal 0 0 -1
    outer loop
      vertex 15.377892345752109 2 0
      vertex 18.656827424527297 1.592295562675515 0
      vertex 18.5 1.6 0
    endloop
  endfacet
  facet normal 0 0 -1
    outer loop
      vertex 15.377892345752109 2 0
      vertex 17.411432460295767 3.588526258995783 0
      vertex 17.76841129243952 3.677944801512114 0
    endloop
  endfacet
  facet normal 0 0 -1
    outer loop
      vertex 15.377892345752109 2 0
      vertex 17.76841129243952 3.677944801512114 0
      vertex 18.132435723764146 3.7319427250207386 0
    endloop
  endfacet
  facet normal 0 0 -1
    outer loop
      vertex 15.377892345752109 2 0
      vertex 18.132435723764146 3.7319427250207386 0
      vertex 18.5 3.75 0
    endloop
  endfacet
  facet normal 0 0 -1
    outer loop
      vertex 15.377892345752109 2 0
      vertex 18.5 3.75 0
      vertex 18.867564276235854 3.7319427250207386 0
    endloop
  endfacet
  facet normal 0 0 -1
    outer loop
      vertex 15.377892345752109 2 0
      vertex 18.867564276235854 3.7319427250207386 0
      vertex 19.23158870756048 3.677944801512114 0
    endloop
  endfacet
  facet normal 0 0 -1
    outer loop
      vertex 15.377892345752109 2 0
      vertex 19.23158870756048 3.677944801512114 0
      vertex 19.588567539704233 3.588526258995783 0
    endloop
  endfacet
  facet normal 0 0 -1
    outer loop
      vertex 15.377892345752109 2 0
      vertex 21.6679921139416 2 0
      vertex 18.656827424527297 1.592295562675515 0
    endloop
  endfacet
  facet normal 0 0 -1
    outer loop
      vertex 15.377892345752109 2 0
      vertex 20.26773776309749 3.3072047413063315 0
      vertex 20.58338837382351 3.1180110461345447 0
    endloop
  endfacet
  facet normal 0 0 -1
    outer loop
      vertex 15.377892345752109 2 0
      vertex 21.398789200110265 2.3789748156136707 0
      vertex 21.618011046134544 2.0833883738235084 0
    endloop
  endfacet
  facet normal 0 0 -1
    outer loop
      vertex 15.377892345752109 2 0
      vertex 20.58338837382351 3.1180110461345447 0
      vertex 20.87897481561367 2.8987892001102638 0
    endloop
  endfacet
  facet normal 0 0 -1
    outer loop
      vertex 15.377892345752109 2 0
      vertex 20.87897481561367 2.8987892001102638 0
      vertex 21.151650429449553 2.6516504294495533 0
    endloop
  endfacet
  facet normal 0 0 -1
    outer loop
      vertex 15.377892345752109 2 0
      vertex 21.151650429449553 2.6516504294495533 0
      vertex 21.398789200110265 2.3789748156136707 0
    endloop
  endfacet
  facet normal 0 0 -1
    outer loop
      vertex 15.377892345752109 2 0
      vertex 19.588567539704233 3.588526258995783 0
      vertex 19.935062871369087 3.4645482469173254 0
    endloop
  endfacet
  facet normal 0 0 -1
    outer loop
      vertex 15.377892345752109 2 0
      vertex 19.935062871369087 3.4645482469173254 0
      vertex 20.26773776309749 3.3072047413063315 0
    endloop
  endfacet
  facet normal -0.42755509343028464 0.9039892931234422 0
    outer loop
      vertex 16.73226223690251 3.3072047413063315 0
      vertex 16.73226223690251 3.3072047413063315 2
      vertex 17.064937128630913 3.4645482469173254 0
    endloop
  endfacet
  facet normal -0.3368898533922174 0.9415440651830217 0
    outer loop
      vertex 17.064937128630913 3.4645482469173254 0
      vertex 17.064937128630913 3.4645482469173254 2
      vertex 17.411432460295767 3.588526258995783 0
    endloop
  endfacet
  facet normal -0.24298017990326456 0.9700312531945438 0
    outer loop
      vertex 17.411432460295767 3.588526258995783 0
      vertex 17.411432460295767 3.588526258995783 2
      vertex 17.76841129243952 3.677944801512114 0
    endloop
  endfacet
  facet normal -0.14673047445536375 0.9891765099647807 0
    outer loop
      vertex 17.76841129243952 3.677944801512114 0
      vertex 17.76841129243952 3.677944801512114 2
      vertex 18.132435723764146 3.7319427250207386 0
    endloop
  endfacet
  facet normal 0.14673047445536003 -0.9891765099647812 0
    outer loop
      vertex 18.187855484774193 1.5692564486451688 0
      vertex 18.343172575472703 1.592295562675515 0
      vertex 18.343172575472703 1.592295562675515 2
    endloop
  endfacet
  facet normal 0.04906767432741823 -0.9987954562051724 0
    outer loop
      vertex 18.343172575472703 1.592295562675515 0
      vertex 18.5 1.6 0
      vertex 18.5 1.6 2
    endloop
  endfacet
  facet normal -0.04906767432741823 -0.9987954562051724 0
    outer loop
      vertex 18.5 1.6 0
      vertex 18.656827424527297 1.592295562675515 0
      vertex 18.656827424527297 1.592295562675515 2
    endloop
  endfacet
  facet normal -0.14673047445536003 -0.9891765099647812 0
    outer loop
      vertex 18.656827424527297 1.592295562675515 0
      vertex 18.812144515225807 1.5692564486451688 0
      vertex 18.812144515225807 1.5692564486451688 2
    endloop
  endfacet
  facet normal -0.04906767432741696 0.9987954562051725 0
    outer loop
      vertex 18.132435723764146 3.7319427250207386 0
      vertex 18.132435723764146 3.7319427250207386 2
      vertex 18.5 3.75 0
    endloop
  endfacet
  facet normal 0.04906767432741696 0.9987954562051725 0
    outer loop
      vertex 18.5 3.75 0
      vertex 18.5 3.75 2
      vertex 18.867564276235854 3.7319427250207386 0
    endloop
  endfacet
  facet normal 0.14673047445536375 0.9891765099647807 0
    outer loop
      vertex 18.867564276235854 3.7319427250207386 0
      vertex 18.867564276235854 3.7319427250207386 2
      vertex 19.23158870756048 3.677944801512114 0
    endloop
  endfacet
  facet normal 0.24298017990326456 0.9700312531945438 0
    outer loop
      vertex 19.23158870756048 3.677944801512114 0
      vertex 19.23158870756048 3.677944801512114 2
      vertex 19.588567539704233 3.588526258995783 0
    endloop
  endfacet
  facet normal 0 0 -1
    outer loop
      vertex 21.6679921139416 -2 0
      vertex 19.97820725201806 -0.6122934917841437 0
      vertex 20.031104537171533 -0.46445548360713973 0
    endloop
  endfacet
  facet normal 0 0 -1
    outer loop
      vertex 21.6679921139416 -2 0
      vertex 20.031104537171533 -0.46445548360713973 0
      vertex 20.06925644864517 -0.3121445152258052 0
    endloop
  endfacet
  facet normal 0 0 -1
    outer loop
      vertex 21.6679921139416 -2 0
      vertex 20.06925644864517 -0.3121445152258052 0
      vertex 20.092295562675517 -0.15682742452729698 0
    endloop
  endfacet
  facet normal 0 0 -1
    outer loop
      vertex 21.6679921139416 -2 0
      vertex 20.092295562675517 -0.15682742452729698 0
      vertex 20.1 0 0
    endloop
  endfacet
  facet normal 0 0 -1
    outer loop
      vertex 21.6679921139416 -2 0
      vertex 20.1 0 0
      vertex 20.092295562675517 0.15682742452729698 0
    endloop
  endfacet
  facet normal 0 0 -1
    outer loop
      vertex 20.092295562675517 0.15682742452729698 0
      vertex 20.06925644864517 0.3121445152258052 0
      vertex 22.25 2 0
    endloop
  endfacet
  facet normal 0 0 -1
    outer loop
      vertex 19.91107402295737 0.7542347789215963 0
      vertex 19.83035137968407 0.8889123728313635 0
      vertex 21.6679921139416 2 0
    endloop
  endfacet
  facet normal 0 0 -1
    outer loop
      vertex 19.388912372831363 1.3303513796840725 0
      vertex 21.6679921139416 2 0
      vertex 19.515029254661833 1.2368167253803792 0
    endloop
  endfacet
  facet normal 0 0 -1
    outer loop
      vertex 19.631370849898477 1.1313708498984762 0
      vertex 19.515029254661833 1.2368167253803792 0
      vertex 21.6679921139416 2 0
    endloop
  endfacet
  facet normal 0 0 -1
    outer loop
      vertex 19.73681672538038 1.015029254661833 0
      vertex 21.6679921139416 2 0
      vertex 19.83035137968407 0.8889123728313635 0
    endloop
  endfacet
  facet normal 0 0 -1
    outer loop
      vertex 19.631370849898477 1.1313708498984762 0
      vertex 21.6679921139416 2 0
      vertex 19.73681672538038 1.015029254661833 0
    endloop
  endfacet
  facet normal 0 0 -1
    outer loop
      vertex 20.031104537171533 0.46445548360713973 0
      vertex 19.97820725201806 0.6122934917841437 0
      vertex 22.25 2 0
    endloop
  endfacet
  facet normal 0 0 -1
    outer loop
      vertex 20.06925644864517 0.3121445152258052 0
      vertex 20.031104537171533 0.46445548360713973 0
      vertex 22.25 2 0
    endloop
  endfacet
  facet normal 0 0 -1
    outer loop
      vertex 19.97820725201806 0.6122934917841437 0
      vertex 19.91107402295737 0.7542347789215963 0
      vertex 22.25 2 0
    endloop
  endfacet
  facet normal 0 0 -1
    outer loop
      vertex 21.6679921139416 -2 0
      vertex 20.092295562675517 0.15682742452729698 0
      vertex 22.25 2 0
    endloop
  endfacet
  facet normal 0 0 -1
    outer loop
      vertex 21.6679921139416 -2 0
      vertex 22.25 2 0
      vertex 22.25 -2 0
    endloop
  endfacet
  facet normal -0.8032075314806487 0.5956993044924281 0
    outer loop
      vertex 19.73681672538038 -1.015029254661833 0
      vertex 19.73681672538038 -1.015029254661833 2
      vertex 19.83035137968407 -0.8889123728313635 0
    endloop
  endfacet
  facet normal -0.8577286100002668 0.5141027441932305 0
    outer loop
      vertex 19.83035137968407 -0.8889123728313635 0
      vertex 19.83035137968407 -0.8889123728313635 2
      vertex 19.91107402295737 -0.7542347789215963 0
    endloop
  endfacet
  facet normal -0.9039892931234439 0.4275550934302809 0
    outer loop
      vertex 19.91107402295737 -0.7542347789215963 0
      vertex 19.91107402295737 -0.7542347789215963 2
      vertex 19.97820725201806 -0.6122934917841437 0
    endloop
  endfacet
  facet normal -0.9415440651830239 0.33688985339221156 0
    outer loop
      vertex 19.97820725201806 -0.6122934917841437 0
      vertex 19.97820725201806 -0.6122934917841437 2
      vertex 20.031104537171533 -0.46445548360713973 0
    endloop
  endfacet
  facet normal -0.9700312531945402 0.24298017990327908 0
    outer loop
      vertex 20.031104537171533 -0.46445548360713973 0
      vertex 20.031104537171533 -0.46445548360713973 2
      vertex 20.06925644864517 -0.3121445152258052 0
    endloop
  endfacet
  facet normal -0.9891765099647806 0.1467304744553646 0
    outer loop
      vertex 20.06925644864517 -0.3121445152258052 0
      vertex 20.06925644864517 -0.3121445152258052 2
      vertex 20.092295562675517 -0.15682742452729698 0
    endloop
  endfacet
  facet normal -0.9987954562051726 0.04906767432741532 0
    outer loop
      vertex 20.092295562675517 -0.15682742452729698 0
      vertex 20.092295562675517 -0.15682742452729698 2
      vertex 20.1 0 0
    endloop
  endfacet
  facet normal -0.9987954562051726 -0.04906767432741532 0
    outer loop
      vertex 20.1 0 0
      vertex 20.1 0 2
      vertex 20.092295562675517 0.15682742452729698 0
    endloop
  endfacet
  facet normal -0.9891765099647806 -0.1467304744553646 0
    outer loop
      vertex 20.092295562675517 0.15682742452729698 0
      vertex 20.092295562675517 0.15682742452729698 2
      vertex 20.06925644864517 0.3121445152258052 0
    endloop
  endfacet
  facet normal -0.9700312531945402 -0.24298017990327908 0
    outer loop
      vertex 20.06925644864517 0.3121445152258052 0
      vertex 20.06925644864517 0.3121445152258052 2
      vertex 20.031104537171533 0.46445548360713973 0
    endloop
  endfacet
  facet normal -0.9415440651830239 -0.33688985339221156 0
    outer loop
      vertex 20.031104537171533 0.46445548360713973 0
      vertex 20.031104537171533 0.46445548360713973 2
      vertex 19.97820725201806 0.6122934917841437 0
    endloop
  endfacet
  facet normal -0.9039892931234439 -0.4275550934302809 0
    outer loop
      vertex 19.97820725201806 0.6122934917841437 0
      vertex 19.97820725201806 0.6122934917841437 2
      vertex 19.91107402295737 0.7542347789215963 0
    endloop
  endfacet
  facet normal -0.8577286100002668 -0.5141027441932305 0
    outer loop
      vertex 19.91107402295737 0.7542347789215963 0
      vertex 19.91107402295737 0.7542347789215963 2
      vertex 19.83035137968407 0.8889123728313635 0
    endloop
  endfacet
  facet normal -0.6715589548470149 -0.7409511253549623 0
    outer loop
      vertex 19.631370849898477 1.1313708498984762 0
      vertex 19.631370849898477 1.1313708498984762 2
      vertex 19.515029254661833 1.2368167253803792 0
    endloop
  endfacet
  facet normal -0.740951125354964 -0.671558954847013 0
    outer loop
      vertex 19.631370849898477 1.1313708498984762 0
      vertex 19.73681672538038 1.015029254661833 0
      vertex 19.73681672538038 1.015029254661833 2
    endloop
  endfacet
  facet normal -0.8032075314806487 -0.5956993044924281 0
    outer loop
      vertex 19.73681672538038 1.015029254661833 0
      vertex 19.83035137968407 0.8889123728313635 0
      vertex 19.83035137968407 0.8889123728313635 2
    endloop
  endfacet
  facet normal -0.5956993044924319 -0.8032075314806457 0
    outer loop
      vertex 19.388912372831363 1.3303513796840725 0
      vertex 19.515029254661833 1.2368167253803792 0
      vertex 19.515029254661833 1.2368167253803792 2
    endloop
  endfacet
  facet normal 1 0 0
    outer loop
      vertex 22.25 -2 0
      vertex 22.25 2 0
      vertex 22.25 2 2
    endloop
  endfacet
  facet normal 0 0 -1
    outer loop
      vertex 18.656827424527297 1.592295562675515 0
      vertex 21.6679921139416 2 0
      vertex 18.812144515225807 1.5692564486451688 0
    endloop
  endfacet
  facet normal 0 0 -1
    outer loop
      vertex 18.812144515225807 1.5692564486451688 0
      vertex 21.6679921139416 2 0
      vertex 18.96445548360714 1.5311045371715342 0
    endloop
  endfacet
  facet normal 0 0 -1
    outer loop
      vertex 15.377892345752109 2 0
      vertex 21.618011046134544 2.0833883738235084 0
      vertex 21.6679921139416 2 0
    endloop
  endfacet
  facet normal 0 0 -1
    outer loop
      vertex 18.96445548360714 1.5311045371715342 0
      vertex 21.6679921139416 2 0
      vertex 19.112293491784143 1.478207252018059 0
    endloop
  endfacet
  facet normal 0 0 -1
    outer loop
      vertex 19.112293491784143 1.478207252018059 0
      vertex 21.6679921139416 2 0
      vertex 19.254234778921596 1.4110740229573682 0
    endloop
  endfacet
  facet normal 0 0 -1
    outer loop
      vertex 19.254234778921596 1.4110740229573682 0
      vertex 21.6679921139416 2 0
      vertex 19.388912372831363 1.3303513796840725 0
    endloop
  endfacet
  facet normal 0 0 -1
    outer loop
      vertex 19.91107402295737 0.7542347789215963 0
      vertex 21.6679921139416 2 0
      vertex 22.25 2 0
    endloop
  endfacet
  facet normal 0.42755509343028464 0.9039892931234422 0
    outer loop
      vertex 19.935062871369087 3.4645482469173254 0
      vertex 19.935062871369087 3.4645482469173254 2
      vertex 20.26773776309749 3.3072047413063315 0
    endloop
  endfacet
  facet normal 0.3368898533922174 0.9415440651830217 0
    outer loop
      vertex 19.588567539704233 3.588526258995783 0
      vertex 19.588567539704233 3.588526258995783 2
      vertex 19.935062871369087 3.4645482469173254 0
    endloop
  endfacet
  facet normal 0.5141027441932177 0.8577286100002746 0
    outer loop
      vertex 20.26773776309749 3.3072047413063315 0
      vertex 20.26773776309749 3.3072047413063315 2
      vertex 20.58338837382351 3.1180110461345447 0
    endloop
  endfacet
  facet normal 0.595699304492436 0.8032075314806429 0
    outer loop
      vertex 20.58338837382351 3.1180110461345447 0
      vertex 20.58338837382351 3.1180110461345447 2
      vertex 20.87897481561367 2.8987892001102638 0
    endloop
  endfacet
  facet normal 0.8032075314806474 0.59569930449243 0
    outer loop
      vertex 21.398789200110265 2.3789748156136707 0
      vertex 21.618011046134544 2.0833883738235084 2
      vertex 21.618011046134544 2.0833883738235084 0
    endloop
  endfacet
  facet normal 0.6715589548470179 0.7409511253549595 0
    outer loop
      vertex 21.151650429449553 2.6516504294495533 0
      vertex 20.87897481561367 2.8987892001102638 0
      vertex 20.87897481561367 2.8987892001102638 2
    endloop
  endfacet
  facet normal 0.7409511253549572 0.6715589548470206 0
    outer loop
      vertex 21.398789200110265 2.3789748156136707 0
      vertex 21.151650429449553 2.6516504294495533 0
      vertex 21.398789200110265 2.3789748156136707 2
    endloop
  endfacet
  facet normal 0.857728610000271 0.5141027441932235 0
    outer loop
      vertex 21.618011046134544 2.0833883738235084 0
      vertex 21.618011046134544 2.0833883738235084 2
      vertex 21.6679921139416 2 0
    endloop
  endfacet
  facet normal 0 1 0
    outer loop
      vertex 21.6679921139416 2 0
      vertex 22.25 2 2
      vertex 22.25 2 0
    endloop
  endfacet
  facet normal 0.9415440651830239 0.33688985339221156 0
    outer loop
      vertex 17.02179274798194 -0.6122934917841437 0
      vertex 16.968895462828467 -0.46445548360713973 2
      vertex 17.02179274798194 -0.6122934917841437 2
    endloop
  endfacet
  facet normal 0.9700312531945402 0.24298017990327908 0
    outer loop
      vertex 16.968895462828467 -0.46445548360713973 0
      vertex 16.93074355135483 -0.3121445152258052 2
      vertex 16.968895462828467 -0.46445548360713973 2
    endloop
  endfacet
  facet normal 0.8577286100002668 0.5141027441932305 0
    outer loop
      vertex 17.16964862031593 -0.8889123728313635 0
      vertex 17.08892597704263 -0.7542347789215963 2
      vertex 17.16964862031593 -0.8889123728313635 2
    endloop
  endfacet
  facet normal 0.8032075314806487 0.5956993044924281 0
    outer loop
      vertex 17.26318327461962 -1.015029254661833 0
      vertex 17.16964862031593 -0.8889123728313635 2
      vertex 17.26318327461962 -1.015029254661833 2
    endloop
  endfacet
  facet normal 0.9039892931234439 0.4275550934302809 0
    outer loop
      vertex 17.08892597704263 -0.7542347789215963 0
      vertex 17.02179274798194 -0.6122934917841437 2
      vertex 17.08892597704263 -0.7542347789215963 2
    endloop
  endfacet
  facet normal 0.9891765099647806 0.1467304744553646 0
    outer loop
      vertex 16.93074355135483 -0.3121445152258052 0
      vertex 16.907704437324483 -0.15682742452729698 2
      vertex 16.93074355135483 -0.3121445152258052 2
    endloop
  endfacet
  facet normal 0.9987954562051726 0.04906767432741532 0
    outer loop
      vertex 16.907704437324483 -0.15682742452729698 0
      vertex 16.9 0 2
      vertex 16.907704437324483 -0.15682742452729698 2
    endloop
  endfacet
  facet normal 0.9987954562051726 -0.04906767432741532 0
    outer loop
      vertex 16.9 0 0
      vertex 16.907704437324483 0.15682742452729698 2
      vertex 16.9 0 2
    endloop
  endfacet
  facet normal 0.9891765099647806 -0.1467304744553646 0
    outer loop
      vertex 16.907704437324483 0.15682742452729698 0
      vertex 16.93074355135483 0.3121445152258052 2
      vertex 16.907704437324483 0.15682742452729698 2
    endloop
  endfacet
  facet normal 0.9700312531945402 -0.24298017990327908 0
    outer loop
      vertex 16.93074355135483 0.3121445152258052 0
      vertex 16.968895462828467 0.46445548360713973 2
      vertex 16.93074355135483 0.3121445152258052 2
    endloop
  endfacet
  facet normal 0.9415440651830239 -0.33688985339221156 0
    outer loop
      vertex 16.968895462828467 0.46445548360713973 0
      vertex 17.02179274798194 0.6122934917841437 2
      vertex 16.968895462828467 0.46445548360713973 2
    endloop
  endfacet
  facet normal 0.9039892931234439 -0.4275550934302809 0
    outer loop
      vertex 17.02179274798194 0.6122934917841437 0
      vertex 17.08892597704263 0.7542347789215963 2
      vertex 17.02179274798194 0.6122934917841437 2
    endloop
  endfacet
  facet normal 0.8577286100002668 -0.5141027441932305 0
    outer loop
      vertex 17.08892597704263 0.7542347789215963 0
      vertex 17.16964862031593 0.8889123728313635 2
      vertex 17.08892597704263 0.7542347789215963 2
    endloop
  endfacet
  facet normal 0.8032075314806487 -0.5956993044924281 0
    outer loop
      vertex 17.16964862031593 0.8889123728313635 0
      vertex 17.26318327461962 1.015029254661833 2
      vertex 17.16964862031593 0.8889123728313635 2
    endloop
  endfacet
  facet normal 0.740951125354964 -0.671558954847013 0
    outer loop
      vertex 17.26318327461962 1.015029254661833 0
      vertex 17.368629150101523 1.1313708498984762 2
      vertex 17.26318327461962 1.015029254661833 2
    endloop
  endfacet
  facet normal 0.6715589548470149 -0.7409511253549623 0
    outer loop
      vertex 17.368629150101523 1.1313708498984762 0
      vertex 17.484970745338167 1.2368167253803792 2
      vertex 17.368629150101523 1.1313708498984762 2
    endloop
  endfacet
  facet normal 0.5956993044924319 -0.8032075314806457 0
    outer loop
      vertex 17.484970745338167 1.2368167253803792 0
      vertex 17.611087627168637 1.3303513796840725 2
      vertex 17.484970745338167 1.2368167253803792 2
    endloop
  endfacet
  facet normal 0.5141027441932213 -0.8577286100002723 0
    outer loop
      vertex 17.611087627168637 1.3303513796840725 0
      vertex 17.745765221078404 1.4110740229573682 2
      vertex 17.611087627168637 1.3303513796840725 2
    endloop
  endfacet
  facet normal 0.4275550934302821 -0.9039892931234434 0
    outer loop
      vertex 17.745765221078404 1.4110740229573682 0
      vertex 17.887706508215857 1.478207252018059 2
      vertex 17.745765221078404 1.4110740229573682 2
    endloop
  endfacet
  facet normal 0.3368898533922189 -0.9415440651830214 0
    outer loop
      vertex 17.887706508215857 1.478207252018059 0
      vertex 18.03554451639286 1.5311045371715342 2
      vertex 17.887706508215857 1.478207252018059 2
    endloop
  endfacet
  facet normal 0.2429801799032676 -0.970031253194543 0
    outer loop
      vertex 18.03554451639286 1.5311045371715342 0
      vertex 18.187855484774193 1.5692564486451688 2
      vertex 18.03554451639286 1.5311045371715342 2
    endloop
  endfacet
  facet normal -0.2429801799032676 -0.970031253194543 0
    outer loop
      vertex 18.812144515225807 1.5692564486451688 0
      vertex 18.96445548360714 1.5311045371715342 2
      vertex 18.812144515225807 1.5692564486451688 2
    endloop
  endfacet
  facet normal -0.3368898533922189 -0.9415440651830214 0
    outer loop
      vertex 18.96445548360714 1.5311045371715342 0
      vertex 19.112293491784143 1.478207252018059 2
      vertex 18.96445548360714 1.5311045371715342 2
    endloop
  endfacet
  facet normal -0.4275550934302821 -0.9039892931234434 0
    outer loop
      vertex 19.112293491784143 1.478207252018059 0
      vertex 19.254234778921596 1.4110740229573682 2
      vertex 19.112293491784143 1.478207252018059 2
    endloop
  endfacet
  facet normal -0.5141027441932213 -0.8577286100002723 0
    outer loop
      vertex 19.254234778921596 1.4110740229573682 0
      vertex 19.388912372831363 1.3303513796840725 2
      vertex 19.254234778921596 1.4110740229573682 2
    endloop
  endfacet
  facet normal -0.5956993044924319 -0.8032075314806457 0
    outer loop
      vertex 19.388912372831363 1.3303513796840725 0
      vertex 19.515029254661833 1.2368167253803792 2
      vertex 19.388912372831363 1.3303513796840725 2
    endloop
  endfacet
  facet normal 0 0 1
    outer loop
      vertex 17.064937128630913 -3.4645482469173254 2
      vertex 16.9 0 2
      vertex 16.73226223690251 3.3072047413063315 2
    endloop
  endfacet
  facet normal 0 0 1
    outer loop
      vertex 16.9 0 2
      vertex 16.907704437324483 0.15682742452729698 2
      vertex 16.73226223690251 3.3072047413063315 2
    endloop
  endfacet
  facet normal 0 0 1
    outer loop
      vertex 16.907704437324483 0.15682742452729698 2
      vertex 16.93074355135483 0.3121445152258052 2
      vertex 16.73226223690251 3.3072047413063315 2
    endloop
  endfacet
  facet normal 0 0 1
    outer loop
      vertex 16.93074355135483 0.3121445152258052 2
      vertex 16.968895462828467 0.46445548360713973 2
      vertex 16.73226223690251 3.3072047413063315 2
    endloop
  endfacet
  facet normal 0 0 1
    outer loop
      vertex 16.968895462828467 0.46445548360713973 2
      vertex 17.02179274798194 0.6122934917841437 2
      vertex 16.73226223690251 3.3072047413063315 2
    endloop
  endfacet
  facet normal 0 0 1
    outer loop
      vertex 17.02179274798194 0.6122934917841437 2
      vertex 17.08892597704263 0.7542347789215963 2
      vertex 16.73226223690251 3.3072047413063315 2
    endloop
  endfacet
  facet normal -0.42755509343028464 0.9039892931234422 0
    outer loop
      vertex 17.064937128630913 3.4645482469173254 0
      vertex 16.73226223690251 3.3072047413063315 2
      vertex 17.064937128630913 3.4645482469173254 2
    endloop
  endfacet
  facet normal -0.3368898533922174 0.9415440651830217 0
    outer loop
      vertex 17.411432460295767 3.588526258995783 0
      vertex 17.064937128630913 3.4645482469173254 2
      vertex 17.411432460295767 3.588526258995783 2
    endloop
  endfacet
  facet normal -0.24298017990326456 0.9700312531945438 0
    outer loop
      vertex 17.76841129243952 3.677944801512114 0
      vertex 17.411432460295767 3.588526258995783 2
      vertex 17.76841129243952 3.677944801512114 2
    endloop
  endfacet
  facet normal -0.14673047445536375 0.9891765099647807 0
    outer loop
      vertex 18.132435723764146 3.7319427250207386 0
      vertex 17.76841129243952 3.677944801512114 2
      vertex 18.132435723764146 3.7319427250207386 2
    endloop
  endfacet
  facet normal 0.14673047445536003 -0.9891765099647812 0
    outer loop
      vertex 18.187855484774193 1.5692564486451688 0
      vertex 18.343172575472703 1.592295562675515 2
      vertex 18.187855484774193 1.5692564486451688 2
    endloop
  endfacet
  facet normal 0.04906767432741823 -0.9987954562051724 0
    outer loop
      vertex 18.343172575472703 1.592295562675515 0
      vertex 18.5 1.6 2
      vertex 18.343172575472703 1.592295562675515 2
    endloop
  endfacet
  facet normal -0.04906767432741823 -0.9987954562051724 0
    outer loop
      vertex 18.5 1.6 0
      vertex 18.656827424527297 1.592295562675515 2
      vertex 18.5 1.6 2
    endloop
  endfacet
  facet normal -0.14673047445536003 -0.9891765099647812 0
    outer loop
      vertex 18.656827424527297 1.592295562675515 0
      vertex 18.812144515225807 1.5692564486451688 2
      vertex 18.656827424527297 1.592295562675515 2
    endloop
  endfacet
  facet normal -0.04906767432741696 0.9987954562051725 0
    outer loop
      vertex 18.5 3.75 0
      vertex 18.132435723764146 3.7319427250207386 2
      vertex 18.5 3.75 2
    endloop
  endfacet
  facet normal 0.04906767432741696 0.9987954562051725 0
    outer loop
      vertex 18.867564276235854 3.7319427250207386 0
      vertex 18.5 3.75 2
      vertex 18.867564276235854 3.7319427250207386 2
    endloop
  endfacet
  facet normal 0.14673047445536375 0.9891765099647807 0
    outer loop
      vertex 19.23158870756048 3.677944801512114 0
      vertex 18.867564276235854 3.7319427250207386 2
      vertex 19.23158870756048 3.677944801512114 2
    endloop
  endfacet
  facet normal 0 0 1
    outer loop
      vertex 17.08892597704263 0.7542347789215963 2
      vertex 17.16964862031593 0.8889123728313635 2
      vertex 17.064937128630913 3.4645482469173254 2
    endloop
  endfacet
  facet normal 0 0 1
    outer loop
      vertex 17.16964862031593 0.8889123728313635 2
      vertex 17.26318327461962 1.015029254661833 2
      vertex 17.064937128630913 3.4645482469173254 2
    endloop
  endfacet
  facet normal 0 0 1
    outer loop
      vertex 17.26318327461962 1.015029254661833 2
      vertex 17.368629150101523 1.1313708498984762 2
      vertex 17.064937128630913 3.4645482469173254 2
    endloop
  endfacet
  facet normal 0 0 1
    outer loop
      vertex 17.368629150101523 1.1313708498984762 2
      vertex 17.484970745338167 1.2368167253803792 2
      vertex 17.064937128630913 3.4645482469173254 2
    endloop
  endfacet
  facet normal 0 0 1
    outer loop
      vertex 17.08892597704263 0.7542347789215963 2
      vertex 17.064937128630913 3.4645482469173254 2
      vertex 16.73226223690251 3.3072047413063315 2
    endloop
  endfacet
  facet normal 0 0 1
    outer loop
      vertex 17.484970745338167 1.2368167253803792 2
      vertex 17.411432460295767 3.588526258995783 2
      vertex 17.064937128630913 3.4645482469173254 2
    endloop
  endfacet
  facet normal 0 0 1
    outer loop
      vertex 17.484970745338167 1.2368167253803792 2
      vertex 17.611087627168637 1.3303513796840725 2
      vertex 17.411432460295767 3.588526258995783 2
    endloop
  endfacet
  facet normal 0 0 1
    outer loop
      vertex 17.611087627168637 1.3303513796840725 2
      vertex 17.745765221078404 1.4110740229573682 2
      vertex 17.411432460295767 3.588526258995783 2
    endloop
  endfacet
  facet normal 0 0 1
    outer loop
      vertex 17.745765221078404 1.4110740229573682 2
      vertex 17.887706508215857 1.478207252018059 2
      vertex 17.411432460295767 3.588526258995783 2
    endloop
  endfacet
  facet normal 0 0 1
    outer loop
      vertex 17.887706508215857 1.478207252018059 2
      vertex 18.03554451639286 1.5311045371715342 2
      vertex 17.76841129243952 3.677944801512114 2
    endloop
  endfacet
  facet normal 0 0 1
    outer loop
      vertex 18.03554451639286 1.5311045371715342 2
      vertex 18.187855484774193 1.5692564486451688 2
      vertex 17.76841129243952 3.677944801512114 2
    endloop
  endfacet
  facet normal 0 0 1
    outer loop
      vertex 17.887706508215857 1.478207252018059 2
      vertex 17.76841129243952 3.677944801512114 2
      vertex 17.411432460295767 3.588526258995783 2
    endloop
  endfacet
  facet normal 0 0 1
    outer loop
      vertex 17.76841129243952 3.677944801512114 2
      vertex 18.187855484774193 1.5692564486451688 2
      vertex 18.132435723764146 3.7319427250207386 2
    endloop
  endfacet
  facet normal 0 0 1
    outer loop
      vertex 18.187855484774193 1.5692564486451688 2
      vertex 18.343172575472703 1.592295562675515 2
      vertex 18.132435723764146 3.7319427250207386 2
    endloop
  endfacet
  facet normal 0 0 1
    outer loop
      vertex 18.343172575472703 1.592295562675515 2
      vertex 18.5 1.6 2
      vertex 18.5 3.75 2
    endloop
  endfacet
  facet normal 0 0 1
    outer loop
      vertex 18.5 1.6 2
      vertex 18.656827424527297 1.592295562675515 2
      vertex 18.5 3.75 2
    endloop
  endfacet
  facet normal 0 0 1
    outer loop
      vertex 19.112293491784143 1.478207252018059 2
      vertex 19.254234778921596 1.4110740229573682 2
      vertex 19.23158870756048 3.677944801512114 2
    endloop
  endfacet
  facet normal 0 0 1
    outer loop
      vertex 19.254234778921596 1.4110740229573682 2
      vertex 19.388912372831363 1.3303513796840725 2
      vertex 19.23158870756048 3.677944801512114 2
    endloop
  endfacet
  facet normal 0 0 1
    outer loop
      vertex 18.656827424527297 1.592295562675515 2
      vertex 18.812144515225807 1.5692564486451688 2
      vertex 18.867564276235854 3.7319427250207386 2
    endloop
  endfacet
  facet normal 0 0 1
    outer loop
      vertex 18.812144515225807 1.5692564486451688 2
      vertex 18.96445548360714 1.5311045371715342 2
      vertex 18.867564276235854 3.7319427250207386 2
    endloop
  endfacet
  facet normal 0 0 1
    outer loop
      vertex 18.96445548360714 1.5311045371715342 2
      vertex 19.112293491784143 1.478207252018059 2
      vertex 18.867564276235854 3.7319427250207386 2
    endloop
  endfacet
  facet normal 0 0 1
    outer loop
      vertex 19.388912372831363 1.3303513796840725 2
      vertex 19.588567539704233 3.588526258995783 2
      vertex 19.23158870756048 3.677944801512114 2
    endloop
  endfacet
  facet normal 0 0 1
    outer loop
      vertex 18.343172575472703 1.592295562675515 2
      vertex 18.5 3.75 2
      vertex 18.132435723764146 3.7319427250207386 2
    endloop
  endfacet
  facet normal 0 0 1
    outer loop
      vertex 18.656827424527297 1.592295562675515 2
      vertex 18.867564276235854 3.7319427250207386 2
      vertex 18.5 3.75 2
    endloop
  endfacet
  facet normal 0 0 1
    outer loop
      vertex 19.112293491784143 1.478207252018059 2
      vertex 19.23158870756048 3.677944801512114 2
      vertex 18.867564276235854 3.7319427250207386 2
    endloop
  endfacet
  facet normal -0.740951125354964 0.671558954847013 0
    outer loop
      vertex 19.73681672538038 -1.015029254661833 0
      vertex 19.631370849898477 -1.1313708498984762 2
      vertex 19.73681672538038 -1.015029254661833 2
    endloop
  endfacet
  facet normal -0.8032075314806487 0.5956993044924281 0
    outer loop
      vertex 19.83035137968407 -0.8889123728313635 0
      vertex 19.73681672538038 -1.015029254661833 2
      vertex 19.83035137968407 -0.8889123728313635 2
    endloop
  endfacet
  facet normal -0.8577286100002668 0.5141027441932305 0
    outer loop
      vertex 19.91107402295737 -0.7542347789215963 0
      vertex 19.83035137968407 -0.8889123728313635 2
      vertex 19.91107402295737 -0.7542347789215963 2
    endloop
  endfacet
  facet normal -0.9039892931234439 0.4275550934302809 0
    outer loop
      vertex 19.97820725201806 -0.6122934917841437 0
      vertex 19.91107402295737 -0.7542347789215963 2
      vertex 19.97820725201806 -0.6122934917841437 2
    endloop
  endfacet
  facet normal -0.9415440651830239 0.33688985339221156 0
    outer loop
      vertex 20.031104537171533 -0.46445548360713973 0
      vertex 19.97820725201806 -0.6122934917841437 2
      vertex 20.031104537171533 -0.46445548360713973 2
    endloop
  endfacet
  facet normal -0.9700312531945402 0.24298017990327908 0
    outer loop
      vertex 20.06925644864517 -0.3121445152258052 0
      vertex 20.031104537171533 -0.46445548360713973 2
      vertex 20.06925644864517 -0.3121445152258052 2
    endloop
  endfacet
  facet normal -0.9891765099647806 0.1467304744553646 0
    outer loop
      vertex 20.092295562675517 -0.15682742452729698 0
      vertex 20.06925644864517 -0.3121445152258052 2
      vertex 20.092295562675517 -0.15682742452729698 2
    endloop
  endfacet
  facet normal -0.9987954562051726 0.04906767432741532 0
    outer loop
      vertex 20.1 0 0
      vertex 20.092295562675517 -0.15682742452729698 2
      vertex 20.1 0 2
    endloop
  endfacet
  facet normal -0.9987954562051726 -0.04906767432741532 0
    outer loop
      vertex 20.092295562675517 0.15682742452729698 0
      vertex 20.1 0 2
      vertex 20.092295562675517 0.15682742452729698 2
    endloop
  endfacet
  facet normal -0.9891765099647806 -0.1467304744553646 0
    outer loop
      vertex 20.06925644864517 0.3121445152258052 0
      vertex 20.092295562675517 0.15682742452729698 2
      vertex 20.06925644864517 0.3121445152258052 2
    endloop
  endfacet
  facet normal -0.9700312531945402 -0.24298017990327908 0
    outer loop
      vertex 20.031104537171533 0.46445548360713973 0
      vertex 20.06925644864517 0.3121445152258052 2
      vertex 20.031104537171533 0.46445548360713973 2
    endloop
  endfacet
  facet normal -0.9415440651830239 -0.33688985339221156 0
    outer loop
      vertex 19.97820725201806 0.6122934917841437 0
      vertex 20.031104537171533 0.46445548360713973 2
      vertex 19.97820725201806 0.6122934917841437 2
    endloop
  endfacet
  facet normal -0.9039892931234439 -0.4275550934302809 0
    outer loop
      vertex 19.91107402295737 0.7542347789215963 0
      vertex 19.97820725201806 0.6122934917841437 2
      vertex 19.91107402295737 0.7542347789215963 2
    endloop
  endfacet
  facet normal -0.8577286100002668 -0.5141027441932305 0
    outer loop
      vertex 19.83035137968407 0.8889123728313635 0
      vertex 19.91107402295737 0.7542347789215963 2
      vertex 19.83035137968407 0.8889123728313635 2
    endloop
  endfacet
  facet normal -0.6715589548470149 -0.7409511253549623 0
    outer loop
      vertex 19.515029254661833 1.2368167253803792 0
      vertex 19.631370849898477 1.1313708498984762 2
      vertex 19.515029254661833 1.2368167253803792 2
    endloop
  endfacet
  facet normal -0.8032075314806487 -0.5956993044924281 0
    outer loop
      vertex 19.73681672538038 1.015029254661833 0
      vertex 19.83035137968407 0.8889123728313635 2
      vertex 19.73681672538038 1.015029254661833 2
    endloop
  endfacet
  facet normal -0.740951125354964 -0.671558954847013 0
    outer loop
      vertex 19.631370849898477 1.1313708498984762 0
      vertex 19.73681672538038 1.015029254661833 2
      vertex 19.631370849898477 1.1313708498984762 2
    endloop
  endfacet
  facet normal 1 0 0
    outer loop
      vertex 22.25 -2 0
      vertex 22.25 2 2
      vertex 22.25 -2 2
    endloop
  endfacet
  facet normal 0 0 1
    outer loop
      vertex 20.26773776309749 -3.3072047413063315 2
      vertex 19.935062871369087 3.4645482469173254 2
      vertex 20.1 0 2
    endloop
  endfacet
  facet normal 0 0 1
    outer loop
      vertex 20.26773776309749 -3.3072047413063315 2
      vertex 20.58338837382351 -3.1180110461345447 2
      vertex 20.26773776309749 3.3072047413063315 2
    endloop
  endfacet
  facet normal 0 0 1
    outer loop
      vertex 20.58338837382351 -3.1180110461345447 2
      vertex 20.87897481561367 -2.8987892001102638 2
      vertex 20.58338837382351 3.1180110461345447 2
    endloop
  endfacet
  facet normal 0 0 1
    outer loop
      vertex 20.1 0 2
      vertex 19.935062871369087 3.4645482469173254 2
      vertex 20.092295562675517 0.15682742452729698 2
    endloop
  endfacet
  facet normal 0 0 1
    outer loop
      vertex 20.26773776309749 -3.3072047413063315 2
      vertex 20.26773776309749 3.3072047413063315 2
      vertex 19.935062871369087 3.4645482469173254 2
    endloop
  endfacet
  facet normal 0 0 1
    outer loop
      vertex 20.031104537171533 0.46445548360713973 2
      vertex 19.935062871369087 3.4645482469173254 2
      vertex 19.97820725201806 0.6122934917841437 2
    endloop
  endfacet
  facet normal 0 0 1
    outer loop
      vertex 20.092295562675517 0.15682742452729698 2
      vertex 19.935062871369087 3.4645482469173254 2
      vertex 20.06925644864517 0.3121445152258052 2
    endloop
  endfacet
  facet normal 0 0 1
    outer loop
      vertex 20.06925644864517 0.3121445152258052 2
      vertex 19.935062871369087 3.4645482469173254 2
      vertex 20.031104537171533 0.46445548360713973 2
    endloop
  endfacet
  facet normal 0 0 1
    outer loop
      vertex 20.58338837382351 -3.1180110461345447 2
      vertex 20.58338837382351 3.1180110461345447 2
      vertex 20.26773776309749 3.3072047413063315 2
    endloop
  endfacet
  facet normal 0 0 1
    outer loop
      vertex 20.87897481561367 -2.8987892001102638 2
      vertex 20.87897481561367 2.8987892001102638 2
      vertex 20.58338837382351 3.1180110461345447 2
    endloop
  endfacet
  facet normal 0 0 1
    outer loop
      vertex 20.87897481561367 -2.8987892001102638 2
      vertex 21.151650429449553 -2.6516504294495533 2
      vertex 20.87897481561367 2.8987892001102638 2
    endloop
  endfacet
  facet normal 0 0 1
    outer loop
      vertex 21.151650429449553 -2.6516504294495533 2
      vertex 21.398789200110265 -2.3789748156136707 2
      vertex 21.151650429449553 2.6516504294495533 2
    endloop
  endfacet
  facet normal 0 0 1
    outer loop
      vertex 21.398789200110265 -2.3789748156136707 2
      vertex 21.618011046134544 -2.0833883738235084 2
      vertex 21.398789200110265 2.3789748156136707 2
    endloop
  endfacet
  facet normal 0 0 1
    outer loop
      vertex 21.618011046134544 -2.0833883738235084 2
      vertex 21.807008231972702 -1.7637377237187744 2
      vertex 21.618011046134544 2.0833883738235084 2
    endloop
  endfacet
  facet normal 0 0 1
    outer loop
      vertex 21.807008231972702 -1.7637377237187744 2
      vertex 21.807204741306332 -1.7638425286967105 2
      vertex 21.6679921139416 2 2
    endloop
  endfacet
  facet normal 0 0 1
    outer loop
      vertex 21.807204741306332 -1.7638425286967105 2
      vertex 22.25 -2 2
      vertex 22.25 2 2
    endloop
  endfacet
  facet normal 0 0 1
    outer loop
      vertex 21.398789200110265 -2.3789748156136707 2
      vertex 21.398789200110265 2.3789748156136707 2
      vertex 21.151650429449553 2.6516504294495533 2
    endloop
  endfacet
  facet normal 0 0 1
    outer loop
      vertex 21.618011046134544 -2.0833883738235084 2
      vertex 21.618011046134544 2.0833883738235084 2
      vertex 21.398789200110265 2.3789748156136707 2
    endloop
  endfacet
  facet normal 0 0 1
    outer loop
      vertex 21.151650429449553 -2.6516504294495533 2
      vertex 21.151650429449553 2.6516504294495533 2
      vertex 20.87897481561367 2.8987892001102638 2
    endloop
  endfacet
  facet normal 0 0 1
    outer loop
      vertex 21.807008231972702 -1.7637377237187744 2
      vertex 21.6679921139416 2 2
      vertex 21.618011046134544 2.0833883738235084 2
    endloop
  endfacet
  facet normal 0 0 1
    outer loop
      vertex 21.807204741306332 -1.7638425286967105 2
      vertex 22.25 2 2
      vertex 21.6679921139416 2 2
    endloop
  endfacet
  facet normal 0.3368898533922174 0.9415440651830217 0
    outer loop
      vertex 19.935062871369087 3.4645482469173254 0
      vertex 19.588567539704233 3.588526258995783 2
      vertex 19.935062871369087 3.4645482469173254 2
    endloop
  endfacet
  facet normal 0.42755509343028464 0.9039892931234422 0
    outer loop
      vertex 20.26773776309749 3.3072047413063315 0
      vertex 19.935062871369087 3.4645482469173254 2
      vertex 20.26773776309749 3.3072047413063315 2
    endloop
  endfacet
  facet normal 0.24298017990326456 0.9700312531945438 0
    outer loop
      vertex 19.588567539704233 3.588526258995783 0
      vertex 19.23158870756048 3.677944801512114 2
      vertex 19.588567539704233 3.588526258995783 2
    endloop
  endfacet
  facet normal 0.5141027441932177 0.8577286100002746 0
    outer loop
      vertex 20.58338837382351 3.1180110461345447 0
      vertex 20.26773776309749 3.3072047413063315 2
      vertex 20.58338837382351 3.1180110461345447 2
    endloop
  endfacet
  facet normal 0.595699304492436 0.8032075314806429 0
    outer loop
      vertex 20.87897481561367 2.8987892001102638 0
      vertex 20.58338837382351 3.1180110461345447 2
      vertex 20.87897481561367 2.8987892001102638 2
    endloop
  endfacet
  facet normal 0.6715589548470179 0.7409511253549595 0
    outer loop
      vertex 21.151650429449553 2.6516504294495533 0
      vertex 20.87897481561367 2.8987892001102638 2
      vertex 21.151650429449553 2.6516504294495533 2
    endloop
  endfacet
  facet normal 0.8032075314806474 0.59569930449243 0
    outer loop
      vertex 21.398789200110265 2.3789748156136707 0
      vertex 21.398789200110265 2.3789748156136707 2
      vertex 21.618011046134544 2.0833883738235084 2
    endloop
  endfacet
  facet normal 0.7409511253549572 0.6715589548470206 0
    outer loop
      vertex 21.151650429449553 2.6516504294495533 0
      vertex 21.151650429449553 2.6516504294495533 2
      vertex 21.398789200110265 2.3789748156136707 2
    endloop
  endfacet
  facet normal 0.857728610000271 0.5141027441932235 0
    outer loop
      vertex 21.6679921139416 2 0
      vertex 21.618011046134544 2.0833883738235084 2
      vertex 21.6679921139416 2 2
    endloop
  endfacet
  facet normal 0 1 0
    outer loop
      vertex 21.6679921139416 2 0
      vertex 21.6679921139416 2 2
      vertex 22.25 2 2
    endloop
  endfacet
  facet normal 0 0 1
    outer loop
      vertex 19.388912372831363 1.3303513796840725 2
      vertex 19.515029254661833 1.2368167253803792 2
      vertex 19.588567539704233 3.588526258995783 2
    endloop
  endfacet
  facet normal 0 0 1
    outer loop
      vertex 19.631370849898477 1.1313708498984762 2
      vertex 19.588567539704233 3.588526258995783 2
      vertex 19.515029254661833 1.2368167253803792 2
    endloop
  endfacet
  facet normal 0 0 1
    outer loop
      vertex 19.631370849898477 1.1313708498984762 2
      vertex 19.73681672538038 1.015029254661833 2
      vertex 19.588567539704233 3.588526258995783 2
    endloop
  endfacet
  facet normal 0 0 1
    outer loop
      vertex 19.91107402295737 0.7542347789215963 2
      vertex 19.935062871369087 3.4645482469173254 2
      vertex 19.83035137968407 0.8889123728313635 2
    endloop
  endfacet
  facet normal 0 0 1
    outer loop
      vertex 19.97820725201806 0.6122934917841437 2
      vertex 19.935062871369087 3.4645482469173254 2
      vertex 19.91107402295737 0.7542347789215963 2
    endloop
  endfacet
  facet normal 0 0 1
    outer loop
      vertex 19.73681672538038 1.015029254661833 2
      vertex 19.83035137968407 0.8889123728313635 2
      vertex 19.935062871369087 3.4645482469173254 2
    endloop
  endfacet
  facet normal 0 0 1
    outer loop
      vertex 19.73681672538038 1.015029254661833 2
      vertex 19.935062871369087 3.4645482469173254 2
      vertex 19.588567539704233 3.588526258995783 2
    endloop
  endfacet
  facet normal 0 0 -1
    outer loop
      vertex -5.05 -18.95 0
      vertex -2 -16.05 0
      vertex -2 -18.95 0
    endloop
  endfacet
  facet normal 0 -1 0
    outer loop
      vertex -5.05 -18.95 0
      vertex -2 -18.95 0
      vertex -2 -18.95 1.2
    endloop
  endfacet
  facet normal 1 0 0
    outer loop
      vertex -2 -18.95 0
      vertex -2 -16.05 0
      vertex -2 -16.05 1.2
    endloop
  endfacet
  facet normal 0 -1 0
    outer loop
      vertex -5.05 -18.95 0
      vertex -2 -18.95 1.2
      vertex -5.05 -18.95 1.2
    endloop
  endfacet
  facet normal 0 0 1
    outer loop
      vertex -5.05 -18.95 1.2
      vertex -2 -18.95 1.2
      vertex -2 -16.05 1.2
    endloop
  endfacet
  facet normal 1 0 0
    outer loop
      vertex -2 -18.95 0
      vertex -2 -16.05 1.2
      vertex -2 -18.95 1.2
    endloop
  endfacet
  facet normal 0 0 -1
    outer loop
      vertex -5.05 -18.95 0
      vertex -4.13268343236509 -9.923879532511286 0
      vertex -4.040284677254462 -9.95694033573221 0
    endloop
  endfacet
  facet normal 0 0 -1
    outer loop
      vertex -5.05 -18.95 0
      vertex -4.040284677254462 -9.95694033573221 0
      vertex -3.9450903220161284 -9.98078528040323 0
    endloop
  endfacet
  facet normal 0 0 -1
    outer loop
      vertex -5.05 -18.95 0
      vertex -3.9450903220161284 -9.98078528040323 0
      vertex -3.8480171403295604 -9.995184726672196 0
    endloop
  endfacet
  facet normal 0 0 -1
    outer loop
      vertex -5.05 -18.95 0
      vertex -3.8480171403295604 -9.995184726672196 0
      vertex -3.75 -10 0
    endloop
  endfacet
  facet normal 0 0 -1
    outer loop
      vertex -5.05 -18.95 0
      vertex -4.673879532511287 -9.38268343236509 0
      vertex -4.631921264348355 -9.471396736825998 0
    endloop
  endfacet
  facet normal 0 0 -1
    outer loop
      vertex -5.05 -18.95 0
      vertex -4.581469612302545 -9.555570233019601 0
      vertex -4.523010453362737 -9.634393284163645 0
    endloop
  endfacet
  facet normal 0 0 -1
    outer loop
      vertex -5.05 -18.95 0
      vertex -4.631921264348355 -9.471396736825998 0
      vertex -4.581469612302545 -9.555570233019601 0
    endloop
  endfacet
  facet normal 0 0 -1
    outer loop
      vertex -5.05 -18.95 0
      vertex -4.523010453362737 -9.634393284163645 0
      vertex -4.457106781186548 -9.707106781186548 0
    endloop
  endfacet
  facet normal 0 0 -1
    outer loop
      vertex -5.05 -18.95 0
      vertex -4.457106781186548 -9.707106781186548 0
      vertex -4.384393284163646 -9.773010453362737 0
    endloop
  endfacet
  facet normal 0 0 -1
    outer loop
      vertex -5.05 -18.95 0
      vertex -4.384393284163646 -9.773010453362737 0
      vertex -4.305570233019602 -9.831469612302545 0
    endloop
  endfacet
  facet normal 0 0 -1
    outer loop
      vertex -5.05 -18.95 0
      vertex -4.305570233019602 -9.831469612302545 0
      vertex -4.221396736825998 -9.881921264348355 0
    endloop
  endfacet
  facet normal 0 0 -1
    outer loop
      vertex -5.05 -18.95 0
      vertex -4.706940335732209 -9.290284677254462 0
      vertex -4.673879532511287 -9.38268343236509 0
    endloop
  endfacet
  facet normal 0 0 -1
    outer loop
      vertex -5.05 -18.95 0
      vertex -4.73078528040323 -9.195090322016128 0
      vertex -4.706940335732209 -9.290284677254462 0
    endloop
  endfacet
  facet normal 0 0 -1
    outer loop
      vertex -5.05 -18.95 0
      vertex -4.745184726672197 -9.09801714032956 0
      vertex -4.73078528040323 -9.195090322016128 0
    endloop
  endfacet
  facet normal 0 0 -1
    outer loop
      vertex -5.05 -18.95 0
      vertex -4.75 -9 0
      vertex -4.745184726672197 -9.09801714032956 0
    endloop
  endfacet
  facet normal 0 0 -1
    outer loop
      vertex -5.05 -18.95 0
      vertex -4.221396736825998 -9.881921264348355 0
      vertex -4.13268343236509 -9.923879532511286 0
    endloop
  endfacet
  facet normal 0 0 -1
    outer loop
      vertex -5.05 -18.95 0
      vertex -3.75 -10 0
      vertex -3.6519828596704396 -9.995184726672196 0
    endloop
  endfacet
  facet normal 0 0 -1
    outer loop
      vertex -5.05 -18.95 0
      vertex -3.6519828596704396 -9.995184726672196 0
      vertex -3.5549096779838716 -9.98078528040323 0
    endloop
  endfacet
  facet normal 0 0 -1
    outer loop
      vertex -5.05 -18.95 0
      vertex -3.5549096779838716 -9.98078528040323 0
      vertex -3.4597153227455375 -9.95694033573221 0
    endloop
  endfacet
  facet normal 0 0 -1
    outer loop
      vertex -5.05 -18.95 0
      vertex -3.4597153227455375 -9.95694033573221 0
      vertex -3.3673165676349104 -9.923879532511286 0
    endloop
  endfacet
  facet normal 0 0 -1
    outer loop
      vertex -5.05 -18.95 0
      vertex -3.3673165676349104 -9.923879532511286 0
      vertex -3.2786032631740025 -9.881921264348355 0
    endloop
  endfacet
  facet normal 0 0 -1
    outer loop
      vertex -5.05 -18.95 0
      vertex -3.2786032631740025 -9.881921264348355 0
      vertex -3.194429766980398 -9.831469612302545 0
    endloop
  endfacet
  facet normal 0 0 -1
    outer loop
      vertex -5.05 -18.95 0
      vertex -3.194429766980398 -9.831469612302545 0
      vertex -3.1156067158363543 -9.773010453362737 0
    endloop
  endfacet
  facet normal 0 0 -1
    outer loop
      vertex -5.05 -18.95 0
      vertex -3.1156067158363543 -9.773010453362737 0
      vertex -3.0428932188134525 -9.707106781186548 0
    endloop
  endfacet
  facet normal 0 0 -1
    outer loop
      vertex -5.05 -18.95 0
      vertex -3.0428932188134525 -9.707106781186548 0
      vertex -2.976989546637263 -9.634393284163645 0
    endloop
  endfacet
  facet normal 0 0 -1
    outer loop
      vertex -5.05 -18.95 0
      vertex -2.976989546637263 -9.634393284163645 0
      vertex -2.9185303876974547 -9.555570233019601 0
    endloop
  endfacet
  facet normal 0 0 -1
    outer loop
      vertex -5.05 -18.95 0
      vertex -2.9185303876974547 -9.555570233019601 0
      vertex -2.868078735651645 -9.471396736825998 0
    endloop
  endfacet
  facet normal 0 0 -1
    outer loop
      vertex -5.05 -18.95 0
      vertex -2.868078735651645 -9.471396736825998 0
      vertex -2.826120467488713 -9.38268343236509 0
    endloop
  endfacet
  facet normal 0 0 -1
    outer loop
      vertex -5.05 -18.95 0
      vertex -2.826120467488713 -9.38268343236509 0
      vertex -2.7930596642677914 -9.290284677254462 0
    endloop
  endfacet
  facet normal 0 0 -1
    outer loop
      vertex -5.05 -18.95 0
      vertex -2.7930596642677914 -9.290284677254462 0
      vertex -2.7692147195967696 -9.195090322016128 0
    endloop
  endfacet
  facet normal 0 0 -1
    outer loop
      vertex -5.05 -18.95 0
      vertex 1.3036039517605165 -6 0
      vertex -2 -16.05 0
    endloop
  endfacet
  facet normal -1 0 0
    outer loop
      vertex -5.05 -18.95 0
      vertex -5.05 -18.95 1.2
      vertex -5.05 -5 1.2
    endloop
  endfacet
  facet normal 0 0 1
    outer loop
      vertex -5.05 -18.95 1.2
      vertex -2 -16.05 1.2
      vertex -4.305570233019602 -9.831469612302545 1.2
    endloop
  endfacet
  facet normal 0 0 1
    outer loop
      vertex -5.05 -18.95 1.2
      vertex -4.631921264348355 -9.471396736825998 1.2
      vertex -4.673879532511287 -9.38268343236509 1.2
    endloop
  endfacet
  facet normal 0 0 1
    outer loop
      vertex -5.05 -18.95 1.2
      vertex -4.523010453362737 -9.634393284163645 1.2
      vertex -4.581469612302545 -9.555570233019601 1.2
    endloop
  endfacet
  facet normal 0 0 1
    outer loop
      vertex -5.05 -18.95 1.2
      vertex -4.581469612302545 -9.555570233019601 1.2
      vertex -4.631921264348355 -9.471396736825998 1.2
    endloop
  endfacet
  facet normal 0 0 1
    outer loop
      vertex -5.05 -18.95 1.2
      vertex -4.457106781186548 -9.707106781186548 1.2
      vertex -4.523010453362737 -9.634393284163645 1.2
    endloop
  endfacet
  facet normal 0 0 1
    outer loop
      vertex -5.05 -18.95 1.2
      vertex -4.384393284163646 -9.773010453362737 1.2
      vertex -4.457106781186548 -9.707106781186548 1.2
    endloop
  endfacet
  facet normal 0 0 1
    outer loop
      vertex -5.05 -18.95 1.2
      vertex -4.305570233019602 -9.831469612302545 1.2
      vertex -4.384393284163646 -9.773010453362737 1.2
    endloop
  endfacet
  facet normal 0 0 1
    outer loop
      vertex -5.05 -18.95 1.2
      vertex -4.673879532511287 -9.38268343236509 1.2
      vertex -4.706940335732209 -9.290284677254462 1.2
    endloop
  endfacet
  facet normal 0 0 1
    outer loop
      vertex -5.05 -18.95 1.2
      vertex -4.706940335732209 -9.290284677254462 1.2
      vertex -4.73078528040323 -9.195090322016128 1.2
    endloop
  endfacet
  facet normal 0 0 1
    outer loop
      vertex -5.05 -18.95 1.2
      vertex -4.73078528040323 -9.195090322016128 1.2
      vertex -4.745184726672197 -9.09801714032956 1.2
    endloop
  endfacet
  facet normal 0 0 1
    outer loop
      vertex -2 -16.05 1.2
      vertex -4.221396736825998 -9.881921264348355 1.2
      vertex -4.305570233019602 -9.831469612302545 1.2
    endloop
  endfacet
  facet normal 0 0 1
    outer loop
      vertex -2 -16.05 1.2
      vertex -4.13268343236509 -9.923879532511286 1.2
      vertex -4.221396736825998 -9.881921264348355 1.2
    endloop
  endfacet
  facet normal 0 0 1
    outer loop
      vertex -2 -16.05 1.2
      vertex -4.040284677254462 -9.95694033573221 1.2
      vertex -4.13268343236509 -9.923879532511286 1.2
    endloop
  endfacet
  facet normal 0 0 1
    outer loop
      vertex -2 -16.05 1.2
      vertex -3.9450903220161284 -9.98078528040323 1.2
      vertex -4.040284677254462 -9.95694033573221 1.2
    endloop
  endfacet
  facet normal 0 0 1
    outer loop
      vertex -2 -16.05 1.2
      vertex -3.8480171403295604 -9.995184726672196 1.2
      vertex -3.9450903220161284 -9.98078528040323 1.2
    endloop
  endfacet
  facet normal 0 0 1
    outer loop
      vertex -2 -16.05 1.2
      vertex -3.75 -10 1.2
      vertex -3.8480171403295604 -9.995184726672196 1.2
    endloop
  endfacet
  facet normal 0 0 1
    outer loop
      vertex -2 -16.05 1.2
      vertex -3.6519828596704396 -9.995184726672196 1.2
      vertex -3.75 -10 1.2
    endloop
  endfacet
  facet normal 0 0 1
    outer loop
      vertex -2 -16.05 1.2
      vertex -3.5549096779838716 -9.98078528040323 1.2
      vertex -3.6519828596704396 -9.995184726672196 1.2
    endloop
  endfacet
  facet normal 0 0 1
    outer loop
      vertex -2 -16.05 1.2
      vertex -3.4597153227455375 -9.95694033573221 1.2
      vertex -3.5549096779838716 -9.98078528040323 1.2
    endloop
  endfacet
  facet normal 0 0 1
    outer loop
      vertex -2 -16.05 1.2
      vertex -3.3673165676349104 -9.923879532511286 1.2
      vertex -3.4597153227455375 -9.95694033573221 1.2
    endloop
  endfacet
  facet normal 0 -1 0
    outer loop
      vertex -2 -16.05 0
      vertex 2 -16.05 1.2
      vertex -2 -16.05 1.2
    endloop
  endfacet
  facet normal 0 0 1
    outer loop
      vertex -3.3673165676349104 -9.923879532511286 1.2
      vertex 2 -16.05 1.2
      vertex -3.2786032631740025 -9.881921264348355 1.2
    endloop
  endfacet
  facet normal 0 0 1
    outer loop
      vertex -3.2786032631740025 -9.881921264348355 1.2
      vertex 2 -16.05 1.2
      vertex -3.194429766980398 -9.831469612302545 1.2
    endloop
  endfacet
  facet normal 0 0 1
    outer loop
      vertex -3.194429766980398 -9.831469612302545 1.2
      vertex 2 -16.05 1.2
      vertex -3.1156067158363543 -9.773010453362737 1.2
    endloop
  endfacet
  facet normal 0 0 1
    outer loop
      vertex -2 -16.05 1.2
      vertex 2 -16.05 1.2
      vertex -3.3673165676349104 -9.923879532511286 1.2
    endloop
  endfacet
  facet normal 0 0 1
    outer loop
      vertex -3.1156067158363543 -9.773010453362737 1.2
      vertex 2 -16.05 1.2
      vertex -3.0428932188134525 -9.707106781186548 1.2
    endloop
  endfacet
  facet normal 0 0 1
    outer loop
      vertex -3.0428932188134525 -9.707106781186548 1.2
      vertex 2 -16.05 1.2
      vertex -2.976989546637263 -9.634393284163645 1.2
    endloop
  endfacet
  facet normal 0 0 1
    outer loop
      vertex -2.976989546637263 -9.634393284163645 1.2
      vertex 2 -16.05 1.2
      vertex -2.9185303876974547 -9.555570233019601 1.2
    endloop
  endfacet
  facet normal 0 0 1
    outer loop
      vertex -2.9185303876974547 -9.555570233019601 1.2
      vertex 2 -16.05 1.2
      vertex -2.868078735651645 -9.471396736825998 1.2
    endloop
  endfacet
  facet normal 0 0 1
    outer loop
      vertex -2.868078735651645 -9.471396736825998 1.2
      vertex 2 -16.05 1.2
      vertex -2.826120467488713 -9.38268343236509 1.2
    endloop
  endfacet
  facet normal 0 0 -1
    outer loop
      vertex -5.05 -18.95 0
      vertex -5.05 -5 0
      vertex -4.75 -9 0
    endloop
  endfacet
  facet normal -1 0 0
    outer loop
      vertex -5.05 -18.95 0
      vertex -5.05 -5 1.2
      vertex -5.05 -5 0
    endloop
  endfacet
  facet normal 0.671558954847015 0.7409511253549622 0
    outer loop
      vertex -4.384393284163646 -9.773010453362737 0
      vertex -4.457106781186548 -9.707106781186548 0
      vertex -4.457106781186548 -9.707106781186548 1.2
    endloop
  endfacet
  facet normal 0.7409511253549663 0.6715589548470106 0
    outer loop
      vertex -4.523010453362737 -9.634393284163645 0
      vertex -4.523010453362737 -9.634393284163645 1.2
      vertex -4.457106781186548 -9.707106781186548 0
    endloop
  endfacet
  facet normal 0.5956993044924304 0.803207531480647 0
    outer loop
      vertex -4.384393284163646 -9.773010453362737 0
      vertex -4.384393284163646 -9.773010453362737 1.2
      vertex -4.305570233019602 -9.831469612302545 0
    endloop
  endfacet
  facet normal 0.514102744193225 0.8577286100002701 0
    outer loop
      vertex -4.305570233019602 -9.831469612302545 0
      vertex -4.305570233019602 -9.831469612302545 1.2
      vertex -4.221396736825998 -9.881921264348355 0
    endloop
  endfacet
  facet normal 0.4275550934302755 0.9039892931234464 0
    outer loop
      vertex -4.221396736825998 -9.881921264348355 0
      vertex -4.221396736825998 -9.881921264348355 1.2
      vertex -4.13268343236509 -9.923879532511286 0
    endloop
  endfacet
  facet normal 0.9415440651830225 0.33688985339221533 0
    outer loop
      vertex -4.706940335732209 -9.290284677254462 0
      vertex -4.706940335732209 -9.290284677254462 1.2
      vertex -4.673879532511287 -9.38268343236509 0
    endloop
  endfacet
  facet normal 0.8577286100002677 0.5141027441932289 0
    outer loop
      vertex -4.631921264348355 -9.471396736825998 0
      vertex -4.631921264348355 -9.471396736825998 1.2
      vertex -4.581469612302545 -9.555570233019601 0
    endloop
  endfacet
  facet normal 0.803207531480647 0.5956993044924304 0
    outer loop
      vertex -4.523010453362737 -9.634393284163645 0
      vertex -4.581469612302545 -9.555570233019601 0
      vertex -4.581469612302545 -9.555570233019601 1.2
    endloop
  endfacet
  facet normal 0.903989293123443 0.4275550934302829 0
    outer loop
      vertex -4.631921264348355 -9.471396736825998 0
      vertex -4.673879532511287 -9.38268343236509 0
      vertex -4.673879532511287 -9.38268343236509 1.2
    endloop
  endfacet
  facet normal 0.9700312531945434 0.24298017990326626 0
    outer loop
      vertex -4.706940335732209 -9.290284677254462 0
      vertex -4.73078528040323 -9.195090322016128 0
      vertex -4.73078528040323 -9.195090322016128 1.2
    endloop
  endfacet
  facet normal 0.9891765099647807 0.14673047445536413 0
    outer loop
      vertex -4.73078528040323 -9.195090322016128 0
      vertex -4.745184726672197 -9.09801714032956 0
      vertex -4.745184726672197 -9.09801714032956 1.2
    endloop
  endfacet
  facet normal 0.9987954562051725 0.049067674327415635 0
    outer loop
      vertex -4.745184726672197 -9.09801714032956 0
      vertex -4.75 -9 0
      vertex -4.75 -9 1.2
    endloop
  endfacet
  facet normal 0.24298017990325882 0.9700312531945452 0
    outer loop
      vertex -4.040284677254462 -9.95694033573221 0
      vertex -4.040284677254462 -9.95694033573221 1.2
      vertex -3.9450903220161284 -9.98078528040323 0
    endloop
  endfacet
  facet normal 0.14673047445535528 0.9891765099647819 0
    outer loop
      vertex -3.9450903220161284 -9.98078528040323 0
      vertex -3.9450903220161284 -9.98078528040323 1.2
      vertex -3.8480171403295604 -9.995184726672196 0
    endloop
  endfacet
  facet normal 0.3368898533922314 0.9415440651830168 0
    outer loop
      vertex -4.040284677254462 -9.95694033573221 0
      vertex -4.13268343236509 -9.923879532511286 0
      vertex -4.13268343236509 -9.923879532511286 1.2
    endloop
  endfacet
  facet normal 0.04906767432742443 0.9987954562051721 0
    outer loop
      vertex -3.8480171403295604 -9.995184726672196 0
      vertex -3.8480171403295604 -9.995184726672196 1.2
      vertex -3.75 -10 0
    endloop
  endfacet
  facet normal -0.04906767432742443 0.9987954562051721 0
    outer loop
      vertex -3.75 -10 0
      vertex -3.75 -10 1.2
      vertex -3.6519828596704396 -9.995184726672196 0
    endloop
  endfacet
  facet normal -0.14673047445535528 0.9891765099647819 0
    outer loop
      vertex -3.6519828596704396 -9.995184726672196 0
      vertex -3.6519828596704396 -9.995184726672196 1.2
      vertex -3.5549096779838716 -9.98078528040323 0
    endloop
  endfacet
  facet normal -0.24298017990325776 0.9700312531945455 0
    outer loop
      vertex -3.5549096779838716 -9.98078528040323 0
      vertex -3.5549096779838716 -9.98078528040323 1.2
      vertex -3.4597153227455375 -9.95694033573221 0
    endloop
  endfacet
  facet normal -0.3368898533922329 0.9415440651830163 0
    outer loop
      vertex -3.4597153227455375 -9.95694033573221 0
      vertex -3.4597153227455375 -9.95694033573221 1.2
      vertex -3.3673165676349104 -9.923879532511286 0
    endloop
  endfacet
  facet normal -0.4275550934302772 0.9039892931234457 0
    outer loop
      vertex -3.3673165676349104 -9.923879532511286 0
      vertex -3.3673165676349104 -9.923879532511286 1.2
      vertex -3.2786032631740025 -9.881921264348355 0
    endloop
  endfacet
  facet normal -0.514102744193223 0.8577286100002713 0
    outer loop
      vertex -3.2786032631740025 -9.881921264348355 0
      vertex -3.2786032631740025 -9.881921264348355 1.2
      vertex -3.194429766980398 -9.831469612302545 0
    endloop
  endfacet
  facet normal -0.5956993044924304 0.803207531480647 0
    outer loop
      vertex -3.194429766980398 -9.831469612302545 0
      vertex -3.194429766980398 -9.831469612302545 1.2
      vertex -3.1156067158363543 -9.773010453362737 0
    endloop
  endfacet
  facet normal -0.6715589548470172 0.7409511253549601 0
    outer loop
      vertex -3.1156067158363543 -9.773010453362737 0
      vertex -3.1156067158363543 -9.773010453362737 1.2
      vertex -3.0428932188134525 -9.707106781186548 0
    endloop
  endfacet
  facet normal -0.740951125354964 0.671558954847013 0
    outer loop
      vertex -3.0428932188134525 -9.707106781186548 0
      vertex -3.0428932188134525 -9.707106781186548 1.2
      vertex -2.976989546637263 -9.634393284163645 0
    endloop
  endfacet
  facet normal -0.8032075314806449 0.5956993044924334 0
    outer loop
      vertex -2.976989546637263 -9.634393284163645 0
      vertex -2.976989546637263 -9.634393284163645 1.2
      vertex -2.9185303876974547 -9.555570233019601 0
    endloop
  endfacet
  facet normal -0.8577286100002698 0.5141027441932255 0
    outer loop
      vertex -2.9185303876974547 -9.555570233019601 0
      vertex -2.9185303876974547 -9.555570233019601 1.2
      vertex -2.868078735651645 -9.471396736825998 0
    endloop
  endfacet
  facet normal -0.903989293123443 0.4275550934302829 0
    outer loop
      vertex -2.868078735651645 -9.471396736825998 0
      vertex -2.868078735651645 -9.471396736825998 1.2
      vertex -2.826120467488713 -9.38268343236509 0
    endloop
  endfacet
  facet normal -0.9415440651830225 0.33688985339221533 0
    outer loop
      vertex -2.826120467488713 -9.38268343236509 0
      vertex -2.826120467488713 -9.38268343236509 1.2
      vertex -2.7930596642677914 -9.290284677254462 0
    endloop
  endfacet
  facet normal -0.9700312531945434 0.24298017990326626 0
    outer loop
      vertex -2.7930596642677914 -9.290284677254462 0
      vertex -2.7930596642677914 -9.290284677254462 1.2
      vertex -2.7692147195967696 -9.195090322016128 0
    endloop
  endfacet
  facet normal 0 0 -1
    outer loop
      vertex -4.75 -9 0
      vertex -5.05 -5 0
      vertex -4.745184726672197 -8.90198285967044 0
    endloop
  endfacet
  facet normal 0 0 -1
    outer loop
      vertex -4.745184726672197 -8.90198285967044 0
      vertex -5.05 -5 0
      vertex -4.73078528040323 -8.804909677983872 0
    endloop
  endfacet
  facet normal 0 0 -1
    outer loop
      vertex -4.73078528040323 -8.804909677983872 0
      vertex -5.05 -5 0
      vertex -4.706940335732209 -8.709715322745538 0
    endloop
  endfacet
  facet normal 0 0 -1
    outer loop
      vertex -4.706940335732209 -8.709715322745538 0
      vertex -5.05 -5 0
      vertex -4.673879532511287 -8.61731656763491 0
    endloop
  endfacet
  facet normal 0 0 -1
    outer loop
      vertex -4.673879532511287 -8.61731656763491 0
      vertex -5.05 -5 0
      vertex -4.631921264348355 -8.528603263174002 0
    endloop
  endfacet
  facet normal 0 0 -1
    outer loop
      vertex -4.631921264348355 -8.528603263174002 0
      vertex -5.05 -5 0
      vertex -4.581469612302545 -8.444429766980399 0
    endloop
  endfacet
  facet normal 0 0 -1
    outer loop
      vertex -4.581469612302545 -8.444429766980399 0
      vertex -5.05 -5 0
      vertex -4.523010453362737 -8.365606715836355 0
    endloop
  endfacet
  facet normal 0 0 -1
    outer loop
      vertex -4.523010453362737 -8.365606715836355 0
      vertex -5.05 -5 0
      vertex -4.457106781186548 -8.292893218813452 0
    endloop
  endfacet
  facet normal 0 0 -1
    outer loop
      vertex -4.457106781186548 -8.292893218813452 0
      vertex -5.05 -5 0
      vertex -4.384393284163646 -8.226989546637263 0
    endloop
  endfacet
  facet normal 0 0 -1
    outer loop
      vertex -4.384393284163646 -8.226989546637263 0
      vertex -5.05 -5 0
      vertex -4.305570233019602 -8.168530387697455 0
    endloop
  endfacet
  facet normal 0 0 -1
    outer loop
      vertex -4.305570233019602 -8.168530387697455 0
      vertex -5.05 -5 0
      vertex -4.221396736825998 -8.118078735651645 0
    endloop
  endfacet
  facet normal 0 0 -1
    outer loop
      vertex -4.221396736825998 -8.118078735651645 0
      vertex -5.05 -5 0
      vertex -4.13268343236509 -8.076120467488714 0
    endloop
  endfacet
  facet normal 0 0 -1
    outer loop
      vertex -4.13268343236509 -8.076120467488714 0
      vertex -5.05 -5 0
      vertex -4.040284677254462 -8.04305966426779 0
    endloop
  endfacet
  facet normal 0 0 -1
    outer loop
      vertex -4.040284677254462 -8.04305966426779 0
      vertex -5.05 -5 0
      vertex -3.9450903220161284 -8.01921471959677 0
    endloop
  endfacet
  facet normal 0 0 -1
    outer loop
      vertex -3.9450903220161284 -8.01921471959677 0
      vertex -5.05 -5 0
      vertex -3.8480171403295604 -8.004815273327804 0
    endloop
  endfacet
  facet normal 0.9987954562051725 -0.049067674327415635 0
    outer loop
      vertex -4.75 -9 0
      vertex -4.745184726672197 -8.90198285967044 0
      vertex -4.745184726672197 -8.90198285967044 1.2
    endloop
  endfacet
  facet normal 0.9891765099647807 -0.14673047445536413 0
    outer loop
      vertex -4.745184726672197 -8.90198285967044 0
      vertex -4.73078528040323 -8.804909677983872 0
      vertex -4.73078528040323 -8.804909677983872 1.2
    endloop
  endfacet
  facet normal 0.9700312531945434 -0.24298017990326626 0
    outer loop
      vertex -4.73078528040323 -8.804909677983872 0
      vertex -4.706940335732209 -8.709715322745538 0
      vertex -4.706940335732209 -8.709715322745538 1.2
    endloop
  endfacet
  facet normal 0.9415440651830225 -0.33688985339221533 0
    outer loop
      vertex -4.706940335732209 -8.709715322745538 0
      vertex -4.673879532511287 -8.61731656763491 0
      vertex -4.673879532511287 -8.61731656763491 1.2
    endloop
  endfacet
  facet normal 0.903989293123443 -0.4275550934302829 0
    outer loop
      vertex -4.673879532511287 -8.61731656763491 0
      vertex -4.631921264348355 -8.528603263174002 0
      vertex -4.631921264348355 -8.528603263174002 1.2
    endloop
  endfacet
  facet normal 0.8577286100002677 -0.5141027441932289 0
    outer loop
      vertex -4.631921264348355 -8.528603263174002 0
      vertex -4.581469612302545 -8.444429766980399 0
      vertex -4.581469612302545 -8.444429766980399 1.2
    endloop
  endfacet
  facet normal 0.803207531480647 -0.5956993044924304 0
    outer loop
      vertex -4.581469612302545 -8.444429766980399 0
      vertex -4.523010453362737 -8.365606715836355 0
      vertex -4.523010453362737 -8.365606715836355 1.2
    endloop
  endfacet
  facet normal 0.7409511253549663 -0.6715589548470106 0
    outer loop
      vertex -4.523010453362737 -8.365606715836355 0
      vertex -4.457106781186548 -8.292893218813452 0
      vertex -4.457106781186548 -8.292893218813452 1.2
    endloop
  endfacet
  facet normal 0.671558954847015 -0.7409511253549622 0
    outer loop
      vertex -4.457106781186548 -8.292893218813452 0
      vertex -4.384393284163646 -8.226989546637263 0
      vertex -4.384393284163646 -8.226989546637263 1.2
    endloop
  endfacet
  facet normal 0.5956993044924304 -0.803207531480647 0
    outer loop
      vertex -4.384393284163646 -8.226989546637263 0
      vertex -4.305570233019602 -8.168530387697455 0
      vertex -4.305570233019602 -8.168530387697455 1.2
    endloop
  endfacet
  facet normal 0.514102744193225 -0.8577286100002701 0
    outer loop
      vertex -4.305570233019602 -8.168530387697455 0
      vertex -4.221396736825998 -8.118078735651645 0
      vertex -4.221396736825998 -8.118078735651645 1.2
    endloop
  endfacet
  facet normal 0.4275550934302755 -0.9039892931234464 0
    outer loop
      vertex -4.221396736825998 -8.118078735651645 0
      vertex -4.13268343236509 -8.076120467488714 0
      vertex -4.13268343236509 -8.076120467488714 1.2
    endloop
  endfacet
  facet normal 0.3368898533922314 -0.9415440651830168 0
    outer loop
      vertex -4.13268343236509 -8.076120467488714 0
      vertex -4.040284677254462 -8.04305966426779 0
      vertex -4.040284677254462 -8.04305966426779 1.2
    endloop
  endfacet
  facet normal 0.24298017990325882 -0.9700312531945452 0
    outer loop
      vertex -4.040284677254462 -8.04305966426779 0
      vertex -3.9450903220161284 -8.01921471959677 0
      vertex -3.9450903220161284 -8.01921471959677 1.2
    endloop
  endfacet
  facet normal 0.14673047445535528 -0.9891765099647819 0
    outer loop
      vertex -3.9450903220161284 -8.01921471959677 0
      vertex -3.8480171403295604 -8.004815273327804 0
      vertex -3.8480171403295604 -8.004815273327804 1.2
    endloop
  endfacet
  facet normal 0.04906767432742443 -0.9987954562051721 0
    outer loop
      vertex -3.8480171403295604 -8.004815273327804 0
      vertex -3.75 -8 0
      vertex -3.75 -8 1.2
    endloop
  endfacet
  facet normal -0.04906767432742443 -0.9987954562051721 0
    outer loop
      vertex -3.75 -8 0
      vertex -3.6519828596704396 -8.004815273327804 0
      vertex -3.6519828596704396 -8.004815273327804 1.2
    endloop
  endfacet
  facet normal -0.14673047445535528 -0.9891765099647819 0
    outer loop
      vertex -3.6519828596704396 -8.004815273327804 0
      vertex -3.5549096779838716 -8.01921471959677 0
      vertex -3.5549096779838716 -8.01921471959677 1.2
    endloop
  endfacet
  facet normal -0.24298017990325776 -0.9700312531945455 0
    outer loop
      vertex -3.5549096779838716 -8.01921471959677 0
      vertex -3.4597153227455375 -8.04305966426779 0
      vertex -3.4597153227455375 -8.04305966426779 1.2
    endloop
  endfacet
  facet normal -0.9415440651830225 -0.33688985339221533 0
    outer loop
      vertex -2.7930596642677914 -8.709715322745538 0
      vertex -2.7930596642677914 -8.709715322745538 1.2
      vertex -2.826120467488713 -8.61731656763491 0
    endloop
  endfacet
  facet normal -0.740951125354964 -0.671558954847013 0
    outer loop
      vertex -2.976989546637263 -8.365606715836355 0
      vertex -2.976989546637263 -8.365606715836355 1.2
      vertex -3.0428932188134525 -8.292893218813452 0
    endloop
  endfacet
  facet normal -0.8577286100002698 -0.5141027441932255 0
    outer loop
      vertex -2.868078735651645 -8.528603263174002 0
      vertex -2.868078735651645 -8.528603263174002 1.2
      vertex -2.9185303876974547 -8.444429766980399 0
    endloop
  endfacet
  facet normal -0.903989293123443 -0.4275550934302829 0
    outer loop
      vertex -2.826120467488713 -8.61731656763491 0
      vertex -2.826120467488713 -8.61731656763491 1.2
      vertex -2.868078735651645 -8.528603263174002 0
    endloop
  endfacet
  facet normal -0.8032075314806449 -0.5956993044924334 0
    outer loop
      vertex -2.976989546637263 -8.365606715836355 0
      vertex -2.9185303876974547 -8.444429766980399 0
      vertex -2.9185303876974547 -8.444429766980399 1.2
    endloop
  endfacet
  facet normal -0.3368898533922329 -0.9415440651830163 0
    outer loop
      vertex -3.4597153227455375 -8.04305966426779 0
      vertex -3.3673165676349104 -8.076120467488714 0
      vertex -3.3673165676349104 -8.076120467488714 1.2
    endloop
  endfacet
  facet normal -0.4275550934302772 -0.9039892931234457 0
    outer loop
      vertex -3.3673165676349104 -8.076120467488714 0
      vertex -3.2786032631740025 -8.118078735651645 0
      vertex -3.2786032631740025 -8.118078735651645 1.2
    endloop
  endfacet
  facet normal -0.514102744193223 -0.8577286100002713 0
    outer loop
      vertex -3.194429766980398 -8.168530387697455 0
      vertex -3.194429766980398 -8.168530387697455 1.2
      vertex -3.2786032631740025 -8.118078735651645 0
    endloop
  endfacet
  facet normal -0.5956993044924304 -0.803207531480647 0
    outer loop
      vertex -3.194429766980398 -8.168530387697455 0
      vertex -3.1156067158363543 -8.226989546637263 0
      vertex -3.1156067158363543 -8.226989546637263 1.2
    endloop
  endfacet
  facet normal -0.6715589548470172 -0.7409511253549601 0
    outer loop
      vertex -3.1156067158363543 -8.226989546637263 0
      vertex -3.0428932188134525 -8.292893218813452 0
      vertex -3.0428932188134525 -8.292893218813452 1.2
    endloop
  endfacet
  facet normal 0 0 -1
    outer loop
      vertex -5.05 -18.95 0
      vertex -2.7692147195967696 -9.195090322016128 0
      vertex 1.3036039517605165 -6 0
    endloop
  endfacet
  facet normal -0.9891765099647807 0.14673047445536413 0
    outer loop
      vertex -2.7692147195967696 -9.195090322016128 0
      vertex -2.7692147195967696 -9.195090322016128 1.2
      vertex -2.754815273327803 -9.09801714032956 0
    endloop
  endfacet
  facet normal -0.9987954562051725 0.049067674327415635 0
    outer loop
      vertex -2.754815273327803 -9.09801714032956 0
      vertex -2.754815273327803 -9.09801714032956 1.2
      vertex -2.75 -9 0
    endloop
  endfacet
  facet normal 0 0 -1
    outer loop
      vertex -2.7692147195967696 -9.195090322016128 0
      vertex -2.754815273327803 -9.09801714032956 0
      vertex 1.3036039517605165 -6 0
    endloop
  endfacet
  facet normal 0 0 -1
    outer loop
      vertex -2.754815273327803 -9.09801714032956 0
      vertex -2.75 -9 0
      vertex 1.3036039517605165 -6 0
    endloop
  endfacet
  facet normal 0 0 -1
    outer loop
      vertex -2.75 -9 0
      vertex -2.754815273327803 -8.90198285967044 0
      vertex 1.3036039517605165 -6 0
    endloop
  endfacet
  facet normal 0 0 -1
    outer loop
      vertex -2.754815273327803 -8.90198285967044 0
      vertex -2.7692147195967696 -8.804909677983872 0
      vertex 1.3036039517605165 -6 0
    endloop
  endfacet
  facet normal 0 0 -1
    outer loop
      vertex -2.7930596642677914 -8.709715322745538 0
      vertex 1.3036039517605165 -6 0
      vertex -2.7692147195967696 -8.804909677983872 0
    endloop
  endfacet
  facet normal 0 0 -1
    outer loop
      vertex -2.868078735651645 -8.528603263174002 0
      vertex -2.9185303876974547 -8.444429766980399 0
      vertex 1.3036039517605165 -6 0
    endloop
  endfacet
  facet normal 0 0 -1
    outer loop
      vertex -2.7930596642677914 -8.709715322745538 0
      vertex -2.826120467488713 -8.61731656763491 0
      vertex 1.3036039517605165 -6 0
    endloop
  endfacet
  facet normal 0 0 -1
    outer loop
      vertex -2.826120467488713 -8.61731656763491 0
      vertex -2.868078735651645 -8.528603263174002 0
      vertex 1.3036039517605165 -6 0
    endloop
  endfacet
  facet normal 0 0 -1
    outer loop
      vertex -3.8480171403295604 -8.004815273327804 0
      vertex 1.3036039517605165 -6 0
      vertex -3.75 -8 0
    endloop
  endfacet
  facet normal 0 0 -1
    outer loop
      vertex -3.75 -8 0
      vertex 1.3036039517605165 -6 0
      vertex -3.6519828596704396 -8.004815273327804 0
    endloop
  endfacet
  facet normal 0 0 -1
    outer loop
      vertex -3.6519828596704396 -8.004815273327804 0
      vertex 1.3036039517605165 -6 0
      vertex -3.5549096779838716 -8.01921471959677 0
    endloop
  endfacet
  facet normal 0 0 -1
    outer loop
      vertex -3.5549096779838716 -8.01921471959677 0
      vertex 1.3036039517605165 -6 0
      vertex -3.4597153227455375 -8.04305966426779 0
    endloop
  endfacet
  facet normal 0 0 -1
    outer loop
      vertex -3.4597153227455375 -8.04305966426779 0
      vertex 1.3036039517605165 -6 0
      vertex -3.3673165676349104 -8.076120467488714 0
    endloop
  endfacet
  facet normal 0 0 -1
    outer loop
      vertex -3.3673165676349104 -8.076120467488714 0
      vertex 1.3036039517605165 -6 0
      vertex -3.2786032631740025 -8.118078735651645 0
    endloop
  endfacet
  facet normal 0 0 -1
    outer loop
      vertex -3.1156067158363543 -8.226989546637263 0
      vertex 1.3036039517605165 -6 0
      vertex -3.0428932188134525 -8.292893218813452 0
    endloop
  endfacet
  facet normal 0 0 -1
    outer loop
      vertex -2.976989546637263 -8.365606715836355 0
      vertex -3.0428932188134525 -8.292893218813452 0
      vertex 1.3036039517605165 -6 0
    endloop
  endfacet
  facet normal 0 0 -1
    outer loop
      vertex -3.194429766980398 -8.168530387697455 0
      vertex -3.2786032631740025 -8.118078735651645 0
      vertex 1.3036039517605165 -6 0
    endloop
  endfacet
  facet normal 0 0 -1
    outer loop
      vertex -3.194429766980398 -8.168530387697455 0
      vertex 1.3036039517605165 -6 0
      vertex -3.1156067158363543 -8.226989546637263 0
    endloop
  endfacet
  facet normal 0 0 -1
    outer loop
      vertex -2.976989546637263 -8.365606715836355 0
      vertex 1.3036039517605165 -6 0
      vertex -2.9185303876974547 -8.444429766980399 0
    endloop
  endfacet
  facet normal -0.9987954562051725 -0.049067674327415635 0
    outer loop
      vertex -2.75 -9 0
      vertex -2.75 -9 1.2
      vertex -2.754815273327803 -8.90198285967044 0
    endloop
  endfacet
  facet normal -0.9891765099647807 -0.14673047445536413 0
    outer loop
      vertex -2.754815273327803 -8.90198285967044 0
      vertex -2.754815273327803 -8.90198285967044 1.2
      vertex -2.7692147195967696 -8.804909677983872 0
    endloop
  endfacet
  facet normal -0.9700312531945434 -0.24298017990326626 0
    outer loop
      vertex -2.7930596642677914 -8.709715322745538 0
      vertex -2.7692147195967696 -8.804909677983872 0
      vertex -2.7692147195967696 -8.804909677983872 1.2
    endloop
  endfacet
  facet normal 0 0 1
    outer loop
      vertex -5.05 -18.95 1.2
      vertex -4.745184726672197 -9.09801714032956 1.2
      vertex -5.05 -5 1.2
    endloop
  endfacet
  facet normal 0.7409511253549663 0.6715589548470106 0
    outer loop
      vertex -4.457106781186548 -9.707106781186548 0
      vertex -4.523010453362737 -9.634393284163645 1.2
      vertex -4.457106781186548 -9.707106781186548 1.2
    endloop
  endfacet
  facet normal 0.671558954847015 0.7409511253549622 0
    outer loop
      vertex -4.384393284163646 -9.773010453362737 0
      vertex -4.457106781186548 -9.707106781186548 1.2
      vertex -4.384393284163646 -9.773010453362737 1.2
    endloop
  endfacet
  facet normal 0.5956993044924304 0.803207531480647 0
    outer loop
      vertex -4.305570233019602 -9.831469612302545 0
      vertex -4.384393284163646 -9.773010453362737 1.2
      vertex -4.305570233019602 -9.831469612302545 1.2
    endloop
  endfacet
  facet normal 0.514102744193225 0.8577286100002701 0
    outer loop
      vertex -4.221396736825998 -9.881921264348355 0
      vertex -4.305570233019602 -9.831469612302545 1.2
      vertex -4.221396736825998 -9.881921264348355 1.2
    endloop
  endfacet
  facet normal 0.803207531480647 0.5956993044924304 0
    outer loop
      vertex -4.523010453362737 -9.634393284163645 0
      vertex -4.581469612302545 -9.555570233019601 1.2
      vertex -4.523010453362737 -9.634393284163645 1.2
    endloop
  endfacet
  facet normal 0.8577286100002677 0.5141027441932289 0
    outer loop
      vertex -4.581469612302545 -9.555570233019601 0
      vertex -4.631921264348355 -9.471396736825998 1.2
      vertex -4.581469612302545 -9.555570233019601 1.2
    endloop
  endfacet
  facet normal 0.903989293123443 0.4275550934302829 0
    outer loop
      vertex -4.631921264348355 -9.471396736825998 0
      vertex -4.673879532511287 -9.38268343236509 1.2
      vertex -4.631921264348355 -9.471396736825998 1.2
    endloop
  endfacet
  facet normal 0.9415440651830225 0.33688985339221533 0
    outer loop
      vertex -4.673879532511287 -9.38268343236509 0
      vertex -4.706940335732209 -9.290284677254462 1.2
      vertex -4.673879532511287 -9.38268343236509 1.2
    endloop
  endfacet
  facet normal 0.9700312531945434 0.24298017990326626 0
    outer loop
      vertex -4.706940335732209 -9.290284677254462 0
      vertex -4.73078528040323 -9.195090322016128 1.2
      vertex -4.706940335732209 -9.290284677254462 1.2
    endloop
  endfacet
  facet normal 0.9891765099647807 0.14673047445536413 0
    outer loop
      vertex -4.73078528040323 -9.195090322016128 0
      vertex -4.745184726672197 -9.09801714032956 1.2
      vertex -4.73078528040323 -9.195090322016128 1.2
    endloop
  endfacet
  facet normal 0.9987954562051725 0.049067674327415635 0
    outer loop
      vertex -4.745184726672197 -9.09801714032956 0
      vertex -4.75 -9 1.2
      vertex -4.745184726672197 -9.09801714032956 1.2
    endloop
  endfacet
  facet normal 0.24298017990325882 0.9700312531945452 0
    outer loop
      vertex -3.9450903220161284 -9.98078528040323 0
      vertex -4.040284677254462 -9.95694033573221 1.2
      vertex -3.9450903220161284 -9.98078528040323 1.2
    endloop
  endfacet
  facet normal 0.14673047445535528 0.9891765099647819 0
    outer loop
      vertex -3.8480171403295604 -9.995184726672196 0
      vertex -3.9450903220161284 -9.98078528040323 1.2
      vertex -3.8480171403295604 -9.995184726672196 1.2
    endloop
  endfacet
  facet normal 0.4275550934302755 0.9039892931234464 0
    outer loop
      vertex -4.13268343236509 -9.923879532511286 0
      vertex -4.221396736825998 -9.881921264348355 1.2
      vertex -4.13268343236509 -9.923879532511286 1.2
    endloop
  endfacet
  facet normal 0.3368898533922314 0.9415440651830168 0
    outer loop
      vertex -4.040284677254462 -9.95694033573221 0
      vertex -4.13268343236509 -9.923879532511286 1.2
      vertex -4.040284677254462 -9.95694033573221 1.2
    endloop
  endfacet
  facet normal 0.04906767432742443 0.9987954562051721 0
    outer loop
      vertex -3.75 -10 0
      vertex -3.8480171403295604 -9.995184726672196 1.2
      vertex -3.75 -10 1.2
    endloop
  endfacet
  facet normal -0.04906767432742443 0.9987954562051721 0
    outer loop
      vertex -3.6519828596704396 -9.995184726672196 0
      vertex -3.75 -10 1.2
      vertex -3.6519828596704396 -9.995184726672196 1.2
    endloop
  endfacet
  facet normal -0.14673047445535528 0.9891765099647819 0
    outer loop
      vertex -3.5549096779838716 -9.98078528040323 0
      vertex -3.6519828596704396 -9.995184726672196 1.2
      vertex -3.5549096779838716 -9.98078528040323 1.2
    endloop
  endfacet
  facet normal -0.24298017990325776 0.9700312531945455 0
    outer loop
      vertex -3.4597153227455375 -9.95694033573221 0
      vertex -3.5549096779838716 -9.98078528040323 1.2
      vertex -3.4597153227455375 -9.95694033573221 1.2
    endloop
  endfacet
  facet normal -0.3368898533922329 0.9415440651830163 0
    outer loop
      vertex -3.3673165676349104 -9.923879532511286 0
      vertex -3.4597153227455375 -9.95694033573221 1.2
      vertex -3.3673165676349104 -9.923879532511286 1.2
    endloop
  endfacet
  facet normal -0.4275550934302772 0.9039892931234457 0
    outer loop
      vertex -3.2786032631740025 -9.881921264348355 0
      vertex -3.3673165676349104 -9.923879532511286 1.2
      vertex -3.2786032631740025 -9.881921264348355 1.2
    endloop
  endfacet
  facet normal -0.514102744193223 0.8577286100002713 0
    outer loop
      vertex -3.194429766980398 -9.831469612302545 0
      vertex -3.2786032631740025 -9.881921264348355 1.2
      vertex -3.194429766980398 -9.831469612302545 1.2
    endloop
  endfacet
  facet normal -0.5956993044924304 0.803207531480647 0
    outer loop
      vertex -3.1156067158363543 -9.773010453362737 0
      vertex -3.194429766980398 -9.831469612302545 1.2
      vertex -3.1156067158363543 -9.773010453362737 1.2
    endloop
  endfacet
  facet normal -0.6715589548470172 0.7409511253549601 0
    outer loop
      vertex -3.0428932188134525 -9.707106781186548 0
      vertex -3.1156067158363543 -9.773010453362737 1.2
      vertex -3.0428932188134525 -9.707106781186548 1.2
    endloop
  endfacet
  facet normal -0.740951125354964 0.671558954847013 0
    outer loop
      vertex -2.976989546637263 -9.634393284163645 0
      vertex -3.0428932188134525 -9.707106781186548 1.2
      vertex -2.976989546637263 -9.634393284163645 1.2
    endloop
  endfacet
  facet normal -0.8032075314806449 0.5956993044924334 0
    outer loop
      vertex -2.9185303876974547 -9.555570233019601 0
      vertex -2.976989546637263 -9.634393284163645 1.2
      vertex -2.9185303876974547 -9.555570233019601 1.2
    endloop
  endfacet
  facet normal -0.8577286100002698 0.5141027441932255 0
    outer loop
      vertex -2.868078735651645 -9.471396736825998 0
      vertex -2.9185303876974547 -9.555570233019601 1.2
      vertex -2.868078735651645 -9.471396736825998 1.2
    endloop
  endfacet
  facet normal -0.903989293123443 0.4275550934302829 0
    outer loop
      vertex -2.826120467488713 -9.38268343236509 0
      vertex -2.868078735651645 -9.471396736825998 1.2
      vertex -2.826120467488713 -9.38268343236509 1.2
    endloop
  endfacet
  facet normal -0.9415440651830225 0.33688985339221533 0
    outer loop
      vertex -2.7930596642677914 -9.290284677254462 0
      vertex -2.826120467488713 -9.38268343236509 1.2
      vertex -2.7930596642677914 -9.290284677254462 1.2
    endloop
  endfacet
  facet normal 0.9987954562051725 -0.049067674327415635 0
    outer loop
      vertex -4.75 -9 0
      vertex -4.745184726672197 -8.90198285967044 1.2
      vertex -4.75 -9 1.2
    endloop
  endfacet
  facet normal 0.9891765099647807 -0.14673047445536413 0
    outer loop
      vertex -4.745184726672197 -8.90198285967044 0
      vertex -4.73078528040323 -8.804909677983872 1.2
      vertex -4.745184726672197 -8.90198285967044 1.2
    endloop
  endfacet
  facet normal 0.9700312531945434 -0.24298017990326626 0
    outer loop
      vertex -4.73078528040323 -8.804909677983872 0
      vertex -4.706940335732209 -8.709715322745538 1.2
      vertex -4.73078528040323 -8.804909677983872 1.2
    endloop
  endfacet
  facet normal 0.9415440651830225 -0.33688985339221533 0
    outer loop
      vertex -4.706940335732209 -8.709715322745538 0
      vertex -4.673879532511287 -8.61731656763491 1.2
      vertex -4.706940335732209 -8.709715322745538 1.2
    endloop
  endfacet
  facet normal 0.903989293123443 -0.4275550934302829 0
    outer loop
      vertex -4.673879532511287 -8.61731656763491 0
      vertex -4.631921264348355 -8.528603263174002 1.2
      vertex -4.673879532511287 -8.61731656763491 1.2
    endloop
  endfacet
  facet normal 0.8577286100002677 -0.5141027441932289 0
    outer loop
      vertex -4.631921264348355 -8.528603263174002 0
      vertex -4.581469612302545 -8.444429766980399 1.2
      vertex -4.631921264348355 -8.528603263174002 1.2
    endloop
  endfacet
  facet normal 0.803207531480647 -0.5956993044924304 0
    outer loop
      vertex -4.581469612302545 -8.444429766980399 0
      vertex -4.523010453362737 -8.365606715836355 1.2
      vertex -4.581469612302545 -8.444429766980399 1.2
    endloop
  endfacet
  facet normal 0.7409511253549663 -0.6715589548470106 0
    outer loop
      vertex -4.523010453362737 -8.365606715836355 0
      vertex -4.457106781186548 -8.292893218813452 1.2
      vertex -4.523010453362737 -8.365606715836355 1.2
    endloop
  endfacet
  facet normal 0.671558954847015 -0.7409511253549622 0
    outer loop
      vertex -4.457106781186548 -8.292893218813452 0
      vertex -4.384393284163646 -8.226989546637263 1.2
      vertex -4.457106781186548 -8.292893218813452 1.2
    endloop
  endfacet
  facet normal 0.5956993044924304 -0.803207531480647 0
    outer loop
      vertex -4.384393284163646 -8.226989546637263 0
      vertex -4.305570233019602 -8.168530387697455 1.2
      vertex -4.384393284163646 -8.226989546637263 1.2
    endloop
  endfacet
  facet normal 0.514102744193225 -0.8577286100002701 0
    outer loop
      vertex -4.305570233019602 -8.168530387697455 0
      vertex -4.221396736825998 -8.118078735651645 1.2
      vertex -4.305570233019602 -8.168530387697455 1.2
    endloop
  endfacet
  facet normal 0.4275550934302755 -0.9039892931234464 0
    outer loop
      vertex -4.221396736825998 -8.118078735651645 0
      vertex -4.13268343236509 -8.076120467488714 1.2
      vertex -4.221396736825998 -8.118078735651645 1.2
    endloop
  endfacet
  facet normal 0 0 1
    outer loop
      vertex -4.745184726672197 -9.09801714032956 1.2
      vertex -4.75 -9 1.2
      vertex -5.05 -5 1.2
    endloop
  endfacet
  facet normal 0 0 1
    outer loop
      vertex -4.75 -9 1.2
      vertex -4.745184726672197 -8.90198285967044 1.2
      vertex -5.05 -5 1.2
    endloop
  endfacet
  facet normal 0 0 1
    outer loop
      vertex -4.745184726672197 -8.90198285967044 1.2
      vertex -4.73078528040323 -8.804909677983872 1.2
      vertex -5.05 -5 1.2
    endloop
  endfacet
  facet normal 0 0 1
    outer loop
      vertex -4.73078528040323 -8.804909677983872 1.2
      vertex -4.706940335732209 -8.709715322745538 1.2
      vertex -5.05 -5 1.2
    endloop
  endfacet
  facet normal 0 0 1
    outer loop
      vertex -4.706940335732209 -8.709715322745538 1.2
      vertex -4.673879532511287 -8.61731656763491 1.2
      vertex -5.05 -5 1.2
    endloop
  endfacet
  facet normal 0 0 1
    outer loop
      vertex -4.673879532511287 -8.61731656763491 1.2
      vertex -4.631921264348355 -8.528603263174002 1.2
      vertex -5.05 -5 1.2
    endloop
  endfacet
  facet normal 0 0 1
    outer loop
      vertex -4.631921264348355 -8.528603263174002 1.2
      vertex -4.581469612302545 -8.444429766980399 1.2
      vertex -5.05 -5 1.2
    endloop
  endfacet
  facet normal 0 0 1
    outer loop
      vertex -4.581469612302545 -8.444429766980399 1.2
      vertex -4.523010453362737 -8.365606715836355 1.2
      vertex -5.05 -5 1.2
    endloop
  endfacet
  facet normal 0 0 1
    outer loop
      vertex -4.523010453362737 -8.365606715836355 1.2
      vertex -4.457106781186548 -8.292893218813452 1.2
      vertex -5.05 -5 1.2
    endloop
  endfacet
  facet normal 0 0 1
    outer loop
      vertex -4.457106781186548 -8.292893218813452 1.2
      vertex -4.384393284163646 -8.226989546637263 1.2
      vertex -5.05 -5 1.2
    endloop
  endfacet
  facet normal 0 0 1
    outer loop
      vertex -4.384393284163646 -8.226989546637263 1.2
      vertex -4.305570233019602 -8.168530387697455 1.2
      vertex -5.05 -5 1.2
    endloop
  endfacet
  facet normal 0 0 1
    outer loop
      vertex -4.305570233019602 -8.168530387697455 1.2
      vertex -4.221396736825998 -8.118078735651645 1.2
      vertex -5.05 -5 1.2
    endloop
  endfacet
  facet normal 0 0 1
    outer loop
      vertex -4.221396736825998 -8.118078735651645 1.2
      vertex -4.13268343236509 -8.076120467488714 1.2
      vertex -5.05 -5 1.2
    endloop
  endfacet
  facet normal 0 0 1
    outer loop
      vertex -4.13268343236509 -8.076120467488714 1.2
      vertex -4.040284677254462 -8.04305966426779 1.2
      vertex -5.05 -5 1.2
    endloop
  endfacet
  facet normal 0 0 1
    outer loop
      vertex -4.040284677254462 -8.04305966426779 1.2
      vertex -3.9125307086445993 -6 1.2
      vertex -5.05 -5 1.2
    endloop
  endfacet
  facet normal 0.3368898533922314 -0.9415440651830168 0
    outer loop
      vertex -4.13268343236509 -8.076120467488714 0
      vertex -4.040284677254462 -8.04305966426779 1.2
      vertex -4.13268343236509 -8.076120467488714 1.2
    endloop
  endfacet
  facet normal 0.24298017990325882 -0.9700312531945452 0
    outer loop
      vertex -4.040284677254462 -8.04305966426779 0
      vertex -3.9450903220161284 -8.01921471959677 1.2
      vertex -4.040284677254462 -8.04305966426779 1.2
    endloop
  endfacet
  facet normal 0.14673047445535528 -0.9891765099647819 0
    outer loop
      vertex -3.9450903220161284 -8.01921471959677 0
      vertex -3.8480171403295604 -8.004815273327804 1.2
      vertex -3.9450903220161284 -8.01921471959677 1.2
    endloop
  endfacet
  facet normal 0.04906767432742443 -0.9987954562051721 0
    outer loop
      vertex -3.8480171403295604 -8.004815273327804 0
      vertex -3.75 -8 1.2
      vertex -3.8480171403295604 -8.004815273327804 1.2
    endloop
  endfacet
  facet normal -0.04906767432742443 -0.9987954562051721 0
    outer loop
      vertex -3.75 -8 0
      vertex -3.6519828596704396 -8.004815273327804 1.2
      vertex -3.75 -8 1.2
    endloop
  endfacet
  facet normal -0.14673047445535528 -0.9891765099647819 0
    outer loop
      vertex -3.6519828596704396 -8.004815273327804 0
      vertex -3.5549096779838716 -8.01921471959677 1.2
      vertex -3.6519828596704396 -8.004815273327804 1.2
    endloop
  endfacet
  facet normal -0.24298017990325776 -0.9700312531945455 0
    outer loop
      vertex -3.5549096779838716 -8.01921471959677 0
      vertex -3.4597153227455375 -8.04305966426779 1.2
      vertex -3.5549096779838716 -8.01921471959677 1.2
    endloop
  endfacet
  facet normal -0.9700312531945434 -0.24298017990326626 0
    outer loop
      vertex -2.7930596642677914 -8.709715322745538 0
      vertex -2.7692147195967696 -8.804909677983872 1.2
      vertex -2.7930596642677914 -8.709715322745538 1.2
    endloop
  endfacet
  facet normal -0.9415440651830225 -0.33688985339221533 0
    outer loop
      vertex -2.826120467488713 -8.61731656763491 0
      vertex -2.7930596642677914 -8.709715322745538 1.2
      vertex -2.826120467488713 -8.61731656763491 1.2
    endloop
  endfacet
  facet normal -0.740951125354964 -0.671558954847013 0
    outer loop
      vertex -3.0428932188134525 -8.292893218813452 0
      vertex -2.976989546637263 -8.365606715836355 1.2
      vertex -3.0428932188134525 -8.292893218813452 1.2
    endloop
  endfacet
  facet normal -0.8032075314806449 -0.5956993044924334 0
    outer loop
      vertex -2.976989546637263 -8.365606715836355 0
      vertex -2.9185303876974547 -8.444429766980399 1.2
      vertex -2.976989546637263 -8.365606715836355 1.2
    endloop
  endfacet
  facet normal -0.903989293123443 -0.4275550934302829 0
    outer loop
      vertex -2.868078735651645 -8.528603263174002 0
      vertex -2.826120467488713 -8.61731656763491 1.2
      vertex -2.868078735651645 -8.528603263174002 1.2
    endloop
  endfacet
  facet normal -0.8577286100002698 -0.5141027441932255 0
    outer loop
      vertex -2.9185303876974547 -8.444429766980399 0
      vertex -2.868078735651645 -8.528603263174002 1.2
      vertex -2.9185303876974547 -8.444429766980399 1.2
    endloop
  endfacet
  facet normal -0.3368898533922329 -0.9415440651830163 0
    outer loop
      vertex -3.4597153227455375 -8.04305966426779 0
      vertex -3.3673165676349104 -8.076120467488714 1.2
      vertex -3.4597153227455375 -8.04305966426779 1.2
    endloop
  endfacet
  facet normal -0.4275550934302772 -0.9039892931234457 0
    outer loop
      vertex -3.3673165676349104 -8.076120467488714 0
      vertex -3.2786032631740025 -8.118078735651645 1.2
      vertex -3.3673165676349104 -8.076120467488714 1.2
    endloop
  endfacet
  facet normal -0.5956993044924304 -0.803207531480647 0
    outer loop
      vertex -3.194429766980398 -8.168530387697455 0
      vertex -3.1156067158363543 -8.226989546637263 1.2
      vertex -3.194429766980398 -8.168530387697455 1.2
    endloop
  endfacet
  facet normal -0.514102744193223 -0.8577286100002713 0
    outer loop
      vertex -3.2786032631740025 -8.118078735651645 0
      vertex -3.194429766980398 -8.168530387697455 1.2
      vertex -3.2786032631740025 -8.118078735651645 1.2
    endloop
  endfacet
  facet normal -0.6715589548470172 -0.7409511253549601 0
    outer loop
      vertex -3.1156067158363543 -8.226989546637263 0
      vertex -3.0428932188134525 -8.292893218813452 1.2
      vertex -3.1156067158363543 -8.226989546637263 1.2
    endloop
  endfacet
  facet normal 0 0 1
    outer loop
      vertex -4.040284677254462 -8.04305966426779 1.2
      vertex -3.9450903220161284 -8.01921471959677 1.2
      vertex -3.9125307086445993 -6 1.2
    endloop
  endfacet
  facet normal 0 0 1
    outer loop
      vertex -3.9450903220161284 -8.01921471959677 1.2
      vertex -3.8480171403295604 -8.004815273327804 1.2
      vertex -1.3533464032675568 -6 1.2
    endloop
  endfacet
  facet normal 0 0 1
    outer loop
      vertex -3.8480171403295604 -8.004815273327804 1.2
      vertex -3.75 -8 1.2
      vertex -1.3533464032675568 -6 1.2
    endloop
  endfacet
  facet normal 0 0 1
    outer loop
      vertex -3.75 -8 1.2
      vertex -3.6519828596704396 -8.004815273327804 1.2
      vertex -1.3533464032675568 -6 1.2
    endloop
  endfacet
  facet normal 0 0 1
    outer loop
      vertex -3.6519828596704396 -8.004815273327804 1.2
      vertex -3.5549096779838716 -8.01921471959677 1.2
      vertex -1.3533464032675568 -6 1.2
    endloop
  endfacet
  facet normal 0 0 1
    outer loop
      vertex -3.5549096779838716 -8.01921471959677 1.2
      vertex -3.4597153227455375 -8.04305966426779 1.2
      vertex -1.3533464032675568 -6 1.2
    endloop
  endfacet
  facet normal 0 0 1
    outer loop
      vertex -3.9450903220161284 -8.01921471959677 1.2
      vertex -1.3533464032675568 -6 1.2
      vertex -3.9125307086445993 -6 1.2
    endloop
  endfacet
  facet normal -0.9700312531945434 0.24298017990326626 0
    outer loop
      vertex -2.7692147195967696 -9.195090322016128 0
      vertex -2.7930596642677914 -9.290284677254462 1.2
      vertex -2.7692147195967696 -9.195090322016128 1.2
    endloop
  endfacet
  facet normal -0.9891765099647807 0.14673047445536413 0
    outer loop
      vertex -2.754815273327803 -9.09801714032956 0
      vertex -2.7692147195967696 -9.195090322016128 1.2
      vertex -2.754815273327803 -9.09801714032956 1.2
    endloop
  endfacet
  facet normal -0.9987954562051725 0.049067674327415635 0
    outer loop
      vertex -2.75 -9 0
      vertex -2.754815273327803 -9.09801714032956 1.2
      vertex -2.75 -9 1.2
    endloop
  endfacet
  facet normal 0 0 1
    outer loop
      vertex -2.826120467488713 -9.38268343236509 1.2
      vertex 2 -16.05 1.2
      vertex -2.7930596642677914 -9.290284677254462 1.2
    endloop
  endfacet
  facet normal 0 0 1
    outer loop
      vertex -2.7930596642677914 -9.290284677254462 1.2
      vertex 2 -16.05 1.2
      vertex -2.7692147195967696 -9.195090322016128 1.2
    endloop
  endfacet
  facet normal 0 0 1
    outer loop
      vertex -2.7692147195967696 -9.195090322016128 1.2
      vertex 2 -16.05 1.2
      vertex -2.754815273327803 -9.09801714032956 1.2
    endloop
  endfacet
  facet normal 0 0 1
    outer loop
      vertex -2.754815273327803 -9.09801714032956 1.2
      vertex 2 -16.05 1.2
      vertex -2.75 -9 1.2
    endloop
  endfacet
  facet normal 0 0 1
    outer loop
      vertex -2.75 -9 1.2
      vertex 2 -16.05 1.2
      vertex -2.754815273327803 -8.90198285967044 1.2
    endloop
  endfacet
  facet normal 0 0 1
    outer loop
      vertex -2.826120467488713 -8.61731656763491 1.2
      vertex 2 -16.05 1.2
      vertex -2.868078735651645 -8.528603263174002 1.2
    endloop
  endfacet
  facet normal 0 0 1
    outer loop
      vertex -2.868078735651645 -8.528603263174002 1.2
      vertex 2 -16.05 1.2
      vertex -2.9185303876974547 -8.444429766980399 1.2
    endloop
  endfacet
  facet normal 0 0 1
    outer loop
      vertex -2.754815273327803 -8.90198285967044 1.2
      vertex 2 -16.05 1.2
      vertex -2.7692147195967696 -8.804909677983872 1.2
    endloop
  endfacet
  facet normal 0 0 1
    outer loop
      vertex -2.7930596642677914 -8.709715322745538 1.2
      vertex -2.7692147195967696 -8.804909677983872 1.2
      vertex 2 -16.05 1.2
    endloop
  endfacet
  facet normal 0 0 1
    outer loop
      vertex -2.7930596642677914 -8.709715322745538 1.2
      vertex 2 -16.05 1.2
      vertex -2.826120467488713 -8.61731656763491 1.2
    endloop
  endfacet
  facet normal 0 0 1
    outer loop
      vertex -2.9185303876974547 -8.444429766980399 1.2
      vertex 2 -16.05 1.2
      vertex -1.3533464032675568 -6 1.2
    endloop
  endfacet
  facet normal -0.9987954562051725 -0.049067674327415635 0
    outer loop
      vertex -2.754815273327803 -8.90198285967044 0
      vertex -2.75 -9 1.2
      vertex -2.754815273327803 -8.90198285967044 1.2
    endloop
  endfacet
  facet normal -0.9891765099647807 -0.14673047445536413 0
    outer loop
      vertex -2.7692147195967696 -8.804909677983872 0
      vertex -2.754815273327803 -8.90198285967044 1.2
      vertex -2.7692147195967696 -8.804909677983872 1.2
    endloop
  endfacet
  facet normal 0 0 1
    outer loop
      vertex -3.4597153227455375 -8.04305966426779 1.2
      vertex -3.3673165676349104 -8.076120467488714 1.2
      vertex -1.3533464032675568 -6 1.2
    endloop
  endfacet
  facet normal 0 0 1
    outer loop
      vertex -3.194429766980398 -8.168530387697455 1.2
      vertex -1.3533464032675568 -6 1.2
      vertex -3.2786032631740025 -8.118078735651645 1.2
    endloop
  endfacet
  facet normal 0 0 1
    outer loop
      vertex -3.3673165676349104 -8.076120467488714 1.2
      vertex -3.2786032631740025 -8.118078735651645 1.2
      vertex -1.3533464032675568 -6 1.2
    endloop
  endfacet
  facet normal 0 0 1
    outer loop
      vertex -3.1156067158363543 -8.226989546637263 1.2
      vertex -3.0428932188134525 -8.292893218813452 1.2
      vertex -1.3533464032675568 -6 1.2
    endloop
  endfacet
  facet normal 0 0 1
    outer loop
      vertex -2.976989546637263 -8.365606715836355 1.2
      vertex -1.3533464032675568 -6 1.2
      vertex -3.0428932188134525 -8.292893218813452 1.2
    endloop
  endfacet
  facet normal 0 0 1
    outer loop
      vertex -3.194429766980398 -8.168530387697455 1.2
      vertex -3.1156067158363543 -8.226989546637263 1.2
      vertex -1.3533464032675568 -6 1.2
    endloop
  endfacet
  facet normal 0 0 1
    outer loop
      vertex -2.976989546637263 -8.365606715836355 1.2
      vertex -2.9185303876974547 -8.444429766980399 1.2
      vertex -1.3533464032675568 -6 1.2
    endloop
  endfacet
  facet normal -1 1.1102230246251567e-15 0
    outer loop
      vertex -5.05 -5 0
      vertex -5.05 -5 1.2
      vertex -5.049999999999999 -4.2 0
    endloop
  endfacet
  facet normal 0 0 -1
    outer loop
      vertex -3.8480171403295604 -8.004815273327804 0
      vertex -5.05 -5 0
      vertex 1.5886297040267419 -4.85930862780443 0
    endloop
  endfacet
  facet normal 0 0 -1
    outer loop
      vertex -3.8480171403295604 -8.004815273327804 0
      vertex 1.5886297040267419 -4.85930862780443 0
      vertex 1.3036039517605165 -6 0
    endloop
  endfacet
  facet normal 0 0 -1
    outer loop
      vertex -5.05 -5 0
      vertex 1.683333333333334 -4.8 0
      vertex 1.5886297040267419 -4.85930862780443 0
    endloop
  endfacet
  facet normal -1 1.1102230246251567e-15 0
    outer loop
      vertex -5.05 -5 1.2
      vertex -5.05 -5 2.5
      vertex -5.049999999999999 -4.2 0
    endloop
  endfacet
  facet normal 1 0 0
    outer loop
      vertex -3.8499999999999996 -5 1.2
      vertex -3.8499999999999996 -4.8 1.2
      vertex -3.8499999999999996 -4.8 2
    endloop
  endfacet
  facet normal -1 0 -3.552713678800501e-16
    outer loop
      vertex -5.05 -5 2.5
      vertex -5.05 -4.2 2.5
      vertex -5.049999999999999 -4.2 0
    endloop
  endfacet
  facet normal 0 -1 0
    outer loop
      vertex -5.05 -5 1.2
      vertex -3.8499999999999996 -5 1.2
      vertex -5.05 -5 2.5
    endloop
  endfacet
  facet normal 0 -1 0
    outer loop
      vertex -3.8499999999999996 -5 1.2
      vertex -3.8499999999999996 -5 2.5
      vertex -5.05 -5 2.5
    endloop
  endfacet
  facet normal 1 0 0
    outer loop
      vertex -3.8499999999999996 -5 1.2
      vertex -3.8499999999999996 -4.8 2
      vertex -3.8499999999999996 -5 2.5
    endloop
  endfacet
  facet normal 1 0 0
    outer loop
      vertex -3.8499999999999996 -4.8 2
      vertex -3.8499999999999996 -4.2 2
      vertex -3.8499999999999996 -4.2 2.5
    endloop
  endfacet
  facet normal 0 -1 0
    outer loop
      vertex -3.8499999999999996 -4.8 1.2
      vertex -1.6833333333333353 -4.8 1.2
      vertex 3.8499999999999996 -4.8 2
    endloop
  endfacet
  facet normal 0 -1 0
    outer loop
      vertex -3.8499999999999996 -4.8 1.2
      vertex 3.8499999999999996 -4.8 2
      vertex -3.8499999999999996 -4.8 2
    endloop
  endfacet
  facet normal 0 0 1
    outer loop
      vertex -3.8499999999999996 -4.8 2
      vertex 3.8499999999999996 -4.8 2
      vertex -3.8499999999999996 -4.2 2
    endloop
  endfacet
  facet normal 0 0 1
    outer loop
      vertex -5.05 -5 2.5
      vertex -3.8499999999999996 -5 2.5
      vertex -5.05 -4.2 2.5
    endloop
  endfacet
  facet normal 0 0 1
    outer loop
      vertex -3.8499999999999996 -5 2.5
      vertex -3.8499999999999996 -4.2 2.5
      vertex -5.05 -4.2 2.5
    endloop
  endfacet
  facet normal 1 0 0
    outer loop
      vertex -3.8499999999999996 -4.8 2
      vertex -3.8499999999999996 -4.2 2.5
      vertex -3.8499999999999996 -5 2.5
    endloop
  endfacet
  facet normal -1 0 0
    outer loop
      vertex 2 -18.95 0
      vertex 2 -18.95 1.2
      vertex 2 -16.05 0
    endloop
  endfacet
  facet normal 0 0 -1
    outer loop
      vertex 2 -18.95 0
      vertex 2 -16.05 0
      vertex 5.05 -18.95 0
    endloop
  endfacet
  facet normal 0 -1 0
    outer loop
      vertex 2 -18.95 0
      vertex 5.05 -18.95 0
      vertex 5.05 -18.95 1.2
    endloop
  endfacet
  facet normal -1 0 0
    outer loop
      vertex 2 -18.95 1.2
      vertex 2 -16.05 1.2
      vertex 2 -16.05 0
    endloop
  endfacet
  facet normal 0 -1 0
    outer loop
      vertex 2 -18.95 0
      vertex 5.05 -18.95 1.2
      vertex 2 -18.95 1.2
    endloop
  endfacet
  facet normal 0 0 1
    outer loop
      vertex 2 -18.95 1.2
      vertex 5.05 -18.95 1.2
      vertex 2 -16.05 1.2
    endloop
  endfacet
  facet normal 0 -1 0
    outer loop
      vertex -2 -16.05 0
      vertex 2 -16.05 0
      vertex 2 -16.05 1.2
    endloop
  endfacet
  facet normal 0 0 -1
    outer loop
      vertex -2 -16.05 0
      vertex 3.3673165676349104 -9.923879532511286 0
      vertex 2 -16.05 0
    endloop
  endfacet
  facet normal 0 0 -1
    outer loop
      vertex -2 -16.05 0
      vertex 2.976989546637263 -9.634393284163645 0
      vertex 3.0428932188134525 -9.707106781186548 0
    endloop
  endfacet
  facet normal 0 0 -1
    outer loop
      vertex -2 -16.05 0
      vertex 3.0428932188134525 -9.707106781186548 0
      vertex 3.1156067158363543 -9.773010453362737 0
    endloop
  endfacet
  facet normal 0 0 -1
    outer loop
      vertex -2 -16.05 0
      vertex 2.9185303876974547 -9.555570233019601 0
      vertex 2.976989546637263 -9.634393284163645 0
    endloop
  endfacet
  facet normal 0 0 -1
    outer loop
      vertex -2 -16.05 0
      vertex 2.868078735651645 -9.471396736825998 0
      vertex 2.9185303876974547 -9.555570233019601 0
    endloop
  endfacet
  facet normal 0 0 -1
    outer loop
      vertex -2 -16.05 0
      vertex 2.826120467488713 -9.38268343236509 0
      vertex 2.868078735651645 -9.471396736825998 0
    endloop
  endfacet
  facet normal 0 0 -1
    outer loop
      vertex -2 -16.05 0
      vertex 3.2786032631740025 -9.881921264348355 0
      vertex 3.3673165676349104 -9.923879532511286 0
    endloop
  endfacet
  facet normal 0 0 -1
    outer loop
      vertex -2 -16.05 0
      vertex 3.1156067158363543 -9.773010453362737 0
      vertex 3.194429766980398 -9.831469612302545 0
    endloop
  endfacet
  facet normal 0 0 -1
    outer loop
      vertex -2 -16.05 0
      vertex 3.194429766980398 -9.831469612302545 0
      vertex 3.2786032631740025 -9.881921264348355 0
    endloop
  endfacet
  facet normal 0 0 -1
    outer loop
      vertex 5.05 -18.95 0
      vertex 2 -16.05 0
      vertex 4.673879532511287 -9.38268343236509 0
    endloop
  endfacet
  facet normal 1 0 0
    outer loop
      vertex 5.05 -18.95 0
      vertex 5.05 -5 0
      vertex 5.05 -18.95 1.2
    endloop
  endfacet
  facet normal 0 0 -1
    outer loop
      vertex 2 -16.05 0
      vertex 3.3673165676349104 -9.923879532511286 0
      vertex 3.4597153227455375 -9.95694033573221 0
    endloop
  endfacet
  facet normal 0 0 -1
    outer loop
      vertex 2 -16.05 0
      vertex 3.4597153227455375 -9.95694033573221 0
      vertex 3.5549096779838716 -9.98078528040323 0
    endloop
  endfacet
  facet normal 0 0 -1
    outer loop
      vertex 2 -16.05 0
      vertex 3.5549096779838716 -9.98078528040323 0
      vertex 3.6519828596704396 -9.995184726672196 0
    endloop
  endfacet
  facet normal 0 0 -1
    outer loop
      vertex 2 -16.05 0
      vertex 3.6519828596704396 -9.995184726672196 0
      vertex 3.75 -10 0
    endloop
  endfacet
  facet normal 0 0 -1
    outer loop
      vertex 2 -16.05 0
      vertex 3.75 -10 0
      vertex 3.8480171403295604 -9.995184726672196 0
    endloop
  endfacet
  facet normal 0 0 -1
    outer loop
      vertex 2 -16.05 0
      vertex 3.8480171403295604 -9.995184726672196 0
      vertex 3.9450903220161284 -9.98078528040323 0
    endloop
  endfacet
  facet normal 0 0 -1
    outer loop
      vertex 2 -16.05 0
      vertex 3.9450903220161284 -9.98078528040323 0
      vertex 4.040284677254462 -9.95694033573221 0
    endloop
  endfacet
  facet normal 0 0 -1
    outer loop
      vertex 2 -16.05 0
      vertex 4.040284677254462 -9.95694033573221 0
      vertex 4.13268343236509 -9.923879532511286 0
    endloop
  endfacet
  facet normal 0 0 -1
    outer loop
      vertex 2 -16.05 0
      vertex 4.13268343236509 -9.923879532511286 0
      vertex 4.221396736825998 -9.881921264348355 0
    endloop
  endfacet
  facet normal 0 0 -1
    outer loop
      vertex 2 -16.05 0
      vertex 4.221396736825998 -9.881921264348355 0
      vertex 4.305570233019602 -9.831469612302545 0
    endloop
  endfacet
  facet normal 0 0 -1
    outer loop
      vertex 2 -16.05 0
      vertex 4.305570233019602 -9.831469612302545 0
      vertex 4.384393284163646 -9.773010453362737 0
    endloop
  endfacet
  facet normal 0 0 -1
    outer loop
      vertex 2 -16.05 0
      vertex 4.384393284163646 -9.773010453362737 0
      vertex 4.457106781186548 -9.707106781186548 0
    endloop
  endfacet
  facet normal 0 0 -1
    outer loop
      vertex 2 -16.05 0
      vertex 4.457106781186548 -9.707106781186548 0
      vertex 4.523010453362737 -9.634393284163645 0
    endloop
  endfacet
  facet normal 0 0 -1
    outer loop
      vertex 2 -16.05 0
      vertex 4.523010453362737 -9.634393284163645 0
      vertex 4.581469612302545 -9.555570233019601 0
    endloop
  endfacet
  facet normal 0 0 -1
    outer loop
      vertex 2 -16.05 0
      vertex 4.581469612302545 -9.555570233019601 0
      vertex 4.631921264348355 -9.471396736825998 0
    endloop
  endfacet
  facet normal 0 0 -1
    outer loop
      vertex 2 -16.05 0
      vertex 4.631921264348355 -9.471396736825998 0
      vertex 4.673879532511287 -9.38268343236509 0
    endloop
  endfacet
  facet normal 0 0 -1
    outer loop
      vertex 5.05 -18.95 0
      vertex 4.673879532511287 -9.38268343236509 0
      vertex 4.706940335732209 -9.290284677254462 0
    endloop
  endfacet
  facet normal 0 0 -1
    outer loop
      vertex 5.05 -18.95 0
      vertex 4.706940335732209 -9.290284677254462 0
      vertex 4.73078528040323 -9.195090322016128 0
    endloop
  endfacet
  facet normal 0 0 -1
    outer loop
      vertex 5.05 -18.95 0
      vertex 4.73078528040323 -9.195090322016128 0
      vertex 4.745184726672197 -9.09801714032956 0
    endloop
  endfacet
  facet normal 0 0 1
    outer loop
      vertex -1.3533464032675568 -6 1.2
      vertex 2 -16.05 1.2
      vertex 5.05 -18.95 1.2
    endloop
  endfacet
  facet normal 0 0 1
    outer loop
      vertex 5.05 -18.95 1.2
      vertex 3.4597153227455375 -9.95694033573221 1.2
      vertex 3.3673165676349104 -9.923879532511286 1.2
    endloop
  endfacet
  facet normal 0 0 1
    outer loop
      vertex 5.05 -18.95 1.2
      vertex 3.5549096779838716 -9.98078528040323 1.2
      vertex 3.4597153227455375 -9.95694033573221 1.2
    endloop
  endfacet
  facet normal 0 0 1
    outer loop
      vertex 5.05 -18.95 1.2
      vertex 3.6519828596704396 -9.995184726672196 1.2
      vertex 3.5549096779838716 -9.98078528040323 1.2
    endloop
  endfacet
  facet normal 0 0 1
    outer loop
      vertex 5.05 -18.95 1.2
      vertex 3.75 -10 1.2
      vertex 3.6519828596704396 -9.995184726672196 1.2
    endloop
  endfacet
  facet normal 0 0 1
    outer loop
      vertex 5.05 -18.95 1.2
      vertex 2.976989546637263 -9.634393284163645 1.2
      vertex 2.9185303876974547 -9.555570233019601 1.2
    endloop
  endfacet
  facet normal 0 0 1
    outer loop
      vertex 5.05 -18.95 1.2
      vertex 2.868078735651645 -9.471396736825998 1.2
      vertex 2.826120467488713 -9.38268343236509 1.2
    endloop
  endfacet
  facet normal 0 0 1
    outer loop
      vertex 5.05 -18.95 1.2
      vertex 2.9185303876974547 -9.555570233019601 1.2
      vertex 2.868078735651645 -9.471396736825998 1.2
    endloop
  endfacet
  facet normal 0 0 1
    outer loop
      vertex 5.05 -18.95 1.2
      vertex 3.0428932188134525 -9.707106781186548 1.2
      vertex 2.976989546637263 -9.634393284163645 1.2
    endloop
  endfacet
  facet normal 0 0 1
    outer loop
      vertex 5.05 -18.95 1.2
      vertex 3.1156067158363543 -9.773010453362737 1.2
      vertex 3.0428932188134525 -9.707106781186548 1.2
    endloop
  endfacet
  facet normal 0 0 1
    outer loop
      vertex 5.05 -18.95 1.2
      vertex 3.194429766980398 -9.831469612302545 1.2
      vertex 3.1156067158363543 -9.773010453362737 1.2
    endloop
  endfacet
  facet normal 0 0 1
    outer loop
      vertex 5.05 -18.95 1.2
      vertex 2.826120467488713 -9.38268343236509 1.2
      vertex 2.7930596642677914 -9.290284677254462 1.2
    endloop
  endfacet
  facet normal 0 0 1
    outer loop
      vertex 5.05 -18.95 1.2
      vertex 2.7930596642677914 -9.290284677254462 1.2
      vertex 2.7692147195967696 -9.195090322016128 1.2
    endloop
  endfacet
  facet normal 0 0 1
    outer loop
      vertex 5.05 -18.95 1.2
      vertex 3.2786032631740025 -9.881921264348355 1.2
      vertex 3.194429766980398 -9.831469612302545 1.2
    endloop
  endfacet
  facet normal 0 0 1
    outer loop
      vertex 5.05 -18.95 1.2
      vertex 3.3673165676349104 -9.923879532511286 1.2
      vertex 3.2786032631740025 -9.881921264348355 1.2
    endloop
  endfacet
  facet normal 0 0 1
    outer loop
      vertex 5.05 -18.95 1.2
      vertex 3.8480171403295604 -9.995184726672196 1.2
      vertex 3.75 -10 1.2
    endloop
  endfacet
  facet normal 0 0 1
    outer loop
      vertex 5.05 -18.95 1.2
      vertex 3.9450903220161284 -9.98078528040323 1.2
      vertex 3.8480171403295604 -9.995184726672196 1.2
    endloop
  endfacet
  facet normal 0 0 1
    outer loop
      vertex 5.05 -18.95 1.2
      vertex 4.040284677254462 -9.95694033573221 1.2
      vertex 3.9450903220161284 -9.98078528040323 1.2
    endloop
  endfacet
  facet normal 0 0 1
    outer loop
      vertex 5.05 -18.95 1.2
      vertex 4.13268343236509 -9.923879532511286 1.2
      vertex 4.040284677254462 -9.95694033573221 1.2
    endloop
  endfacet
  facet normal 0 0 1
    outer loop
      vertex 5.05 -18.95 1.2
      vertex 4.221396736825998 -9.881921264348355 1.2
      vertex 4.13268343236509 -9.923879532511286 1.2
    endloop
  endfacet
  facet normal 0 0 1
    outer loop
      vertex 5.05 -18.95 1.2
      vertex 4.305570233019602 -9.831469612302545 1.2
      vertex 4.221396736825998 -9.881921264348355 1.2
    endloop
  endfacet
  facet normal 0 0 1
    outer loop
      vertex 5.05 -18.95 1.2
      vertex 4.384393284163646 -9.773010453362737 1.2
      vertex 4.305570233019602 -9.831469612302545 1.2
    endloop
  endfacet
  facet normal 0 0 1
    outer loop
      vertex 5.05 -18.95 1.2
      vertex 4.457106781186548 -9.707106781186548 1.2
      vertex 4.384393284163646 -9.773010453362737 1.2
    endloop
  endfacet
  facet normal 0 0 1
    outer loop
      vertex 5.05 -18.95 1.2
      vertex 4.523010453362737 -9.634393284163645 1.2
      vertex 4.457106781186548 -9.707106781186548 1.2
    endloop
  endfacet
  facet normal 0 0 1
    outer loop
      vertex 5.05 -18.95 1.2
      vertex 4.581469612302545 -9.555570233019601 1.2
      vertex 4.523010453362737 -9.634393284163645 1.2
    endloop
  endfacet
  facet normal 0 0 1
    outer loop
      vertex 5.05 -18.95 1.2
      vertex 4.631921264348355 -9.471396736825998 1.2
      vertex 4.581469612302545 -9.555570233019601 1.2
    endloop
  endfacet
  facet normal 0 0 1
    outer loop
      vertex 5.05 -18.95 1.2
      vertex 4.673879532511287 -9.38268343236509 1.2
      vertex 4.631921264348355 -9.471396736825998 1.2
    endloop
  endfacet
  facet normal 0 0 1
    outer loop
      vertex 5.05 -18.95 1.2
      vertex 4.706940335732209 -9.290284677254462 1.2
      vertex 4.673879532511287 -9.38268343236509 1.2
    endloop
  endfacet
  facet normal 0 0 1
    outer loop
      vertex 5.05 -18.95 1.2
      vertex 4.73078528040323 -9.195090322016128 1.2
      vertex 4.706940335732209 -9.290284677254462 1.2
    endloop
  endfacet
  facet normal 0 0 1
    outer loop
      vertex 5.05 -18.95 1.2
      vertex 4.745184726672197 -9.09801714032956 1.2
      vertex 4.73078528040323 -9.195090322016128 1.2
    endloop
  endfacet
  facet normal 0 0 -1
    outer loop
      vertex -2 -16.05 0
      vertex 2.7930596642677914 -9.290284677254462 0
      vertex 2.826120467488713 -9.38268343236509 0
    endloop
  endfacet
  facet normal 0 0 -1
    outer loop
      vertex -2 -16.05 0
      vertex 2.7692147195967696 -9.195090322016128 0
      vertex 2.7930596642677914 -9.290284677254462 0
    endloop
  endfacet
  facet normal 0 0 -1
    outer loop
      vertex -2 -16.05 0
      vertex 2.754815273327803 -9.09801714032956 0
      vertex 2.7692147195967696 -9.195090322016128 0
    endloop
  endfacet
  facet normal 0 0 -1
    outer loop
      vertex -2 -16.05 0
      vertex 2.75 -9 0
      vertex 2.754815273327803 -9.09801714032956 0
    endloop
  endfacet
  facet normal 0 0 -1
    outer loop
      vertex -2 -16.05 0
      vertex 2.754815273327803 -8.90198285967044 0
      vertex 2.75 -9 0
    endloop
  endfacet
  facet normal 0 0 -1
    outer loop
      vertex -2 -16.05 0
      vertex 2.7692147195967696 -8.804909677983872 0
      vertex 2.754815273327803 -8.90198285967044 0
    endloop
  endfacet
  facet normal 0 0 -1
    outer loop
      vertex -2 -16.05 0
      vertex 2.7930596642677914 -8.709715322745538 0
      vertex 2.7692147195967696 -8.804909677983872 0
    endloop
  endfacet
  facet normal 0 0 -1
    outer loop
      vertex -2 -16.05 0
      vertex 2.826120467488713 -8.61731656763491 0
      vertex 2.7930596642677914 -8.709715322745538 0
    endloop
  endfacet
  facet normal 0 0 -1
    outer loop
      vertex -2 -16.05 0
      vertex 1.3036039517605165 -6 0
      vertex 2.826120467488713 -8.61731656763491 0
    endloop
  endfacet
  facet normal 0.9700312531945434 0.24298017990326626 0
    outer loop
      vertex 2.7692147195967696 -9.195090322016128 0
      vertex 2.7692147195967696 -9.195090322016128 1.2
      vertex 2.7930596642677914 -9.290284677254462 0
    endloop
  endfacet
  facet normal 0.9891765099647807 0.14673047445536413 0
    outer loop
      vertex 2.7692147195967696 -9.195090322016128 0
      vertex 2.754815273327803 -9.09801714032956 0
      vertex 2.754815273327803 -9.09801714032956 1.2
    endloop
  endfacet
  facet normal 0.9987954562051725 0.049067674327415635 0
    outer loop
      vertex 2.754815273327803 -9.09801714032956 0
      vertex 2.75 -9 0
      vertex 2.75 -9 1.2
    endloop
  endfacet
  facet normal 0 0 -1
    outer loop
      vertex 2.826120467488713 -8.61731656763491 0
      vertex 1.3036039517605165 -6 0
      vertex 2.868078735651645 -8.528603263174002 0
    endloop
  endfacet
  facet normal 0 0 -1
    outer loop
      vertex 2.868078735651645 -8.528603263174002 0
      vertex 1.3036039517605165 -6 0
      vertex 2.9185303876974547 -8.444429766980399 0
    endloop
  endfacet
  facet normal 0 0 -1
    outer loop
      vertex 2.9185303876974547 -8.444429766980399 0
      vertex 1.3036039517605165 -6 0
      vertex 2.976989546637263 -8.365606715836355 0
    endloop
  endfacet
  facet normal 0 0 -1
    outer loop
      vertex 2.976989546637263 -8.365606715836355 0
      vertex 1.3036039517605165 -6 0
      vertex 3.0428932188134525 -8.292893218813452 0
    endloop
  endfacet
  facet normal 0 0 -1
    outer loop
      vertex 3.0428932188134525 -8.292893218813452 0
      vertex 1.3036039517605165 -6 0
      vertex 3.1156067158363543 -8.226989546637263 0
    endloop
  endfacet
  facet normal 0 0 -1
    outer loop
      vertex 3.1156067158363543 -8.226989546637263 0
      vertex 1.3036039517605165 -6 0
      vertex 3.194429766980398 -8.168530387697455 0
    endloop
  endfacet
  facet normal 0 0 -1
    outer loop
      vertex 3.194429766980398 -8.168530387697455 0
      vertex 1.3036039517605165 -6 0
      vertex 3.2786032631740025 -8.118078735651645 0
    endloop
  endfacet
  facet normal 0 0 -1
    outer loop
      vertex 3.2786032631740025 -8.118078735651645 0
      vertex 1.3036039517605165 -6 0
      vertex 3.3673165676349104 -8.076120467488714 0
    endloop
  endfacet
  facet normal 0 0 -1
    outer loop
      vertex 3.3673165676349104 -8.076120467488714 0
      vertex 1.3036039517605165 -6 0
      vertex 3.4597153227455375 -8.04305966426779 0
    endloop
  endfacet
  facet normal 0 0 -1
    outer loop
      vertex 3.4597153227455375 -8.04305966426779 0
      vertex 1.3036039517605165 -6 0
      vertex 3.5549096779838716 -8.01921471959677 0
    endloop
  endfacet
  facet normal 0.9987954562051725 -0.049067674327415635 0
    outer loop
      vertex 2.75 -9 0
      vertex 2.754815273327803 -8.90198285967044 0
      vertex 2.754815273327803 -8.90198285967044 1.2
    endloop
  endfacet
  facet normal 0.9891765099647807 -0.14673047445536413 0
    outer loop
      vertex 2.754815273327803 -8.90198285967044 0
      vertex 2.7692147195967696 -8.804909677983872 0
      vertex 2.7692147195967696 -8.804909677983872 1.2
    endloop
  endfacet
  facet normal 0 0 -1
    outer loop
      vertex 5.05 -18.95 0
      vertex 4.745184726672197 -9.09801714032956 0
      vertex 5.05 -5 0
    endloop
  endfacet
  facet normal 0.740951125354964 0.671558954847013 0
    outer loop
      vertex 2.976989546637263 -9.634393284163645 0
      vertex 2.976989546637263 -9.634393284163645 1.2
      vertex 3.0428932188134525 -9.707106781186548 0
    endloop
  endfacet
  facet normal 0.6715589548470172 0.7409511253549601 0
    outer loop
      vertex 3.1156067158363543 -9.773010453362737 0
      vertex 3.0428932188134525 -9.707106781186548 0
      vertex 3.0428932188134525 -9.707106781186548 1.2
    endloop
  endfacet
  facet normal 0.514102744193223 0.8577286100002713 0
    outer loop
      vertex 3.194429766980398 -9.831469612302545 0
      vertex 3.194429766980398 -9.831469612302545 1.2
      vertex 3.2786032631740025 -9.881921264348355 0
    endloop
  endfacet
  facet normal 0.5956993044924304 0.803207531480647 0
    outer loop
      vertex 3.1156067158363543 -9.773010453362737 0
      vertex 3.1156067158363543 -9.773010453362737 1.2
      vertex 3.194429766980398 -9.831469612302545 0
    endloop
  endfacet
  facet normal 0.4275550934302772 0.9039892931234457 0
    outer loop
      vertex 3.2786032631740025 -9.881921264348355 0
      vertex 3.2786032631740025 -9.881921264348355 1.2
      vertex 3.3673165676349104 -9.923879532511286 0
    endloop
  endfacet
  facet normal 0.3368898533922329 0.9415440651830163 0
    outer loop
      vertex 3.4597153227455375 -9.95694033573221 0
      vertex 3.3673165676349104 -9.923879532511286 0
      vertex 3.3673165676349104 -9.923879532511286 1.2
    endloop
  endfacet
  facet normal 0.8032075314806449 0.5956993044924334 0
    outer loop
      vertex 2.976989546637263 -9.634393284163645 0
      vertex 2.9185303876974547 -9.555570233019601 0
      vertex 2.9185303876974547 -9.555570233019601 1.2
    endloop
  endfacet
  facet normal 0.8577286100002698 0.5141027441932255 0
    outer loop
      vertex 2.868078735651645 -9.471396736825998 0
      vertex 2.868078735651645 -9.471396736825998 1.2
      vertex 2.9185303876974547 -9.555570233019601 0
    endloop
  endfacet
  facet normal 0.903989293123443 0.4275550934302829 0
    outer loop
      vertex 2.868078735651645 -9.471396736825998 0
      vertex 2.826120467488713 -9.38268343236509 0
      vertex 2.826120467488713 -9.38268343236509 1.2
    endloop
  endfacet
  facet normal 0.9415440651830225 0.33688985339221533 0
    outer loop
      vertex 2.826120467488713 -9.38268343236509 0
      vertex 2.7930596642677914 -9.290284677254462 0
      vertex 2.7930596642677914 -9.290284677254462 1.2
    endloop
  endfacet
  facet normal 0.24298017990325776 0.9700312531945455 0
    outer loop
      vertex 3.4597153227455375 -9.95694033573221 0
      vertex 3.4597153227455375 -9.95694033573221 1.2
      vertex 3.5549096779838716 -9.98078528040323 0
    endloop
  endfacet
  facet normal 0.14673047445535528 0.9891765099647819 0
    outer loop
      vertex 3.5549096779838716 -9.98078528040323 0
      vertex 3.5549096779838716 -9.98078528040323 1.2
      vertex 3.6519828596704396 -9.995184726672196 0
    endloop
  endfacet
  facet normal 0.04906767432742443 0.9987954562051721 0
    outer loop
      vertex 3.6519828596704396 -9.995184726672196 0
      vertex 3.6519828596704396 -9.995184726672196 1.2
      vertex 3.75 -10 0
    endloop
  endfacet
  facet normal -0.04906767432742443 0.9987954562051721 0
    outer loop
      vertex 3.75 -10 0
      vertex 3.75 -10 1.2
      vertex 3.8480171403295604 -9.995184726672196 0
    endloop
  endfacet
  facet normal -0.14673047445535528 0.9891765099647819 0
    outer loop
      vertex 3.8480171403295604 -9.995184726672196 0
      vertex 3.8480171403295604 -9.995184726672196 1.2
      vertex 3.9450903220161284 -9.98078528040323 0
    endloop
  endfacet
  facet normal -0.24298017990325882 0.9700312531945452 0
    outer loop
      vertex 3.9450903220161284 -9.98078528040323 0
      vertex 3.9450903220161284 -9.98078528040323 1.2
      vertex 4.040284677254462 -9.95694033573221 0
    endloop
  endfacet
  facet normal -0.3368898533922314 0.9415440651830168 0
    outer loop
      vertex 4.040284677254462 -9.95694033573221 0
      vertex 4.040284677254462 -9.95694033573221 1.2
      vertex 4.13268343236509 -9.923879532511286 0
    endloop
  endfacet
  facet normal -0.4275550934302755 0.9039892931234464 0
    outer loop
      vertex 4.13268343236509 -9.923879532511286 0
      vertex 4.13268343236509 -9.923879532511286 1.2
      vertex 4.221396736825998 -9.881921264348355 0
    endloop
  endfacet
  facet normal -0.514102744193225 0.8577286100002701 0
    outer loop
      vertex 4.221396736825998 -9.881921264348355 0
      vertex 4.221396736825998 -9.881921264348355 1.2
      vertex 4.305570233019602 -9.831469612302545 0
    endloop
  endfacet
  facet normal -0.5956993044924304 0.803207531480647 0
    outer loop
      vertex 4.305570233019602 -9.831469612302545 0
      vertex 4.305570233019602 -9.831469612302545 1.2
      vertex 4.384393284163646 -9.773010453362737 0
    endloop
  endfacet
  facet normal -0.671558954847015 0.7409511253549622 0
    outer loop
      vertex 4.384393284163646 -9.773010453362737 0
      vertex 4.384393284163646 -9.773010453362737 1.2
      vertex 4.457106781186548 -9.707106781186548 0
    endloop
  endfacet
  facet normal -0.7409511253549663 0.6715589548470106 0
    outer loop
      vertex 4.457106781186548 -9.707106781186548 0
      vertex 4.457106781186548 -9.707106781186548 1.2
      vertex 4.523010453362737 -9.634393284163645 0
    endloop
  endfacet
  facet normal -0.803207531480647 0.5956993044924304 0
    outer loop
      vertex 4.523010453362737 -9.634393284163645 0
      vertex 4.523010453362737 -9.634393284163645 1.2
      vertex 4.581469612302545 -9.555570233019601 0
    endloop
  endfacet
  facet normal -0.8577286100002677 0.5141027441932289 0
    outer loop
      vertex 4.581469612302545 -9.555570233019601 0
      vertex 4.581469612302545 -9.555570233019601 1.2
      vertex 4.631921264348355 -9.471396736825998 0
    endloop
  endfacet
  facet normal -0.903989293123443 0.4275550934302829 0
    outer loop
      vertex 4.631921264348355 -9.471396736825998 0
      vertex 4.631921264348355 -9.471396736825998 1.2
      vertex 4.673879532511287 -9.38268343236509 0
    endloop
  endfacet
  facet normal -0.9415440651830225 0.33688985339221533 0
    outer loop
      vertex 4.673879532511287 -9.38268343236509 0
      vertex 4.673879532511287 -9.38268343236509 1.2
      vertex 4.706940335732209 -9.290284677254462 0
    endloop
  endfacet
  facet normal -0.9700312531945434 0.24298017990326626 0
    outer loop
      vertex 4.706940335732209 -9.290284677254462 0
      vertex 4.706940335732209 -9.290284677254462 1.2
      vertex 4.73078528040323 -9.195090322016128 0
    endloop
  endfacet
  facet normal -0.9891765099647807 0.14673047445536413 0
    outer loop
      vertex 4.73078528040323 -9.195090322016128 0
      vertex 4.73078528040323 -9.195090322016128 1.2
      vertex 4.745184726672197 -9.09801714032956 0
    endloop
  endfacet
  facet normal -0.9987954562051725 0.049067674327415635 0
    outer loop
      vertex 4.745184726672197 -9.09801714032956 0
      vertex 4.745184726672197 -9.09801714032956 1.2
      vertex 4.75 -9 0
    endloop
  endfacet
  facet normal 0 0 -1
    outer loop
      vertex 3.5549096779838716 -8.01921471959677 0
      vertex 1.3036039517605165 -6 0
      vertex 3.6519828596704396 -8.004815273327804 0
    endloop
  endfacet
  facet normal 0 0 -1
    outer loop
      vertex 3.6519828596704396 -8.004815273327804 0
      vertex 1.3036039517605165 -6 0
      vertex 3.75 -8 0
    endloop
  endfacet
  facet normal 0 0 -1
    outer loop
      vertex 3.75 -8 0
      vertex 1.3036039517605165 -6 0
      vertex 3.8480171403295604 -8.004815273327804 0
    endloop
  endfacet
  facet normal 0 0 -1
    outer loop
      vertex 3.8480171403295604 -8.004815273327804 0
      vertex 1.3036039517605165 -6 0
      vertex 3.9450903220161284 -8.01921471959677 0
    endloop
  endfacet
  facet normal 0 0 -1
    outer loop
      vertex 3.9450903220161284 -8.01921471959677 0
      vertex 1.3036039517605165 -6 0
      vertex 4.040284677254462 -8.04305966426779 0
    endloop
  endfacet
  facet normal 0 0 -1
    outer loop
      vertex 4.040284677254462 -8.04305966426779 0
      vertex 1.3036039517605165 -6 0
      vertex 4.382078069196662 -6 0
    endloop
  endfacet
  facet normal 0 0 -1
    outer loop
      vertex 4.745184726672197 -9.09801714032956 0
      vertex 4.75 -9 0
      vertex 5.05 -5 0
    endloop
  endfacet
  facet normal 0 0 -1
    outer loop
      vertex 4.040284677254462 -8.04305966426779 0
      vertex 4.382078069196662 -6 0
      vertex 4.13268343236509 -8.076120467488714 0
    endloop
  endfacet
  facet normal 0 0 -1
    outer loop
      vertex 4.13268343236509 -8.076120467488714 0
      vertex 4.382078069196662 -6 0
      vertex 4.221396736825998 -8.118078735651645 0
    endloop
  endfacet
  facet normal 0 0 -1
    outer loop
      vertex 4.305570233019602 -8.168530387697455 0
      vertex 4.221396736825998 -8.118078735651645 0
      vertex 4.416181245776396 -5.95519039631152 0
    endloop
  endfacet
  facet normal 0 0 -1
    outer loop
      vertex 4.384393284163646 -8.226989546637263 0
      vertex 4.416181245776396 -5.95519039631152 0
      vertex 4.457106781186548 -8.292893218813452 0
    endloop
  endfacet
  facet normal 0 0 -1
    outer loop
      vertex 4.581469612302545 -8.444429766980399 0
      vertex 4.523010453362737 -8.365606715836355 0
      vertex 4.416181245776396 -5.95519039631152 0
    endloop
  endfacet
  facet normal 0 0 -1
    outer loop
      vertex 4.457106781186548 -8.292893218813452 0
      vertex 4.416181245776396 -5.95519039631152 0
      vertex 4.523010453362737 -8.365606715836355 0
    endloop
  endfacet
  facet normal 0 0 -1
    outer loop
      vertex 4.305570233019602 -8.168530387697455 0
      vertex 4.416181245776396 -5.95519039631152 0
      vertex 4.384393284163646 -8.226989546637263 0
    endloop
  endfacet
  facet normal 0 0 -1
    outer loop
      vertex 4.631921264348355 -8.528603263174002 0
      vertex 4.581469612302545 -8.444429766980399 0
      vertex 4.416181245776396 -5.95519039631152 0
    endloop
  endfacet
  facet normal 0 0 -1
    outer loop
      vertex 4.75 -9 0
      vertex 4.745184726672197 -8.90198285967044 0
      vertex 5.05 -5 0
    endloop
  endfacet
  facet normal 0 0 -1
    outer loop
      vertex 4.745184726672197 -8.90198285967044 0
      vertex 4.73078528040323 -8.804909677983872 0
      vertex 5.05 -5 0
    endloop
  endfacet
  facet normal 0 0 -1
    outer loop
      vertex 4.73078528040323 -8.804909677983872 0
      vertex 4.706940335732209 -8.709715322745538 0
      vertex 5.05 -5 0
    endloop
  endfacet
  facet normal 0 0 -1
    outer loop
      vertex 4.706940335732209 -8.709715322745538 0
      vertex 4.673879532511287 -8.61731656763491 0
      vertex 5.05 -5 0
    endloop
  endfacet
  facet normal 0 0 -1
    outer loop
      vertex 4.673879532511287 -8.61731656763491 0
      vertex 4.631921264348355 -8.528603263174002 0
      vertex 5.05 -5 0
    endloop
  endfacet
  facet normal 0 0 -1
    outer loop
      vertex 4.221396736825998 -8.118078735651645 0
      vertex 4.382078069196662 -6 0
      vertex 4.416181245776396 -5.95519039631152 0
    endloop
  endfacet
  facet normal 0 0 -1
    outer loop
      vertex 4.631921264348355 -8.528603263174002 0
      vertex 4.416181245776396 -5.95519039631152 0
      vertex 5.05 -5 0
    endloop
  endfacet
  facet normal 0.9700312531945434 -0.24298017990326626 0
    outer loop
      vertex 2.7692147195967696 -8.804909677983872 0
      vertex 2.7930596642677914 -8.709715322745538 0
      vertex 2.7930596642677914 -8.709715322745538 1.2
    endloop
  endfacet
  facet normal 0.9415440651830225 -0.33688985339221533 0
    outer loop
      vertex 2.7930596642677914 -8.709715322745538 0
      vertex 2.826120467488713 -8.61731656763491 0
      vertex 2.826120467488713 -8.61731656763491 1.2
    endloop
  endfacet
  facet normal 0.903989293123443 -0.4275550934302829 0
    outer loop
      vertex 2.826120467488713 -8.61731656763491 0
      vertex 2.868078735651645 -8.528603263174002 0
      vertex 2.868078735651645 -8.528603263174002 1.2
    endloop
  endfacet
  facet normal 0.8577286100002698 -0.5141027441932255 0
    outer loop
      vertex 2.868078735651645 -8.528603263174002 0
      vertex 2.9185303876974547 -8.444429766980399 0
      vertex 2.9185303876974547 -8.444429766980399 1.2
    endloop
  endfacet
  facet normal 0.8032075314806449 -0.5956993044924334 0
    outer loop
      vertex 2.9185303876974547 -8.444429766980399 0
      vertex 2.976989546637263 -8.365606715836355 0
      vertex 2.976989546637263 -8.365606715836355 1.2
    endloop
  endfacet
  facet normal 0.740951125354964 -0.671558954847013 0
    outer loop
      vertex 2.976989546637263 -8.365606715836355 0
      vertex 3.0428932188134525 -8.292893218813452 0
      vertex 3.0428932188134525 -8.292893218813452 1.2
    endloop
  endfacet
  facet normal 0.6715589548470172 -0.7409511253549601 0
    outer loop
      vertex 3.0428932188134525 -8.292893218813452 0
      vertex 3.1156067158363543 -8.226989546637263 0
      vertex 3.1156067158363543 -8.226989546637263 1.2
    endloop
  endfacet
  facet normal 0.5956993044924304 -0.803207531480647 0
    outer loop
      vertex 3.1156067158363543 -8.226989546637263 0
      vertex 3.194429766980398 -8.168530387697455 0
      vertex 3.194429766980398 -8.168530387697455 1.2
    endloop
  endfacet
  facet normal 0.514102744193223 -0.8577286100002713 0
    outer loop
      vertex 3.194429766980398 -8.168530387697455 0
      vertex 3.2786032631740025 -8.118078735651645 0
      vertex 3.2786032631740025 -8.118078735651645 1.2
    endloop
  endfacet
  facet normal 0.4275550934302772 -0.9039892931234457 0
    outer loop
      vertex 3.2786032631740025 -8.118078735651645 0
      vertex 3.3673165676349104 -8.076120467488714 0
      vertex 3.3673165676349104 -8.076120467488714 1.2
    endloop
  endfacet
  facet normal 0.3368898533922329 -0.9415440651830163 0
    outer loop
      vertex 3.3673165676349104 -8.076120467488714 0
      vertex 3.4597153227455375 -8.04305966426779 0
      vertex 3.4597153227455375 -8.04305966426779 1.2
    endloop
  endfacet
  facet normal 0.24298017990325776 -0.9700312531945455 0
    outer loop
      vertex 3.4597153227455375 -8.04305966426779 0
      vertex 3.5549096779838716 -8.01921471959677 0
      vertex 3.5549096779838716 -8.01921471959677 1.2
    endloop
  endfacet
  facet normal 0.14673047445535528 -0.9891765099647819 0
    outer loop
      vertex 3.5549096779838716 -8.01921471959677 0
      vertex 3.6519828596704396 -8.004815273327804 0
      vertex 3.6519828596704396 -8.004815273327804 1.2
    endloop
  endfacet
  facet normal 0.04906767432742443 -0.9987954562051721 0
    outer loop
      vertex 3.6519828596704396 -8.004815273327804 0
      vertex 3.75 -8 0
      vertex 3.75 -8 1.2
    endloop
  endfacet
  facet normal -0.04906767432742443 -0.9987954562051721 0
    outer loop
      vertex 3.75 -8 0
      vertex 3.8480171403295604 -8.004815273327804 0
      vertex 3.8480171403295604 -8.004815273327804 1.2
    endloop
  endfacet
  facet normal -0.14673047445535528 -0.9891765099647819 0
    outer loop
      vertex 3.8480171403295604 -8.004815273327804 0
      vertex 3.9450903220161284 -8.01921471959677 0
      vertex 3.9450903220161284 -8.01921471959677 1.2
    endloop
  endfacet
  facet normal -0.24298017990325882 -0.9700312531945452 0
    outer loop
      vertex 3.9450903220161284 -8.01921471959677 0
      vertex 4.040284677254462 -8.04305966426779 0
      vertex 4.040284677254462 -8.04305966426779 1.2
    endloop
  endfacet
  facet normal -0.3368898533922314 -0.9415440651830168 0
    outer loop
      vertex 4.040284677254462 -8.04305966426779 0
      vertex 4.13268343236509 -8.076120467488714 0
      vertex 4.13268343236509 -8.076120467488714 1.2
    endloop
  endfacet
  facet normal -0.7409511253549663 -0.6715589548470106 0
    outer loop
      vertex 4.457106781186548 -8.292893218813452 0
      vertex 4.523010453362737 -8.365606715836355 0
      vertex 4.523010453362737 -8.365606715836355 1.2
    endloop
  endfacet
  facet normal -0.9987954562051725 -0.049067674327415635 0
    outer loop
      vertex 4.75 -9 0
      vertex 4.75 -9 1.2
      vertex 4.745184726672197 -8.90198285967044 0
    endloop
  endfacet
  facet normal -0.9891765099647807 -0.14673047445536413 0
    outer loop
      vertex 4.745184726672197 -8.90198285967044 0
      vertex 4.745184726672197 -8.90198285967044 1.2
      vertex 4.73078528040323 -8.804909677983872 0
    endloop
  endfacet
  facet normal -0.9700312531945434 -0.24298017990326626 0
    outer loop
      vertex 4.73078528040323 -8.804909677983872 0
      vertex 4.73078528040323 -8.804909677983872 1.2
      vertex 4.706940335732209 -8.709715322745538 0
    endloop
  endfacet
  facet normal -0.9415440651830225 -0.33688985339221533 0
    outer loop
      vertex 4.706940335732209 -8.709715322745538 0
      vertex 4.706940335732209 -8.709715322745538 1.2
      vertex 4.673879532511287 -8.61731656763491 0
    endloop
  endfacet
  facet normal -0.903989293123443 -0.4275550934302829 0
    outer loop
      vertex 4.673879532511287 -8.61731656763491 0
      vertex 4.673879532511287 -8.61731656763491 1.2
      vertex 4.631921264348355 -8.528603263174002 0
    endloop
  endfacet
  facet normal -0.8577286100002677 -0.5141027441932289 0
    outer loop
      vertex 4.631921264348355 -8.528603263174002 0
      vertex 4.631921264348355 -8.528603263174002 1.2
      vertex 4.581469612302545 -8.444429766980399 0
    endloop
  endfacet
  facet normal -0.803207531480647 -0.5956993044924304 0
    outer loop
      vertex 4.581469612302545 -8.444429766980399 0
      vertex 4.581469612302545 -8.444429766980399 1.2
      vertex 4.523010453362737 -8.365606715836355 0
    endloop
  endfacet
  facet normal -0.514102744193225 -0.8577286100002701 0
    outer loop
      vertex 4.305570233019602 -8.168530387697455 0
      vertex 4.305570233019602 -8.168530387697455 1.2
      vertex 4.221396736825998 -8.118078735651645 0
    endloop
  endfacet
  facet normal -0.4275550934302755 -0.9039892931234464 0
    outer loop
      vertex 4.13268343236509 -8.076120467488714 0
      vertex 4.221396736825998 -8.118078735651645 0
      vertex 4.221396736825998 -8.118078735651645 1.2
    endloop
  endfacet
  facet normal -0.5956993044924304 -0.803207531480647 0
    outer loop
      vertex 4.305570233019602 -8.168530387697455 0
      vertex 4.384393284163646 -8.226989546637263 0
      vertex 4.384393284163646 -8.226989546637263 1.2
    endloop
  endfacet
  facet normal -0.671558954847015 -0.7409511253549622 0
    outer loop
      vertex 4.384393284163646 -8.226989546637263 0
      vertex 4.457106781186548 -8.292893218813452 0
      vertex 4.457106781186548 -8.292893218813452 1.2
    endloop
  endfacet
  facet normal 0 0 1
    outer loop
      vertex -1.3533464032675568 -6 1.2
      vertex 5.05 -18.95 1.2
      vertex 2.7692147195967696 -9.195090322016128 1.2
    endloop
  endfacet
  facet normal 0.9891765099647807 0.14673047445536413 0
    outer loop
      vertex 2.7692147195967696 -9.195090322016128 0
      vertex 2.754815273327803 -9.09801714032956 1.2
      vertex 2.7692147195967696 -9.195090322016128 1.2
    endloop
  endfacet
  facet normal 0.9987954562051725 0.049067674327415635 0
    outer loop
      vertex 2.754815273327803 -9.09801714032956 0
      vertex 2.75 -9 1.2
      vertex 2.754815273327803 -9.09801714032956 1.2
    endloop
  endfacet
  facet normal 0 0 1
    outer loop
      vertex -1.3533464032675568 -6 1.2
      vertex 2.7692147195967696 -9.195090322016128 1.2
      vertex 2.754815273327803 -9.09801714032956 1.2
    endloop
  endfacet
  facet normal 0 0 1
    outer loop
      vertex -1.3533464032675568 -6 1.2
      vertex 2.754815273327803 -9.09801714032956 1.2
      vertex 2.75 -9 1.2
    endloop
  endfacet
  facet normal 0 0 1
    outer loop
      vertex -1.3533464032675568 -6 1.2
      vertex 2.75 -9 1.2
      vertex 2.754815273327803 -8.90198285967044 1.2
    endloop
  endfacet
  facet normal 0 0 1
    outer loop
      vertex -1.3533464032675568 -6 1.2
      vertex 2.754815273327803 -8.90198285967044 1.2
      vertex 2.7692147195967696 -8.804909677983872 1.2
    endloop
  endfacet
  facet normal 0.9987954562051725 -0.049067674327415635 0
    outer loop
      vertex 2.75 -9 0
      vertex 2.754815273327803 -8.90198285967044 1.2
      vertex 2.75 -9 1.2
    endloop
  endfacet
  facet normal 0.9891765099647807 -0.14673047445536413 0
    outer loop
      vertex 2.754815273327803 -8.90198285967044 0
      vertex 2.7692147195967696 -8.804909677983872 1.2
      vertex 2.754815273327803 -8.90198285967044 1.2
    endloop
  endfacet
  facet normal 0.9700312531945434 -0.24298017990326626 0
    outer loop
      vertex 2.7692147195967696 -8.804909677983872 0
      vertex 2.7930596642677914 -8.709715322745538 1.2
      vertex 2.7692147195967696 -8.804909677983872 1.2
    endloop
  endfacet
  facet normal 0 0 1
    outer loop
      vertex -1.3533464032675568 -6 1.2
      vertex 2.7692147195967696 -8.804909677983872 1.2
      vertex 2.7930596642677914 -8.709715322745538 1.2
    endloop
  endfacet
  facet normal 0 0 1
    outer loop
      vertex -1.3533464032675568 -6 1.2
      vertex 2.7930596642677914 -8.709715322745538 1.2
      vertex 2.826120467488713 -8.61731656763491 1.2
    endloop
  endfacet
  facet normal 0 0 1
    outer loop
      vertex -1.3533464032675568 -6 1.2
      vertex 2.826120467488713 -8.61731656763491 1.2
      vertex 2.868078735651645 -8.528603263174002 1.2
    endloop
  endfacet
  facet normal 0 0 1
    outer loop
      vertex -1.3533464032675568 -6 1.2
      vertex 2.868078735651645 -8.528603263174002 1.2
      vertex 2.9185303876974547 -8.444429766980399 1.2
    endloop
  endfacet
  facet normal 0 0 1
    outer loop
      vertex -1.3533464032675568 -6 1.2
      vertex 2.9185303876974547 -8.444429766980399 1.2
      vertex 2.976989546637263 -8.365606715836355 1.2
    endloop
  endfacet
  facet normal 0 0 1
    outer loop
      vertex -1.3533464032675568 -6 1.2
      vertex 2.976989546637263 -8.365606715836355 1.2
      vertex 3.0428932188134525 -8.292893218813452 1.2
    endloop
  endfacet
  facet normal 0 0 1
    outer loop
      vertex -1.3533464032675568 -6 1.2
      vertex 3.0428932188134525 -8.292893218813452 1.2
      vertex 3.1156067158363543 -8.226989546637263 1.2
    endloop
  endfacet
  facet normal 0 0 1
    outer loop
      vertex -1.3533464032675568 -6 1.2
      vertex 3.1156067158363543 -8.226989546637263 1.2
      vertex 3.194429766980398 -8.168530387697455 1.2
    endloop
  endfacet
  facet normal 0 0 1
    outer loop
      vertex -1.3533464032675568 -6 1.2
      vertex 3.194429766980398 -8.168530387697455 1.2
      vertex 3.2786032631740025 -8.118078735651645 1.2
    endloop
  endfacet
  facet normal 0 0 1
    outer loop
      vertex -1.3533464032675568 -6 1.2
      vertex 3.2786032631740025 -8.118078735651645 1.2
      vertex 3.3673165676349104 -8.076120467488714 1.2
    endloop
  endfacet
  facet normal 0 0 1
    outer loop
      vertex -1.3533464032675568 -6 1.2
      vertex 3.3673165676349104 -8.076120467488714 1.2
      vertex 3.4597153227455375 -8.04305966426779 1.2
    endloop
  endfacet
  facet normal 0 0 1
    outer loop
      vertex -1.3533464032675568 -6 1.2
      vertex 3.4597153227455375 -8.04305966426779 1.2
      vertex 3.5549096779838716 -8.01921471959677 1.2
    endloop
  endfacet
  facet normal 0 0 1
    outer loop
      vertex -1.3533464032675568 -6 1.2
      vertex 3.5549096779838716 -8.01921471959677 1.2
      vertex 3.6519828596704396 -8.004815273327804 1.2
    endloop
  endfacet
  facet normal 0 0 1
    outer loop
      vertex -1.3533464032675568 -6 1.2
      vertex 3.6519828596704396 -8.004815273327804 1.2
      vertex 3.7987948946396926 -5.7770129515199455 1.2
    endloop
  endfacet
  facet normal 0.740951125354964 0.671558954847013 0
    outer loop
      vertex 3.0428932188134525 -9.707106781186548 0
      vertex 2.976989546637263 -9.634393284163645 1.2
      vertex 3.0428932188134525 -9.707106781186548 1.2
    endloop
  endfacet
  facet normal 0.6715589548470172 0.7409511253549601 0
    outer loop
      vertex 3.1156067158363543 -9.773010453362737 0
      vertex 3.0428932188134525 -9.707106781186548 1.2
      vertex 3.1156067158363543 -9.773010453362737 1.2
    endloop
  endfacet
  facet normal 0.5956993044924304 0.803207531480647 0
    outer loop
      vertex 3.194429766980398 -9.831469612302545 0
      vertex 3.1156067158363543 -9.773010453362737 1.2
      vertex 3.194429766980398 -9.831469612302545 1.2
    endloop
  endfacet
  facet normal 0.514102744193223 0.8577286100002713 0
    outer loop
      vertex 3.2786032631740025 -9.881921264348355 0
      vertex 3.194429766980398 -9.831469612302545 1.2
      vertex 3.2786032631740025 -9.881921264348355 1.2
    endloop
  endfacet
  facet normal 0.4275550934302772 0.9039892931234457 0
    outer loop
      vertex 3.3673165676349104 -9.923879532511286 0
      vertex 3.2786032631740025 -9.881921264348355 1.2
      vertex 3.3673165676349104 -9.923879532511286 1.2
    endloop
  endfacet
  facet normal 0.3368898533922329 0.9415440651830163 0
    outer loop
      vertex 3.4597153227455375 -9.95694033573221 0
      vertex 3.3673165676349104 -9.923879532511286 1.2
      vertex 3.4597153227455375 -9.95694033573221 1.2
    endloop
  endfacet
  facet normal 0.8577286100002698 0.5141027441932255 0
    outer loop
      vertex 2.9185303876974547 -9.555570233019601 0
      vertex 2.868078735651645 -9.471396736825998 1.2
      vertex 2.9185303876974547 -9.555570233019601 1.2
    endloop
  endfacet
  facet normal 0.903989293123443 0.4275550934302829 0
    outer loop
      vertex 2.868078735651645 -9.471396736825998 0
      vertex 2.826120467488713 -9.38268343236509 1.2
      vertex 2.868078735651645 -9.471396736825998 1.2
    endloop
  endfacet
  facet normal 0.9415440651830225 0.33688985339221533 0
    outer loop
      vertex 2.826120467488713 -9.38268343236509 0
      vertex 2.7930596642677914 -9.290284677254462 1.2
      vertex 2.826120467488713 -9.38268343236509 1.2
    endloop
  endfacet
  facet normal 0.8032075314806449 0.5956993044924334 0
    outer loop
      vertex 2.976989546637263 -9.634393284163645 0
      vertex 2.9185303876974547 -9.555570233019601 1.2
      vertex 2.976989546637263 -9.634393284163645 1.2
    endloop
  endfacet
  facet normal 0.9700312531945434 0.24298017990326626 0
    outer loop
      vertex 2.7930596642677914 -9.290284677254462 0
      vertex 2.7692147195967696 -9.195090322016128 1.2
      vertex 2.7930596642677914 -9.290284677254462 1.2
    endloop
  endfacet
  facet normal 0.24298017990325776 0.9700312531945455 0
    outer loop
      vertex 3.5549096779838716 -9.98078528040323 0
      vertex 3.4597153227455375 -9.95694033573221 1.2
      vertex 3.5549096779838716 -9.98078528040323 1.2
    endloop
  endfacet
  facet normal 0.14673047445535528 0.9891765099647819 0
    outer loop
      vertex 3.6519828596704396 -9.995184726672196 0
      vertex 3.5549096779838716 -9.98078528040323 1.2
      vertex 3.6519828596704396 -9.995184726672196 1.2
    endloop
  endfacet
  facet normal 0.04906767432742443 0.9987954562051721 0
    outer loop
      vertex 3.75 -10 0
      vertex 3.6519828596704396 -9.995184726672196 1.2
      vertex 3.75 -10 1.2
    endloop
  endfacet
  facet normal -0.04906767432742443 0.9987954562051721 0
    outer loop
      vertex 3.8480171403295604 -9.995184726672196 0
      vertex 3.75 -10 1.2
      vertex 3.8480171403295604 -9.995184726672196 1.2
    endloop
  endfacet
  facet normal -0.14673047445535528 0.9891765099647819 0
    outer loop
      vertex 3.9450903220161284 -9.98078528040323 0
      vertex 3.8480171403295604 -9.995184726672196 1.2
      vertex 3.9450903220161284 -9.98078528040323 1.2
    endloop
  endfacet
  facet normal -0.24298017990325882 0.9700312531945452 0
    outer loop
      vertex 4.040284677254462 -9.95694033573221 0
      vertex 3.9450903220161284 -9.98078528040323 1.2
      vertex 4.040284677254462 -9.95694033573221 1.2
    endloop
  endfacet
  facet normal -0.3368898533922314 0.9415440651830168 0
    outer loop
      vertex 4.13268343236509 -9.923879532511286 0
      vertex 4.040284677254462 -9.95694033573221 1.2
      vertex 4.13268343236509 -9.923879532511286 1.2
    endloop
  endfacet
  facet normal 0 0 1
    outer loop
      vertex 5.05 -18.95 1.2
      vertex 4.976591939655604 -5.986917375384167 1.2
      vertex 4.745184726672197 -9.09801714032956 1.2
    endloop
  endfacet
  facet normal -0.4275550934302755 0.9039892931234464 0
    outer loop
      vertex 4.221396736825998 -9.881921264348355 0
      vertex 4.13268343236509 -9.923879532511286 1.2
      vertex 4.221396736825998 -9.881921264348355 1.2
    endloop
  endfacet
  facet normal -0.514102744193225 0.8577286100002701 0
    outer loop
      vertex 4.305570233019602 -9.831469612302545 0
      vertex 4.221396736825998 -9.881921264348355 1.2
      vertex 4.305570233019602 -9.831469612302545 1.2
    endloop
  endfacet
  facet normal -0.5956993044924304 0.803207531480647 0
    outer loop
      vertex 4.384393284163646 -9.773010453362737 0
      vertex 4.305570233019602 -9.831469612302545 1.2
      vertex 4.384393284163646 -9.773010453362737 1.2
    endloop
  endfacet
  facet normal -0.671558954847015 0.7409511253549622 0
    outer loop
      vertex 4.457106781186548 -9.707106781186548 0
      vertex 4.384393284163646 -9.773010453362737 1.2
      vertex 4.457106781186548 -9.707106781186548 1.2
    endloop
  endfacet
  facet normal -0.7409511253549663 0.6715589548470106 0
    outer loop
      vertex 4.523010453362737 -9.634393284163645 0
      vertex 4.457106781186548 -9.707106781186548 1.2
      vertex 4.523010453362737 -9.634393284163645 1.2
    endloop
  endfacet
  facet normal -0.803207531480647 0.5956993044924304 0
    outer loop
      vertex 4.581469612302545 -9.555570233019601 0
      vertex 4.523010453362737 -9.634393284163645 1.2
      vertex 4.581469612302545 -9.555570233019601 1.2
    endloop
  endfacet
  facet normal -0.8577286100002677 0.5141027441932289 0
    outer loop
      vertex 4.631921264348355 -9.471396736825998 0
      vertex 4.581469612302545 -9.555570233019601 1.2
      vertex 4.631921264348355 -9.471396736825998 1.2
    endloop
  endfacet
  facet normal -0.903989293123443 0.4275550934302829 0
    outer loop
      vertex 4.673879532511287 -9.38268343236509 0
      vertex 4.631921264348355 -9.471396736825998 1.2
      vertex 4.673879532511287 -9.38268343236509 1.2
    endloop
  endfacet
  facet normal -0.9415440651830225 0.33688985339221533 0
    outer loop
      vertex 4.706940335732209 -9.290284677254462 0
      vertex 4.673879532511287 -9.38268343236509 1.2
      vertex 4.706940335732209 -9.290284677254462 1.2
    endloop
  endfacet
  facet normal -0.9700312531945434 0.24298017990326626 0
    outer loop
      vertex 4.73078528040323 -9.195090322016128 0
      vertex 4.706940335732209 -9.290284677254462 1.2
      vertex 4.73078528040323 -9.195090322016128 1.2
    endloop
  endfacet
  facet normal -0.9891765099647807 0.14673047445536413 0
    outer loop
      vertex 4.745184726672197 -9.09801714032956 0
      vertex 4.73078528040323 -9.195090322016128 1.2
      vertex 4.745184726672197 -9.09801714032956 1.2
    endloop
  endfacet
  facet normal -0.9987954562051725 0.049067674327415635 0
    outer loop
      vertex 4.75 -9 0
      vertex 4.745184726672197 -9.09801714032956 1.2
      vertex 4.75 -9 1.2
    endloop
  endfacet
  facet normal 1 0 0
    outer loop
      vertex 5.05 -18.95 1.2
      vertex 5.05 -5 0
      vertex 5.05 -5 1.2
    endloop
  endfacet
  facet normal 0 0 1
    outer loop
      vertex 5.05 -18.95 1.2
      vertex 5.05 -5 1.2
      vertex 4.976591939655604 -5.986917375384167 1.2
    endloop
  endfacet
  facet normal 0.9415440651830225 -0.33688985339221533 0
    outer loop
      vertex 2.7930596642677914 -8.709715322745538 0
      vertex 2.826120467488713 -8.61731656763491 1.2
      vertex 2.7930596642677914 -8.709715322745538 1.2
    endloop
  endfacet
  facet normal 0.903989293123443 -0.4275550934302829 0
    outer loop
      vertex 2.826120467488713 -8.61731656763491 0
      vertex 2.868078735651645 -8.528603263174002 1.2
      vertex 2.826120467488713 -8.61731656763491 1.2
    endloop
  endfacet
  facet normal 0.8577286100002698 -0.5141027441932255 0
    outer loop
      vertex 2.868078735651645 -8.528603263174002 0
      vertex 2.9185303876974547 -8.444429766980399 1.2
      vertex 2.868078735651645 -8.528603263174002 1.2
    endloop
  endfacet
  facet normal 0.8032075314806449 -0.5956993044924334 0
    outer loop
      vertex 2.9185303876974547 -8.444429766980399 0
      vertex 2.976989546637263 -8.365606715836355 1.2
      vertex 2.9185303876974547 -8.444429766980399 1.2
    endloop
  endfacet
  facet normal 0.740951125354964 -0.671558954847013 0
    outer loop
      vertex 2.976989546637263 -8.365606715836355 0
      vertex 3.0428932188134525 -8.292893218813452 1.2
      vertex 2.976989546637263 -8.365606715836355 1.2
    endloop
  endfacet
  facet normal 0.6715589548470172 -0.7409511253549601 0
    outer loop
      vertex 3.0428932188134525 -8.292893218813452 0
      vertex 3.1156067158363543 -8.226989546637263 1.2
      vertex 3.0428932188134525 -8.292893218813452 1.2
    endloop
  endfacet
  facet normal 0.5956993044924304 -0.803207531480647 0
    outer loop
      vertex 3.1156067158363543 -8.226989546637263 0
      vertex 3.194429766980398 -8.168530387697455 1.2
      vertex 3.1156067158363543 -8.226989546637263 1.2
    endloop
  endfacet
  facet normal 0.514102744193223 -0.8577286100002713 0
    outer loop
      vertex 3.194429766980398 -8.168530387697455 0
      vertex 3.2786032631740025 -8.118078735651645 1.2
      vertex 3.194429766980398 -8.168530387697455 1.2
    endloop
  endfacet
  facet normal 0.4275550934302772 -0.9039892931234457 0
    outer loop
      vertex 3.2786032631740025 -8.118078735651645 0
      vertex 3.3673165676349104 -8.076120467488714 1.2
      vertex 3.2786032631740025 -8.118078735651645 1.2
    endloop
  endfacet
  facet normal 0.3368898533922329 -0.9415440651830163 0
    outer loop
      vertex 3.3673165676349104 -8.076120467488714 0
      vertex 3.4597153227455375 -8.04305966426779 1.2
      vertex 3.3673165676349104 -8.076120467488714 1.2
    endloop
  endfacet
  facet normal 0.24298017990325776 -0.9700312531945455 0
    outer loop
      vertex 3.4597153227455375 -8.04305966426779 0
      vertex 3.5549096779838716 -8.01921471959677 1.2
      vertex 3.4597153227455375 -8.04305966426779 1.2
    endloop
  endfacet
  facet normal 0.14673047445535528 -0.9891765099647819 0
    outer loop
      vertex 3.5549096779838716 -8.01921471959677 0
      vertex 3.6519828596704396 -8.004815273327804 1.2
      vertex 3.5549096779838716 -8.01921471959677 1.2
    endloop
  endfacet
  facet normal 0.04906767432742443 -0.9987954562051721 0
    outer loop
      vertex 3.6519828596704396 -8.004815273327804 0
      vertex 3.75 -8 1.2
      vertex 3.6519828596704396 -8.004815273327804 1.2
    endloop
  endfacet
  facet normal -0.04906767432742443 -0.9987954562051721 0
    outer loop
      vertex 3.75 -8 0
      vertex 3.8480171403295604 -8.004815273327804 1.2
      vertex 3.75 -8 1.2
    endloop
  endfacet
  facet normal -0.14673047445535528 -0.9891765099647819 0
    outer loop
      vertex 3.8480171403295604 -8.004815273327804 0
      vertex 3.9450903220161284 -8.01921471959677 1.2
      vertex 3.8480171403295604 -8.004815273327804 1.2
    endloop
  endfacet
  facet normal -0.24298017990325882 -0.9700312531945452 0
    outer loop
      vertex 3.9450903220161284 -8.01921471959677 0
      vertex 4.040284677254462 -8.04305966426779 1.2
      vertex 3.9450903220161284 -8.01921471959677 1.2
    endloop
  endfacet
  facet normal -0.3368898533922314 -0.9415440651830168 0
    outer loop
      vertex 4.040284677254462 -8.04305966426779 0
      vertex 4.13268343236509 -8.076120467488714 1.2
      vertex 4.040284677254462 -8.04305966426779 1.2
    endloop
  endfacet
  facet normal -0.4275550934302755 -0.9039892931234464 0
    outer loop
      vertex 4.13268343236509 -8.076120467488714 0
      vertex 4.221396736825998 -8.118078735651645 1.2
      vertex 4.13268343236509 -8.076120467488714 1.2
    endloop
  endfacet
  facet normal 0 0 1
    outer loop
      vertex 3.6519828596704396 -8.004815273327804 1.2
      vertex 3.75 -8 1.2
      vertex 3.7987948946396926 -5.7770129515199455 1.2
    endloop
  endfacet
  facet normal -0.7409511253549663 -0.6715589548470106 0
    outer loop
      vertex 4.457106781186548 -8.292893218813452 0
      vertex 4.523010453362737 -8.365606715836355 1.2
      vertex 4.457106781186548 -8.292893218813452 1.2
    endloop
  endfacet
  facet normal -0.9415440651830225 -0.33688985339221533 0
    outer loop
      vertex 4.673879532511287 -8.61731656763491 0
      vertex 4.706940335732209 -8.709715322745538 1.2
      vertex 4.673879532511287 -8.61731656763491 1.2
    endloop
  endfacet
  facet normal -0.9987954562051725 -0.049067674327415635 0
    outer loop
      vertex 4.745184726672197 -8.90198285967044 0
      vertex 4.75 -9 1.2
      vertex 4.745184726672197 -8.90198285967044 1.2
    endloop
  endfacet
  facet normal -0.9891765099647807 -0.14673047445536413 0
    outer loop
      vertex 4.73078528040323 -8.804909677983872 0
      vertex 4.745184726672197 -8.90198285967044 1.2
      vertex 4.73078528040323 -8.804909677983872 1.2
    endloop
  endfacet
  facet normal -0.9700312531945434 -0.24298017990326626 0
    outer loop
      vertex 4.706940335732209 -8.709715322745538 0
      vertex 4.73078528040323 -8.804909677983872 1.2
      vertex 4.706940335732209 -8.709715322745538 1.2
    endloop
  endfacet
  facet normal -0.903989293123443 -0.4275550934302829 0
    outer loop
      vertex 4.631921264348355 -8.528603263174002 0
      vertex 4.673879532511287 -8.61731656763491 1.2
      vertex 4.631921264348355 -8.528603263174002 1.2
    endloop
  endfacet
  facet normal -0.8577286100002677 -0.5141027441932289 0
    outer loop
      vertex 4.581469612302545 -8.444429766980399 0
      vertex 4.631921264348355 -8.528603263174002 1.2
      vertex 4.581469612302545 -8.444429766980399 1.2
    endloop
  endfacet
  facet normal -0.803207531480647 -0.5956993044924304 0
    outer loop
      vertex 4.523010453362737 -8.365606715836355 0
      vertex 4.581469612302545 -8.444429766980399 1.2
      vertex 4.523010453362737 -8.365606715836355 1.2
    endloop
  endfacet
  facet normal -0.5956993044924304 -0.803207531480647 0
    outer loop
      vertex 4.305570233019602 -8.168530387697455 0
      vertex 4.384393284163646 -8.226989546637263 1.2
      vertex 4.305570233019602 -8.168530387697455 1.2
    endloop
  endfacet
  facet normal -0.514102744193225 -0.8577286100002701 0
    outer loop
      vertex 4.221396736825998 -8.118078735651645 0
      vertex 4.305570233019602 -8.168530387697455 1.2
      vertex 4.221396736825998 -8.118078735651645 1.2
    endloop
  endfacet
  facet normal -0.671558954847015 -0.7409511253549622 0
    outer loop
      vertex 4.384393284163646 -8.226989546637263 0
      vertex 4.457106781186548 -8.292893218813452 1.2
      vertex 4.384393284163646 -8.226989546637263 1.2
    endloop
  endfacet
  facet normal 0 0 1
    outer loop
      vertex 4.745184726672197 -9.09801714032956 1.2
      vertex 4.976591939655604 -5.986917375384167 1.2
      vertex 4.75 -9 1.2
    endloop
  endfacet
  facet normal 0 0 1
    outer loop
      vertex 4.75 -9 1.2
      vertex 4.976591939655604 -5.986917375384167 1.2
      vertex 4.745184726672197 -8.90198285967044 1.2
    endloop
  endfacet
  facet normal 0 0 1
    outer loop
      vertex 4.745184726672197 -8.90198285967044 1.2
      vertex 4.976591939655604 -5.986917375384167 1.2
      vertex 4.73078528040323 -8.804909677983872 1.2
    endloop
  endfacet
  facet normal 0 0 1
    outer loop
      vertex 4.73078528040323 -8.804909677983872 1.2
      vertex 4.976591939655604 -5.986917375384167 1.2
      vertex 4.706940335732209 -8.709715322745538 1.2
    endloop
  endfacet
  facet normal 0 0 1
    outer loop
      vertex 4.673879532511287 -8.61731656763491 1.2
      vertex 4.976591939655604 -5.986917375384167 1.2
      vertex 4.631921264348355 -8.528603263174002 1.2
    endloop
  endfacet
  facet normal 0 0 1
    outer loop
      vertex 4.706940335732209 -8.709715322745538 1.2
      vertex 4.976591939655604 -5.986917375384167 1.2
      vertex 4.673879532511287 -8.61731656763491 1.2
    endloop
  endfacet
  facet normal 0 0 1
    outer loop
      vertex 3.75 -8 1.2
      vertex 3.8480171403295604 -8.004815273327804 1.2
      vertex 4.976591939655604 -5.986917375384167 1.2
    endloop
  endfacet
  facet normal 0 0 1
    outer loop
      vertex 3.8480171403295604 -8.004815273327804 1.2
      vertex 3.9450903220161284 -8.01921471959677 1.2
      vertex 4.976591939655604 -5.986917375384167 1.2
    endloop
  endfacet
  facet normal 0 0 1
    outer loop
      vertex 3.9450903220161284 -8.01921471959677 1.2
      vertex 4.040284677254462 -8.04305966426779 1.2
      vertex 4.976591939655604 -5.986917375384167 1.2
    endloop
  endfacet
  facet normal 0 0 1
    outer loop
      vertex 4.040284677254462 -8.04305966426779 1.2
      vertex 4.13268343236509 -8.076120467488714 1.2
      vertex 4.976591939655604 -5.986917375384167 1.2
    endloop
  endfacet
  facet normal 0 0 1
    outer loop
      vertex 4.305570233019602 -8.168530387697455 1.2
      vertex 4.976591939655604 -5.986917375384167 1.2
      vertex 4.221396736825998 -8.118078735651645 1.2
    endloop
  endfacet
  facet normal 0 0 1
    outer loop
      vertex 4.13268343236509 -8.076120467488714 1.2
      vertex 4.221396736825998 -8.118078735651645 1.2
      vertex 4.976591939655604 -5.986917375384167 1.2
    endloop
  endfacet
  facet normal 0 0 1
    outer loop
      vertex 4.384393284163646 -8.226989546637263 1.2
      vertex 4.457106781186548 -8.292893218813452 1.2
      vertex 4.976591939655604 -5.986917375384167 1.2
    endloop
  endfacet
  facet normal 0 0 1
    outer loop
      vertex 4.457106781186548 -8.292893218813452 1.2
      vertex 4.523010453362737 -8.365606715836355 1.2
      vertex 4.976591939655604 -5.986917375384167 1.2
    endloop
  endfacet
  facet normal 0 0 1
    outer loop
      vertex 4.305570233019602 -8.168530387697455 1.2
      vertex 4.384393284163646 -8.226989546637263 1.2
      vertex 4.976591939655604 -5.986917375384167 1.2
    endloop
  endfacet
  facet normal 0 0 1
    outer loop
      vertex 4.631921264348355 -8.528603263174002 1.2
      vertex 4.976591939655604 -5.986917375384167 1.2
      vertex 4.581469612302545 -8.444429766980399 1.2
    endloop
  endfacet
  facet normal 0 0 1
    outer loop
      vertex 4.581469612302545 -8.444429766980399 1.2
      vertex 4.976591939655604 -5.986917375384167 1.2
      vertex 4.523010453362737 -8.365606715836355 1.2
    endloop
  endfacet
  facet normal 0 0 1
    outer loop
      vertex 3.75 -8 1.2
      vertex 4.976591939655604 -5.986917375384167 1.2
      vertex 3.7987948946396926 -5.7770129515199455 1.2
    endloop
  endfacet
  facet normal 0 0 -1
    outer loop
      vertex 1.7539726274316623 -4.787410818873565 0
      vertex -0.1898115254237327 -4.2 0
      vertex 4.824620823244552 -4.2 0
    endloop
  endfacet
  facet normal 0 0 -1
    outer loop
      vertex 1.5886297040267419 -4.85930862780443 0
      vertex 1.683333333333334 -4.8 0
      vertex 4.580043589219416 -4.289515506815349 0
    endloop
  endfacet
  facet normal 0 0 -1
    outer loop
      vertex 1.683333333333334 -4.8 0
      vertex 1.7539726274316623 -4.787410818873565 0
      vertex 4.580043589219416 -4.289515506815349 0
    endloop
  endfacet
  facet normal 0 0 -1
    outer loop
      vertex 1.7539726274316623 -4.787410818873565 0
      vertex 4.824620823244552 -4.2 0
      vertex 4.580043589219416 -4.289515506815349 0
    endloop
  endfacet
  facet normal 0 0 -1
    outer loop
      vertex 4.416181245776396 -5.95519039631152 0
      vertex 4.795994833668561 -4.903398922148599 0
      vertex 5.05 -5 0
    endloop
  endfacet
  facet normal 0 0 -1
    outer loop
      vertex 4.795994833668561 -4.903398922148599 0
      vertex 4.580043589219416 -4.289515506815349 0
      vertex 5.05 -5 0
    endloop
  endfacet
  facet normal 0 0 -1
    outer loop
      vertex 4.580043589219416 -4.289515506815349 0
      vertex 4.824620823244552 -4.2 0
      vertex 5.05 -5 0
    endloop
  endfacet
  facet normal 0 0 -1
    outer loop
      vertex 5.05 -5 0
      vertex 4.824620823244552 -4.2 0
      vertex 5.05 -4.2 0
    endloop
  endfacet
  facet normal 1 0 0
    outer loop
      vertex 5.05 -5 0
      vertex 5.05 -4.2 0
      vertex 5.05 -4.2 1.008
    endloop
  endfacet
  facet normal 1 0 0
    outer loop
      vertex 5.05 -5 0
      vertex 5.05 -4.2 1.008
      vertex 5.05 -5 1.2
    endloop
  endfacet
  facet normal 0 -1 0
    outer loop
      vertex -1.6833333333333353 -4.8 1.2
      vertex 3.8499999999999996 -4.8 1.2
      vertex 3.8499999999999996 -4.8 2
    endloop
  endfacet
  facet normal 0 0 1
    outer loop
      vertex 3.8499999999999996 -4.8 2
      vertex 3.8499999999999996 -4.2 2
      vertex -3.8499999999999996 -4.2 2
    endloop
  endfacet
  facet normal -1 0 0
    outer loop
      vertex 3.8499999999999996 -5 1.2
      vertex 3.8499999999999996 -4.8 2
      vertex 3.8499999999999996 -4.8 1.2
    endloop
  endfacet
  facet normal -1 0 0
    outer loop
      vertex 3.8499999999999996 -5 1.2
      vertex 3.8499999999999996 -5 2.5
      vertex 3.8499999999999996 -4.8 2
    endloop
  endfacet
  facet normal -1 0 0
    outer loop
      vertex 3.8499999999999996 -4.8 2
      vertex 3.8499999999999996 -5 2.5
      vertex 3.8499999999999996 -4.2 2
    endloop
  endfacet
  facet normal 0 -1 0
    outer loop
      vertex 3.8499999999999996 -5 1.2
      vertex 5.05 -5 1.2
      vertex 3.8499999999999996 -5 2.5
    endloop
  endfacet
  facet normal 1 0 0
    outer loop
      vertex 5.05 -5 1.2
      vertex 5.05 -4.2 1.2
      vertex 5.05 -5 2.5
    endloop
  endfacet
  facet normal 0 -1 0
    outer loop
      vertex 5.05 -5 1.2
      vertex 5.05 -5 2.5
      vertex 3.8499999999999996 -5 2.5
    endloop
  endfacet
  facet normal 1 0 0
    outer loop
      vertex 5.05 -5 2.5
      vertex 5.05 -4.2 1.2
      vertex 5.05 -4.2 2.5
    endloop
  endfacet
  facet normal -1 0 0
    outer loop
      vertex 3.8499999999999996 -5 2.5
      vertex 3.8499999999999996 -4.2 2.5
      vertex 3.8499999999999996 -4.2 2
    endloop
  endfacet
  facet normal 0 0 1
    outer loop
      vertex 3.8499999999999996 -5 2.5
      vertex 5.05 -5 2.5
      vertex 3.8499999999999996 -4.2 2.5
    endloop
  endfacet
  facet normal 0 0 1
    outer loop
      vertex 5.05 -5 2.5
      vertex 5.05 -4.2 2.5
      vertex 3.8499999999999996 -4.2 2.5
    endloop
  endfacet
  facet normal 0 0 -1
    outer loop
      vertex -5.05 -5 0
      vertex -5.049999999999999 -4.2 0
      vertex -0.1898115254237327 -4.2 0
    endloop
  endfacet
  facet normal 0 0 -1
    outer loop
      vertex -5.05 -5 0
      vertex -0.1898115254237327 -4.2 0
      vertex 1.683333333333334 -4.8 0
    endloop
  endfacet
  facet normal 0 0 1
    outer loop
      vertex -5.05 -5 1.2
      vertex -3.9125307086445993 -6 1.2
      vertex -3.8499999999999996 -5 1.2
    endloop
  endfacet
  facet normal 0 0 1
    outer loop
      vertex -3.9125307086445993 -6 1.2
      vertex -1.3533464032675568 -6 1.2
      vertex -3.8499999999999996 -5 1.2
    endloop
  endfacet
  facet normal 0 0 1
    outer loop
      vertex -3.8499999999999996 -5 1.2
      vertex -1.6833333333333353 -4.8 1.2
      vertex -3.8499999999999996 -4.8 1.2
    endloop
  endfacet
  facet normal 0 0 1
    outer loop
      vertex -3.8499999999999996 -5 1.2
      vertex -1.3533464032675568 -6 1.2
      vertex -1.6833333333333353 -4.8 1.2
    endloop
  endfacet
  facet normal 0 0 -1
    outer loop
      vertex 1.683333333333334 -4.8 0
      vertex -0.1898115254237327 -4.2 0
      vertex 1.7539726274316623 -4.787410818873565 0
    endloop
  endfacet
  facet normal 0 0 -1
    outer loop
      vertex 1.3036039517605165 -6 0
      vertex 1.5886297040267419 -4.85930862780443 0
      vertex 4.580043589219416 -4.289515506815349 0
    endloop
  endfacet
  facet normal 0 0 -1
    outer loop
      vertex 1.3036039517605165 -6 0
      vertex 4.416181245776396 -5.95519039631152 0
      vertex 4.382078069196662 -6 0
    endloop
  endfacet
  facet normal 0 0 -1
    outer loop
      vertex 1.3036039517605165 -6 0
      vertex 4.580043589219416 -4.289515506815349 0
      vertex 4.416181245776396 -5.95519039631152 0
    endloop
  endfacet
  facet normal 0 0 -1
    outer loop
      vertex 4.416181245776396 -5.95519039631152 0
      vertex 4.580043589219416 -4.289515506815349 0
      vertex 4.795994833668561 -4.903398922148599 0
    endloop
  endfacet
  facet normal 0 0 1
    outer loop
      vertex -1.6833333333333353 -4.8 1.2
      vertex -1.3533464032675568 -6 1.2
      vertex 3.7987948946396926 -5.7770129515199455 1.2
    endloop
  endfacet
  facet normal 0 0 1
    outer loop
      vertex -1.6833333333333353 -4.8 1.2
      vertex 3.7987948946396926 -5.7770129515199455 1.2
      vertex 3.8499999999999996 -5 1.2
    endloop
  endfacet
  facet normal 0 0 1
    outer loop
      vertex -1.6833333333333353 -4.8 1.2
      vertex 3.8499999999999996 -5 1.2
      vertex 3.8499999999999996 -4.8 1.2
    endloop
  endfacet
  facet normal 0 0 1
    outer loop
      vertex 3.7987948946396926 -5.7770129515199455 1.2
      vertex 4.976591939655604 -5.986917375384167 1.2
      vertex 3.8499999999999996 -5 1.2
    endloop
  endfacet
  facet normal 0 0 1
    outer loop
      vertex 3.8499999999999996 -5 1.2
      vertex 4.976591939655604 -5.986917375384167 1.2
      vertex 5.05 -5 1.2
    endloop
  endfacet
  facet normal 1 0 0
    outer loop
      vertex 5.05 -5 1.2
      vertex 5.05 -4.2 1.008
      vertex 5.05 -4.2 1.2
    endloop
  endfacet
  facet normal -0.941544065183021 -0.3368898533922191 0
    outer loop
      vertex -12.910220527410553 -1.2054528119500327 8.3
      vertex -13 -0.9545359952495875 8.4
      vertex -13 -0.9545359952495875 8.3
    endloop
  endfacet
  facet normal 0 0 -1
    outer loop
      vertex -12.778051982697319 -1.4848997210018926 8.3
      vertex -12.619129278753018 1.7500462340117469 8.3
      vertex -12.619129278753018 -1.7500462340117469 8.3
    endloop
  endfacet
  facet normal 0 0 -1
    outer loop
      vertex -12.910220527410553 -1.2054528119500327 8.3
      vertex -13 -0.9545359952495875 8.3
      vertex -13 0.9545359952495875 8.3
    endloop
  endfacet
  facet normal 0 0 -1
    outer loop
      vertex -12.778051982697319 -1.4848997210018926 8.3
      vertex -12.910220527410553 -1.2054528119500327 8.3
      vertex -12.778051982697319 1.4848997210018926 8.3
    endloop
  endfacet
  facet normal 0 0 -1
    outer loop
      vertex -12.910220527410553 -1.2054528119500327 8.3
      vertex -13 0.9545359952495875 8.3
      vertex -12.910220527410553 1.2054528119500327 8.3
    endloop
  endfacet
  facet normal 0 0 -1
    outer loop
      vertex -12.910220527410553 -1.2054528119500327 8.3
      vertex -12.910220527410553 1.2054528119500327 8.3
      vertex -12.778051982697319 1.4848997210018926 8.3
    endloop
  endfacet
  facet normal 0 0 -1
    outer loop
      vertex -12.778051982697319 -1.4848997210018926 8.3
      vertex -12.778051982697319 1.4848997210018926 8.3
      vertex -12.619129278753018 1.7500462340117469 8.3
    endloop
  endfacet
  facet normal 0 0 -1
    outer loop
      vertex -12.619129278753018 -1.7500462340117469 8.3
      vertex -12.619129278753018 1.7500462340117469 8.3
      vertex -12.434982928092621 1.9983388451154833 8.3
    endloop
  endfacet
  facet normal -0.941544065183021 0.3368898533922191 0
    outer loop
      vertex -12.910220527410553 1.2054528119500327 8.3
      vertex -13 0.9545359952495875 8.3
      vertex -13 0.9545359952495875 8.4
    endloop
  endfacet
  facet normal 0 0 -1
    outer loop
      vertex -12.619129278753018 -1.7500462340117469 8.3
      vertex -12.434982928092621 1.9983388451154833 8.3
      vertex -12.434982928092621 -1.9983388451154833 8.3
    endloop
  endfacet
  facet normal 0 0 -1
    outer loop
      vertex -12.227386360737626 -2.2273863607376247 8.3
      vertex -12.434982928092621 -1.9983388451154833 8.3
      vertex -12.227386360737626 2.2273863607376247 8.3
    endloop
  endfacet
  facet normal 0 0 -1
    outer loop
      vertex -12.227386360737626 -2.2273863607376247 8.3
      vertex -11.998338845115484 2.4349829280926216 8.3
      vertex -11.998338845115484 -2.4349829280926216 8.3
    endloop
  endfacet
  facet normal 0 0 -1
    outer loop
      vertex -11.998338845115484 -2.4349829280926216 8.3
      vertex -11.750046234011746 2.6191292787530176 8.3
      vertex -11.750046234011746 -2.6191292787530176 8.3
    endloop
  endfacet
  facet normal 0 0 -1
    outer loop
      vertex -11.484899721001893 -2.7780519826973182 8.3
      vertex -11.750046234011746 -2.6191292787530176 8.3
      vertex -11.484899721001893 2.7780519826973182 8.3
    endloop
  endfacet
  facet normal 0 0 -1
    outer loop
      vertex -11.484899721001893 -2.7780519826973182 8.3
      vertex -11.205452811950032 2.9102205274105533 8.3
      vertex -11.205452811950032 -2.9102205274105533 8.3
    endloop
  endfacet
  facet normal 0 0 -1
    outer loop
      vertex -12.434982928092621 -1.9983388451154833 8.3
      vertex -12.434982928092621 1.9983388451154833 8.3
      vertex -12.227386360737626 2.2273863607376247 8.3
    endloop
  endfacet
  facet normal 0 0 -1
    outer loop
      vertex -12.227386360737626 -2.2273863607376247 8.3
      vertex -12.227386360737626 2.2273863607376247 8.3
      vertex -11.998338845115484 2.4349829280926216 8.3
    endloop
  endfacet
  facet normal 0 0 -1
    outer loop
      vertex -11.998338845115484 -2.4349829280926216 8.3
      vertex -11.998338845115484 2.4349829280926216 8.3
      vertex -11.750046234011746 2.6191292787530176 8.3
    endloop
  endfacet
  facet normal 0 0 -1
    outer loop
      vertex -11.750046234011746 -2.6191292787530176 8.3
      vertex -11.750046234011746 2.6191292787530176 8.3
      vertex -11.484899721001893 2.7780519826973182 8.3
    endloop
  endfacet
  facet normal 0 0 -1
    outer loop
      vertex -11.484899721001893 -2.7780519826973182 8.3
      vertex -11.484899721001893 2.7780519826973182 8.3
      vertex -11.205452811950032 2.9102205274105533 8.3
    endloop
  endfacet
  facet normal -0.8032075314806438 -0.5956993044924348 0
    outer loop
      vertex -12.619129278753018 -1.7500462340117469 8.3
      vertex -12.434982928092621 -1.9983388451154833 8.3
      vertex -12.619129278753018 -1.7500462340117469 11.3
    endloop
  endfacet
  facet normal -0.9039892931234438 -0.4275550934302811 0
    outer loop
      vertex -12.778051982697319 -1.4848997210018926 8.3
      vertex -12.910220527410553 -1.2054528119500327 11.3
      vertex -12.910220527410553 -1.2054528119500327 8.3
    endloop
  endfacet
  facet normal -0.8577286100002722 -0.5141027441932214 0
    outer loop
      vertex -12.778051982697319 -1.4848997210018926 8.3
      vertex -12.619129278753018 -1.7500462340117469 8.3
      vertex -12.778051982697319 -1.4848997210018926 11.3
    endloop
  endfacet
  facet normal -0.5956993044924311 -0.8032075314806464 0
    outer loop
      vertex -11.998338845115484 -2.4349829280926216 8.3
      vertex -11.750046234011746 -2.6191292787530176 8.3
      vertex -11.750046234011746 -2.6191292787530176 11.3
    endloop
  endfacet
  facet normal -0.5141027441932233 -0.8577286100002711 0
    outer loop
      vertex -11.484899721001893 -2.7780519826973182 8.3
      vertex -11.484899721001893 -2.7780519826973182 11.3
      vertex -11.750046234011746 -2.6191292787530176 8.3
    endloop
  endfacet
  facet normal -0.4275550934302803 -0.9039892931234441 0
    outer loop
      vertex -11.484899721001893 -2.7780519826973182 8.3
      vertex -11.205452811950032 -2.9102205274105533 8.3
      vertex -11.205452811950032 -2.9102205274105533 11.3
    endloop
  endfacet
  facet normal -0.740951125354961 -0.6715589548470162 0
    outer loop
      vertex -12.227386360737626 -2.2273863607376247 8.3
      vertex -12.434982928092621 -1.9983388451154833 11.3
      vertex -12.434982928092621 -1.9983388451154833 8.3
    endloop
  endfacet
  facet normal -0.6715589548470179 -0.7409511253549595 0
    outer loop
      vertex -12.227386360737626 -2.2273863607376247 8.3
      vertex -11.998338845115484 -2.4349829280926216 8.3
      vertex -11.998338845115484 -2.4349829280926216 11.3
    endloop
  endfacet
  facet normal -0.9415440651830213 -0.3368898533922191 0
    outer loop
      vertex -12.910220527410553 -1.2054528119500327 8.3
      vertex -12.910220527410553 -1.2054528119500327 11.3
      vertex -13.014362057556458 -0.9143967333515564 11.3
    endloop
  endfacet
  facet normal -0.8577286100002722 -0.5141027441932214 0
    outer loop
      vertex -12.619129278753018 -1.7500462340117469 8.3
      vertex -12.619129278753018 -1.7500462340117469 11.3
      vertex -12.778051982697319 -1.4848997210018926 11.3
    endloop
  endfacet
  facet normal -0.9039892931234438 -0.4275550934302811 0
    outer loop
      vertex -12.778051982697319 -1.4848997210018926 8.3
      vertex -12.778051982697319 -1.4848997210018926 11.3
      vertex -12.910220527410553 -1.2054528119500327 11.3
    endloop
  endfacet
  facet normal -0.5956993044924311 -0.8032075314806464 0
    outer loop
      vertex -11.998338845115484 -2.4349829280926216 8.3
      vertex -11.750046234011746 -2.6191292787530176 11.3
      vertex -11.998338845115484 -2.4349829280926216 11.3
    endloop
  endfacet
  facet normal -0.5141027441932233 -0.8577286100002711 0
    outer loop
      vertex -11.750046234011746 -2.6191292787530176 8.3
      vertex -11.484899721001893 -2.7780519826973182 11.3
      vertex -11.750046234011746 -2.6191292787530176 11.3
    endloop
  endfacet
  facet normal -0.4275550934302803 -0.9039892931234441 0
    outer loop
      vertex -11.484899721001893 -2.7780519826973182 8.3
      vertex -11.205452811950032 -2.9102205274105533 11.3
      vertex -11.484899721001893 -2.7780519826973182 11.3
    endloop
  endfacet
  facet normal -0.740951125354961 -0.6715589548470162 0
    outer loop
      vertex -12.227386360737626 -2.2273863607376247 8.3
      vertex -12.227386360737626 -2.2273863607376247 11.3
      vertex -12.434982928092621 -1.9983388451154833 11.3
    endloop
  endfacet
  facet normal -0.8032075314806438 -0.5956993044924348 0
    outer loop
      vertex -12.434982928092621 -1.9983388451154833 8.3
      vertex -12.434982928092621 -1.9983388451154833 11.3
      vertex -12.619129278753018 -1.7500462340117469 11.3
    endloop
  endfacet
  facet normal -0.6715589548470179 -0.7409511253549595 0
    outer loop
      vertex -12.227386360737626 -2.2273863607376247 8.3
      vertex -11.998338845115484 -2.4349829280926216 11.3
      vertex -12.227386360737626 -2.2273863607376247 11.3
    endloop
  endfacet
  facet normal 0 0 1
    outer loop
      vertex -11.484899721001893 -2.7780519826973182 11.3
      vertex -11.205452811950032 -2.9102205274105533 11.3
      vertex -11.333368559247045 -1.9955270695261085 11.3
    endloop
  endfacet
  facet normal 0 0 1
    outer loop
      vertex -11.998338845115484 -2.4349829280926216 11.3
      vertex -11.750046234011746 -2.6191292787530176 11.3
      vertex -11.855225088070569 -1.522543881992749 11.3
    endloop
  endfacet
  facet normal 0 0 1
    outer loop
      vertex -12.227386360737626 -2.2273863607376247 11.3
      vertex -11.998338845115484 -2.4349829280926216 11.3
      vertex -12.116611034436051 -1.1313521683823944 11.3
    endloop
  endfacet
  facet normal 0 0 1
    outer loop
      vertex -11.998338845115484 -2.4349829280926216 11.3
      vertex -11.855225088070569 -1.522543881992749 11.3
      vertex -11.995527069526108 -1.3333685592470452 11.3
    endloop
  endfacet
  facet normal 0 0 1
    outer loop
      vertex -12.227386360737626 -2.2273863607376247 11.3
      vertex -12.353884672967753 -0.4682167728387078 11.3
      vertex -12.434982928092621 -1.9983388451154833 11.3
    endloop
  endfacet
  facet normal 0 0 1
    outer loop
      vertex -12.227386360737626 -2.2273863607376247 11.3
      vertex -12.116611034436051 -1.1313521683823944 11.3
      vertex -12.217310878027089 -0.9184402376762154 11.3
    endloop
  endfacet
  facet normal 0 0 1
    outer loop
      vertex -12.227386360737626 -2.2273863607376247 11.3
      vertex -12.217310878027089 -0.9184402376762154 11.3
      vertex -12.296656805757301 -0.6966832254107096 11.3
    endloop
  endfacet
  facet normal 0 0 1
    outer loop
      vertex -12.227386360737626 -2.2273863607376247 11.3
      vertex -12.296656805757301 -0.6966832254107096 11.3
      vertex -12.353884672967753 -0.4682167728387078 11.3
    endloop
  endfacet
  facet normal 0 0 1
    outer loop
      vertex -11.998338845115484 -2.4349829280926216 11.3
      vertex -11.995527069526108 -1.3333685592470452 11.3
      vertex -12.116611034436051 -1.1313521683823944 11.3
    endloop
  endfacet
  facet normal 0 0 1
    outer loop
      vertex -11.484899721001893 -2.7780519826973182 11.3
      vertex -11.697056274847714 -1.697056274847714 11.3
      vertex -11.750046234011746 -2.6191292787530176 11.3
    endloop
  endfacet
  facet normal 0 0 1
    outer loop
      vertex -11.484899721001893 -2.7780519826973182 11.3
      vertex -11.52254388199275 -1.8552250880705687 11.3
      vertex -11.697056274847714 -1.697056274847714 11.3
    endloop
  endfacet
  facet normal 0 0 1
    outer loop
      vertex -11.855225088070569 -1.522543881992749 11.3
      vertex -11.750046234011746 -2.6191292787530176 11.3
      vertex -11.697056274847714 -1.697056274847714 11.3
    endloop
  endfacet
  facet normal 0 0 1
    outer loop
      vertex -11.484899721001893 -2.7780519826973182 11.3
      vertex -11.333368559247045 -1.9955270695261085 11.3
      vertex -11.52254388199275 -1.8552250880705687 11.3
    endloop
  endfacet
  facet normal 0 0 1
    outer loop
      vertex -11.205452811950032 -2.9102205274105533 11.3
      vertex -11.131352168382394 -2.116611034436052 11.3
      vertex -11.333368559247045 -1.9955270695261085 11.3
    endloop
  endfacet
  facet normal -0.9415440651830211 -0.3368898533922191 4.514144227105727e-18
    outer loop
      vertex -12.910220527410553 -1.2054528119500327 8.3
      vertex -13.014362057556458 -0.9143967333515564 11.3
      vertex -13 -0.9545359952495875 8.4
    endloop
  endfacet
  facet normal -0.9415440651830213 -0.33688985339221894 0
    outer loop
      vertex -13.014362057556458 -0.9143967333515564 11.3
      vertex -13.014362057556458 -0.9143967333515564 8.4
      vertex -13 -0.9545359952495875 8.4
    endloop
  endfacet
  facet normal -0.9700312531945438 -0.24298017990326448 0
    outer loop
      vertex -13.089473633270176 -0.614534514350804 11.3
      vertex -13.089473633270176 -0.614534514350804 8.4
      vertex -13.014362057556458 -0.9143967333515564 8.4
    endloop
  endfacet
  facet normal -0.9891765099647811 -0.14673047445536108 0
    outer loop
      vertex -13.13483188901742 -0.3087539920381159 11.3
      vertex -13.13483188901742 -0.3087539920381159 8.4
      vertex -13.089473633270176 -0.614534514350804 8.4
    endloop
  endfacet
  facet normal -0.9987954562051723 -0.049067674327420346 0
    outer loop
      vertex -13.15 0 11.3
      vertex -13.15 0 8.4
      vertex -13.13483188901742 -0.3087539920381159 8.4
    endloop
  endfacet
  facet normal -0.9987954562051723 0.049067674327420346 0
    outer loop
      vertex -13.13483188901742 0.3087539920381159 11.3
      vertex -13.13483188901742 0.3087539920381159 8.4
      vertex -13.15 0 8.4
    endloop
  endfacet
  facet normal -0.9891765099647811 0.14673047445536108 0
    outer loop
      vertex -13.089473633270176 0.614534514350804 11.3
      vertex -13.089473633270176 0.614534514350804 8.4
      vertex -13.13483188901742 0.3087539920381159 8.4
    endloop
  endfacet
  facet normal -0.9700312531945438 0.24298017990326448 0
    outer loop
      vertex -13.014362057556458 0.9143967333515564 11.3
      vertex -13.014362057556458 0.9143967333515564 8.4
      vertex -13.089473633270176 0.614534514350804 8.4
    endloop
  endfacet
  facet normal -0.9415440651830214 0.33688985339221866 2.8062962869017634e-17
    outer loop
      vertex -12.910220527410553 1.2054528119500327 11.3
      vertex -13 0.9545359952495875 8.4
      vertex -13.014362057556458 0.9143967333515564 8.4
    endloop
  endfacet
  facet normal -0.9415440651830211 0.3368898533922191 0
    outer loop
      vertex -12.910220527410553 1.2054528119500327 8.3
      vertex -13 0.9545359952495875 8.4
      vertex -12.910220527410553 1.2054528119500327 11.3
    endloop
  endfacet
  facet normal -0.9039892931234438 0.4275550934302811 0
    outer loop
      vertex -12.910220527410553 1.2054528119500327 8.3
      vertex -12.778051982697319 1.4848997210018926 11.3
      vertex -12.778051982697319 1.4848997210018926 8.3
    endloop
  endfacet
  facet normal -0.8577286100002722 0.5141027441932214 0
    outer loop
      vertex -12.778051982697319 1.4848997210018926 8.3
      vertex -12.619129278753018 1.7500462340117469 11.3
      vertex -12.619129278753018 1.7500462340117469 8.3
    endloop
  endfacet
  facet normal -0.8032075314806438 0.5956993044924348 0
    outer loop
      vertex -12.619129278753018 1.7500462340117469 8.3
      vertex -12.434982928092621 1.9983388451154833 11.3
      vertex -12.434982928092621 1.9983388451154833 8.3
    endloop
  endfacet
  facet normal -0.740951125354961 0.6715589548470162 0
    outer loop
      vertex -12.434982928092621 1.9983388451154833 8.3
      vertex -12.227386360737626 2.2273863607376247 11.3
      vertex -12.227386360737626 2.2273863607376247 8.3
    endloop
  endfacet
  facet normal -0.6715589548470179 0.7409511253549595 0
    outer loop
      vertex -12.227386360737626 2.2273863607376247 8.3
      vertex -12.227386360737626 2.2273863607376247 11.3
      vertex -11.998338845115484 2.4349829280926216 8.3
    endloop
  endfacet
  facet normal -0.5956993044924311 0.8032075314806464 0
    outer loop
      vertex -11.998338845115484 2.4349829280926216 8.3
      vertex -11.998338845115484 2.4349829280926216 11.3
      vertex -11.750046234011746 2.6191292787530176 8.3
    endloop
  endfacet
  facet normal -0.5141027441932233 0.8577286100002711 0
    outer loop
      vertex -11.750046234011746 2.6191292787530176 8.3
      vertex -11.750046234011746 2.6191292787530176 11.3
      vertex -11.484899721001893 2.7780519826973182 8.3
    endloop
  endfacet
  facet normal -0.4275550934302803 0.9039892931234441 0
    outer loop
      vertex -11.484899721001893 2.7780519826973182 8.3
      vertex -11.484899721001893 2.7780519826973182 11.3
      vertex -11.205452811950032 2.9102205274105533 8.3
    endloop
  endfacet
  facet normal -0.9700312531945438 -0.24298017990326448 0
    outer loop
      vertex -13.014362057556458 -0.9143967333515564 11.3
      vertex -13.089473633270176 -0.614534514350804 11.3
      vertex -13.014362057556458 -0.9143967333515564 8.4
    endloop
  endfacet
  facet normal -0.9891765099647811 -0.14673047445536108 0
    outer loop
      vertex -13.089473633270176 -0.614534514350804 11.3
      vertex -13.13483188901742 -0.3087539920381159 11.3
      vertex -13.089473633270176 -0.614534514350804 8.4
    endloop
  endfacet
  facet normal -0.9987954562051723 -0.049067674327420346 0
    outer loop
      vertex -13.13483188901742 -0.3087539920381159 11.3
      vertex -13.15 0 11.3
      vertex -13.13483188901742 -0.3087539920381159 8.4
    endloop
  endfacet
  facet normal -0.9987954562051723 0.049067674327420346 0
    outer loop
      vertex -13.15 0 11.3
      vertex -13.13483188901742 0.3087539920381159 11.3
      vertex -13.15 0 8.4
    endloop
  endfacet
  facet normal -0.9891765099647811 0.14673047445536108 0
    outer loop
      vertex -13.13483188901742 0.3087539920381159 11.3
      vertex -13.089473633270176 0.614534514350804 11.3
      vertex -13.13483188901742 0.3087539920381159 8.4
    endloop
  endfacet
  facet normal -0.9700312531945438 0.24298017990326448 0
    outer loop
      vertex -13.089473633270176 0.614534514350804 11.3
      vertex -13.014362057556458 0.9143967333515564 11.3
      vertex -13.089473633270176 0.614534514350804 8.4
    endloop
  endfacet
  facet normal -0.941544065183021 0.336889853392219 0
    outer loop
      vertex -13.014362057556458 0.9143967333515564 11.3
      vertex -12.910220527410553 1.2054528119500327 11.3
      vertex -13.014362057556458 0.9143967333515564 8.4
    endloop
  endfacet
  facet normal -0.9039892931234438 0.4275550934302811 0
    outer loop
      vertex -12.910220527410553 1.2054528119500327 8.3
      vertex -12.910220527410553 1.2054528119500327 11.3
      vertex -12.778051982697319 1.4848997210018926 11.3
    endloop
  endfacet
  facet normal 0 0 1
    outer loop
      vertex -12.778051982697319 -1.4848997210018926 11.3
      vertex -12.910220527410553 1.2054528119500327 11.3
      vertex -12.910220527410553 -1.2054528119500327 11.3
    endloop
  endfacet
  facet normal 0 0 1
    outer loop
      vertex -12.778051982697319 -1.4848997210018926 11.3
      vertex -12.619129278753018 -1.7500462340117469 11.3
      vertex -12.778051982697319 1.4848997210018926 11.3
    endloop
  endfacet
  facet normal 0 0 1
    outer loop
      vertex -12.619129278753018 -1.7500462340117469 11.3
      vertex -12.434982928092621 -1.9983388451154833 11.3
      vertex -12.619129278753018 1.7500462340117469 11.3
    endloop
  endfacet
  facet normal 0 0 1
    outer loop
      vertex -13.014362057556458 -0.9143967333515564 11.3
      vertex -13.089473633270176 0.614534514350804 11.3
      vertex -13.089473633270176 -0.614534514350804 11.3
    endloop
  endfacet
  facet normal 0 0 1
    outer loop
      vertex -13.089473633270176 -0.614534514350804 11.3
      vertex -13.13483188901742 0.3087539920381159 11.3
      vertex -13.13483188901742 -0.3087539920381159 11.3
    endloop
  endfacet
  facet normal 0 0 1
    outer loop
      vertex -12.910220527410553 -1.2054528119500327 11.3
      vertex -13.014362057556458 0.9143967333515564 11.3
      vertex -13.014362057556458 -0.9143967333515564 11.3
    endloop
  endfacet
  facet normal 0 0 1
    outer loop
      vertex -13.13483188901742 -0.3087539920381159 11.3
      vertex -13.13483188901742 0.3087539920381159 11.3
      vertex -13.15 0 11.3
    endloop
  endfacet
  facet normal 0 0 1
    outer loop
      vertex -13.089473633270176 -0.614534514350804 11.3
      vertex -13.089473633270176 0.614534514350804 11.3
      vertex -13.13483188901742 0.3087539920381159 11.3
    endloop
  endfacet
  facet normal 0 0 1
    outer loop
      vertex -13.014362057556458 -0.9143967333515564 11.3
      vertex -13.014362057556458 0.9143967333515564 11.3
      vertex -13.089473633270176 0.614534514350804 11.3
    endloop
  endfacet
  facet normal 0 0 1
    outer loop
      vertex -12.910220527410553 -1.2054528119500327 11.3
      vertex -12.910220527410553 1.2054528119500327 11.3
      vertex -13.014362057556458 0.9143967333515564 11.3
    endloop
  endfacet
  facet normal 0 0 1
    outer loop
      vertex -12.778051982697319 -1.4848997210018926 11.3
      vertex -12.778051982697319 1.4848997210018926 11.3
      vertex -12.910220527410553 1.2054528119500327 11.3
    endloop
  endfacet
  facet normal 0 0 1
    outer loop
      vertex -12.619129278753018 -1.7500462340117469 11.3
      vertex -12.619129278753018 1.7500462340117469 11.3
      vertex -12.778051982697319 1.4848997210018926 11.3
    endloop
  endfacet
  facet normal 0 0 1
    outer loop
      vertex -12.434982928092621 -1.9983388451154833 11.3
      vertex -12.353884672967753 -0.4682167728387078 11.3
      vertex -12.388443344013272 -0.23524113679094544 11.3
    endloop
  endfacet
  facet normal 0 0 1
    outer loop
      vertex -12.434982928092621 -1.9983388451154833 11.3
      vertex -12.388443344013272 -0.23524113679094544 11.3
      vertex -12.4 0 11.3
    endloop
  endfacet
  facet normal 0 0 1
    outer loop
      vertex -12.434982928092621 -1.9983388451154833 11.3
      vertex -12.4 0 11.3
      vertex -12.434982928092621 1.9983388451154833 11.3
    endloop
  endfacet
  facet normal 0 0 1
    outer loop
      vertex -12.434982928092621 -1.9983388451154833 11.3
      vertex -12.434982928092621 1.9983388451154833 11.3
      vertex -12.619129278753018 1.7500462340117469 11.3
    endloop
  endfacet
  facet normal 0 0 1
    outer loop
      vertex -12.4 0 11.3
      vertex -12.388443344013272 0.23524113679094544 11.3
      vertex -12.434982928092621 1.9983388451154833 11.3
    endloop
  endfacet
  facet normal 0 0 1
    outer loop
      vertex -12.388443344013272 0.23524113679094544 11.3
      vertex -12.353884672967753 0.4682167728387078 11.3
      vertex -12.434982928092621 1.9983388451154833 11.3
    endloop
  endfacet
  facet normal 0 0 1
    outer loop
      vertex -12.353884672967753 0.4682167728387078 11.3
      vertex -12.296656805757301 0.6966832254107096 11.3
      vertex -12.434982928092621 1.9983388451154833 11.3
    endloop
  endfacet
  facet normal 0 0 1
    outer loop
      vertex -12.296656805757301 0.6966832254107096 11.3
      vertex -12.217310878027089 0.9184402376762154 11.3
      vertex -12.434982928092621 1.9983388451154833 11.3
    endloop
  endfacet
  facet normal 0 0 1
    outer loop
      vertex -12.217310878027089 0.9184402376762154 11.3
      vertex -12.116611034436051 1.1313521683823944 11.3
      vertex -12.227386360737626 2.2273863607376247 11.3
    endloop
  endfacet
  facet normal 0 0 1
    outer loop
      vertex -12.116611034436051 1.1313521683823944 11.3
      vertex -11.995527069526108 1.3333685592470452 11.3
      vertex -12.227386360737626 2.2273863607376247 11.3
    endloop
  endfacet
  facet normal -0.8577286100002722 0.5141027441932214 0
    outer loop
      vertex -12.778051982697319 1.4848997210018926 8.3
      vertex -12.778051982697319 1.4848997210018926 11.3
      vertex -12.619129278753018 1.7500462340117469 11.3
    endloop
  endfacet
  facet normal -0.8032075314806438 0.5956993044924348 0
    outer loop
      vertex -12.619129278753018 1.7500462340117469 8.3
      vertex -12.619129278753018 1.7500462340117469 11.3
      vertex -12.434982928092621 1.9983388451154833 11.3
    endloop
  endfacet
  facet normal -0.740951125354961 0.6715589548470162 0
    outer loop
      vertex -12.434982928092621 1.9983388451154833 8.3
      vertex -12.434982928092621 1.9983388451154833 11.3
      vertex -12.227386360737626 2.2273863607376247 11.3
    endloop
  endfacet
  facet normal -0.6715589548470179 0.7409511253549595 0
    outer loop
      vertex -11.998338845115484 2.4349829280926216 8.3
      vertex -12.227386360737626 2.2273863607376247 11.3
      vertex -11.998338845115484 2.4349829280926216 11.3
    endloop
  endfacet
  facet normal -0.5956993044924311 0.8032075314806464 0
    outer loop
      vertex -11.750046234011746 2.6191292787530176 8.3
      vertex -11.998338845115484 2.4349829280926216 11.3
      vertex -11.750046234011746 2.6191292787530176 11.3
    endloop
  endfacet
  facet normal -0.5141027441932233 0.8577286100002711 0
    outer loop
      vertex -11.484899721001893 2.7780519826973182 8.3
      vertex -11.750046234011746 2.6191292787530176 11.3
      vertex -11.484899721001893 2.7780519826973182 11.3
    endloop
  endfacet
  facet normal -0.4275550934302803 0.9039892931234441 0
    outer loop
      vertex -11.205452811950032 2.9102205274105533 8.3
      vertex -11.484899721001893 2.7780519826973182 11.3
      vertex -11.205452811950032 2.9102205274105533 11.3
    endloop
  endfacet
  facet normal 0 0 1
    outer loop
      vertex -12.217310878027089 0.9184402376762154 11.3
      vertex -12.227386360737626 2.2273863607376247 11.3
      vertex -12.434982928092621 1.9983388451154833 11.3
    endloop
  endfacet
  facet normal 0 0 1
    outer loop
      vertex -11.995527069526108 1.3333685592470452 11.3
      vertex -11.855225088070569 1.522543881992749 11.3
      vertex -11.998338845115484 2.4349829280926216 11.3
    endloop
  endfacet
  facet normal 0 0 1
    outer loop
      vertex -11.855225088070569 1.522543881992749 11.3
      vertex -11.697056274847714 1.697056274847714 11.3
      vertex -11.998338845115484 2.4349829280926216 11.3
    endloop
  endfacet
  facet normal 0 0 1
    outer loop
      vertex -11.995527069526108 1.3333685592470452 11.3
      vertex -11.998338845115484 2.4349829280926216 11.3
      vertex -12.227386360737626 2.2273863607376247 11.3
    endloop
  endfacet
  facet normal 0 0 1
    outer loop
      vertex -11.697056274847714 1.697056274847714 11.3
      vertex -11.52254388199275 1.8552250880705687 11.3
      vertex -11.750046234011746 2.6191292787530176 11.3
    endloop
  endfacet
  facet normal 0 0 1
    outer loop
      vertex -11.52254388199275 1.8552250880705687 11.3
      vertex -11.333368559247045 1.9955270695261085 11.3
      vertex -11.750046234011746 2.6191292787530176 11.3
    endloop
  endfacet
  facet normal 0 0 1
    outer loop
      vertex -11.998338845115484 2.4349829280926216 11.3
      vertex -11.697056274847714 1.697056274847714 11.3
      vertex -11.750046234011746 2.6191292787530176 11.3
    endloop
  endfacet
  facet normal 0 0 1
    outer loop
      vertex -11.333368559247045 1.9955270695261085 11.3
      vertex -11.484899721001893 2.7780519826973182 11.3
      vertex -11.750046234011746 2.6191292787530176 11.3
    endloop
  endfacet
  facet normal 0 0 1
    outer loop
      vertex -11.333368559247045 1.9955270695261085 11.3
      vertex -11.131352168382394 2.116611034436052 11.3
      vertex -11.484899721001893 2.7780519826973182 11.3
    endloop
  endfacet
  facet normal 0 0 1
    outer loop
      vertex -11.131352168382394 2.116611034436052 11.3
      vertex -11.205452811950032 2.9102205274105533 11.3
      vertex -11.484899721001893 2.7780519826973182 11.3
    endloop
  endfacet
  facet normal 0 0 -1
    outer loop
      vertex -11.205452811950032 -2.9102205274105533 8.3
      vertex -10.914396733351555 3.0143620575564576 8.3
      vertex -10.914396733351555 -3.0143620575564576 8.3
    endloop
  endfacet
  facet normal 0 0 -1
    outer loop
      vertex -10.914396733351555 -3.0143620575564576 8.3
      vertex -10.614534514350805 3.0894736332701758 8.3
      vertex -10.614534514350805 -3.0894736332701758 8.3
    endloop
  endfacet
  facet normal 0 0 -1
    outer loop
      vertex -10.614534514350805 -3.0894736332701758 8.3
      vertex -10.308753992038115 3.1348318890174203 8.3
      vertex -10.308753992038115 -3.1348318890174203 8.3
    endloop
  endfacet
  facet normal 0 0 -1
    outer loop
      vertex -10.308753992038115 -3.1348318890174203 8.3
      vertex -10 3.15 8.3
      vertex -10 -3.15 8.3
    endloop
  endfacet
  facet normal 0 0 -1
    outer loop
      vertex -9.691246007961885 -3.1348318890174203 8.3
      vertex -10 -3.15 8.3
      vertex -9.691246007961885 3.1348318890174203 8.3
    endloop
  endfacet
  facet normal 0 0 -1
    outer loop
      vertex -11.205452811950032 -2.9102205274105533 8.3
      vertex -11.205452811950032 2.9102205274105533 8.3
      vertex -10.914396733351555 3.0143620575564576 8.3
    endloop
  endfacet
  facet normal 0 0 -1
    outer loop
      vertex -10.914396733351555 -3.0143620575564576 8.3
      vertex -10.914396733351555 3.0143620575564576 8.3
      vertex -10.614534514350805 3.0894736332701758 8.3
    endloop
  endfacet
  facet normal 0 0 -1
    outer loop
      vertex -10.614534514350805 -3.0894736332701758 8.3
      vertex -10.614534514350805 3.0894736332701758 8.3
      vertex -10.308753992038115 3.1348318890174203 8.3
    endloop
  endfacet
  facet normal 0 0 -1
    outer loop
      vertex -10.308753992038115 -3.1348318890174203 8.3
      vertex -10.308753992038115 3.1348318890174203 8.3
      vertex -10 3.15 8.3
    endloop
  endfacet
  facet normal 0 0 -1
    outer loop
      vertex -9.691246007961885 3.1348318890174203 8.3
      vertex -10 -3.15 8.3
      vertex -10 3.15 8.3
    endloop
  endfacet
  facet normal 0 0 -1
    outer loop
      vertex -9.691246007961885 -3.1348318890174203 8.3
      vertex -9.385465485649195 3.0894736332701758 8.3
      vertex -9.385465485649195 -3.0894736332701758 8.3
    endloop
  endfacet
  facet normal 0 0 -1
    outer loop
      vertex -9.385465485649195 -3.0894736332701758 8.3
      vertex -9.085603266648445 3.0143620575564576 8.3
      vertex -9.085603266648445 -3.0143620575564576 8.3
    endloop
  endfacet
  facet normal 0 0 -1
    outer loop
      vertex -9.085603266648445 -3.0143620575564576 8.3
      vertex -8.794547188049968 2.9102205274105533 8.3
      vertex -8.794547188049968 -2.9102205274105533 8.3
    endloop
  endfacet
  facet normal 0 0 -1
    outer loop
      vertex -8.794547188049968 -2.9102205274105533 8.3
      vertex -8.515100278998107 2.7780519826973182 8.3
      vertex -8.515100278998107 -2.7780519826973182 8.3
    endloop
  endfacet
  facet normal 0 0 -1
    outer loop
      vertex -9.691246007961885 -3.1348318890174203 8.3
      vertex -9.691246007961885 3.1348318890174203 8.3
      vertex -9.385465485649195 3.0894736332701758 8.3
    endloop
  endfacet
  facet normal 0 0 -1
    outer loop
      vertex -9.385465485649195 -3.0894736332701758 8.3
      vertex -9.385465485649195 3.0894736332701758 8.3
      vertex -9.085603266648445 3.0143620575564576 8.3
    endloop
  endfacet
  facet normal 0 0 -1
    outer loop
      vertex -8.515100278998107 -2.7780519826973182 8.3
      vertex -8.515100278998107 2.7780519826973182 8.3
      vertex -8.249953765988254 2.6191292787530176 8.3
    endloop
  endfacet
  facet normal 0 0 -1
    outer loop
      vertex -9.085603266648445 -3.0143620575564576 8.3
      vertex -9.085603266648445 3.0143620575564576 8.3
      vertex -8.794547188049968 2.9102205274105533 8.3
    endloop
  endfacet
  facet normal 0 0 -1
    outer loop
      vertex -8.794547188049968 -2.9102205274105533 8.3
      vertex -8.794547188049968 2.9102205274105533 8.3
      vertex -8.515100278998107 2.7780519826973182 8.3
    endloop
  endfacet
  facet normal 0 0 -1
    outer loop
      vertex -8.515100278998107 -2.7780519826973182 8.3
      vertex -8.249953765988254 2.6191292787530176 8.3
      vertex -8.249953765988254 -2.6191292787530176 8.3
    endloop
  endfacet
  facet normal 0 0 -1
    outer loop
      vertex -8.249953765988254 -2.6191292787530176 8.3
      vertex -8.001661154884516 2.4349829280926216 8.3
      vertex -8.001661154884516 -2.4349829280926216 8.3
    endloop
  endfacet
  facet normal 0 0 -1
    outer loop
      vertex -8.001661154884516 -2.4349829280926216 8.3
      vertex -7.772613639262375 2.2273863607376247 8.3
      vertex -7.772613639262375 -2.2273863607376247 8.3
    endloop
  endfacet
  facet normal 0 0 -1
    outer loop
      vertex -7.772613639262375 -2.2273863607376247 8.3
      vertex -7.565017071907379 1.9983388451154833 8.3
      vertex -7.565017071907379 -1.9983388451154833 8.3
    endloop
  endfacet
  facet normal 0 0 -1
    outer loop
      vertex -7.565017071907379 -1.9983388451154833 8.3
      vertex -7.380870721246982 1.7500462340117469 8.3
      vertex -7.380870721246982 -1.7500462340117469 8.3
    endloop
  endfacet
  facet normal 0.941544065183021 -0.3368898533922191 0
    outer loop
      vertex -7.089779472589447 -1.2054528119500327 8.3
      vertex -7 -0.9545359952495875 8.3
      vertex -7 -0.9545359952495875 8.4
    endloop
  endfacet
  facet normal 0 0 -1
    outer loop
      vertex -7.380870721246982 -1.7500462340117469 8.3
      vertex -7.221948017302681 1.4848997210018926 8.3
      vertex -7.221948017302681 -1.4848997210018926 8.3
    endloop
  endfacet
  facet normal 0 0 -1
    outer loop
      vertex -7.221948017302681 -1.4848997210018926 8.3
      vertex -7.089779472589447 1.2054528119500327 8.3
      vertex -7.089779472589447 -1.2054528119500327 8.3
    endloop
  endfacet
  facet normal 0 0 -1
    outer loop
      vertex -7.089779472589447 -1.2054528119500327 8.3
      vertex -7.089779472589447 1.2054528119500327 8.3
      vertex -7 -0.9545359952495875 8.3
    endloop
  endfacet
  facet normal 0 0 -1
    outer loop
      vertex -8.249953765988254 -2.6191292787530176 8.3
      vertex -8.249953765988254 2.6191292787530176 8.3
      vertex -8.001661154884516 2.4349829280926216 8.3
    endloop
  endfacet
  facet normal 0 0 -1
    outer loop
      vertex -8.001661154884516 -2.4349829280926216 8.3
      vertex -8.001661154884516 2.4349829280926216 8.3
      vertex -7.772613639262375 2.2273863607376247 8.3
    endloop
  endfacet
  facet normal 0 0 -1
    outer loop
      vertex -7.772613639262375 -2.2273863607376247 8.3
      vertex -7.772613639262375 2.2273863607376247 8.3
      vertex -7.565017071907379 1.9983388451154833 8.3
    endloop
  endfacet
  facet normal 0 0 -1
    outer loop
      vertex -7.380870721246982 -1.7500462340117469 8.3
      vertex -7.380870721246982 1.7500462340117469 8.3
      vertex -7.221948017302681 1.4848997210018926 8.3
    endloop
  endfacet
  facet normal 0 0 -1
    outer loop
      vertex -7.565017071907379 -1.9983388451154833 8.3
      vertex -7.565017071907379 1.9983388451154833 8.3
      vertex -7.380870721246982 1.7500462340117469 8.3
    endloop
  endfacet
  facet normal 0 0 -1
    outer loop
      vertex -7.221948017302681 -1.4848997210018926 8.3
      vertex -7.221948017302681 1.4848997210018926 8.3
      vertex -7.089779472589447 1.2054528119500327 8.3
    endloop
  endfacet
  facet normal 0 0 -1
    outer loop
      vertex -7.089779472589447 1.2054528119500327 8.3
      vertex -7 0.9545359952495875 8.3
      vertex -7 -0.9545359952495875 8.3
    endloop
  endfacet
  facet normal 0.941544065183021 0.3368898533922191 0
    outer loop
      vertex -7.089779472589447 1.2054528119500327 8.3
      vertex -7 0.9545359952495875 8.4
      vertex -7 0.9545359952495875 8.3
    endloop
  endfacet
  facet normal -0.2429801799032656 -0.9700312531945435 0
    outer loop
      vertex -10.914396733351555 -3.0143620575564576 8.3
      vertex -10.614534514350805 -3.0894736332701758 8.3
      vertex -10.614534514350805 -3.0894736332701758 11.3
    endloop
  endfacet
  facet normal -0.3368898533922191 -0.9415440651830213 0
    outer loop
      vertex -11.205452811950032 -2.9102205274105533 8.3
      vertex -10.914396733351555 -3.0143620575564576 8.3
      vertex -10.914396733351555 -3.0143620575564576 11.3
    endloop
  endfacet
  facet normal -0.14673047445536183 -0.9891765099647809 0
    outer loop
      vertex -10.614534514350805 -3.0894736332701758 8.3
      vertex -10.308753992038115 -3.1348318890174203 8.3
      vertex -10.308753992038115 -3.1348318890174203 11.3
    endloop
  endfacet
  facet normal -0.04906767432741761 -0.9987954562051724 0
    outer loop
      vertex -10.308753992038115 -3.1348318890174203 8.3
      vertex -10 -3.15 8.3
      vertex -10 -3.15 11.3
    endloop
  endfacet
  facet normal 0.04906767432741761 -0.9987954562051724 0
    outer loop
      vertex -9.691246007961885 -3.1348318890174203 8.3
      vertex -9.691246007961885 -3.1348318890174203 11.3
      vertex -10 -3.15 8.3
    endloop
  endfacet
  facet normal 0.14673047445536183 -0.9891765099647809 0
    outer loop
      vertex -9.691246007961885 -3.1348318890174203 8.3
      vertex -9.385465485649195 -3.0894736332701758 8.3
      vertex -9.385465485649195 -3.0894736332701758 11.3
    endloop
  endfacet
  facet normal 0.2429801799032656 -0.9700312531945435 0
    outer loop
      vertex -9.385465485649195 -3.0894736332701758 8.3
      vertex -9.085603266648445 -3.0143620575564576 8.3
      vertex -9.085603266648445 -3.0143620575564576 11.3
    endloop
  endfacet
  facet normal 0.3368898533922191 -0.9415440651830213 0
    outer loop
      vertex -9.085603266648445 -3.0143620575564576 8.3
      vertex -8.794547188049968 -2.9102205274105533 8.3
      vertex -8.794547188049968 -2.9102205274105533 11.3
    endloop
  endfacet
  facet normal 0.4275550934302803 -0.9039892931234441 0
    outer loop
      vertex -8.794547188049968 -2.9102205274105533 8.3
      vertex -8.515100278998107 -2.7780519826973182 8.3
      vertex -8.515100278998107 -2.7780519826973182 11.3
    endloop
  endfacet
  facet normal 0.5141027441932233 -0.8577286100002711 0
    outer loop
      vertex -8.515100278998107 -2.7780519826973182 8.3
      vertex -8.249953765988254 -2.6191292787530176 8.3
      vertex -8.249953765988254 -2.6191292787530176 11.3
    endloop
  endfacet
  facet normal 0.5956993044924311 -0.8032075314806464 0
    outer loop
      vertex -8.249953765988254 -2.6191292787530176 8.3
      vertex -8.001661154884516 -2.4349829280926216 8.3
      vertex -8.001661154884516 -2.4349829280926216 11.3
    endloop
  endfacet
  facet normal 0.6715589548470193 -0.7409511253549583 0
    outer loop
      vertex -8.001661154884516 -2.4349829280926216 8.3
      vertex -7.772613639262375 -2.2273863607376247 8.3
      vertex -7.772613639262375 -2.2273863607376247 11.3
    endloop
  endfacet
  facet normal 0.7409511253549597 -0.6715589548470178 0
    outer loop
      vertex -7.772613639262375 -2.2273863607376247 8.3
      vertex -7.565017071907379 -1.9983388451154833 8.3
      vertex -7.772613639262375 -2.2273863607376247 11.3
    endloop
  endfacet
  facet normal 0.8032075314806438 -0.5956993044924348 0
    outer loop
      vertex -7.565017071907379 -1.9983388451154833 8.3
      vertex -7.380870721246982 -1.7500462340117469 8.3
      vertex -7.565017071907379 -1.9983388451154833 11.3
    endloop
  endfacet
  facet normal 0.8577286100002722 -0.5141027441932214 0
    outer loop
      vertex -7.380870721246982 -1.7500462340117469 8.3
      vertex -7.221948017302681 -1.4848997210018926 8.3
      vertex -7.380870721246982 -1.7500462340117469 11.3
    endloop
  endfacet
  facet normal 0.9039892931234438 -0.4275550934302811 0
    outer loop
      vertex -7.221948017302681 -1.4848997210018926 8.3
      vertex -7.089779472589447 -1.2054528119500327 8.3
      vertex -7.221948017302681 -1.4848997210018926 11.3
    endloop
  endfacet
  facet normal 0.9415440651830211 -0.3368898533922191 0
    outer loop
      vertex -7.089779472589447 -1.2054528119500327 8.3
      vertex -7 -0.9545359952495875 8.4
      vertex -7.089779472589447 -1.2054528119500327 11.3
    endloop
  endfacet
  facet normal -0.14673047445536183 -0.9891765099647809 0
    outer loop
      vertex -10.614534514350805 -3.0894736332701758 8.3
      vertex -10.308753992038115 -3.1348318890174203 11.3
      vertex -10.614534514350805 -3.0894736332701758 11.3
    endloop
  endfacet
  facet normal -0.3368898533922191 -0.9415440651830213 0
    outer loop
      vertex -11.205452811950032 -2.9102205274105533 8.3
      vertex -10.914396733351555 -3.0143620575564576 11.3
      vertex -11.205452811950032 -2.9102205274105533 11.3
    endloop
  endfacet
  facet normal -0.2429801799032656 -0.9700312531945435 0
    outer loop
      vertex -10.914396733351555 -3.0143620575564576 8.3
      vertex -10.614534514350805 -3.0894736332701758 11.3
      vertex -10.914396733351555 -3.0143620575564576 11.3
    endloop
  endfacet
  facet normal -0.04906767432741761 -0.9987954562051724 0
    outer loop
      vertex -10.308753992038115 -3.1348318890174203 8.3
      vertex -10 -3.15 11.3
      vertex -10.308753992038115 -3.1348318890174203 11.3
    endloop
  endfacet
  facet normal 0.04906767432741761 -0.9987954562051724 0
    outer loop
      vertex -9.691246007961885 -3.1348318890174203 11.3
      vertex -10 -3.15 11.3
      vertex -10 -3.15 8.3
    endloop
  endfacet
  facet normal 0.14673047445536183 -0.9891765099647809 0
    outer loop
      vertex -9.691246007961885 -3.1348318890174203 8.3
      vertex -9.385465485649195 -3.0894736332701758 11.3
      vertex -9.691246007961885 -3.1348318890174203 11.3
    endloop
  endfacet
  facet normal 0.2429801799032656 -0.9700312531945435 0
    outer loop
      vertex -9.385465485649195 -3.0894736332701758 8.3
      vertex -9.085603266648445 -3.0143620575564576 11.3
      vertex -9.385465485649195 -3.0894736332701758 11.3
    endloop
  endfacet
  facet normal 0.3368898533922191 -0.9415440651830213 0
    outer loop
      vertex -9.085603266648445 -3.0143620575564576 8.3
      vertex -8.794547188049968 -2.9102205274105533 11.3
      vertex -9.085603266648445 -3.0143620575564576 11.3
    endloop
  endfacet
  facet normal 0.4275550934302803 -0.9039892931234441 0
    outer loop
      vertex -8.794547188049968 -2.9102205274105533 8.3
      vertex -8.515100278998107 -2.7780519826973182 11.3
      vertex -8.794547188049968 -2.9102205274105533 11.3
    endloop
  endfacet
  facet normal 0.5141027441932233 -0.8577286100002711 0
    outer loop
      vertex -8.515100278998107 -2.7780519826973182 8.3
      vertex -8.249953765988254 -2.6191292787530176 11.3
      vertex -8.515100278998107 -2.7780519826973182 11.3
    endloop
  endfacet
  facet normal 0 0 1
    outer loop
      vertex -11.205452811950032 -2.9102205274105533 11.3
      vertex -10.914396733351555 -3.0143620575564576 11.3
      vertex -11.131352168382394 -2.116611034436052 11.3
    endloop
  endfacet
  facet normal 0 0 1
    outer loop
      vertex -11.131352168382394 -2.116611034436052 11.3
      vertex -10.914396733351555 -3.0143620575564576 11.3
      vertex -10.918440237676215 -2.2173108780270883 11.3
    endloop
  endfacet
  facet normal 0 0 1
    outer loop
      vertex -10.914396733351555 -3.0143620575564576 11.3
      vertex -10.696683225410709 -2.296656805757301 11.3
      vertex -10.918440237676215 -2.2173108780270883 11.3
    endloop
  endfacet
  facet normal 0 0 1
    outer loop
      vertex -10.914396733351555 -3.0143620575564576 11.3
      vertex -10.614534514350805 -3.0894736332701758 11.3
      vertex -10.696683225410709 -2.296656805757301 11.3
    endloop
  endfacet
  facet normal 0 0 1
    outer loop
      vertex -10.614534514350805 -3.0894736332701758 11.3
      vertex -10.308753992038115 -3.1348318890174203 11.3
      vertex -10.468216772838709 -2.353884672967753 11.3
    endloop
  endfacet
  facet normal 0 0 1
    outer loop
      vertex -10.614534514350805 -3.0894736332701758 11.3
      vertex -10.468216772838709 -2.353884672967753 11.3
      vertex -10.696683225410709 -2.296656805757301 11.3
    endloop
  endfacet
  facet normal 0 0 1
    outer loop
      vertex -10.308753992038115 -3.1348318890174203 11.3
      vertex -10 -3.15 11.3
      vertex -10.235241136790945 -2.3884433440132726 11.3
    endloop
  endfacet
  facet normal 0 0 1
    outer loop
      vertex -10.308753992038115 -3.1348318890174203 11.3
      vertex -10.235241136790945 -2.3884433440132726 11.3
      vertex -10.468216772838709 -2.353884672967753 11.3
    endloop
  endfacet
  facet normal 0 0 1
    outer loop
      vertex -10 -3.15 11.3
      vertex -9.691246007961885 -3.1348318890174203 11.3
      vertex -10 -2.4 11.3
    endloop
  endfacet
  facet normal 0 0 1
    outer loop
      vertex -10 -3.15 11.3
      vertex -10 -2.4 11.3
      vertex -10.235241136790945 -2.3884433440132726 11.3
    endloop
  endfacet
  facet normal 0 0 1
    outer loop
      vertex -10 -2.4 11.3
      vertex -9.691246007961885 -3.1348318890174203 11.3
      vertex -9.764758863209055 -2.3884433440132726 11.3
    endloop
  endfacet
  facet normal 0 0 1
    outer loop
      vertex -9.764758863209055 -2.3884433440132726 11.3
      vertex -9.691246007961885 -3.1348318890174203 11.3
      vertex -9.385465485649195 -3.0894736332701758 11.3
    endloop
  endfacet
  facet normal 0 0 1
    outer loop
      vertex -9.764758863209055 -2.3884433440132726 11.3
      vertex -9.385465485649195 -3.0894736332701758 11.3
      vertex -9.531783227161291 -2.353884672967753 11.3
    endloop
  endfacet
  facet normal 0 0 1
    outer loop
      vertex -9.385465485649195 -3.0894736332701758 11.3
      vertex -9.085603266648445 -3.0143620575564576 11.3
      vertex -9.531783227161291 -2.353884672967753 11.3
    endloop
  endfacet
  facet normal 0 0 1
    outer loop
      vertex -9.085603266648445 -3.0143620575564576 11.3
      vertex -8.794547188049968 -2.9102205274105533 11.3
      vertex -9.303316774589291 -2.296656805757301 11.3
    endloop
  endfacet
  facet normal 0 0 1
    outer loop
      vertex -9.085603266648445 -3.0143620575564576 11.3
      vertex -9.303316774589291 -2.296656805757301 11.3
      vertex -9.531783227161291 -2.353884672967753 11.3
    endloop
  endfacet
  facet normal 0 0 1
    outer loop
      vertex -8.794547188049968 -2.9102205274105533 11.3
      vertex -9.081559762323785 -2.2173108780270883 11.3
      vertex -9.303316774589291 -2.296656805757301 11.3
    endloop
  endfacet
  facet normal 0 0 1
    outer loop
      vertex -8.794547188049968 -2.9102205274105533 11.3
      vertex -8.868647831617606 -2.116611034436052 11.3
      vertex -9.081559762323785 -2.2173108780270883 11.3
    endloop
  endfacet
  facet normal 0 0 1
    outer loop
      vertex -8.794547188049968 -2.9102205274105533 11.3
      vertex -8.515100278998107 -2.7780519826973182 11.3
      vertex -8.868647831617606 -2.116611034436052 11.3
    endloop
  endfacet
  facet normal 0 0 1
    outer loop
      vertex -8.515100278998107 -2.7780519826973182 11.3
      vertex -8.249953765988254 -2.6191292787530176 11.3
      vertex -8.666631440752955 -1.9955270695261085 11.3
    endloop
  endfacet
  facet normal 0 0 1
    outer loop
      vertex -8.515100278998107 -2.7780519826973182 11.3
      vertex -8.666631440752955 -1.9955270695261085 11.3
      vertex -8.868647831617606 -2.116611034436052 11.3
    endloop
  endfacet
  facet normal 0 0 1
    outer loop
      vertex -8.666631440752955 -1.9955270695261085 11.3
      vertex -8.249953765988254 -2.6191292787530176 11.3
      vertex -8.47745611800725 -1.8552250880705687 11.3
    endloop
  endfacet
  facet normal 0.5956993044924311 -0.8032075314806464 0
    outer loop
      vertex -8.249953765988254 -2.6191292787530176 8.3
      vertex -8.001661154884516 -2.4349829280926216 11.3
      vertex -8.249953765988254 -2.6191292787530176 11.3
    endloop
  endfacet
  facet normal 0.6715589548470193 -0.7409511253549583 0
    outer loop
      vertex -8.001661154884516 -2.4349829280926216 8.3
      vertex -7.772613639262375 -2.2273863607376247 11.3
      vertex -8.001661154884516 -2.4349829280926216 11.3
    endloop
  endfacet
  facet normal 0.7409511253549597 -0.6715589548470178 0
    outer loop
      vertex -7.565017071907379 -1.9983388451154833 8.3
      vertex -7.565017071907379 -1.9983388451154833 11.3
      vertex -7.772613639262375 -2.2273863607376247 11.3
    endloop
  endfacet
  facet normal 0.8032075314806438 -0.5956993044924348 0
    outer loop
      vertex -7.380870721246982 -1.7500462340117469 8.3
      vertex -7.380870721246982 -1.7500462340117469 11.3
      vertex -7.565017071907379 -1.9983388451154833 11.3
    endloop
  endfacet
  facet normal 0.8577286100002722 -0.5141027441932214 0
    outer loop
      vertex -7.221948017302681 -1.4848997210018926 8.3
      vertex -7.221948017302681 -1.4848997210018926 11.3
      vertex -7.380870721246982 -1.7500462340117469 11.3
    endloop
  endfacet
  facet normal 0.9039892931234438 -0.4275550934302811 0
    outer loop
      vertex -7.089779472589447 -1.2054528119500327 8.3
      vertex -7.089779472589447 -1.2054528119500327 11.3
      vertex -7.221948017302681 -1.4848997210018926 11.3
    endloop
  endfacet
  facet normal 0 0 1
    outer loop
      vertex -8.249953765988254 -2.6191292787530176 11.3
      vertex -8.001661154884516 -2.4349829280926216 11.3
      vertex -8.302943725152286 -1.697056274847714 11.3
    endloop
  endfacet
  facet normal 0 0 1
    outer loop
      vertex -8.47745611800725 -1.8552250880705687 11.3
      vertex -8.249953765988254 -2.6191292787530176 11.3
      vertex -8.302943725152286 -1.697056274847714 11.3
    endloop
  endfacet
  facet normal 0 0 1
    outer loop
      vertex -8.001661154884516 -2.4349829280926216 11.3
      vertex -8.144774911929431 -1.522543881992749 11.3
      vertex -8.302943725152286 -1.697056274847714 11.3
    endloop
  endfacet
  facet normal 0 0 1
    outer loop
      vertex -8.001661154884516 -2.4349829280926216 11.3
      vertex -8.004472930473892 -1.3333685592470452 11.3
      vertex -8.144774911929431 -1.522543881992749 11.3
    endloop
  endfacet
  facet normal 0 0 1
    outer loop
      vertex -8.001661154884516 -2.4349829280926216 11.3
      vertex -7.772613639262375 -2.2273863607376247 11.3
      vertex -8.004472930473892 -1.3333685592470452 11.3
    endloop
  endfacet
  facet normal 0 0 1
    outer loop
      vertex -7.772613639262375 -2.2273863607376247 11.3
      vertex -7.883388965563948 -1.1313521683823944 11.3
      vertex -8.004472930473892 -1.3333685592470452 11.3
    endloop
  endfacet
  facet normal 0 0 1
    outer loop
      vertex -7.772613639262375 -2.2273863607376247 11.3
      vertex -7.565017071907379 -1.9983388451154833 11.3
      vertex -7.782689121972911 -0.9184402376762154 11.3
    endloop
  endfacet
  facet normal 0 0 1
    outer loop
      vertex -7.772613639262375 -2.2273863607376247 11.3
      vertex -7.782689121972911 -0.9184402376762154 11.3
      vertex -7.883388965563948 -1.1313521683823944 11.3
    endloop
  endfacet
  facet normal 0 0 1
    outer loop
      vertex -7.565017071907379 -1.9983388451154833 11.3
      vertex -7.703343194242699 -0.6966832254107096 11.3
      vertex -7.782689121972911 -0.9184402376762154 11.3
    endloop
  endfacet
  facet normal -0.3368898533922191 0.9415440651830213 0
    outer loop
      vertex -11.205452811950032 2.9102205274105533 8.3
      vertex -11.205452811950032 2.9102205274105533 11.3
      vertex -10.914396733351555 3.0143620575564576 8.3
    endloop
  endfacet
  facet normal -0.2429801799032656 0.9700312531945435 0
    outer loop
      vertex -10.914396733351555 3.0143620575564576 8.3
      vertex -10.914396733351555 3.0143620575564576 11.3
      vertex -10.614534514350805 3.0894736332701758 8.3
    endloop
  endfacet
  facet normal -0.14673047445536183 0.9891765099647809 0
    outer loop
      vertex -10.614534514350805 3.0894736332701758 8.3
      vertex -10.614534514350805 3.0894736332701758 11.3
      vertex -10.308753992038115 3.1348318890174203 8.3
    endloop
  endfacet
  facet normal -0.04906767432741761 0.9987954562051724 0
    outer loop
      vertex -10.308753992038115 3.1348318890174203 8.3
      vertex -10.308753992038115 3.1348318890174203 11.3
      vertex -10 3.15 8.3
    endloop
  endfacet
  facet normal 0.04906767432741761 0.9987954562051724 0
    outer loop
      vertex -9.691246007961885 3.1348318890174203 8.3
      vertex -10 3.15 8.3
      vertex -10 3.15 11.3
    endloop
  endfacet
  facet normal 0.4275550934302803 0.9039892931234441 0
    outer loop
      vertex -8.794547188049968 2.9102205274105533 8.3
      vertex -8.794547188049968 2.9102205274105533 11.3
      vertex -8.515100278998107 2.7780519826973182 8.3
    endloop
  endfacet
  facet normal 0.5141027441932233 0.8577286100002711 0
    outer loop
      vertex -8.515100278998107 2.7780519826973182 8.3
      vertex -8.515100278998107 2.7780519826973182 11.3
      vertex -8.249953765988254 2.6191292787530176 8.3
    endloop
  endfacet
  facet normal 0.14673047445536183 0.9891765099647809 0
    outer loop
      vertex -9.385465485649195 3.0894736332701758 8.3
      vertex -9.691246007961885 3.1348318890174203 8.3
      vertex -9.691246007961885 3.1348318890174203 11.3
    endloop
  endfacet
  facet normal 0.2429801799032656 0.9700312531945435 0
    outer loop
      vertex -9.385465485649195 3.0894736332701758 8.3
      vertex -9.385465485649195 3.0894736332701758 11.3
      vertex -9.085603266648445 3.0143620575564576 8.3
    endloop
  endfacet
  facet normal 0.3368898533922191 0.9415440651830213 0
    outer loop
      vertex -9.085603266648445 3.0143620575564576 8.3
      vertex -9.085603266648445 3.0143620575564576 11.3
      vertex -8.794547188049968 2.9102205274105533 8.3
    endloop
  endfacet
  facet normal 0.9415440651830214 -0.33688985339221866 2.8062962869017634e-17
    outer loop
      vertex -7.089779472589447 -1.2054528119500327 11.3
      vertex -7 -0.9545359952495875 8.4
      vertex -6.985637942443542 -0.9143967333515564 8.4
    endloop
  endfacet
  facet normal 0.9700312531945438 -0.24298017990326448 0
    outer loop
      vertex -6.985637942443542 -0.9143967333515564 11.3
      vertex -6.985637942443542 -0.9143967333515564 8.4
      vertex -6.910526366729824 -0.614534514350804 8.4
    endloop
  endfacet
  facet normal 0.9415440651830211 0.3368898533922191 4.514144227105727e-18
    outer loop
      vertex -7.089779472589447 1.2054528119500327 8.3
      vertex -6.985637942443542 0.9143967333515564 11.3
      vertex -7 0.9545359952495875 8.4
    endloop
  endfacet
  facet normal 0.9415440651830213 0.33688985339221894 0
    outer loop
      vertex -6.985637942443542 0.9143967333515564 11.3
      vertex -6.985637942443542 0.9143967333515564 8.4
      vertex -7 0.9545359952495875 8.4
    endloop
  endfacet
  facet normal 0.9039892931234438 0.4275550934302811 0
    outer loop
      vertex -7.089779472589447 1.2054528119500327 8.3
      vertex -7.221948017302681 1.4848997210018926 8.3
      vertex -7.089779472589447 1.2054528119500327 11.3
    endloop
  endfacet
  facet normal 0.9891765099647811 -0.14673047445536108 0
    outer loop
      vertex -6.910526366729824 -0.614534514350804 11.3
      vertex -6.910526366729824 -0.614534514350804 8.4
      vertex -6.86516811098258 -0.3087539920381159 8.4
    endloop
  endfacet
  facet normal 0.9987954562051723 -0.049067674327420346 0
    outer loop
      vertex -6.86516811098258 -0.3087539920381159 11.3
      vertex -6.86516811098258 -0.3087539920381159 8.4
      vertex -6.85 0 8.4
    endloop
  endfacet
  facet normal 0.9987954562051723 0.049067674327420346 0
    outer loop
      vertex -6.85 0 11.3
      vertex -6.85 0 8.4
      vertex -6.86516811098258 0.3087539920381159 8.4
    endloop
  endfacet
  facet normal 0.9891765099647811 0.14673047445536108 0
    outer loop
      vertex -6.86516811098258 0.3087539920381159 11.3
      vertex -6.86516811098258 0.3087539920381159 8.4
      vertex -6.910526366729824 0.614534514350804 8.4
    endloop
  endfacet
  facet normal 0.9700312531945438 0.24298017990326448 0
    outer loop
      vertex -6.910526366729824 0.614534514350804 11.3
      vertex -6.910526366729824 0.614534514350804 8.4
      vertex -6.985637942443542 0.9143967333515564 8.4
    endloop
  endfacet
  facet normal 0.5956993044924311 0.8032075314806464 0
    outer loop
      vertex -8.001661154884516 2.4349829280926216 8.3
      vertex -8.249953765988254 2.6191292787530176 8.3
      vertex -8.249953765988254 2.6191292787530176 11.3
    endloop
  endfacet
  facet normal 0.6715589548470193 0.7409511253549583 0
    outer loop
      vertex -8.001661154884516 2.4349829280926216 8.3
      vertex -8.001661154884516 2.4349829280926216 11.3
      vertex -7.772613639262375 2.2273863607376247 8.3
    endloop
  endfacet
  facet normal 0.8032075314806438 0.5956993044924348 0
    outer loop
      vertex -7.380870721246982 1.7500462340117469 8.3
      vertex -7.565017071907379 1.9983388451154833 8.3
      vertex -7.380870721246982 1.7500462340117469 11.3
    endloop
  endfacet
  facet normal 0.7409511253549597 0.6715589548470178 0
    outer loop
      vertex -7.772613639262375 2.2273863607376247 8.3
      vertex -7.565017071907379 1.9983388451154833 11.3
      vertex -7.565017071907379 1.9983388451154833 8.3
    endloop
  endfacet
  facet normal 0.8577286100002722 0.5141027441932214 0
    outer loop
      vertex -7.380870721246982 1.7500462340117469 8.3
      vertex -7.221948017302681 1.4848997210018926 11.3
      vertex -7.221948017302681 1.4848997210018926 8.3
    endloop
  endfacet
  facet normal -0.3368898533922191 0.9415440651830213 0
    outer loop
      vertex -11.205452811950032 2.9102205274105533 11.3
      vertex -10.914396733351555 3.0143620575564576 11.3
      vertex -10.914396733351555 3.0143620575564576 8.3
    endloop
  endfacet
  facet normal -0.2429801799032656 0.9700312531945435 0
    outer loop
      vertex -10.614534514350805 3.0894736332701758 8.3
      vertex -10.914396733351555 3.0143620575564576 11.3
      vertex -10.614534514350805 3.0894736332701758 11.3
    endloop
  endfacet
  facet normal -0.14673047445536183 0.9891765099647809 0
    outer loop
      vertex -10.308753992038115 3.1348318890174203 8.3
      vertex -10.614534514350805 3.0894736332701758 11.3
      vertex -10.308753992038115 3.1348318890174203 11.3
    endloop
  endfacet
  facet normal -0.04906767432741761 0.9987954562051724 0
    outer loop
      vertex -10.308753992038115 3.1348318890174203 11.3
      vertex -10 3.15 11.3
      vertex -10 3.15 8.3
    endloop
  endfacet
  facet normal 0.04906767432741761 0.9987954562051724 0
    outer loop
      vertex -9.691246007961885 3.1348318890174203 8.3
      vertex -10 3.15 11.3
      vertex -9.691246007961885 3.1348318890174203 11.3
    endloop
  endfacet
  facet normal 0.4275550934302803 0.9039892931234441 0
    outer loop
      vertex -8.515100278998107 2.7780519826973182 8.3
      vertex -8.794547188049968 2.9102205274105533 11.3
      vertex -8.515100278998107 2.7780519826973182 11.3
    endloop
  endfacet
  facet normal 0.14673047445536183 0.9891765099647809 0
    outer loop
      vertex -9.385465485649195 3.0894736332701758 8.3
      vertex -9.691246007961885 3.1348318890174203 11.3
      vertex -9.385465485649195 3.0894736332701758 11.3
    endloop
  endfacet
  facet normal 0.2429801799032656 0.9700312531945435 0
    outer loop
      vertex -9.085603266648445 3.0143620575564576 8.3
      vertex -9.385465485649195 3.0894736332701758 11.3
      vertex -9.085603266648445 3.0143620575564576 11.3
    endloop
  endfacet
  facet normal 0.3368898533922191 0.9415440651830213 0
    outer loop
      vertex -8.794547188049968 2.9102205274105533 8.3
      vertex -9.085603266648445 3.0143620575564576 11.3
      vertex -8.794547188049968 2.9102205274105533 11.3
    endloop
  endfacet
  facet normal 0 0 1
    outer loop
      vertex -11.131352168382394 2.116611034436052 11.3
      vertex -10.918440237676215 2.2173108780270883 11.3
      vertex -11.205452811950032 2.9102205274105533 11.3
    endloop
  endfacet
  facet normal 0 0 1
    outer loop
      vertex -11.205452811950032 2.9102205274105533 11.3
      vertex -10.918440237676215 2.2173108780270883 11.3
      vertex -10.696683225410709 2.296656805757301 11.3
    endloop
  endfacet
  facet normal 0 0 1
    outer loop
      vertex -11.205452811950032 2.9102205274105533 11.3
      vertex -10.696683225410709 2.296656805757301 11.3
      vertex -10.914396733351555 3.0143620575564576 11.3
    endloop
  endfacet
  facet normal 0 0 1
    outer loop
      vertex -10.696683225410709 2.296656805757301 11.3
      vertex -10.468216772838709 2.353884672967753 11.3
      vertex -10.914396733351555 3.0143620575564576 11.3
    endloop
  endfacet
  facet normal 0 0 1
    outer loop
      vertex -10.468216772838709 2.353884672967753 11.3
      vertex -10.614534514350805 3.0894736332701758 11.3
      vertex -10.914396733351555 3.0143620575564576 11.3
    endloop
  endfacet
  facet normal 0 0 1
    outer loop
      vertex -10.468216772838709 2.353884672967753 11.3
      vertex -10.235241136790945 2.3884433440132726 11.3
      vertex -10.614534514350805 3.0894736332701758 11.3
    endloop
  endfacet
  facet normal 0 0 1
    outer loop
      vertex -10.235241136790945 2.3884433440132726 11.3
      vertex -10.308753992038115 3.1348318890174203 11.3
      vertex -10.614534514350805 3.0894736332701758 11.3
    endloop
  endfacet
  facet normal 0 0 1
    outer loop
      vertex -10.235241136790945 2.3884433440132726 11.3
      vertex -10 2.4 11.3
      vertex -10.308753992038115 3.1348318890174203 11.3
    endloop
  endfacet
  facet normal 0 0 1
    outer loop
      vertex -10 2.4 11.3
      vertex -9.764758863209055 2.3884433440132726 11.3
      vertex -10 3.15 11.3
    endloop
  endfacet
  facet normal 0 0 1
    outer loop
      vertex -10 2.4 11.3
      vertex -10 3.15 11.3
      vertex -10.308753992038115 3.1348318890174203 11.3
    endloop
  endfacet
  facet normal 0 0 1
    outer loop
      vertex -9.764758863209055 2.3884433440132726 11.3
      vertex -9.691246007961885 3.1348318890174203 11.3
      vertex -10 3.15 11.3
    endloop
  endfacet
  facet normal 0 0 1
    outer loop
      vertex -9.764758863209055 2.3884433440132726 11.3
      vertex -9.531783227161291 2.353884672967753 11.3
      vertex -9.691246007961885 3.1348318890174203 11.3
    endloop
  endfacet
  facet normal 0 0 1
    outer loop
      vertex -9.531783227161291 2.353884672967753 11.3
      vertex -9.303316774589291 2.296656805757301 11.3
      vertex -9.385465485649195 3.0894736332701758 11.3
    endloop
  endfacet
  facet normal 0 0 1
    outer loop
      vertex -9.531783227161291 2.353884672967753 11.3
      vertex -9.385465485649195 3.0894736332701758 11.3
      vertex -9.691246007961885 3.1348318890174203 11.3
    endloop
  endfacet
  facet normal 0 0 1
    outer loop
      vertex -9.303316774589291 2.296656805757301 11.3
      vertex -9.081559762323785 2.2173108780270883 11.3
      vertex -9.085603266648445 3.0143620575564576 11.3
    endloop
  endfacet
  facet normal 0 0 1
    outer loop
      vertex -9.303316774589291 2.296656805757301 11.3
      vertex -9.085603266648445 3.0143620575564576 11.3
      vertex -9.385465485649195 3.0894736332701758 11.3
    endloop
  endfacet
  facet normal 0 0 1
    outer loop
      vertex -8.666631440752955 1.9955270695261085 11.3
      vertex -8.47745611800725 1.8552250880705687 11.3
      vertex -8.515100278998107 2.7780519826973182 11.3
    endloop
  endfacet
  facet normal 0 0 1
    outer loop
      vertex -8.47745611800725 1.8552250880705687 11.3
      vertex -8.302943725152286 1.697056274847714 11.3
      vertex -8.515100278998107 2.7780519826973182 11.3
    endloop
  endfacet
  facet normal 0 0 1
    outer loop
      vertex -9.081559762323785 2.2173108780270883 11.3
      vertex -8.868647831617606 2.116611034436052 11.3
      vertex -9.085603266648445 3.0143620575564576 11.3
    endloop
  endfacet
  facet normal 0 0 1
    outer loop
      vertex -8.868647831617606 2.116611034436052 11.3
      vertex -8.666631440752955 1.9955270695261085 11.3
      vertex -8.794547188049968 2.9102205274105533 11.3
    endloop
  endfacet
  facet normal 0 0 1
    outer loop
      vertex -8.868647831617606 2.116611034436052 11.3
      vertex -8.794547188049968 2.9102205274105533 11.3
      vertex -9.085603266648445 3.0143620575564576 11.3
    endloop
  endfacet
  facet normal 0 0 1
    outer loop
      vertex -8.515100278998107 2.7780519826973182 11.3
      vertex -8.302943725152286 1.697056274847714 11.3
      vertex -8.249953765988254 2.6191292787530176 11.3
    endloop
  endfacet
  facet normal 0 0 1
    outer loop
      vertex -8.666631440752955 1.9955270695261085 11.3
      vertex -8.515100278998107 2.7780519826973182 11.3
      vertex -8.794547188049968 2.9102205274105533 11.3
    endloop
  endfacet
  facet normal 0.941544065183021 -0.336889853392219 0
    outer loop
      vertex -7.089779472589447 -1.2054528119500327 11.3
      vertex -6.985637942443542 -0.9143967333515564 8.4
      vertex -6.985637942443542 -0.9143967333515564 11.3
    endloop
  endfacet
  facet normal 0.9700312531945438 0.24298017990326448 0
    outer loop
      vertex -6.985637942443542 0.9143967333515564 11.3
      vertex -6.910526366729824 0.614534514350804 11.3
      vertex -6.985637942443542 0.9143967333515564 8.4
    endloop
  endfacet
  facet normal 0.9415440651830213 0.3368898533922191 0
    outer loop
      vertex -7.089779472589447 1.2054528119500327 8.3
      vertex -7.089779472589447 1.2054528119500327 11.3
      vertex -6.985637942443542 0.9143967333515564 11.3
    endloop
  endfacet
  facet normal 0.9039892931234438 0.4275550934302811 0
    outer loop
      vertex -7.221948017302681 1.4848997210018926 8.3
      vertex -7.221948017302681 1.4848997210018926 11.3
      vertex -7.089779472589447 1.2054528119500327 11.3
    endloop
  endfacet
  facet normal 0.9700312531945438 -0.24298017990326448 0
    outer loop
      vertex -6.985637942443542 -0.9143967333515564 11.3
      vertex -6.910526366729824 -0.614534514350804 8.4
      vertex -6.910526366729824 -0.614534514350804 11.3
    endloop
  endfacet
  facet normal 0.9891765099647811 -0.14673047445536108 0
    outer loop
      vertex -6.910526366729824 -0.614534514350804 11.3
      vertex -6.86516811098258 -0.3087539920381159 8.4
      vertex -6.86516811098258 -0.3087539920381159 11.3
    endloop
  endfacet
  facet normal 0.9987954562051723 -0.049067674327420346 0
    outer loop
      vertex -6.86516811098258 -0.3087539920381159 11.3
      vertex -6.85 0 8.4
      vertex -6.85 0 11.3
    endloop
  endfacet
  facet normal 0.9987954562051723 0.049067674327420346 0
    outer loop
      vertex -6.85 0 11.3
      vertex -6.86516811098258 0.3087539920381159 8.4
      vertex -6.86516811098258 0.3087539920381159 11.3
    endloop
  endfacet
  facet normal 0.9891765099647811 0.14673047445536108 0
    outer loop
      vertex -6.86516811098258 0.3087539920381159 11.3
      vertex -6.910526366729824 0.614534514350804 8.4
      vertex -6.910526366729824 0.614534514350804 11.3
    endloop
  endfacet
  facet normal 0 0 1
    outer loop
      vertex -7.565017071907379 -1.9983388451154833 11.3
      vertex -7.646115327032247 -0.4682167728387078 11.3
      vertex -7.703343194242699 -0.6966832254107096 11.3
    endloop
  endfacet
  facet normal 0 0 1
    outer loop
      vertex -7.565017071907379 -1.9983388451154833 11.3
      vertex -7.611556655986727 -0.23524113679094544 11.3
      vertex -7.646115327032247 -0.4682167728387078 11.3
    endloop
  endfacet
  facet normal 0 0 1
    outer loop
      vertex -7.565017071907379 -1.9983388451154833 11.3
      vertex -7.6 0 11.3
      vertex -7.611556655986727 -0.23524113679094544 11.3
    endloop
  endfacet
  facet normal 0 0 1
    outer loop
      vertex -7.565017071907379 -1.9983388451154833 11.3
      vertex -7.380870721246982 -1.7500462340117469 11.3
      vertex -7.565017071907379 1.9983388451154833 11.3
    endloop
  endfacet
  facet normal 0 0 1
    outer loop
      vertex -7.380870721246982 -1.7500462340117469 11.3
      vertex -7.221948017302681 -1.4848997210018926 11.3
      vertex -7.380870721246982 1.7500462340117469 11.3
    endloop
  endfacet
  facet normal 0 0 1
    outer loop
      vertex -7.565017071907379 -1.9983388451154833 11.3
      vertex -7.565017071907379 1.9983388451154833 11.3
      vertex -7.6 0 11.3
    endloop
  endfacet
  facet normal 0 0 1
    outer loop
      vertex -7.221948017302681 -1.4848997210018926 11.3
      vertex -7.089779472589447 -1.2054528119500327 11.3
      vertex -7.221948017302681 1.4848997210018926 11.3
    endloop
  endfacet
  facet normal 0 0 1
    outer loop
      vertex -7.089779472589447 -1.2054528119500327 11.3
      vertex -6.985637942443542 -0.9143967333515564 11.3
      vertex -7.089779472589447 1.2054528119500327 11.3
    endloop
  endfacet
  facet normal 0 0 1
    outer loop
      vertex -6.985637942443542 -0.9143967333515564 11.3
      vertex -6.910526366729824 -0.614534514350804 11.3
      vertex -6.985637942443542 0.9143967333515564 11.3
    endloop
  endfacet
  facet normal 0 0 1
    outer loop
      vertex -7.703343194242699 0.6966832254107096 11.3
      vertex -7.646115327032247 0.4682167728387078 11.3
      vertex -7.772613639262375 2.2273863607376247 11.3
    endloop
  endfacet
  facet normal 0 0 1
    outer loop
      vertex -7.703343194242699 0.6966832254107096 11.3
      vertex -7.772613639262375 2.2273863607376247 11.3
      vertex -7.782689121972911 0.9184402376762154 11.3
    endloop
  endfacet
  facet normal 0 0 1
    outer loop
      vertex -7.883388965563948 1.1313521683823944 11.3
      vertex -7.782689121972911 0.9184402376762154 11.3
      vertex -7.772613639262375 2.2273863607376247 11.3
    endloop
  endfacet
  facet normal 0 0 1
    outer loop
      vertex -7.646115327032247 0.4682167728387078 11.3
      vertex -7.565017071907379 1.9983388451154833 11.3
      vertex -7.772613639262375 2.2273863607376247 11.3
    endloop
  endfacet
  facet normal 0 0 1
    outer loop
      vertex -7.6 0 11.3
      vertex -7.565017071907379 1.9983388451154833 11.3
      vertex -7.611556655986727 0.23524113679094544 11.3
    endloop
  endfacet
  facet normal 0 0 1
    outer loop
      vertex -7.611556655986727 0.23524113679094544 11.3
      vertex -7.565017071907379 1.9983388451154833 11.3
      vertex -7.646115327032247 0.4682167728387078 11.3
    endloop
  endfacet
  facet normal 0 0 1
    outer loop
      vertex -7.380870721246982 -1.7500462340117469 11.3
      vertex -7.380870721246982 1.7500462340117469 11.3
      vertex -7.565017071907379 1.9983388451154833 11.3
    endloop
  endfacet
  facet normal 0 0 1
    outer loop
      vertex -7.089779472589447 -1.2054528119500327 11.3
      vertex -7.089779472589447 1.2054528119500327 11.3
      vertex -7.221948017302681 1.4848997210018926 11.3
    endloop
  endfacet
  facet normal 0 0 1
    outer loop
      vertex -6.985637942443542 -0.9143967333515564 11.3
      vertex -6.985637942443542 0.9143967333515564 11.3
      vertex -7.089779472589447 1.2054528119500327 11.3
    endloop
  endfacet
  facet normal 0 0 1
    outer loop
      vertex -7.221948017302681 -1.4848997210018926 11.3
      vertex -7.221948017302681 1.4848997210018926 11.3
      vertex -7.380870721246982 1.7500462340117469 11.3
    endloop
  endfacet
  facet normal 0 0 1
    outer loop
      vertex -6.910526366729824 -0.614534514350804 11.3
      vertex -6.86516811098258 -0.3087539920381159 11.3
      vertex -6.910526366729824 0.614534514350804 11.3
    endloop
  endfacet
  facet normal 0 0 1
    outer loop
      vertex -6.86516811098258 -0.3087539920381159 11.3
      vertex -6.85 0 11.3
      vertex -6.86516811098258 0.3087539920381159 11.3
    endloop
  endfacet
  facet normal 0 0 1
    outer loop
      vertex -6.86516811098258 -0.3087539920381159 11.3
      vertex -6.86516811098258 0.3087539920381159 11.3
      vertex -6.910526366729824 0.614534514350804 11.3
    endloop
  endfacet
  facet normal 0 0 1
    outer loop
      vertex -6.985637942443542 0.9143967333515564 11.3
      vertex -6.910526366729824 -0.614534514350804 11.3
      vertex -6.910526366729824 0.614534514350804 11.3
    endloop
  endfacet
  facet normal 0.7409511253549597 0.6715589548470178 0
    outer loop
      vertex -7.772613639262375 2.2273863607376247 8.3
      vertex -7.772613639262375 2.2273863607376247 11.3
      vertex -7.565017071907379 1.9983388451154833 11.3
    endloop
  endfacet
  facet normal 0.5956993044924311 0.8032075314806464 0
    outer loop
      vertex -8.001661154884516 2.4349829280926216 8.3
      vertex -8.249953765988254 2.6191292787530176 11.3
      vertex -8.001661154884516 2.4349829280926216 11.3
    endloop
  endfacet
  facet normal 0.5141027441932233 0.8577286100002711 0
    outer loop
      vertex -8.249953765988254 2.6191292787530176 8.3
      vertex -8.515100278998107 2.7780519826973182 11.3
      vertex -8.249953765988254 2.6191292787530176 11.3
    endloop
  endfacet
  facet normal 0.6715589548470193 0.7409511253549583 0
    outer loop
      vertex -7.772613639262375 2.2273863607376247 8.3
      vertex -8.001661154884516 2.4349829280926216 11.3
      vertex -7.772613639262375 2.2273863607376247 11.3
    endloop
  endfacet
  facet normal 0.8577286100002722 0.5141027441932214 0
    outer loop
      vertex -7.380870721246982 1.7500462340117469 8.3
      vertex -7.380870721246982 1.7500462340117469 11.3
      vertex -7.221948017302681 1.4848997210018926 11.3
    endloop
  endfacet
  facet normal 0.8032075314806438 0.5956993044924348 0
    outer loop
      vertex -7.565017071907379 1.9983388451154833 8.3
      vertex -7.565017071907379 1.9983388451154833 11.3
      vertex -7.380870721246982 1.7500462340117469 11.3
    endloop
  endfacet
  facet normal 0 0 1
    outer loop
      vertex -8.004472930473892 1.3333685592470452 11.3
      vertex -8.001661154884516 2.4349829280926216 11.3
      vertex -8.144774911929431 1.522543881992749 11.3
    endloop
  endfacet
  facet normal 0 0 1
    outer loop
      vertex -8.302943725152286 1.697056274847714 11.3
      vertex -8.144774911929431 1.522543881992749 11.3
      vertex -8.249953765988254 2.6191292787530176 11.3
    endloop
  endfacet
  facet normal 0 0 1
    outer loop
      vertex -8.144774911929431 1.522543881992749 11.3
      vertex -8.001661154884516 2.4349829280926216 11.3
      vertex -8.249953765988254 2.6191292787530176 11.3
    endloop
  endfacet
  facet normal 0 0 1
    outer loop
      vertex -7.883388965563948 1.1313521683823944 11.3
      vertex -8.001661154884516 2.4349829280926216 11.3
      vertex -8.004472930473892 1.3333685592470452 11.3
    endloop
  endfacet
  facet normal 0 0 1
    outer loop
      vertex -7.883388965563948 1.1313521683823944 11.3
      vertex -7.772613639262375 2.2273863607376247 11.3
      vertex -8.001661154884516 2.4349829280926216 11.3
    endloop
  endfacet
  facet normal -0.8032075314806447 -0.5956993044924337 0
    outer loop
      vertex -11.855225088070569 -1.522543881992749 11.3
      vertex -11.855225088070569 -1.522543881992749 11.5
      vertex -11.995527069526108 -1.3333685592470452 11.3
    endloop
  endfacet
  facet normal -0.8577286100002736 -0.5141027441932193 0
    outer loop
      vertex -11.995527069526108 -1.3333685592470452 11.3
      vertex -11.995527069526108 -1.3333685592470452 11.5
      vertex -12.116611034436051 -1.1313521683823944 11.3
    endloop
  endfacet
  facet normal -0.8577286100002736 -0.5141027441932193 0
    outer loop
      vertex -12.116611034436051 -1.1313521683823944 11.3
      vertex -11.995527069526108 -1.3333685592470452 11.5
      vertex -12.116611034436051 -1.1313521683823944 11.5
    endloop
  endfacet
  facet normal -0.8032075314806447 -0.5956993044924337 0
    outer loop
      vertex -11.855225088070569 -1.522543881992749 11.5
      vertex -11.995527069526108 -1.3333685592470452 11.5
      vertex -11.995527069526108 -1.3333685592470452 11.3
    endloop
  endfacet
  facet normal -0.6715589548470192 -0.7409511253549583 0
    outer loop
      vertex -11.52254388199275 -1.8552250880705687 11.3
      vertex -11.52254388199275 -1.8552250880705687 11.5
      vertex -11.697056274847714 -1.697056274847714 11.3
    endloop
  endfacet
  facet normal -0.6715589548470192 -0.7409511253549583 0
    outer loop
      vertex -11.697056274847714 -1.697056274847714 11.3
      vertex -11.52254388199275 -1.8552250880705687 11.5
      vertex -11.697056274847714 -1.697056274847714 11.5
    endloop
  endfacet
  facet normal -0.5141027441932212 -0.8577286100002722 0
    outer loop
      vertex -11.131352168382394 -2.116611034436052 11.3
      vertex -11.131352168382394 -2.116611034436052 11.5
      vertex -11.333368559247045 -1.9955270695261085 11.3
    endloop
  endfacet
  facet normal -0.5956993044924317 -0.803207531480646 0
    outer loop
      vertex -11.52254388199275 -1.8552250880705687 11.3
      vertex -11.333368559247045 -1.9955270695261085 11.3
      vertex -11.333368559247045 -1.9955270695261085 11.5
    endloop
  endfacet
  facet normal -0.5956993044924317 -0.803207531480646 0
    outer loop
      vertex -11.52254388199275 -1.8552250880705687 11.3
      vertex -11.333368559247045 -1.9955270695261085 11.5
      vertex -11.52254388199275 -1.8552250880705687 11.5
    endloop
  endfacet
  facet normal -0.5141027441932212 -0.8577286100002722 0
    outer loop
      vertex -11.131352168382394 -2.116611034436052 11.5
      vertex -11.333368559247045 -1.9955270695261085 11.5
      vertex -11.333368559247045 -1.9955270695261085 11.3
    endloop
  endfacet
  facet normal -0.7409511253549602 -0.6715589548470172 0
    outer loop
      vertex -11.855225088070569 -1.522543881992749 11.3
      vertex -11.697056274847714 -1.697056274847714 11.3
      vertex -11.697056274847714 -1.697056274847714 11.5
    endloop
  endfacet
  facet normal -0.7409511253549602 -0.6715589548470172 0
    outer loop
      vertex -11.855225088070569 -1.522543881992749 11.3
      vertex -11.697056274847714 -1.697056274847714 11.5
      vertex -11.855225088070569 -1.522543881992749 11.5
    endloop
  endfacet
  facet normal -0.9415440651830215 -0.33688985339221844 0
    outer loop
      vertex -12.217310878027089 -0.9184402376762154 11.3
      vertex -12.217310878027089 -0.9184402376762154 11.5
      vertex -12.296656805757301 -0.6966832254107096 11.3
    endloop
  endfacet
  facet normal -0.903989293123441 -0.42755509343028697 0
    outer loop
      vertex -12.217310878027089 -0.9184402376762154 11.3
      vertex -12.116611034436051 -1.1313521683823944 11.5
      vertex -12.217310878027089 -0.9184402376762154 11.5
    endloop
  endfacet
  facet normal -0.9415440651830215 -0.33688985339221844 0
    outer loop
      vertex -12.217310878027089 -0.9184402376762154 11.5
      vertex -12.296656805757301 -0.6966832254107096 11.5
      vertex -12.296656805757301 -0.6966832254107096 11.3
    endloop
  endfacet
  facet normal -0.9700312531945438 -0.24298017990326484 0
    outer loop
      vertex -12.296656805757301 -0.6966832254107096 11.3
      vertex -12.296656805757301 -0.6966832254107096 11.5
      vertex -12.353884672967753 -0.4682167728387078 11.3
    endloop
  endfacet
  facet normal -0.9700312531945438 -0.24298017990326484 0
    outer loop
      vertex -12.353884672967753 -0.4682167728387078 11.3
      vertex -12.296656805757301 -0.6966832254107096 11.5
      vertex -12.353884672967753 -0.4682167728387078 11.5
    endloop
  endfacet
  facet normal -0.903989293123441 -0.42755509343028697 0
    outer loop
      vertex -12.217310878027089 -0.9184402376762154 11.3
      vertex -12.116611034436051 -1.1313521683823944 11.3
      vertex -12.116611034436051 -1.1313521683823944 11.5
    endloop
  endfacet
  facet normal 0 0 1
    outer loop
      vertex -11.995527069526108 -1.3333685592470452 11.5
      vertex -12.116611034436051 1.1313521683823944 11.5
      vertex -12.116611034436051 -1.1313521683823944 11.5
    endloop
  endfacet
  facet normal 0 0 1
    outer loop
      vertex -11.855225088070569 -1.522543881992749 11.5
      vertex -11.995527069526108 1.3333685592470452 11.5
      vertex -11.995527069526108 -1.3333685592470452 11.5
    endloop
  endfacet
  facet normal -0.9891765099647817 -0.14673047445535725 0
    outer loop
      vertex -12.353884672967753 -0.4682167728387078 11.3
      vertex -12.353884672967753 -0.4682167728387078 11.5
      vertex -12.388443344013272 -0.23524113679094544 11.3
    endloop
  endfacet
  facet normal -0.9987954562051723 -0.04906767432742285 0
    outer loop
      vertex -12.388443344013272 -0.23524113679094544 11.3
      vertex -12.388443344013272 -0.23524113679094544 11.5
      vertex -12.4 0 11.3
    endloop
  endfacet
  facet normal -0.9891765099647817 -0.14673047445535725 0
    outer loop
      vertex -12.388443344013272 -0.23524113679094544 11.3
      vertex -12.353884672967753 -0.4682167728387078 11.5
      vertex -12.388443344013272 -0.23524113679094544 11.5
    endloop
  endfacet
  facet normal 0 0 1
    outer loop
      vertex -12.353884672967753 -0.4682167728387078 11.5
      vertex -12.388443344013272 0.23524113679094544 11.5
      vertex -12.388443344013272 -0.23524113679094544 11.5
    endloop
  endfacet
  facet normal 0 0 1
    outer loop
      vertex -12.217310878027089 -0.9184402376762154 11.5
      vertex -12.296656805757301 0.6966832254107096 11.5
      vertex -12.296656805757301 -0.6966832254107096 11.5
    endloop
  endfacet
  facet normal 0 0 1
    outer loop
      vertex -12.217310878027089 -0.9184402376762154 11.5
      vertex -12.116611034436051 -1.1313521683823944 11.5
      vertex -12.217310878027089 0.9184402376762154 11.5
    endloop
  endfacet
  facet normal 0 0 1
    outer loop
      vertex -12.296656805757301 -0.6966832254107096 11.5
      vertex -12.353884672967753 0.4682167728387078 11.5
      vertex -12.353884672967753 -0.4682167728387078 11.5
    endloop
  endfacet
  facet normal -0.9987954562051723 0.04906767432742285 0
    outer loop
      vertex -12.4 0 11.3
      vertex -12.4 0 11.5
      vertex -12.388443344013272 0.23524113679094544 11.3
    endloop
  endfacet
  facet normal -0.9987954562051723 -0.04906767432742285 0
    outer loop
      vertex -12.388443344013272 -0.23524113679094544 11.5
      vertex -12.4 0 11.5
      vertex -12.4 0 11.3
    endloop
  endfacet
  facet normal 0 0 1
    outer loop
      vertex -12.388443344013272 -0.23524113679094544 11.5
      vertex -12.388443344013272 0.23524113679094544 11.5
      vertex -12.4 0 11.5
    endloop
  endfacet
  facet normal 0 0 1
    outer loop
      vertex -12.353884672967753 -0.4682167728387078 11.5
      vertex -12.353884672967753 0.4682167728387078 11.5
      vertex -12.388443344013272 0.23524113679094544 11.5
    endloop
  endfacet
  facet normal -0.9987954562051723 0.04906767432742285 0
    outer loop
      vertex -12.388443344013272 0.23524113679094544 11.3
      vertex -12.4 0 11.5
      vertex -12.388443344013272 0.23524113679094544 11.5
    endloop
  endfacet
  facet normal 0 0 1
    outer loop
      vertex -12.296656805757301 -0.6966832254107096 11.5
      vertex -12.296656805757301 0.6966832254107096 11.5
      vertex -12.353884672967753 0.4682167728387078 11.5
    endloop
  endfacet
  facet normal 0 0 1
    outer loop
      vertex -12.217310878027089 -0.9184402376762154 11.5
      vertex -12.217310878027089 0.9184402376762154 11.5
      vertex -12.296656805757301 0.6966832254107096 11.5
    endloop
  endfacet
  facet normal 0 0 1
    outer loop
      vertex -11.855225088070569 -1.522543881992749 11.5
      vertex -11.697056274847714 -1.697056274847714 11.5
      vertex -11.855225088070569 1.522543881992749 11.5
    endloop
  endfacet
  facet normal 0 0 1
    outer loop
      vertex -11.52254388199275 -1.8552250880705687 11.5
      vertex -11.697056274847714 1.697056274847714 11.5
      vertex -11.697056274847714 -1.697056274847714 11.5
    endloop
  endfacet
  facet normal 0 0 1
    outer loop
      vertex -11.52254388199275 -1.8552250880705687 11.5
      vertex -11.333368559247045 -1.9955270695261085 11.5
      vertex -11.52254388199275 1.8552250880705687 11.5
    endloop
  endfacet
  facet normal 0 0 1
    outer loop
      vertex -11.131352168382394 -2.116611034436052 11.5
      vertex -11.333368559247045 1.9955270695261085 11.5
      vertex -11.333368559247045 -1.9955270695261085 11.5
    endloop
  endfacet
  facet normal -0.9891765099647817 0.14673047445535725 0
    outer loop
      vertex -12.388443344013272 0.23524113679094544 11.3
      vertex -12.388443344013272 0.23524113679094544 11.5
      vertex -12.353884672967753 0.4682167728387078 11.3
    endloop
  endfacet
  facet normal -0.9700312531945438 0.24298017990326484 0
    outer loop
      vertex -12.353884672967753 0.4682167728387078 11.3
      vertex -12.353884672967753 0.4682167728387078 11.5
      vertex -12.296656805757301 0.6966832254107096 11.3
    endloop
  endfacet
  facet normal -0.9891765099647817 0.14673047445535725 0
    outer loop
      vertex -12.353884672967753 0.4682167728387078 11.3
      vertex -12.388443344013272 0.23524113679094544 11.5
      vertex -12.353884672967753 0.4682167728387078 11.5
    endloop
  endfacet
  facet normal -0.9415440651830215 0.33688985339221844 0
    outer loop
      vertex -12.296656805757301 0.6966832254107096 11.3
      vertex -12.296656805757301 0.6966832254107096 11.5
      vertex -12.217310878027089 0.9184402376762154 11.3
    endloop
  endfacet
  facet normal -0.9700312531945438 0.24298017990326484 0
    outer loop
      vertex -12.353884672967753 0.4682167728387078 11.5
      vertex -12.296656805757301 0.6966832254107096 11.5
      vertex -12.296656805757301 0.6966832254107096 11.3
    endloop
  endfacet
  facet normal -0.9415440651830215 0.33688985339221844 0
    outer loop
      vertex -12.217310878027089 0.9184402376762154 11.3
      vertex -12.296656805757301 0.6966832254107096 11.5
      vertex -12.217310878027089 0.9184402376762154 11.5
    endloop
  endfacet
  facet normal 0 0 1
    outer loop
      vertex -12.116611034436051 -1.1313521683823944 11.5
      vertex -12.116611034436051 1.1313521683823944 11.5
      vertex -12.217310878027089 0.9184402376762154 11.5
    endloop
  endfacet
  facet normal 0 0 1
    outer loop
      vertex -11.995527069526108 -1.3333685592470452 11.5
      vertex -11.995527069526108 1.3333685592470452 11.5
      vertex -12.116611034436051 1.1313521683823944 11.5
    endloop
  endfacet
  facet normal 0 0 1
    outer loop
      vertex -11.855225088070569 -1.522543881992749 11.5
      vertex -11.855225088070569 1.522543881992749 11.5
      vertex -11.995527069526108 1.3333685592470452 11.5
    endloop
  endfacet
  facet normal -0.903989293123441 0.42755509343028697 0
    outer loop
      vertex -12.217310878027089 0.9184402376762154 11.3
      vertex -12.217310878027089 0.9184402376762154 11.5
      vertex -12.116611034436051 1.1313521683823944 11.3
    endloop
  endfacet
  facet normal -0.8577286100002736 0.5141027441932193 0
    outer loop
      vertex -12.116611034436051 1.1313521683823944 11.3
      vertex -12.116611034436051 1.1313521683823944 11.5
      vertex -11.995527069526108 1.3333685592470452 11.3
    endloop
  endfacet
  facet normal -0.903989293123441 0.42755509343028697 0
    outer loop
      vertex -12.116611034436051 1.1313521683823944 11.3
      vertex -12.217310878027089 0.9184402376762154 11.5
      vertex -12.116611034436051 1.1313521683823944 11.5
    endloop
  endfacet
  facet normal -0.8032075314806447 0.5956993044924337 0
    outer loop
      vertex -11.995527069526108 1.3333685592470452 11.3
      vertex -11.995527069526108 1.3333685592470452 11.5
      vertex -11.855225088070569 1.522543881992749 11.3
    endloop
  endfacet
  facet normal -0.8577286100002736 0.5141027441932193 0
    outer loop
      vertex -12.116611034436051 1.1313521683823944 11.5
      vertex -11.995527069526108 1.3333685592470452 11.5
      vertex -11.995527069526108 1.3333685592470452 11.3
    endloop
  endfacet
  facet normal -0.8032075314806447 0.5956993044924337 0
    outer loop
      vertex -11.855225088070569 1.522543881992749 11.3
      vertex -11.995527069526108 1.3333685592470452 11.5
      vertex -11.855225088070569 1.522543881992749 11.5
    endloop
  endfacet
  facet normal 0 0 1
    outer loop
      vertex -11.697056274847714 -1.697056274847714 11.5
      vertex -11.697056274847714 1.697056274847714 11.5
      vertex -11.855225088070569 1.522543881992749 11.5
    endloop
  endfacet
  facet normal 0 0 1
    outer loop
      vertex -11.52254388199275 -1.8552250880705687 11.5
      vertex -11.52254388199275 1.8552250880705687 11.5
      vertex -11.697056274847714 1.697056274847714 11.5
    endloop
  endfacet
  facet normal 0 0 1
    outer loop
      vertex -11.333368559247045 -1.9955270695261085 11.5
      vertex -11.333368559247045 1.9955270695261085 11.5
      vertex -11.52254388199275 1.8552250880705687 11.5
    endloop
  endfacet
  facet normal 0 0 1
    outer loop
      vertex -11.131352168382394 -2.116611034436052 11.5
      vertex -11.131352168382394 2.116611034436052 11.5
      vertex -11.333368559247045 1.9955270695261085 11.5
    endloop
  endfacet
  facet normal -0.7409511253549602 0.6715589548470172 0
    outer loop
      vertex -11.855225088070569 1.522543881992749 11.3
      vertex -11.855225088070569 1.522543881992749 11.5
      vertex -11.697056274847714 1.697056274847714 11.3
    endloop
  endfacet
  facet normal -0.6715589548470192 0.7409511253549583 0
    outer loop
      vertex -11.697056274847714 1.697056274847714 11.3
      vertex -11.697056274847714 1.697056274847714 11.5
      vertex -11.52254388199275 1.8552250880705687 11.3
    endloop
  endfacet
  facet normal -0.7409511253549602 0.6715589548470172 0
    outer loop
      vertex -11.855225088070569 1.522543881992749 11.5
      vertex -11.697056274847714 1.697056274847714 11.5
      vertex -11.697056274847714 1.697056274847714 11.3
    endloop
  endfacet
  facet normal -0.6715589548470192 0.7409511253549583 0
    outer loop
      vertex -11.697056274847714 1.697056274847714 11.5
      vertex -11.52254388199275 1.8552250880705687 11.5
      vertex -11.52254388199275 1.8552250880705687 11.3
    endloop
  endfacet
  facet normal -0.5956993044924317 0.803207531480646 0
    outer loop
      vertex -11.52254388199275 1.8552250880705687 11.3
      vertex -11.52254388199275 1.8552250880705687 11.5
      vertex -11.333368559247045 1.9955270695261085 11.3
    endloop
  endfacet
  facet normal -0.5141027441932212 0.8577286100002722 0
    outer loop
      vertex -11.333368559247045 1.9955270695261085 11.3
      vertex -11.333368559247045 1.9955270695261085 11.5
      vertex -11.131352168382394 2.116611034436052 11.3
    endloop
  endfacet
  facet normal -0.5956993044924317 0.803207531480646 0
    outer loop
      vertex -11.333368559247045 1.9955270695261085 11.3
      vertex -11.52254388199275 1.8552250880705687 11.5
      vertex -11.333368559247045 1.9955270695261085 11.5
    endloop
  endfacet
  facet normal -0.5141027441932212 0.8577286100002722 0
    outer loop
      vertex -11.131352168382394 2.116611034436052 11.3
      vertex -11.333368559247045 1.9955270695261085 11.5
      vertex -11.131352168382394 2.116611034436052 11.5
    endloop
  endfacet
  facet normal -0.049067674327417286 -0.9987954562051724 0
    outer loop
      vertex -10.235241136790945 -2.3884433440132726 11.3
      vertex -10 -2.4 11.5
      vertex -10.235241136790945 -2.3884433440132726 11.5
    endloop
  endfacet
  facet normal -0.049067674327417286 -0.9987954562051724 0
    outer loop
      vertex -10.235241136790945 -2.3884433440132726 11.3
      vertex -10 -2.4 11.3
      vertex -10 -2.4 11.5
    endloop
  endfacet
  facet normal 0.049067674327417286 -0.9987954562051724 0
    outer loop
      vertex -10 -2.4 11.3
      vertex -9.764758863209055 -2.3884433440132726 11.3
      vertex -9.764758863209055 -2.3884433440132726 11.5
    endloop
  endfacet
  facet normal 0.049067674327417286 -0.9987954562051724 0
    outer loop
      vertex -10 -2.4 11.3
      vertex -9.764758863209055 -2.3884433440132726 11.5
      vertex -10 -2.4 11.5
    endloop
  endfacet
  facet normal -0.4275550934302825 -0.9039892931234431 0
    outer loop
      vertex -11.131352168382394 -2.116611034436052 11.3
      vertex -10.918440237676215 -2.2173108780270883 11.3
      vertex -10.918440237676215 -2.2173108780270883 11.5
    endloop
  endfacet
  facet normal -0.4275550934302825 -0.9039892931234431 0
    outer loop
      vertex -11.131352168382394 -2.116611034436052 11.3
      vertex -10.918440237676215 -2.2173108780270883 11.5
      vertex -11.131352168382394 -2.116611034436052 11.5
    endloop
  endfacet
  facet normal -0.336889853392218 -0.9415440651830215 0
    outer loop
      vertex -10.918440237676215 -2.2173108780270883 11.3
      vertex -10.696683225410709 -2.296656805757301 11.5
      vertex -10.918440237676215 -2.2173108780270883 11.5
    endloop
  endfacet
  facet normal -0.336889853392218 -0.9415440651830215 0
    outer loop
      vertex -10.918440237676215 -2.2173108780270883 11.3
      vertex -10.696683225410709 -2.296656805757301 11.3
      vertex -10.696683225410709 -2.296656805757301 11.5
    endloop
  endfacet
  facet normal -0.24298017990326629 -0.9700312531945434 0
    outer loop
      vertex -10.696683225410709 -2.296656805757301 11.3
      vertex -10.468216772838709 -2.353884672967753 11.3
      vertex -10.468216772838709 -2.353884672967753 11.5
    endloop
  endfacet
  facet normal -0.24298017990326629 -0.9700312531945434 0
    outer loop
      vertex -10.696683225410709 -2.296656805757301 11.3
      vertex -10.468216772838709 -2.353884672967753 11.5
      vertex -10.696683225410709 -2.296656805757301 11.5
    endloop
  endfacet
  facet normal -0.14673047445536205 -0.989176509964781 0
    outer loop
      vertex -10.468216772838709 -2.353884672967753 11.3
      vertex -10.235241136790945 -2.3884433440132726 11.3
      vertex -10.235241136790945 -2.3884433440132726 11.5
    endloop
  endfacet
  facet normal -0.14673047445536205 -0.989176509964781 0
    outer loop
      vertex -10.468216772838709 -2.353884672967753 11.3
      vertex -10.235241136790945 -2.3884433440132726 11.5
      vertex -10.468216772838709 -2.353884672967753 11.5
    endloop
  endfacet
  facet normal 0.14673047445536205 -0.989176509964781 0
    outer loop
      vertex -9.764758863209055 -2.3884433440132726 11.3
      vertex -9.531783227161291 -2.353884672967753 11.3
      vertex -9.531783227161291 -2.353884672967753 11.5
    endloop
  endfacet
  facet normal 0.14673047445536205 -0.989176509964781 0
    outer loop
      vertex -9.764758863209055 -2.3884433440132726 11.3
      vertex -9.531783227161291 -2.353884672967753 11.5
      vertex -9.764758863209055 -2.3884433440132726 11.5
    endloop
  endfacet
  facet normal 0.24298017990326629 -0.9700312531945434 0
    outer loop
      vertex -9.531783227161291 -2.353884672967753 11.3
      vertex -9.303316774589291 -2.296656805757301 11.5
      vertex -9.531783227161291 -2.353884672967753 11.5
    endloop
  endfacet
  facet normal 0.24298017990326629 -0.9700312531945434 0
    outer loop
      vertex -9.531783227161291 -2.353884672967753 11.3
      vertex -9.303316774589291 -2.296656805757301 11.3
      vertex -9.303316774589291 -2.296656805757301 11.5
    endloop
  endfacet
  facet normal 0.336889853392218 -0.9415440651830215 0
    outer loop
      vertex -9.303316774589291 -2.296656805757301 11.3
      vertex -9.081559762323785 -2.2173108780270883 11.3
      vertex -9.081559762323785 -2.2173108780270883 11.5
    endloop
  endfacet
  facet normal 0.336889853392218 -0.9415440651830215 0
    outer loop
      vertex -9.303316774589291 -2.296656805757301 11.3
      vertex -9.081559762323785 -2.2173108780270883 11.5
      vertex -9.303316774589291 -2.296656805757301 11.5
    endloop
  endfacet
  facet normal 0.4275550934302825 -0.9039892931234431 0
    outer loop
      vertex -9.081559762323785 -2.2173108780270883 11.3
      vertex -8.868647831617606 -2.116611034436052 11.3
      vertex -8.868647831617606 -2.116611034436052 11.5
    endloop
  endfacet
  facet normal 0.4275550934302825 -0.9039892931234431 0
    outer loop
      vertex -9.081559762323785 -2.2173108780270883 11.3
      vertex -8.868647831617606 -2.116611034436052 11.5
      vertex -9.081559762323785 -2.2173108780270883 11.5
    endloop
  endfacet
  facet normal 0.5141027441932212 -0.8577286100002722 0
    outer loop
      vertex -8.868647831617606 -2.116611034436052 11.3
      vertex -8.666631440752955 -1.9955270695261085 11.5
      vertex -8.868647831617606 -2.116611034436052 11.5
    endloop
  endfacet
  facet normal 0.5141027441932212 -0.8577286100002722 0
    outer loop
      vertex -8.868647831617606 -2.116611034436052 11.3
      vertex -8.666631440752955 -1.9955270695261085 11.3
      vertex -8.666631440752955 -1.9955270695261085 11.5
    endloop
  endfacet
  facet normal 0.5956993044924317 -0.803207531480646 0
    outer loop
      vertex -8.666631440752955 -1.9955270695261085 11.3
      vertex -8.47745611800725 -1.8552250880705687 11.3
      vertex -8.47745611800725 -1.8552250880705687 11.5
    endloop
  endfacet
  facet normal 0.6715589548470192 -0.7409511253549583 0
    outer loop
      vertex -8.47745611800725 -1.8552250880705687 11.3
      vertex -8.302943725152286 -1.697056274847714 11.3
      vertex -8.302943725152286 -1.697056274847714 11.5
    endloop
  endfacet
  facet normal 0.5956993044924317 -0.803207531480646 0
    outer loop
      vertex -8.666631440752955 -1.9955270695261085 11.3
      vertex -8.47745611800725 -1.8552250880705687 11.5
      vertex -8.666631440752955 -1.9955270695261085 11.5
    endloop
  endfacet
  facet normal 0.6715589548470192 -0.7409511253549583 0
    outer loop
      vertex -8.47745611800725 -1.8552250880705687 11.3
      vertex -8.302943725152286 -1.697056274847714 11.5
      vertex -8.47745611800725 -1.8552250880705687 11.5
    endloop
  endfacet
  facet normal 0.7409511253549602 -0.6715589548470172 0
    outer loop
      vertex -8.302943725152286 -1.697056274847714 11.3
      vertex -8.144774911929431 -1.522543881992749 11.3
      vertex -8.144774911929431 -1.522543881992749 11.5
    endloop
  endfacet
  facet normal 0.7409511253549602 -0.6715589548470172 0
    outer loop
      vertex -8.302943725152286 -1.697056274847714 11.3
      vertex -8.144774911929431 -1.522543881992749 11.5
      vertex -8.302943725152286 -1.697056274847714 11.5
    endloop
  endfacet
  facet normal 0.8032075314806447 -0.5956993044924337 0
    outer loop
      vertex -8.144774911929431 -1.522543881992749 11.3
      vertex -8.004472930473892 -1.3333685592470452 11.5
      vertex -8.144774911929431 -1.522543881992749 11.5
    endloop
  endfacet
  facet normal 0.8032075314806447 -0.5956993044924337 0
    outer loop
      vertex -8.144774911929431 -1.522543881992749 11.3
      vertex -8.004472930473892 -1.3333685592470452 11.3
      vertex -8.004472930473892 -1.3333685592470452 11.5
    endloop
  endfacet
  facet normal 0.8577286100002719 -0.5141027441932221 0
    outer loop
      vertex -8.004472930473892 -1.3333685592470452 11.3
      vertex -7.883388965563948 -1.1313521683823944 11.3
      vertex -7.883388965563948 -1.1313521683823944 11.5
    endloop
  endfacet
  facet normal 0.8577286100002719 -0.5141027441932221 0
    outer loop
      vertex -8.004472930473892 -1.3333685592470452 11.3
      vertex -7.883388965563948 -1.1313521683823944 11.5
      vertex -8.004472930473892 -1.3333685592470452 11.5
    endloop
  endfacet
  facet normal 0 0 1
    outer loop
      vertex -10.918440237676215 -2.2173108780270883 11.5
      vertex -10.696683225410709 -2.296656805757301 11.5
      vertex -10.918440237676215 2.2173108780270883 11.5
    endloop
  endfacet
  facet normal 0 0 1
    outer loop
      vertex -11.131352168382394 -2.116611034436052 11.5
      vertex -10.918440237676215 -2.2173108780270883 11.5
      vertex -11.131352168382394 2.116611034436052 11.5
    endloop
  endfacet
  facet normal 0 0 1
    outer loop
      vertex -10.696683225410709 -2.296656805757301 11.5
      vertex -10.468216772838709 -2.353884672967753 11.5
      vertex -10.696683225410709 2.296656805757301 11.5
    endloop
  endfacet
  facet normal 0 0 1
    outer loop
      vertex -10.468216772838709 -2.353884672967753 11.5
      vertex -10.235241136790945 -2.3884433440132726 11.5
      vertex -10.468216772838709 2.353884672967753 11.5
    endloop
  endfacet
  facet normal 0 0 1
    outer loop
      vertex -10.235241136790945 -2.3884433440132726 11.5
      vertex -10 -2.4 11.5
      vertex -10.235241136790945 2.3884433440132726 11.5
    endloop
  endfacet
  facet normal 0 0 1
    outer loop
      vertex -10 -2.4 11.5
      vertex -9.764758863209055 -2.3884433440132726 11.5
      vertex -10 2.4 11.5
    endloop
  endfacet
  facet normal 0 0 1
    outer loop
      vertex -11.131352168382394 2.116611034436052 11.5
      vertex -10.918440237676215 -2.2173108780270883 11.5
      vertex -10.918440237676215 2.2173108780270883 11.5
    endloop
  endfacet
  facet normal 0 0 1
    outer loop
      vertex -10.696683225410709 -2.296656805757301 11.5
      vertex -10.696683225410709 2.296656805757301 11.5
      vertex -10.918440237676215 2.2173108780270883 11.5
    endloop
  endfacet
  facet normal 0 0 1
    outer loop
      vertex -10.468216772838709 -2.353884672967753 11.5
      vertex -10.468216772838709 2.353884672967753 11.5
      vertex -10.696683225410709 2.296656805757301 11.5
    endloop
  endfacet
  facet normal 0 0 1
    outer loop
      vertex -10.235241136790945 -2.3884433440132726 11.5
      vertex -10.235241136790945 2.3884433440132726 11.5
      vertex -10.468216772838709 2.353884672967753 11.5
    endloop
  endfacet
  facet normal 0 0 1
    outer loop
      vertex -10 -2.4 11.5
      vertex -10 2.4 11.5
      vertex -10.235241136790945 2.3884433440132726 11.5
    endloop
  endfacet
  facet normal 0 0 1
    outer loop
      vertex -9.764758863209055 -2.3884433440132726 11.5
      vertex -9.764758863209055 2.3884433440132726 11.5
      vertex -10 2.4 11.5
    endloop
  endfacet
  facet normal 0 0 1
    outer loop
      vertex -9.764758863209055 -2.3884433440132726 11.5
      vertex -9.531783227161291 -2.353884672967753 11.5
      vertex -9.764758863209055 2.3884433440132726 11.5
    endloop
  endfacet
  facet normal 0 0 1
    outer loop
      vertex -9.531783227161291 -2.353884672967753 11.5
      vertex -9.303316774589291 -2.296656805757301 11.5
      vertex -9.531783227161291 2.353884672967753 11.5
    endloop
  endfacet
  facet normal 0 0 1
    outer loop
      vertex -9.303316774589291 -2.296656805757301 11.5
      vertex -9.081559762323785 -2.2173108780270883 11.5
      vertex -9.303316774589291 2.296656805757301 11.5
    endloop
  endfacet
  facet normal 0 0 1
    outer loop
      vertex -9.081559762323785 -2.2173108780270883 11.5
      vertex -8.868647831617606 -2.116611034436052 11.5
      vertex -9.081559762323785 2.2173108780270883 11.5
    endloop
  endfacet
  facet normal 0 0 1
    outer loop
      vertex -8.868647831617606 -2.116611034436052 11.5
      vertex -8.666631440752955 -1.9955270695261085 11.5
      vertex -8.868647831617606 2.116611034436052 11.5
    endloop
  endfacet
  facet normal 0 0 1
    outer loop
      vertex -8.666631440752955 -1.9955270695261085 11.5
      vertex -8.47745611800725 -1.8552250880705687 11.5
      vertex -8.666631440752955 1.9955270695261085 11.5
    endloop
  endfacet
  facet normal 0 0 1
    outer loop
      vertex -8.47745611800725 -1.8552250880705687 11.5
      vertex -8.302943725152286 -1.697056274847714 11.5
      vertex -8.47745611800725 1.8552250880705687 11.5
    endloop
  endfacet
  facet normal 0 0 1
    outer loop
      vertex -9.531783227161291 -2.353884672967753 11.5
      vertex -9.531783227161291 2.353884672967753 11.5
      vertex -9.764758863209055 2.3884433440132726 11.5
    endloop
  endfacet
  facet normal 0 0 1
    outer loop
      vertex -9.303316774589291 -2.296656805757301 11.5
      vertex -9.303316774589291 2.296656805757301 11.5
      vertex -9.531783227161291 2.353884672967753 11.5
    endloop
  endfacet
  facet normal 0 0 1
    outer loop
      vertex -9.081559762323785 -2.2173108780270883 11.5
      vertex -9.081559762323785 2.2173108780270883 11.5
      vertex -9.303316774589291 2.296656805757301 11.5
    endloop
  endfacet
  facet normal 0 0 1
    outer loop
      vertex -8.868647831617606 -2.116611034436052 11.5
      vertex -8.868647831617606 2.116611034436052 11.5
      vertex -9.081559762323785 2.2173108780270883 11.5
    endloop
  endfacet
  facet normal 0 0 1
    outer loop
      vertex -8.666631440752955 -1.9955270695261085 11.5
      vertex -8.666631440752955 1.9955270695261085 11.5
      vertex -8.868647831617606 2.116611034436052 11.5
    endloop
  endfacet
  facet normal 0 0 1
    outer loop
      vertex -8.47745611800725 -1.8552250880705687 11.5
      vertex -8.47745611800725 1.8552250880705687 11.5
      vertex -8.666631440752955 1.9955270695261085 11.5
    endloop
  endfacet
  facet normal 0 0 1
    outer loop
      vertex -8.302943725152286 -1.697056274847714 11.5
      vertex -8.302943725152286 1.697056274847714 11.5
      vertex -8.47745611800725 1.8552250880705687 11.5
    endloop
  endfacet
  facet normal -0.4275550934302825 0.9039892931234431 0
    outer loop
      vertex -11.131352168382394 2.116611034436052 11.3
      vertex -11.131352168382394 2.116611034436052 11.5
      vertex -10.918440237676215 2.2173108780270883 11.3
    endloop
  endfacet
  facet normal -0.4275550934302825 0.9039892931234431 0
    outer loop
      vertex -11.131352168382394 2.116611034436052 11.5
      vertex -10.918440237676215 2.2173108780270883 11.5
      vertex -10.918440237676215 2.2173108780270883 11.3
    endloop
  endfacet
  facet normal -0.336889853392218 0.9415440651830215 0
    outer loop
      vertex -10.918440237676215 2.2173108780270883 11.3
      vertex -10.918440237676215 2.2173108780270883 11.5
      vertex -10.696683225410709 2.296656805757301 11.3
    endloop
  endfacet
  facet normal -0.24298017990326629 0.9700312531945434 0
    outer loop
      vertex -10.696683225410709 2.296656805757301 11.3
      vertex -10.696683225410709 2.296656805757301 11.5
      vertex -10.468216772838709 2.353884672967753 11.3
    endloop
  endfacet
  facet normal -0.336889853392218 0.9415440651830215 0
    outer loop
      vertex -10.696683225410709 2.296656805757301 11.3
      vertex -10.918440237676215 2.2173108780270883 11.5
      vertex -10.696683225410709 2.296656805757301 11.5
    endloop
  endfacet
  facet normal -0.24298017990326629 0.9700312531945434 0
    outer loop
      vertex -10.468216772838709 2.353884672967753 11.3
      vertex -10.696683225410709 2.296656805757301 11.5
      vertex -10.468216772838709 2.353884672967753 11.5
    endloop
  endfacet
  facet normal -0.14673047445536205 0.989176509964781 0
    outer loop
      vertex -10.468216772838709 2.353884672967753 11.3
      vertex -10.468216772838709 2.353884672967753 11.5
      vertex -10.235241136790945 2.3884433440132726 11.3
    endloop
  endfacet
  facet normal -0.049067674327417286 0.9987954562051724 0
    outer loop
      vertex -10.235241136790945 2.3884433440132726 11.3
      vertex -10.235241136790945 2.3884433440132726 11.5
      vertex -10 2.4 11.3
    endloop
  endfacet
  facet normal -0.14673047445536205 0.989176509964781 0
    outer loop
      vertex -10.468216772838709 2.353884672967753 11.5
      vertex -10.235241136790945 2.3884433440132726 11.5
      vertex -10.235241136790945 2.3884433440132726 11.3
    endloop
  endfacet
  facet normal 0.049067674327417286 0.9987954562051724 0
    outer loop
      vertex -10 2.4 11.3
      vertex -10 2.4 11.5
      vertex -9.764758863209055 2.3884433440132726 11.3
    endloop
  endfacet
  facet normal -0.049067674327417286 0.9987954562051724 0
    outer loop
      vertex -10 2.4 11.3
      vertex -10.235241136790945 2.3884433440132726 11.5
      vertex -10 2.4 11.5
    endloop
  endfacet
  facet normal 0.049067674327417286 0.9987954562051724 0
    outer loop
      vertex -9.764758863209055 2.3884433440132726 11.3
      vertex -10 2.4 11.5
      vertex -9.764758863209055 2.3884433440132726 11.5
    endloop
  endfacet
  facet normal 0.14673047445536205 0.989176509964781 0
    outer loop
      vertex -9.764758863209055 2.3884433440132726 11.3
      vertex -9.764758863209055 2.3884433440132726 11.5
      vertex -9.531783227161291 2.353884672967753 11.3
    endloop
  endfacet
  facet normal 0.24298017990326629 0.9700312531945434 0
    outer loop
      vertex -9.531783227161291 2.353884672967753 11.3
      vertex -9.531783227161291 2.353884672967753 11.5
      vertex -9.303316774589291 2.296656805757301 11.3
    endloop
  endfacet
  facet normal 0.14673047445536205 0.989176509964781 0
    outer loop
      vertex -9.764758863209055 2.3884433440132726 11.5
      vertex -9.531783227161291 2.353884672967753 11.5
      vertex -9.531783227161291 2.353884672967753 11.3
    endloop
  endfacet
  facet normal 0.336889853392218 0.9415440651830215 0
    outer loop
      vertex -9.303316774589291 2.296656805757301 11.3
      vertex -9.303316774589291 2.296656805757301 11.5
      vertex -9.081559762323785 2.2173108780270883 11.3
    endloop
  endfacet
  facet normal 0.24298017990326629 0.9700312531945434 0
    outer loop
      vertex -9.303316774589291 2.296656805757301 11.3
      vertex -9.531783227161291 2.353884672967753 11.5
      vertex -9.303316774589291 2.296656805757301 11.5
    endloop
  endfacet
  facet normal 0.336889853392218 0.9415440651830215 0
    outer loop
      vertex -9.081559762323785 2.2173108780270883 11.3
      vertex -9.303316774589291 2.296656805757301 11.5
      vertex -9.081559762323785 2.2173108780270883 11.5
    endloop
  endfacet
  facet normal 0.4275550934302825 0.9039892931234431 0
    outer loop
      vertex -9.081559762323785 2.2173108780270883 11.3
      vertex -9.081559762323785 2.2173108780270883 11.5
      vertex -8.868647831617606 2.116611034436052 11.3
    endloop
  endfacet
  facet normal 0.5141027441932212 0.8577286100002722 0
    outer loop
      vertex -8.868647831617606 2.116611034436052 11.3
      vertex -8.868647831617606 2.116611034436052 11.5
      vertex -8.666631440752955 1.9955270695261085 11.3
    endloop
  endfacet
  facet normal 0.4275550934302825 0.9039892931234431 0
    outer loop
      vertex -9.081559762323785 2.2173108780270883 11.5
      vertex -8.868647831617606 2.116611034436052 11.5
      vertex -8.868647831617606 2.116611034436052 11.3
    endloop
  endfacet
  facet normal 0.5141027441932212 0.8577286100002722 0
    outer loop
      vertex -8.666631440752955 1.9955270695261085 11.3
      vertex -8.868647831617606 2.116611034436052 11.5
      vertex -8.666631440752955 1.9955270695261085 11.5
    endloop
  endfacet
  facet normal 0.6715589548470192 0.7409511253549583 0
    outer loop
      vertex -8.47745611800725 1.8552250880705687 11.3
      vertex -8.47745611800725 1.8552250880705687 11.5
      vertex -8.302943725152286 1.697056274847714 11.3
    endloop
  endfacet
  facet normal 0.6715589548470192 0.7409511253549583 0
    outer loop
      vertex -8.47745611800725 1.8552250880705687 11.5
      vertex -8.302943725152286 1.697056274847714 11.5
      vertex -8.302943725152286 1.697056274847714 11.3
    endloop
  endfacet
  facet normal 0.5956993044924317 0.803207531480646 0
    outer loop
      vertex -8.666631440752955 1.9955270695261085 11.3
      vertex -8.666631440752955 1.9955270695261085 11.5
      vertex -8.47745611800725 1.8552250880705687 11.3
    endloop
  endfacet
  facet normal 0.5956993044924317 0.803207531480646 0
    outer loop
      vertex -8.47745611800725 1.8552250880705687 11.3
      vertex -8.666631440752955 1.9955270695261085 11.5
      vertex -8.47745611800725 1.8552250880705687 11.5
    endloop
  endfacet
  facet normal 0 0 1
    outer loop
      vertex -8.302943725152286 -1.697056274847714 11.5
      vertex -8.144774911929431 -1.522543881992749 11.5
      vertex -8.302943725152286 1.697056274847714 11.5
    endloop
  endfacet
  facet normal 0 0 1
    outer loop
      vertex -8.144774911929431 -1.522543881992749 11.5
      vertex -8.004472930473892 -1.3333685592470452 11.5
      vertex -8.144774911929431 1.522543881992749 11.5
    endloop
  endfacet
  facet normal 0.9039892931234426 -0.4275550934302838 0
    outer loop
      vertex -7.883388965563948 -1.1313521683823944 11.3
      vertex -7.782689121972911 -0.9184402376762154 11.3
      vertex -7.782689121972911 -0.9184402376762154 11.5
    endloop
  endfacet
  facet normal 0.9415440651830215 -0.33688985339221844 0
    outer loop
      vertex -7.782689121972911 -0.9184402376762154 11.3
      vertex -7.703343194242699 -0.6966832254107096 11.3
      vertex -7.703343194242699 -0.6966832254107096 11.5
    endloop
  endfacet
  facet normal 0.9039892931234426 -0.4275550934302838 0
    outer loop
      vertex -7.883388965563948 -1.1313521683823944 11.3
      vertex -7.782689121972911 -0.9184402376762154 11.5
      vertex -7.883388965563948 -1.1313521683823944 11.5
    endloop
  endfacet
  facet normal 0.9415440651830215 -0.33688985339221844 0
    outer loop
      vertex -7.782689121972911 -0.9184402376762154 11.3
      vertex -7.703343194242699 -0.6966832254107096 11.5
      vertex -7.782689121972911 -0.9184402376762154 11.5
    endloop
  endfacet
  facet normal 0.9700312531945438 -0.24298017990326484 0
    outer loop
      vertex -7.703343194242699 -0.6966832254107096 11.3
      vertex -7.646115327032247 -0.4682167728387078 11.3
      vertex -7.646115327032247 -0.4682167728387078 11.5
    endloop
  endfacet
  facet normal 0.9700312531945438 -0.24298017990326484 0
    outer loop
      vertex -7.703343194242699 -0.6966832254107096 11.3
      vertex -7.646115327032247 -0.4682167728387078 11.5
      vertex -7.703343194242699 -0.6966832254107096 11.5
    endloop
  endfacet
  facet normal 0 0 1
    outer loop
      vertex -8.004472930473892 -1.3333685592470452 11.5
      vertex -7.883388965563948 -1.1313521683823944 11.5
      vertex -8.004472930473892 1.3333685592470452 11.5
    endloop
  endfacet
  facet normal 0 0 1
    outer loop
      vertex -7.883388965563948 -1.1313521683823944 11.5
      vertex -7.782689121972911 -0.9184402376762154 11.5
      vertex -7.883388965563948 1.1313521683823944 11.5
    endloop
  endfacet
  facet normal 0 0 1
    outer loop
      vertex -7.782689121972911 -0.9184402376762154 11.5
      vertex -7.703343194242699 -0.6966832254107096 11.5
      vertex -7.782689121972911 0.9184402376762154 11.5
    endloop
  endfacet
  facet normal 0 0 1
    outer loop
      vertex -7.703343194242699 -0.6966832254107096 11.5
      vertex -7.646115327032247 -0.4682167728387078 11.5
      vertex -7.703343194242699 0.6966832254107096 11.5
    endloop
  endfacet
  facet normal 0 0 1
    outer loop
      vertex -7.646115327032247 -0.4682167728387078 11.5
      vertex -7.646115327032247 0.4682167728387078 11.5
      vertex -7.703343194242699 0.6966832254107096 11.5
    endloop
  endfacet
  facet normal 0.9891765099647811 -0.14673047445536094 0
    outer loop
      vertex -7.646115327032247 -0.4682167728387078 11.3
      vertex -7.611556655986727 -0.23524113679094544 11.3
      vertex -7.611556655986727 -0.23524113679094544 11.5
    endloop
  endfacet
  facet normal 0.9891765099647811 -0.14673047445536094 0
    outer loop
      vertex -7.646115327032247 -0.4682167728387078 11.3
      vertex -7.611556655986727 -0.23524113679094544 11.5
      vertex -7.646115327032247 -0.4682167728387078 11.5
    endloop
  endfacet
  facet normal 0.9987954562051724 -0.049067674327419084 0
    outer loop
      vertex -7.611556655986727 -0.23524113679094544 11.3
      vertex -7.6 0 11.5
      vertex -7.611556655986727 -0.23524113679094544 11.5
    endloop
  endfacet
  facet normal 0.9987954562051724 -0.049067674327419084 0
    outer loop
      vertex -7.611556655986727 -0.23524113679094544 11.3
      vertex -7.6 0 11.3
      vertex -7.6 0 11.5
    endloop
  endfacet
  facet normal 0.9987954562051724 0.049067674327419084 0
    outer loop
      vertex -7.6 0 11.3
      vertex -7.611556655986727 0.23524113679094544 11.3
      vertex -7.611556655986727 0.23524113679094544 11.5
    endloop
  endfacet
  facet normal 0.9987954562051724 0.049067674327419084 0
    outer loop
      vertex -7.6 0 11.3
      vertex -7.611556655986727 0.23524113679094544 11.5
      vertex -7.6 0 11.5
    endloop
  endfacet
  facet normal 0 0 1
    outer loop
      vertex -7.646115327032247 -0.4682167728387078 11.5
      vertex -7.611556655986727 -0.23524113679094544 11.5
      vertex -7.646115327032247 0.4682167728387078 11.5
    endloop
  endfacet
  facet normal 0 0 1
    outer loop
      vertex -7.611556655986727 -0.23524113679094544 11.5
      vertex -7.6 0 11.5
      vertex -7.611556655986727 0.23524113679094544 11.5
    endloop
  endfacet
  facet normal 0 0 1
    outer loop
      vertex -7.611556655986727 -0.23524113679094544 11.5
      vertex -7.611556655986727 0.23524113679094544 11.5
      vertex -7.646115327032247 0.4682167728387078 11.5
    endloop
  endfacet
  facet normal 0 0 1
    outer loop
      vertex -8.144774911929431 -1.522543881992749 11.5
      vertex -8.144774911929431 1.522543881992749 11.5
      vertex -8.302943725152286 1.697056274847714 11.5
    endloop
  endfacet
  facet normal 0 0 1
    outer loop
      vertex -8.004472930473892 -1.3333685592470452 11.5
      vertex -8.004472930473892 1.3333685592470452 11.5
      vertex -8.144774911929431 1.522543881992749 11.5
    endloop
  endfacet
  facet normal 0 0 1
    outer loop
      vertex -7.883388965563948 -1.1313521683823944 11.5
      vertex -7.883388965563948 1.1313521683823944 11.5
      vertex -8.004472930473892 1.3333685592470452 11.5
    endloop
  endfacet
  facet normal 0 0 1
    outer loop
      vertex -7.782689121972911 -0.9184402376762154 11.5
      vertex -7.782689121972911 0.9184402376762154 11.5
      vertex -7.883388965563948 1.1313521683823944 11.5
    endloop
  endfacet
  facet normal 0 0 1
    outer loop
      vertex -7.703343194242699 -0.6966832254107096 11.5
      vertex -7.703343194242699 0.6966832254107096 11.5
      vertex -7.782689121972911 0.9184402376762154 11.5
    endloop
  endfacet
  facet normal 0.9700312531945438 0.24298017990326484 0
    outer loop
      vertex -7.703343194242699 0.6966832254107096 11.5
      vertex -7.646115327032247 0.4682167728387078 11.5
      vertex -7.646115327032247 0.4682167728387078 11.3
    endloop
  endfacet
  facet normal 0.9700312531945438 0.24298017990326484 0
    outer loop
      vertex -7.703343194242699 0.6966832254107096 11.3
      vertex -7.703343194242699 0.6966832254107096 11.5
      vertex -7.646115327032247 0.4682167728387078 11.3
    endloop
  endfacet
  facet normal 0.9415440651830215 0.33688985339221844 0
    outer loop
      vertex -7.703343194242699 0.6966832254107096 11.3
      vertex -7.782689121972911 0.9184402376762154 11.3
      vertex -7.782689121972911 0.9184402376762154 11.5
    endloop
  endfacet
  facet normal 0.9415440651830215 0.33688985339221844 0
    outer loop
      vertex -7.703343194242699 0.6966832254107096 11.3
      vertex -7.782689121972911 0.9184402376762154 11.5
      vertex -7.703343194242699 0.6966832254107096 11.5
    endloop
  endfacet
  facet normal 0.8032075314806447 0.5956993044924337 0
    outer loop
      vertex -8.004472930473892 1.3333685592470452 11.3
      vertex -8.144774911929431 1.522543881992749 11.3
      vertex -8.144774911929431 1.522543881992749 11.5
    endloop
  endfacet
  facet normal 0.8032075314806447 0.5956993044924337 0
    outer loop
      vertex -8.004472930473892 1.3333685592470452 11.3
      vertex -8.144774911929431 1.522543881992749 11.5
      vertex -8.004472930473892 1.3333685592470452 11.5
    endloop
  endfacet
  facet normal 0.9039892931234426 0.4275550934302838 0
    outer loop
      vertex -7.883388965563948 1.1313521683823944 11.3
      vertex -7.883388965563948 1.1313521683823944 11.5
      vertex -7.782689121972911 0.9184402376762154 11.3
    endloop
  endfacet
  facet normal 0.8577286100002719 0.5141027441932221 0
    outer loop
      vertex -7.883388965563948 1.1313521683823944 11.3
      vertex -8.004472930473892 1.3333685592470452 11.5
      vertex -7.883388965563948 1.1313521683823944 11.5
    endloop
  endfacet
  facet normal 0.9039892931234426 0.4275550934302838 0
    outer loop
      vertex -7.782689121972911 0.9184402376762154 11.3
      vertex -7.883388965563948 1.1313521683823944 11.5
      vertex -7.782689121972911 0.9184402376762154 11.5
    endloop
  endfacet
  facet normal 0.8577286100002719 0.5141027441932221 0
    outer loop
      vertex -7.883388965563948 1.1313521683823944 11.3
      vertex -8.004472930473892 1.3333685592470452 11.3
      vertex -8.004472930473892 1.3333685592470452 11.5
    endloop
  endfacet
  facet normal 0.9891765099647811 0.14673047445536094 0
    outer loop
      vertex -7.611556655986727 0.23524113679094544 11.3
      vertex -7.646115327032247 0.4682167728387078 11.3
      vertex -7.646115327032247 0.4682167728387078 11.5
    endloop
  endfacet
  facet normal 0.9891765099647811 0.14673047445536094 0
    outer loop
      vertex -7.611556655986727 0.23524113679094544 11.3
      vertex -7.646115327032247 0.4682167728387078 11.5
      vertex -7.611556655986727 0.23524113679094544 11.5
    endloop
  endfacet
  facet normal 0.7409511253549602 0.6715589548470172 0
    outer loop
      vertex -8.302943725152286 1.697056274847714 11.3
      vertex -8.302943725152286 1.697056274847714 11.5
      vertex -8.144774911929431 1.522543881992749 11.3
    endloop
  endfacet
  facet normal 0.7409511253549602 0.6715589548470172 0
    outer loop
      vertex -8.144774911929431 1.522543881992749 11.3
      vertex -8.302943725152286 1.697056274847714 11.5
      vertex -8.144774911929431 1.522543881992749 11.5
    endloop
  endfacet
  facet normal -0.941544065183021 -0.3368898533922191 0
    outer loop
      vertex 7.089779472589447 -1.2054528119500327 8.3
      vertex 7 -0.9545359952495875 8.4
      vertex 7 -0.9545359952495875 8.3
    endloop
  endfacet
  facet normal 0 0 -1
    outer loop
      vertex 7.221948017302681 -1.4848997210018926 8.3
      vertex 7.380870721246982 1.7500462340117469 8.3
      vertex 7.380870721246982 -1.7500462340117469 8.3
    endloop
  endfacet
  facet normal 0 0 -1
    outer loop
      vertex 7.565017071907379 -1.9983388451154833 8.3
      vertex 7.380870721246982 -1.7500462340117469 8.3
      vertex 7.565017071907379 1.9983388451154833 8.3
    endloop
  endfacet
  facet normal 0 0 -1
    outer loop
      vertex 7.089779472589447 -1.2054528119500327 8.3
      vertex 7 -0.9545359952495875 8.3
      vertex 7 0.9545359952495875 8.3
    endloop
  endfacet
  facet normal 0 0 -1
    outer loop
      vertex 7.221948017302681 -1.4848997210018926 8.3
      vertex 7.089779472589447 -1.2054528119500327 8.3
      vertex 7.221948017302681 1.4848997210018926 8.3
    endloop
  endfacet
  facet normal 0 0 -1
    outer loop
      vertex 7.772613639262375 -2.2273863607376247 8.3
      vertex 8.001661154884516 2.4349829280926216 8.3
      vertex 8.001661154884516 -2.4349829280926216 8.3
    endloop
  endfacet
  facet normal 0 0 -1
    outer loop
      vertex 7.565017071907379 -1.9983388451154833 8.3
      vertex 7.772613639262375 2.2273863607376247 8.3
      vertex 7.772613639262375 -2.2273863607376247 8.3
    endloop
  endfacet
  facet normal 0 0 -1
    outer loop
      vertex 8.249953765988254 -2.6191292787530176 8.3
      vertex 8.001661154884516 -2.4349829280926216 8.3
      vertex 8.249953765988254 2.6191292787530176 8.3
    endloop
  endfacet
  facet normal 0 0 -1
    outer loop
      vertex 7.089779472589447 -1.2054528119500327 8.3
      vertex 7 0.9545359952495875 8.3
      vertex 7.089779472589447 1.2054528119500327 8.3
    endloop
  endfacet
  facet normal 0 0 -1
    outer loop
      vertex 7.089779472589447 -1.2054528119500327 8.3
      vertex 7.089779472589447 1.2054528119500327 8.3
      vertex 7.221948017302681 1.4848997210018926 8.3
    endloop
  endfacet
  facet normal 0 0 -1
    outer loop
      vertex 7.221948017302681 -1.4848997210018926 8.3
      vertex 7.221948017302681 1.4848997210018926 8.3
      vertex 7.380870721246982 1.7500462340117469 8.3
    endloop
  endfacet
  facet normal 0 0 -1
    outer loop
      vertex 7.380870721246982 -1.7500462340117469 8.3
      vertex 7.380870721246982 1.7500462340117469 8.3
      vertex 7.565017071907379 1.9983388451154833 8.3
    endloop
  endfacet
  facet normal 0 0 -1
    outer loop
      vertex 7.565017071907379 -1.9983388451154833 8.3
      vertex 7.565017071907379 1.9983388451154833 8.3
      vertex 7.772613639262375 2.2273863607376247 8.3
    endloop
  endfacet
  facet normal -0.941544065183021 0.3368898533922191 0
    outer loop
      vertex 7.089779472589447 1.2054528119500327 8.3
      vertex 7 0.9545359952495875 8.3
      vertex 7 0.9545359952495875 8.4
    endloop
  endfacet
  facet normal 0 0 -1
    outer loop
      vertex 7.772613639262375 -2.2273863607376247 8.3
      vertex 7.772613639262375 2.2273863607376247 8.3
      vertex 8.001661154884516 2.4349829280926216 8.3
    endloop
  endfacet
  facet normal 0 0 -1
    outer loop
      vertex 8.001661154884516 -2.4349829280926216 8.3
      vertex 8.001661154884516 2.4349829280926216 8.3
      vertex 8.249953765988254 2.6191292787530176 8.3
    endloop
  endfacet
  facet normal 0 0 -1
    outer loop
      vertex 8.249953765988254 -2.6191292787530176 8.3
      vertex 8.249953765988254 2.6191292787530176 8.3
      vertex 8.515100278998107 2.7780519826973182 8.3
    endloop
  endfacet
  facet normal 0 0 -1
    outer loop
      vertex 8.249953765988254 -2.6191292787530176 8.3
      vertex 8.515100278998107 2.7780519826973182 8.3
      vertex 8.515100278998107 -2.7780519826973182 8.3
    endloop
  endfacet
  facet normal 0 0 -1
    outer loop
      vertex 8.515100278998107 -2.7780519826973182 8.3
      vertex 8.794547188049968 2.9102205274105533 8.3
      vertex 8.794547188049968 -2.9102205274105533 8.3
    endloop
  endfacet
  facet normal 0 0 -1
    outer loop
      vertex 8.794547188049968 -2.9102205274105533 8.3
      vertex 9.085603266648445 3.0143620575564576 8.3
      vertex 9.085603266648445 -3.0143620575564576 8.3
    endloop
  endfacet
  facet normal 0 0 -1
    outer loop
      vertex 9.085603266648445 -3.0143620575564576 8.3
      vertex 9.385465485649195 3.0894736332701758 8.3
      vertex 9.385465485649195 -3.0894736332701758 8.3
    endloop
  endfacet
  facet normal 0 0 -1
    outer loop
      vertex 9.385465485649195 -3.0894736332701758 8.3
      vertex 9.691246007961885 3.1348318890174203 8.3
      vertex 9.691246007961885 -3.1348318890174203 8.3
    endloop
  endfacet
  facet normal 0 0 -1
    outer loop
      vertex 8.515100278998107 -2.7780519826973182 8.3
      vertex 8.515100278998107 2.7780519826973182 8.3
      vertex 8.794547188049968 2.9102205274105533 8.3
    endloop
  endfacet
  facet normal 0 0 -1
    outer loop
      vertex 8.794547188049968 -2.9102205274105533 8.3
      vertex 8.794547188049968 2.9102205274105533 8.3
      vertex 9.085603266648445 3.0143620575564576 8.3
    endloop
  endfacet
  facet normal 0 0 -1
    outer loop
      vertex 9.085603266648445 -3.0143620575564576 8.3
      vertex 9.085603266648445 3.0143620575564576 8.3
      vertex 9.385465485649195 3.0894736332701758 8.3
    endloop
  endfacet
  facet normal 0 0 -1
    outer loop
      vertex 9.385465485649195 -3.0894736332701758 8.3
      vertex 9.385465485649195 3.0894736332701758 8.3
      vertex 9.691246007961885 3.1348318890174203 8.3
    endloop
  endfacet
  facet normal 0 0 -1
    outer loop
      vertex 9.691246007961885 -3.1348318890174203 8.3
      vertex 10 3.15 8.3
      vertex 10 -3.15 8.3
    endloop
  endfacet
  facet normal 0 0 -1
    outer loop
      vertex 10.308753992038115 -3.1348318890174203 8.3
      vertex 10 -3.15 8.3
      vertex 10.308753992038115 3.1348318890174203 8.3
    endloop
  endfacet
  facet normal 0 0 -1
    outer loop
      vertex 10.308753992038115 -3.1348318890174203 8.3
      vertex 10.614534514350805 3.0894736332701758 8.3
      vertex 10.614534514350805 -3.0894736332701758 8.3
    endloop
  endfacet
  facet normal 0 0 -1
    outer loop
      vertex 10.614534514350805 -3.0894736332701758 8.3
      vertex 10.914396733351555 3.0143620575564576 8.3
      vertex 10.914396733351555 -3.0143620575564576 8.3
    endloop
  endfacet
  facet normal 0 0 -1
    outer loop
      vertex 10.914396733351555 -3.0143620575564576 8.3
      vertex 11.205452811950032 2.9102205274105533 8.3
      vertex 11.205452811950032 -2.9102205274105533 8.3
    endloop
  endfacet
  facet normal 0 0 -1
    outer loop
      vertex 9.691246007961885 -3.1348318890174203 8.3
      vertex 9.691246007961885 3.1348318890174203 8.3
      vertex 10 3.15 8.3
    endloop
  endfacet
  facet normal 0 0 -1
    outer loop
      vertex 10.308753992038115 3.1348318890174203 8.3
      vertex 10 -3.15 8.3
      vertex 10 3.15 8.3
    endloop
  endfacet
  facet normal 0 0 -1
    outer loop
      vertex 10.308753992038115 -3.1348318890174203 8.3
      vertex 10.308753992038115 3.1348318890174203 8.3
      vertex 10.614534514350805 3.0894736332701758 8.3
    endloop
  endfacet
  facet normal 0 0 -1
    outer loop
      vertex 10.614534514350805 -3.0894736332701758 8.3
      vertex 10.614534514350805 3.0894736332701758 8.3
      vertex 10.914396733351555 3.0143620575564576 8.3
    endloop
  endfacet
  facet normal 0 0 -1
    outer loop
      vertex 10.914396733351555 -3.0143620575564576 8.3
      vertex 10.914396733351555 3.0143620575564576 8.3
      vertex 11.205452811950032 2.9102205274105533 8.3
    endloop
  endfacet
  facet normal -0.5956993044924311 -0.8032075314806464 0
    outer loop
      vertex 8.249953765988254 -2.6191292787530176 8.3
      vertex 8.249953765988254 -2.6191292787530176 11.3
      vertex 8.001661154884516 -2.4349829280926216 8.3
    endloop
  endfacet
  facet normal -0.7409511253549597 -0.6715589548470178 0
    outer loop
      vertex 7.565017071907379 -1.9983388451154833 8.3
      vertex 7.772613639262375 -2.2273863607376247 8.3
      vertex 7.565017071907379 -1.9983388451154833 11.3
    endloop
  endfacet
  facet normal -0.8032075314806438 -0.5956993044924348 0
    outer loop
      vertex 7.565017071907379 -1.9983388451154833 8.3
      vertex 7.380870721246982 -1.7500462340117469 11.3
      vertex 7.380870721246982 -1.7500462340117469 8.3
    endloop
  endfacet
  facet normal -0.8577286100002722 -0.5141027441932214 0
    outer loop
      vertex 7.221948017302681 -1.4848997210018926 8.3
      vertex 7.380870721246982 -1.7500462340117469 8.3
      vertex 7.221948017302681 -1.4848997210018926 11.3
    endloop
  endfacet
  facet normal -0.9039892931234438 -0.4275550934302811 0
    outer loop
      vertex 7.221948017302681 -1.4848997210018926 8.3
      vertex 7.089779472589447 -1.2054528119500327 11.3
      vertex 7.089779472589447 -1.2054528119500327 8.3
    endloop
  endfacet
  facet normal -0.6715589548470193 -0.7409511253549583 0
    outer loop
      vertex 7.772613639262375 -2.2273863607376247 8.3
      vertex 8.001661154884516 -2.4349829280926216 8.3
      vertex 8.001661154884516 -2.4349829280926216 11.3
    endloop
  endfacet
  facet normal -0.5141027441932233 -0.8577286100002711 0
    outer loop
      vertex 8.249953765988254 -2.6191292787530176 8.3
      vertex 8.515100278998107 -2.7780519826973182 8.3
      vertex 8.515100278998107 -2.7780519826973182 11.3
    endloop
  endfacet
  facet normal -0.4275550934302803 -0.9039892931234441 0
    outer loop
      vertex 8.515100278998107 -2.7780519826973182 8.3
      vertex 8.794547188049968 -2.9102205274105533 8.3
      vertex 8.794547188049968 -2.9102205274105533 11.3
    endloop
  endfacet
  facet normal -0.3368898533922191 -0.9415440651830213 0
    outer loop
      vertex 8.794547188049968 -2.9102205274105533 8.3
      vertex 9.085603266648445 -3.0143620575564576 8.3
      vertex 9.085603266648445 -3.0143620575564576 11.3
    endloop
  endfacet
  facet normal -0.2429801799032656 -0.9700312531945435 0
    outer loop
      vertex 9.085603266648445 -3.0143620575564576 8.3
      vertex 9.385465485649195 -3.0894736332701758 8.3
      vertex 9.385465485649195 -3.0894736332701758 11.3
    endloop
  endfacet
  facet normal -0.14673047445536183 -0.9891765099647809 0
    outer loop
      vertex 9.385465485649195 -3.0894736332701758 8.3
      vertex 9.691246007961885 -3.1348318890174203 8.3
      vertex 9.691246007961885 -3.1348318890174203 11.3
    endloop
  endfacet
  facet normal -0.04906767432741761 -0.9987954562051724 0
    outer loop
      vertex 9.691246007961885 -3.1348318890174203 8.3
      vertex 10 -3.15 8.3
      vertex 10 -3.15 11.3
    endloop
  endfacet
  facet normal 0.04906767432741761 -0.9987954562051724 0
    outer loop
      vertex 10.308753992038115 -3.1348318890174203 8.3
      vertex 10.308753992038115 -3.1348318890174203 11.3
      vertex 10 -3.15 8.3
    endloop
  endfacet
  facet normal 0.14673047445536183 -0.9891765099647809 0
    outer loop
      vertex 10.308753992038115 -3.1348318890174203 8.3
      vertex 10.614534514350805 -3.0894736332701758 8.3
      vertex 10.614534514350805 -3.0894736332701758 11.3
    endloop
  endfacet
  facet normal 0.2429801799032656 -0.9700312531945435 0
    outer loop
      vertex 10.614534514350805 -3.0894736332701758 8.3
      vertex 10.914396733351555 -3.0143620575564576 8.3
      vertex 10.914396733351555 -3.0143620575564576 11.3
    endloop
  endfacet
  facet normal 0.3368898533922191 -0.9415440651830213 0
    outer loop
      vertex 10.914396733351555 -3.0143620575564576 8.3
      vertex 11.205452811950032 -2.9102205274105533 8.3
      vertex 11.205452811950032 -2.9102205274105533 11.3
    endloop
  endfacet
  facet normal -0.5956993044924311 -0.8032075314806464 0
    outer loop
      vertex 8.001661154884516 -2.4349829280926216 8.3
      vertex 8.249953765988254 -2.6191292787530176 11.3
      vertex 8.001661154884516 -2.4349829280926216 11.3
    endloop
  endfacet
  facet normal -0.5141027441932233 -0.8577286100002711 0
    outer loop
      vertex 8.249953765988254 -2.6191292787530176 8.3
      vertex 8.515100278998107 -2.7780519826973182 11.3
      vertex 8.249953765988254 -2.6191292787530176 11.3
    endloop
  endfacet
  facet normal -0.8032075314806438 -0.5956993044924348 0
    outer loop
      vertex 7.565017071907379 -1.9983388451154833 8.3
      vertex 7.565017071907379 -1.9983388451154833 11.3
      vertex 7.380870721246982 -1.7500462340117469 11.3
    endloop
  endfacet
  facet normal -0.9415440651830213 -0.3368898533922191 0
    outer loop
      vertex 7.089779472589447 -1.2054528119500327 8.3
      vertex 7.089779472589447 -1.2054528119500327 11.3
      vertex 6.985637942443542 -0.9143967333515564 11.3
    endloop
  endfacet
  facet normal -0.9039892931234438 -0.4275550934302811 0
    outer loop
      vertex 7.221948017302681 -1.4848997210018926 8.3
      vertex 7.221948017302681 -1.4848997210018926 11.3
      vertex 7.089779472589447 -1.2054528119500327 11.3
    endloop
  endfacet
  facet normal -0.8577286100002722 -0.5141027441932214 0
    outer loop
      vertex 7.380870721246982 -1.7500462340117469 8.3
      vertex 7.380870721246982 -1.7500462340117469 11.3
      vertex 7.221948017302681 -1.4848997210018926 11.3
    endloop
  endfacet
  facet normal -0.7409511253549597 -0.6715589548470178 0
    outer loop
      vertex 7.772613639262375 -2.2273863607376247 8.3
      vertex 7.772613639262375 -2.2273863607376247 11.3
      vertex 7.565017071907379 -1.9983388451154833 11.3
    endloop
  endfacet
  facet normal -0.6715589548470193 -0.7409511253549583 0
    outer loop
      vertex 7.772613639262375 -2.2273863607376247 8.3
      vertex 8.001661154884516 -2.4349829280926216 11.3
      vertex 7.772613639262375 -2.2273863607376247 11.3
    endloop
  endfacet
  facet normal 0 0 1
    outer loop
      vertex 7.772613639262375 -2.2273863607376247 11.3
      vertex 8.001661154884516 -2.4349829280926216 11.3
      vertex 8.004472930473892 -1.3333685592470452 11.3
    endloop
  endfacet
  facet normal 0 0 1
    outer loop
      vertex 8.249953765988254 -2.6191292787530176 11.3
      vertex 8.302943725152286 -1.697056274847714 11.3
      vertex 8.001661154884516 -2.4349829280926216 11.3
    endloop
  endfacet
  facet normal 0 0 1
    outer loop
      vertex 8.249953765988254 -2.6191292787530176 11.3
      vertex 8.47745611800725 -1.8552250880705687 11.3
      vertex 8.302943725152286 -1.697056274847714 11.3
    endloop
  endfacet
  facet normal 0 0 1
    outer loop
      vertex 8.001661154884516 -2.4349829280926216 11.3
      vertex 8.144774911929431 -1.522543881992749 11.3
      vertex 8.004472930473892 -1.3333685592470452 11.3
    endloop
  endfacet
  facet normal 0 0 1
    outer loop
      vertex 8.001661154884516 -2.4349829280926216 11.3
      vertex 8.302943725152286 -1.697056274847714 11.3
      vertex 8.144774911929431 -1.522543881992749 11.3
    endloop
  endfacet
  facet normal 0 0 1
    outer loop
      vertex 7.565017071907379 -1.9983388451154833 11.3
      vertex 7.772613639262375 -2.2273863607376247 11.3
      vertex 7.703343194242699 -0.6966832254107096 11.3
    endloop
  endfacet
  facet normal 0 0 1
    outer loop
      vertex 7.772613639262375 -2.2273863607376247 11.3
      vertex 7.883388965563948 -1.1313521683823944 11.3
      vertex 7.782689121972911 -0.9184402376762154 11.3
    endloop
  endfacet
  facet normal 0 0 1
    outer loop
      vertex 7.772613639262375 -2.2273863607376247 11.3
      vertex 8.004472930473892 -1.3333685592470452 11.3
      vertex 7.883388965563948 -1.1313521683823944 11.3
    endloop
  endfacet
  facet normal 0 0 1
    outer loop
      vertex 7.772613639262375 -2.2273863607376247 11.3
      vertex 7.782689121972911 -0.9184402376762154 11.3
      vertex 7.703343194242699 -0.6966832254107096 11.3
    endloop
  endfacet
  facet normal -0.4275550934302803 -0.9039892931234441 0
    outer loop
      vertex 8.515100278998107 -2.7780519826973182 8.3
      vertex 8.794547188049968 -2.9102205274105533 11.3
      vertex 8.515100278998107 -2.7780519826973182 11.3
    endloop
  endfacet
  facet normal -0.3368898533922191 -0.9415440651830213 0
    outer loop
      vertex 8.794547188049968 -2.9102205274105533 8.3
      vertex 9.085603266648445 -3.0143620575564576 11.3
      vertex 8.794547188049968 -2.9102205274105533 11.3
    endloop
  endfacet
  facet normal -0.14673047445536183 -0.9891765099647809 0
    outer loop
      vertex 9.385465485649195 -3.0894736332701758 8.3
      vertex 9.691246007961885 -3.1348318890174203 11.3
      vertex 9.385465485649195 -3.0894736332701758 11.3
    endloop
  endfacet
  facet normal -0.2429801799032656 -0.9700312531945435 0
    outer loop
      vertex 9.085603266648445 -3.0143620575564576 8.3
      vertex 9.385465485649195 -3.0894736332701758 11.3
      vertex 9.085603266648445 -3.0143620575564576 11.3
    endloop
  endfacet
  facet normal -0.04906767432741761 -0.9987954562051724 0
    outer loop
      vertex 9.691246007961885 -3.1348318890174203 8.3
      vertex 10 -3.15 11.3
      vertex 9.691246007961885 -3.1348318890174203 11.3
    endloop
  endfacet
  facet normal 0.04906767432741761 -0.9987954562051724 0
    outer loop
      vertex 10.308753992038115 -3.1348318890174203 11.3
      vertex 10 -3.15 11.3
      vertex 10 -3.15 8.3
    endloop
  endfacet
  facet normal 0.14673047445536183 -0.9891765099647809 0
    outer loop
      vertex 10.308753992038115 -3.1348318890174203 8.3
      vertex 10.614534514350805 -3.0894736332701758 11.3
      vertex 10.308753992038115 -3.1348318890174203 11.3
    endloop
  endfacet
  facet normal 0.2429801799032656 -0.9700312531945435 0
    outer loop
      vertex 10.614534514350805 -3.0894736332701758 8.3
      vertex 10.914396733351555 -3.0143620575564576 11.3
      vertex 10.614534514350805 -3.0894736332701758 11.3
    endloop
  endfacet
  facet normal 0.3368898533922191 -0.9415440651830213 0
    outer loop
      vertex 10.914396733351555 -3.0143620575564576 8.3
      vertex 11.205452811950032 -2.9102205274105533 11.3
      vertex 10.914396733351555 -3.0143620575564576 11.3
    endloop
  endfacet
  facet normal 0 0 1
    outer loop
      vertex 8.249953765988254 -2.6191292787530176 11.3
      vertex 8.515100278998107 -2.7780519826973182 11.3
      vertex 8.47745611800725 -1.8552250880705687 11.3
    endloop
  endfacet
  facet normal 0 0 1
    outer loop
      vertex 8.515100278998107 -2.7780519826973182 11.3
      vertex 8.794547188049968 -2.9102205274105533 11.3
      vertex 8.868647831617606 -2.116611034436052 11.3
    endloop
  endfacet
  facet normal 0 0 1
    outer loop
      vertex 8.794547188049968 -2.9102205274105533 11.3
      vertex 9.085603266648445 -3.0143620575564576 11.3
      vertex 9.081559762323785 -2.2173108780270883 11.3
    endloop
  endfacet
  facet normal 0 0 1
    outer loop
      vertex 8.794547188049968 -2.9102205274105533 11.3
      vertex 9.081559762323785 -2.2173108780270883 11.3
      vertex 8.868647831617606 -2.116611034436052 11.3
    endloop
  endfacet
  facet normal 0 0 1
    outer loop
      vertex 9.085603266648445 -3.0143620575564576 11.3
      vertex 9.385465485649195 -3.0894736332701758 11.3
      vertex 9.531783227161291 -2.353884672967753 11.3
    endloop
  endfacet
  facet normal 0 0 1
    outer loop
      vertex 9.085603266648445 -3.0143620575564576 11.3
      vertex 9.303316774589291 -2.296656805757301 11.3
      vertex 9.081559762323785 -2.2173108780270883 11.3
    endloop
  endfacet
  facet normal 0 0 1
    outer loop
      vertex 9.085603266648445 -3.0143620575564576 11.3
      vertex 9.531783227161291 -2.353884672967753 11.3
      vertex 9.303316774589291 -2.296656805757301 11.3
    endloop
  endfacet
  facet normal 0 0 1
    outer loop
      vertex 9.385465485649195 -3.0894736332701758 11.3
      vertex 9.691246007961885 -3.1348318890174203 11.3
      vertex 9.764758863209055 -2.3884433440132726 11.3
    endloop
  endfacet
  facet normal 0 0 1
    outer loop
      vertex 9.385465485649195 -3.0894736332701758 11.3
      vertex 9.764758863209055 -2.3884433440132726 11.3
      vertex 9.531783227161291 -2.353884672967753 11.3
    endloop
  endfacet
  facet normal 0 0 1
    outer loop
      vertex 8.515100278998107 -2.7780519826973182 11.3
      vertex 8.868647831617606 -2.116611034436052 11.3
      vertex 8.666631440752955 -1.9955270695261085 11.3
    endloop
  endfacet
  facet normal 0 0 1
    outer loop
      vertex 8.515100278998107 -2.7780519826973182 11.3
      vertex 8.666631440752955 -1.9955270695261085 11.3
      vertex 8.47745611800725 -1.8552250880705687 11.3
    endloop
  endfacet
  facet normal 0 0 1
    outer loop
      vertex 9.691246007961885 -3.1348318890174203 11.3
      vertex 10 -3.15 11.3
      vertex 10 -2.4 11.3
    endloop
  endfacet
  facet normal 0 0 1
    outer loop
      vertex 9.691246007961885 -3.1348318890174203 11.3
      vertex 10 -2.4 11.3
      vertex 9.764758863209055 -2.3884433440132726 11.3
    endloop
  endfacet
  facet normal 0 0 1
    outer loop
      vertex 10 -3.15 11.3
      vertex 10.235241136790945 -2.3884433440132726 11.3
      vertex 10 -2.4 11.3
    endloop
  endfacet
  facet normal 0 0 1
    outer loop
      vertex 10 -3.15 11.3
      vertex 10.308753992038115 -3.1348318890174203 11.3
      vertex 10.235241136790945 -2.3884433440132726 11.3
    endloop
  endfacet
  facet normal 0 0 1
    outer loop
      vertex 10.308753992038115 -3.1348318890174203 11.3
      vertex 10.468216772838709 -2.353884672967753 11.3
      vertex 10.235241136790945 -2.3884433440132726 11.3
    endloop
  endfacet
  facet normal 0 0 1
    outer loop
      vertex 10.308753992038115 -3.1348318890174203 11.3
      vertex 10.614534514350805 -3.0894736332701758 11.3
      vertex 10.468216772838709 -2.353884672967753 11.3
    endloop
  endfacet
  facet normal 0 0 1
    outer loop
      vertex 10.614534514350805 -3.0894736332701758 11.3
      vertex 10.914396733351555 -3.0143620575564576 11.3
      vertex 10.696683225410709 -2.296656805757301 11.3
    endloop
  endfacet
  facet normal 0 0 1
    outer loop
      vertex 10.614534514350805 -3.0894736332701758 11.3
      vertex 10.696683225410709 -2.296656805757301 11.3
      vertex 10.468216772838709 -2.353884672967753 11.3
    endloop
  endfacet
  facet normal 0 0 1
    outer loop
      vertex 10.914396733351555 -3.0143620575564576 11.3
      vertex 10.918440237676215 -2.2173108780270883 11.3
      vertex 10.696683225410709 -2.296656805757301 11.3
    endloop
  endfacet
  facet normal 0 0 1
    outer loop
      vertex 10.914396733351555 -3.0143620575564576 11.3
      vertex 11.205452811950032 -2.9102205274105533 11.3
      vertex 10.918440237676215 -2.2173108780270883 11.3
    endloop
  endfacet
  facet normal 0 0 1
    outer loop
      vertex 10.918440237676215 -2.2173108780270883 11.3
      vertex 11.205452811950032 -2.9102205274105533 11.3
      vertex 11.131352168382394 -2.116611034436052 11.3
    endloop
  endfacet
  facet normal -0.9700312531945438 -0.24298017990326448 0
    outer loop
      vertex 6.910526366729824 -0.614534514350804 11.3
      vertex 6.910526366729824 -0.614534514350804 8.4
      vertex 6.985637942443542 -0.9143967333515564 8.4
    endloop
  endfacet
  facet normal -0.9891765099647811 -0.14673047445536108 0
    outer loop
      vertex 6.86516811098258 -0.3087539920381159 11.3
      vertex 6.86516811098258 -0.3087539920381159 8.4
      vertex 6.910526366729824 -0.614534514350804 8.4
    endloop
  endfacet
  facet normal -0.9987954562051723 -0.049067674327420346 0
    outer loop
      vertex 6.85 0 11.3
      vertex 6.85 0 8.4
      vertex 6.86516811098258 -0.3087539920381159 8.4
    endloop
  endfacet
  facet normal -0.9987954562051723 0.049067674327420346 0
    outer loop
      vertex 6.86516811098258 0.3087539920381159 11.3
      vertex 6.86516811098258 0.3087539920381159 8.4
      vertex 6.85 0 8.4
    endloop
  endfacet
  facet normal -0.9891765099647811 0.14673047445536108 0
    outer loop
      vertex 6.910526366729824 0.614534514350804 11.3
      vertex 6.910526366729824 0.614534514350804 8.4
      vertex 6.86516811098258 0.3087539920381159 8.4
    endloop
  endfacet
  facet normal -0.9415440651830211 -0.3368898533922191 4.514144227105727e-18
    outer loop
      vertex 7.089779472589447 -1.2054528119500327 8.3
      vertex 6.985637942443542 -0.9143967333515564 11.3
      vertex 7 -0.9545359952495875 8.4
    endloop
  endfacet
  facet normal -0.9415440651830213 -0.33688985339221894 0
    outer loop
      vertex 6.985637942443542 -0.9143967333515564 11.3
      vertex 6.985637942443542 -0.9143967333515564 8.4
      vertex 7 -0.9545359952495875 8.4
    endloop
  endfacet
  facet normal -0.9700312531945438 0.24298017990326448 0
    outer loop
      vertex 6.985637942443542 0.9143967333515564 11.3
      vertex 6.985637942443542 0.9143967333515564 8.4
      vertex 6.910526366729824 0.614534514350804 8.4
    endloop
  endfacet
  facet normal -0.9415440651830214 0.33688985339221866 2.8062962869017634e-17
    outer loop
      vertex 7.089779472589447 1.2054528119500327 11.3
      vertex 7 0.9545359952495875 8.4
      vertex 6.985637942443542 0.9143967333515564 8.4
    endloop
  endfacet
  facet normal -0.9415440651830211 0.3368898533922191 0
    outer loop
      vertex 7.089779472589447 1.2054528119500327 8.3
      vertex 7 0.9545359952495875 8.4
      vertex 7.089779472589447 1.2054528119500327 11.3
    endloop
  endfacet
  facet normal -0.9039892931234438 0.4275550934302811 0
    outer loop
      vertex 7.089779472589447 1.2054528119500327 8.3
      vertex 7.221948017302681 1.4848997210018926 11.3
      vertex 7.221948017302681 1.4848997210018926 8.3
    endloop
  endfacet
  facet normal -0.8577286100002722 0.5141027441932214 0
    outer loop
      vertex 7.221948017302681 1.4848997210018926 8.3
      vertex 7.380870721246982 1.7500462340117469 11.3
      vertex 7.380870721246982 1.7500462340117469 8.3
    endloop
  endfacet
  facet normal -0.8032075314806438 0.5956993044924348 0
    outer loop
      vertex 7.380870721246982 1.7500462340117469 8.3
      vertex 7.565017071907379 1.9983388451154833 11.3
      vertex 7.565017071907379 1.9983388451154833 8.3
    endloop
  endfacet
  facet normal -0.7409511253549597 0.6715589548470178 0
    outer loop
      vertex 7.565017071907379 1.9983388451154833 8.3
      vertex 7.772613639262375 2.2273863607376247 11.3
      vertex 7.772613639262375 2.2273863607376247 8.3
    endloop
  endfacet
  facet normal -0.6715589548470193 0.7409511253549583 0
    outer loop
      vertex 7.772613639262375 2.2273863607376247 8.3
      vertex 7.772613639262375 2.2273863607376247 11.3
      vertex 8.001661154884516 2.4349829280926216 8.3
    endloop
  endfacet
  facet normal -0.5956993044924311 0.8032075314806464 0
    outer loop
      vertex 8.001661154884516 2.4349829280926216 8.3
      vertex 8.001661154884516 2.4349829280926216 11.3
      vertex 8.249953765988254 2.6191292787530176 8.3
    endloop
  endfacet
  facet normal -0.5141027441932233 0.8577286100002711 0
    outer loop
      vertex 8.249953765988254 2.6191292787530176 8.3
      vertex 8.249953765988254 2.6191292787530176 11.3
      vertex 8.515100278998107 2.7780519826973182 8.3
    endloop
  endfacet
  facet normal -0.4275550934302803 0.9039892931234441 0
    outer loop
      vertex 8.515100278998107 2.7780519826973182 8.3
      vertex 8.515100278998107 2.7780519826973182 11.3
      vertex 8.794547188049968 2.9102205274105533 8.3
    endloop
  endfacet
  facet normal -0.3368898533922191 0.9415440651830213 0
    outer loop
      vertex 8.794547188049968 2.9102205274105533 8.3
      vertex 8.794547188049968 2.9102205274105533 11.3
      vertex 9.085603266648445 3.0143620575564576 8.3
    endloop
  endfacet
  facet normal -0.2429801799032656 0.9700312531945435 0
    outer loop
      vertex 9.085603266648445 3.0143620575564576 8.3
      vertex 9.085603266648445 3.0143620575564576 11.3
      vertex 9.385465485649195 3.0894736332701758 8.3
    endloop
  endfacet
  facet normal -0.14673047445536183 0.9891765099647809 0
    outer loop
      vertex 9.385465485649195 3.0894736332701758 8.3
      vertex 9.385465485649195 3.0894736332701758 11.3
      vertex 9.691246007961885 3.1348318890174203 8.3
    endloop
  endfacet
  facet normal -0.04906767432741761 0.9987954562051724 0
    outer loop
      vertex 9.691246007961885 3.1348318890174203 8.3
      vertex 9.691246007961885 3.1348318890174203 11.3
      vertex 10 3.15 8.3
    endloop
  endfacet
  facet normal 0.04906767432741761 0.9987954562051724 0
    outer loop
      vertex 10.308753992038115 3.1348318890174203 8.3
      vertex 10 3.15 8.3
      vertex 10 3.15 11.3
    endloop
  endfacet
  facet normal 0.14673047445536183 0.9891765099647809 0
    outer loop
      vertex 10.308753992038115 3.1348318890174203 8.3
      vertex 10.308753992038115 3.1348318890174203 11.3
      vertex 10.614534514350805 3.0894736332701758 8.3
    endloop
  endfacet
  facet normal 0.2429801799032656 0.9700312531945435 0
    outer loop
      vertex 10.614534514350805 3.0894736332701758 8.3
      vertex 10.614534514350805 3.0894736332701758 11.3
      vertex 10.914396733351555 3.0143620575564576 8.3
    endloop
  endfacet
  facet normal 0.3368898533922191 0.9415440651830213 0
    outer loop
      vertex 10.914396733351555 3.0143620575564576 8.3
      vertex 10.914396733351555 3.0143620575564576 11.3
      vertex 11.205452811950032 2.9102205274105533 8.3
    endloop
  endfacet
  facet normal -0.9891765099647811 -0.14673047445536108 0
    outer loop
      vertex 6.910526366729824 -0.614534514350804 11.3
      vertex 6.86516811098258 -0.3087539920381159 11.3
      vertex 6.910526366729824 -0.614534514350804 8.4
    endloop
  endfacet
  facet normal -0.9987954562051723 -0.049067674327420346 0
    outer loop
      vertex 6.86516811098258 -0.3087539920381159 11.3
      vertex 6.85 0 11.3
      vertex 6.86516811098258 -0.3087539920381159 8.4
    endloop
  endfacet
  facet normal -0.9987954562051723 0.049067674327420346 0
    outer loop
      vertex 6.85 0 11.3
      vertex 6.86516811098258 0.3087539920381159 11.3
      vertex 6.85 0 8.4
    endloop
  endfacet
  facet normal -0.9891765099647811 0.14673047445536108 0
    outer loop
      vertex 6.86516811098258 0.3087539920381159 11.3
      vertex 6.910526366729824 0.614534514350804 11.3
      vertex 6.86516811098258 0.3087539920381159 8.4
    endloop
  endfacet
  facet normal -0.9700312531945438 0.24298017990326448 0
    outer loop
      vertex 6.910526366729824 0.614534514350804 11.3
      vertex 6.985637942443542 0.9143967333515564 11.3
      vertex 6.910526366729824 0.614534514350804 8.4
    endloop
  endfacet
  facet normal -0.9700312531945438 -0.24298017990326448 0
    outer loop
      vertex 6.910526366729824 -0.614534514350804 11.3
      vertex 6.985637942443542 -0.9143967333515564 8.4
      vertex 6.985637942443542 -0.9143967333515564 11.3
    endloop
  endfacet
  facet normal -0.941544065183021 0.336889853392219 0
    outer loop
      vertex 6.985637942443542 0.9143967333515564 11.3
      vertex 7.089779472589447 1.2054528119500327 11.3
      vertex 6.985637942443542 0.9143967333515564 8.4
    endloop
  endfacet
  facet normal -0.9039892931234438 0.4275550934302811 0
    outer loop
      vertex 7.089779472589447 1.2054528119500327 8.3
      vertex 7.089779472589447 1.2054528119500327 11.3
      vertex 7.221948017302681 1.4848997210018926 11.3
    endloop
  endfacet
  facet normal 0 0 1
    outer loop
      vertex 6.910526366729824 -0.614534514350804 11.3
      vertex 6.985637942443542 -0.9143967333515564 11.3
      vertex 6.910526366729824 0.614534514350804 11.3
    endloop
  endfacet
  facet normal 0 0 1
    outer loop
      vertex 6.910526366729824 -0.614534514350804 11.3
      vertex 6.86516811098258 0.3087539920381159 11.3
      vertex 6.86516811098258 -0.3087539920381159 11.3
    endloop
  endfacet
  facet normal 0 0 1
    outer loop
      vertex 6.86516811098258 -0.3087539920381159 11.3
      vertex 6.86516811098258 0.3087539920381159 11.3
      vertex 6.85 0 11.3
    endloop
  endfacet
  facet normal 0 0 1
    outer loop
      vertex 6.910526366729824 -0.614534514350804 11.3
      vertex 6.910526366729824 0.614534514350804 11.3
      vertex 6.86516811098258 0.3087539920381159 11.3
    endloop
  endfacet
  facet normal 0 0 1
    outer loop
      vertex 7.221948017302681 -1.4848997210018926 11.3
      vertex 7.380870721246982 -1.7500462340117469 11.3
      vertex 7.221948017302681 1.4848997210018926 11.3
    endloop
  endfacet
  facet normal 0 0 1
    outer loop
      vertex 7.221948017302681 -1.4848997210018926 11.3
      vertex 7.089779472589447 1.2054528119500327 11.3
      vertex 7.089779472589447 -1.2054528119500327 11.3
    endloop
  endfacet
  facet normal 0 0 1
    outer loop
      vertex 7.565017071907379 -1.9983388451154833 11.3
      vertex 7.703343194242699 -0.6966832254107096 11.3
      vertex 7.646115327032247 -0.4682167728387078 11.3
    endloop
  endfacet
  facet normal 0 0 1
    outer loop
      vertex 7.565017071907379 -1.9983388451154833 11.3
      vertex 7.646115327032247 -0.4682167728387078 11.3
      vertex 7.611556655986727 -0.23524113679094544 11.3
    endloop
  endfacet
  facet normal 0 0 1
    outer loop
      vertex 7.565017071907379 -1.9983388451154833 11.3
      vertex 7.611556655986727 -0.23524113679094544 11.3
      vertex 7.6 0 11.3
    endloop
  endfacet
  facet normal 0 0 1
    outer loop
      vertex 7.565017071907379 -1.9983388451154833 11.3
      vertex 7.380870721246982 1.7500462340117469 11.3
      vertex 7.380870721246982 -1.7500462340117469 11.3
    endloop
  endfacet
  facet normal 0 0 1
    outer loop
      vertex 7.089779472589447 -1.2054528119500327 11.3
      vertex 6.985637942443542 0.9143967333515564 11.3
      vertex 6.985637942443542 -0.9143967333515564 11.3
    endloop
  endfacet
  facet normal 0 0 1
    outer loop
      vertex 6.910526366729824 0.614534514350804 11.3
      vertex 6.985637942443542 -0.9143967333515564 11.3
      vertex 6.985637942443542 0.9143967333515564 11.3
    endloop
  endfacet
  facet normal 0 0 1
    outer loop
      vertex 7.565017071907379 -1.9983388451154833 11.3
      vertex 7.6 0 11.3
      vertex 7.565017071907379 1.9983388451154833 11.3
    endloop
  endfacet
  facet normal 0 0 1
    outer loop
      vertex 7.089779472589447 -1.2054528119500327 11.3
      vertex 7.089779472589447 1.2054528119500327 11.3
      vertex 6.985637942443542 0.9143967333515564 11.3
    endloop
  endfacet
  facet normal 0 0 1
    outer loop
      vertex 7.221948017302681 -1.4848997210018926 11.3
      vertex 7.221948017302681 1.4848997210018926 11.3
      vertex 7.089779472589447 1.2054528119500327 11.3
    endloop
  endfacet
  facet normal 0 0 1
    outer loop
      vertex 7.380870721246982 -1.7500462340117469 11.3
      vertex 7.380870721246982 1.7500462340117469 11.3
      vertex 7.221948017302681 1.4848997210018926 11.3
    endloop
  endfacet
  facet normal 0 0 1
    outer loop
      vertex 7.565017071907379 -1.9983388451154833 11.3
      vertex 7.565017071907379 1.9983388451154833 11.3
      vertex 7.380870721246982 1.7500462340117469 11.3
    endloop
  endfacet
  facet normal 0 0 1
    outer loop
      vertex 7.6 0 11.3
      vertex 7.611556655986727 0.23524113679094544 11.3
      vertex 7.565017071907379 1.9983388451154833 11.3
    endloop
  endfacet
  facet normal 0 0 1
    outer loop
      vertex 7.611556655986727 0.23524113679094544 11.3
      vertex 7.646115327032247 0.4682167728387078 11.3
      vertex 7.565017071907379 1.9983388451154833 11.3
    endloop
  endfacet
  facet normal 0 0 1
    outer loop
      vertex 7.646115327032247 0.4682167728387078 11.3
      vertex 7.703343194242699 0.6966832254107096 11.3
      vertex 7.565017071907379 1.9983388451154833 11.3
    endloop
  endfacet
  facet normal 0 0 1
    outer loop
      vertex 7.703343194242699 0.6966832254107096 11.3
      vertex 7.782689121972911 0.9184402376762154 11.3
      vertex 7.772613639262375 2.2273863607376247 11.3
    endloop
  endfacet
  facet normal 0 0 1
    outer loop
      vertex 7.782689121972911 0.9184402376762154 11.3
      vertex 7.883388965563948 1.1313521683823944 11.3
      vertex 7.772613639262375 2.2273863607376247 11.3
    endloop
  endfacet
  facet normal -0.8577286100002722 0.5141027441932214 0
    outer loop
      vertex 7.221948017302681 1.4848997210018926 8.3
      vertex 7.221948017302681 1.4848997210018926 11.3
      vertex 7.380870721246982 1.7500462340117469 11.3
    endloop
  endfacet
  facet normal -0.8032075314806438 0.5956993044924348 0
    outer loop
      vertex 7.380870721246982 1.7500462340117469 8.3
      vertex 7.380870721246982 1.7500462340117469 11.3
      vertex 7.565017071907379 1.9983388451154833 11.3
    endloop
  endfacet
  facet normal -0.7409511253549597 0.6715589548470178 0
    outer loop
      vertex 7.565017071907379 1.9983388451154833 8.3
      vertex 7.565017071907379 1.9983388451154833 11.3
      vertex 7.772613639262375 2.2273863607376247 11.3
    endloop
  endfacet
  facet normal -0.6715589548470193 0.7409511253549583 0
    outer loop
      vertex 8.001661154884516 2.4349829280926216 8.3
      vertex 7.772613639262375 2.2273863607376247 11.3
      vertex 8.001661154884516 2.4349829280926216 11.3
    endloop
  endfacet
  facet normal -0.5956993044924311 0.8032075314806464 0
    outer loop
      vertex 8.249953765988254 2.6191292787530176 8.3
      vertex 8.001661154884516 2.4349829280926216 11.3
      vertex 8.249953765988254 2.6191292787530176 11.3
    endloop
  endfacet
  facet normal 0 0 1
    outer loop
      vertex 7.703343194242699 0.6966832254107096 11.3
      vertex 7.772613639262375 2.2273863607376247 11.3
      vertex 7.565017071907379 1.9983388451154833 11.3
    endloop
  endfacet
  facet normal 0 0 1
    outer loop
      vertex 7.883388965563948 1.1313521683823944 11.3
      vertex 8.004472930473892 1.3333685592470452 11.3
      vertex 8.001661154884516 2.4349829280926216 11.3
    endloop
  endfacet
  facet normal 0 0 1
    outer loop
      vertex 7.883388965563948 1.1313521683823944 11.3
      vertex 8.001661154884516 2.4349829280926216 11.3
      vertex 7.772613639262375 2.2273863607376247 11.3
    endloop
  endfacet
  facet normal 0 0 1
    outer loop
      vertex 8.004472930473892 1.3333685592470452 11.3
      vertex 8.144774911929431 1.522543881992749 11.3
      vertex 8.001661154884516 2.4349829280926216 11.3
    endloop
  endfacet
  facet normal 0 0 1
    outer loop
      vertex 8.144774911929431 1.522543881992749 11.3
      vertex 8.249953765988254 2.6191292787530176 11.3
      vertex 8.001661154884516 2.4349829280926216 11.3
    endloop
  endfacet
  facet normal 0 0 1
    outer loop
      vertex 8.144774911929431 1.522543881992749 11.3
      vertex 8.302943725152286 1.697056274847714 11.3
      vertex 8.249953765988254 2.6191292787530176 11.3
    endloop
  endfacet
  facet normal 0 0 1
    outer loop
      vertex 8.302943725152286 1.697056274847714 11.3
      vertex 8.47745611800725 1.8552250880705687 11.3
      vertex 8.249953765988254 2.6191292787530176 11.3
    endloop
  endfacet
  facet normal -0.5141027441932233 0.8577286100002711 0
    outer loop
      vertex 8.515100278998107 2.7780519826973182 8.3
      vertex 8.249953765988254 2.6191292787530176 11.3
      vertex 8.515100278998107 2.7780519826973182 11.3
    endloop
  endfacet
  facet normal -0.4275550934302803 0.9039892931234441 0
    outer loop
      vertex 8.794547188049968 2.9102205274105533 8.3
      vertex 8.515100278998107 2.7780519826973182 11.3
      vertex 8.794547188049968 2.9102205274105533 11.3
    endloop
  endfacet
  facet normal -0.3368898533922191 0.9415440651830213 0
    outer loop
      vertex 9.085603266648445 3.0143620575564576 8.3
      vertex 8.794547188049968 2.9102205274105533 11.3
      vertex 9.085603266648445 3.0143620575564576 11.3
    endloop
  endfacet
  facet normal -0.2429801799032656 0.9700312531945435 0
    outer loop
      vertex 9.385465485649195 3.0894736332701758 8.3
      vertex 9.085603266648445 3.0143620575564576 11.3
      vertex 9.385465485649195 3.0894736332701758 11.3
    endloop
  endfacet
  facet normal -0.14673047445536183 0.9891765099647809 0
    outer loop
      vertex 9.691246007961885 3.1348318890174203 8.3
      vertex 9.385465485649195 3.0894736332701758 11.3
      vertex 9.691246007961885 3.1348318890174203 11.3
    endloop
  endfacet
  facet normal -0.04906767432741761 0.9987954562051724 0
    outer loop
      vertex 9.691246007961885 3.1348318890174203 11.3
      vertex 10 3.15 11.3
      vertex 10 3.15 8.3
    endloop
  endfacet
  facet normal 0.04906767432741761 0.9987954562051724 0
    outer loop
      vertex 10.308753992038115 3.1348318890174203 8.3
      vertex 10 3.15 11.3
      vertex 10.308753992038115 3.1348318890174203 11.3
    endloop
  endfacet
  facet normal 0.14673047445536183 0.9891765099647809 0
    outer loop
      vertex 10.614534514350805 3.0894736332701758 8.3
      vertex 10.308753992038115 3.1348318890174203 11.3
      vertex 10.614534514350805 3.0894736332701758 11.3
    endloop
  endfacet
  facet normal 0.2429801799032656 0.9700312531945435 0
    outer loop
      vertex 10.914396733351555 3.0143620575564576 8.3
      vertex 10.614534514350805 3.0894736332701758 11.3
      vertex 10.914396733351555 3.0143620575564576 11.3
    endloop
  endfacet
  facet normal 0.3368898533922191 0.9415440651830213 0
    outer loop
      vertex 10.914396733351555 3.0143620575564576 11.3
      vertex 11.205452811950032 2.9102205274105533 11.3
      vertex 11.205452811950032 2.9102205274105533 8.3
    endloop
  endfacet
  facet normal 0 0 1
    outer loop
      vertex 8.47745611800725 1.8552250880705687 11.3
      vertex 8.666631440752955 1.9955270695261085 11.3
      vertex 8.515100278998107 2.7780519826973182 11.3
    endloop
  endfacet
  facet normal 0 0 1
    outer loop
      vertex 8.249953765988254 2.6191292787530176 11.3
      vertex 8.47745611800725 1.8552250880705687 11.3
      vertex 8.515100278998107 2.7780519826973182 11.3
    endloop
  endfacet
  facet normal 0 0 1
    outer loop
      vertex 8.666631440752955 1.9955270695261085 11.3
      vertex 8.794547188049968 2.9102205274105533 11.3
      vertex 8.515100278998107 2.7780519826973182 11.3
    endloop
  endfacet
  facet normal 0 0 1
    outer loop
      vertex 8.666631440752955 1.9955270695261085 11.3
      vertex 8.868647831617606 2.116611034436052 11.3
      vertex 8.794547188049968 2.9102205274105533 11.3
    endloop
  endfacet
  facet normal 0 0 1
    outer loop
      vertex 8.868647831617606 2.116611034436052 11.3
      vertex 9.081559762323785 2.2173108780270883 11.3
      vertex 8.794547188049968 2.9102205274105533 11.3
    endloop
  endfacet
  facet normal 0 0 1
    outer loop
      vertex 9.081559762323785 2.2173108780270883 11.3
      vertex 9.085603266648445 3.0143620575564576 11.3
      vertex 8.794547188049968 2.9102205274105533 11.3
    endloop
  endfacet
  facet normal 0 0 1
    outer loop
      vertex 9.081559762323785 2.2173108780270883 11.3
      vertex 9.303316774589291 2.296656805757301 11.3
      vertex 9.085603266648445 3.0143620575564576 11.3
    endloop
  endfacet
  facet normal 0 0 1
    outer loop
      vertex 9.303316774589291 2.296656805757301 11.3
      vertex 9.385465485649195 3.0894736332701758 11.3
      vertex 9.085603266648445 3.0143620575564576 11.3
    endloop
  endfacet
  facet normal 0 0 1
    outer loop
      vertex 9.303316774589291 2.296656805757301 11.3
      vertex 9.531783227161291 2.353884672967753 11.3
      vertex 9.385465485649195 3.0894736332701758 11.3
    endloop
  endfacet
  facet normal 0 0 1
    outer loop
      vertex 9.531783227161291 2.353884672967753 11.3
      vertex 9.691246007961885 3.1348318890174203 11.3
      vertex 9.385465485649195 3.0894736332701758 11.3
    endloop
  endfacet
  facet normal 0 0 1
    outer loop
      vertex 9.531783227161291 2.353884672967753 11.3
      vertex 9.764758863209055 2.3884433440132726 11.3
      vertex 9.691246007961885 3.1348318890174203 11.3
    endloop
  endfacet
  facet normal 0 0 1
    outer loop
      vertex 9.764758863209055 2.3884433440132726 11.3
      vertex 10 2.4 11.3
      vertex 10 3.15 11.3
    endloop
  endfacet
  facet normal 0 0 1
    outer loop
      vertex 10 2.4 11.3
      vertex 10.235241136790945 2.3884433440132726 11.3
      vertex 10.308753992038115 3.1348318890174203 11.3
    endloop
  endfacet
  facet normal 0 0 1
    outer loop
      vertex 10.235241136790945 2.3884433440132726 11.3
      vertex 10.614534514350805 3.0894736332701758 11.3
      vertex 10.308753992038115 3.1348318890174203 11.3
    endloop
  endfacet
  facet normal 0 0 1
    outer loop
      vertex 10.235241136790945 2.3884433440132726 11.3
      vertex 10.468216772838709 2.353884672967753 11.3
      vertex 10.614534514350805 3.0894736332701758 11.3
    endloop
  endfacet
  facet normal 0 0 1
    outer loop
      vertex 10.468216772838709 2.353884672967753 11.3
      vertex 10.696683225410709 2.296656805757301 11.3
      vertex 10.914396733351555 3.0143620575564576 11.3
    endloop
  endfacet
  facet normal 0 0 1
    outer loop
      vertex 10.468216772838709 2.353884672967753 11.3
      vertex 10.914396733351555 3.0143620575564576 11.3
      vertex 10.614534514350805 3.0894736332701758 11.3
    endloop
  endfacet
  facet normal 0 0 1
    outer loop
      vertex 10.696683225410709 2.296656805757301 11.3
      vertex 10.918440237676215 2.2173108780270883 11.3
      vertex 10.914396733351555 3.0143620575564576 11.3
    endloop
  endfacet
  facet normal 0 0 1
    outer loop
      vertex 10.918440237676215 2.2173108780270883 11.3
      vertex 11.131352168382394 2.116611034436052 11.3
      vertex 11.205452811950032 2.9102205274105533 11.3
    endloop
  endfacet
  facet normal 0 0 1
    outer loop
      vertex 10.918440237676215 2.2173108780270883 11.3
      vertex 11.205452811950032 2.9102205274105533 11.3
      vertex 10.914396733351555 3.0143620575564576 11.3
    endloop
  endfacet
  facet normal 0 0 1
    outer loop
      vertex 9.691246007961885 3.1348318890174203 11.3
      vertex 9.764758863209055 2.3884433440132726 11.3
      vertex 10 3.15 11.3
    endloop
  endfacet
  facet normal 0 0 1
    outer loop
      vertex 10 2.4 11.3
      vertex 10.308753992038115 3.1348318890174203 11.3
      vertex 10 3.15 11.3
    endloop
  endfacet
  facet normal 0 0 -1
    outer loop
      vertex 11.205452811950032 -2.9102205274105533 8.3
      vertex 11.484899721001893 2.7780519826973182 8.3
      vertex 11.484899721001893 -2.7780519826973182 8.3
    endloop
  endfacet
  facet normal 0 0 -1
    outer loop
      vertex 11.484899721001893 -2.7780519826973182 8.3
      vertex 11.750046234011746 2.6191292787530176 8.3
      vertex 11.750046234011746 -2.6191292787530176 8.3
    endloop
  endfacet
  facet normal 0 0 -1
    outer loop
      vertex 11.750046234011746 -2.6191292787530176 8.3
      vertex 11.998338845115484 2.4349829280926216 8.3
      vertex 11.998338845115484 -2.4349829280926216 8.3
    endloop
  endfacet
  facet normal 0 0 -1
    outer loop
      vertex 11.998338845115484 -2.4349829280926216 8.3
      vertex 12.227386360737626 2.2273863607376247 8.3
      vertex 12.227386360737626 -2.2273863607376247 8.3
    endloop
  endfacet
  facet normal 0 0 -1
    outer loop
      vertex 12.227386360737626 -2.2273863607376247 8.3
      vertex 12.434982928092621 1.9983388451154833 8.3
      vertex 12.434982928092621 -1.9983388451154833 8.3
    endloop
  endfacet
  facet normal 0 0 -1
    outer loop
      vertex 11.484899721001893 -2.7780519826973182 8.3
      vertex 11.484899721001893 2.7780519826973182 8.3
      vertex 11.750046234011746 2.6191292787530176 8.3
    endloop
  endfacet
  facet normal 0 0 -1
    outer loop
      vertex 11.205452811950032 -2.9102205274105533 8.3
      vertex 11.205452811950032 2.9102205274105533 8.3
      vertex 11.484899721001893 2.7780519826973182 8.3
    endloop
  endfacet
  facet normal 0 0 -1
    outer loop
      vertex 11.750046234011746 -2.6191292787530176 8.3
      vertex 11.750046234011746 2.6191292787530176 8.3
      vertex 11.998338845115484 2.4349829280926216 8.3
    endloop
  endfacet
  facet normal 0 0 -1
    outer loop
      vertex 11.998338845115484 -2.4349829280926216 8.3
      vertex 11.998338845115484 2.4349829280926216 8.3
      vertex 12.227386360737626 2.2273863607376247 8.3
    endloop
  endfacet
  facet normal 0 0 -1
    outer loop
      vertex 12.227386360737626 -2.2273863607376247 8.3
      vertex 12.227386360737626 2.2273863607376247 8.3
      vertex 12.434982928092621 1.9983388451154833 8.3
    endloop
  endfacet
  facet normal 0 0 -1
    outer loop
      vertex 12.434982928092621 -1.9983388451154833 8.3
      vertex 12.434982928092621 1.9983388451154833 8.3
      vertex 12.619129278753018 1.7500462340117469 8.3
    endloop
  endfacet
  facet normal 0 0 -1
    outer loop
      vertex 12.434982928092621 -1.9983388451154833 8.3
      vertex 12.619129278753018 1.7500462340117469 8.3
      vertex 12.619129278753018 -1.7500462340117469 8.3
    endloop
  endfacet
  facet normal 0 0 -1
    outer loop
      vertex 12.619129278753018 -1.7500462340117469 8.3
      vertex 12.778051982697319 1.4848997210018926 8.3
      vertex 12.778051982697319 -1.4848997210018926 8.3
    endloop
  endfacet
  facet normal 0.941544065183021 -0.3368898533922191 0
    outer loop
      vertex 12.910220527410553 -1.2054528119500327 8.3
      vertex 13 -0.9545359952495875 8.3
      vertex 13 -0.9545359952495875 8.4
    endloop
  endfacet
  facet normal 0 0 -1
    outer loop
      vertex 12.778051982697319 -1.4848997210018926 8.3
      vertex 12.910220527410553 1.2054528119500327 8.3
      vertex 12.910220527410553 -1.2054528119500327 8.3
    endloop
  endfacet
  facet normal 0 0 -1
    outer loop
      vertex 12.910220527410553 -1.2054528119500327 8.3
      vertex 12.910220527410553 1.2054528119500327 8.3
      vertex 13 -0.9545359952495875 8.3
    endloop
  endfacet
  facet normal 0 0 -1
    outer loop
      vertex 12.619129278753018 -1.7500462340117469 8.3
      vertex 12.619129278753018 1.7500462340117469 8.3
      vertex 12.778051982697319 1.4848997210018926 8.3
    endloop
  endfacet
  facet normal 0 0 -1
    outer loop
      vertex 12.778051982697319 -1.4848997210018926 8.3
      vertex 12.778051982697319 1.4848997210018926 8.3
      vertex 12.910220527410553 1.2054528119500327 8.3
    endloop
  endfacet
  facet normal 0 0 -1
    outer loop
      vertex 12.910220527410553 1.2054528119500327 8.3
      vertex 13 0.9545359952495875 8.3
      vertex 13 -0.9545359952495875 8.3
    endloop
  endfacet
  facet normal 0.941544065183021 0.3368898533922191 0
    outer loop
      vertex 12.910220527410553 1.2054528119500327 8.3
      vertex 13 0.9545359952495875 8.4
      vertex 13 0.9545359952495875 8.3
    endloop
  endfacet
  facet normal 0.4275550934302803 -0.9039892931234441 0
    outer loop
      vertex 11.205452811950032 -2.9102205274105533 8.3
      vertex 11.484899721001893 -2.7780519826973182 8.3
      vertex 11.484899721001893 -2.7780519826973182 11.3
    endloop
  endfacet
  facet normal 0.5141027441932233 -0.8577286100002711 0
    outer loop
      vertex 11.484899721001893 -2.7780519826973182 8.3
      vertex 11.750046234011746 -2.6191292787530176 8.3
      vertex 11.750046234011746 -2.6191292787530176 11.3
    endloop
  endfacet
  facet normal 0.5956993044924311 -0.8032075314806464 0
    outer loop
      vertex 11.750046234011746 -2.6191292787530176 8.3
      vertex 11.998338845115484 -2.4349829280926216 8.3
      vertex 11.998338845115484 -2.4349829280926216 11.3
    endloop
  endfacet
  facet normal 0.6715589548470179 -0.7409511253549595 0
    outer loop
      vertex 11.998338845115484 -2.4349829280926216 8.3
      vertex 12.227386360737626 -2.2273863607376247 8.3
      vertex 12.227386360737626 -2.2273863607376247 11.3
    endloop
  endfacet
  facet normal 0.740951125354961 -0.6715589548470162 0
    outer loop
      vertex 12.227386360737626 -2.2273863607376247 8.3
      vertex 12.434982928092621 -1.9983388451154833 8.3
      vertex 12.227386360737626 -2.2273863607376247 11.3
    endloop
  endfacet
  facet normal 0.8032075314806438 -0.5956993044924348 0
    outer loop
      vertex 12.434982928092621 -1.9983388451154833 8.3
      vertex 12.619129278753018 -1.7500462340117469 8.3
      vertex 12.434982928092621 -1.9983388451154833 11.3
    endloop
  endfacet
  facet normal 0.8577286100002722 -0.5141027441932214 0
    outer loop
      vertex 12.619129278753018 -1.7500462340117469 8.3
      vertex 12.778051982697319 -1.4848997210018926 8.3
      vertex 12.619129278753018 -1.7500462340117469 11.3
    endloop
  endfacet
  facet normal 0.9039892931234438 -0.4275550934302811 0
    outer loop
      vertex 12.778051982697319 -1.4848997210018926 8.3
      vertex 12.910220527410553 -1.2054528119500327 8.3
      vertex 12.778051982697319 -1.4848997210018926 11.3
    endloop
  endfacet
  facet normal 0.9415440651830211 -0.3368898533922191 0
    outer loop
      vertex 12.910220527410553 -1.2054528119500327 8.3
      vertex 13 -0.9545359952495875 8.4
      vertex 12.910220527410553 -1.2054528119500327 11.3
    endloop
  endfacet
  facet normal 0.4275550934302803 -0.9039892931234441 0
    outer loop
      vertex 11.205452811950032 -2.9102205274105533 8.3
      vertex 11.484899721001893 -2.7780519826973182 11.3
      vertex 11.205452811950032 -2.9102205274105533 11.3
    endloop
  endfacet
  facet normal 0.5141027441932233 -0.8577286100002711 0
    outer loop
      vertex 11.484899721001893 -2.7780519826973182 8.3
      vertex 11.750046234011746 -2.6191292787530176 11.3
      vertex 11.484899721001893 -2.7780519826973182 11.3
    endloop
  endfacet
  facet normal 0.5956993044924311 -0.8032075314806464 0
    outer loop
      vertex 11.750046234011746 -2.6191292787530176 8.3
      vertex 11.998338845115484 -2.4349829280926216 11.3
      vertex 11.750046234011746 -2.6191292787530176 11.3
    endloop
  endfacet
  facet normal 0.6715589548470179 -0.7409511253549595 0
    outer loop
      vertex 11.998338845115484 -2.4349829280926216 8.3
      vertex 12.227386360737626 -2.2273863607376247 11.3
      vertex 11.998338845115484 -2.4349829280926216 11.3
    endloop
  endfacet
  facet normal 0.740951125354961 -0.6715589548470162 0
    outer loop
      vertex 12.434982928092621 -1.9983388451154833 8.3
      vertex 12.434982928092621 -1.9983388451154833 11.3
      vertex 12.227386360737626 -2.2273863607376247 11.3
    endloop
  endfacet
  facet normal 0.8032075314806438 -0.5956993044924348 0
    outer loop
      vertex 12.619129278753018 -1.7500462340117469 8.3
      vertex 12.619129278753018 -1.7500462340117469 11.3
      vertex 12.434982928092621 -1.9983388451154833 11.3
    endloop
  endfacet
  facet normal 0.8577286100002722 -0.5141027441932214 0
    outer loop
      vertex 12.778051982697319 -1.4848997210018926 8.3
      vertex 12.778051982697319 -1.4848997210018926 11.3
      vertex 12.619129278753018 -1.7500462340117469 11.3
    endloop
  endfacet
  facet normal 0.9039892931234438 -0.4275550934302811 0
    outer loop
      vertex 12.910220527410553 -1.2054528119500327 8.3
      vertex 12.910220527410553 -1.2054528119500327 11.3
      vertex 12.778051982697319 -1.4848997210018926 11.3
    endloop
  endfacet
  facet normal 0 0 1
    outer loop
      vertex 11.205452811950032 -2.9102205274105533 11.3
      vertex 11.484899721001893 -2.7780519826973182 11.3
      vertex 11.333368559247045 -1.9955270695261085 11.3
    endloop
  endfacet
  facet normal 0 0 1
    outer loop
      vertex 11.484899721001893 -2.7780519826973182 11.3
      vertex 11.750046234011746 -2.6191292787530176 11.3
      vertex 11.52254388199275 -1.8552250880705687 11.3
    endloop
  endfacet
  facet normal 0 0 1
    outer loop
      vertex 11.205452811950032 -2.9102205274105533 11.3
      vertex 11.333368559247045 -1.9955270695261085 11.3
      vertex 11.131352168382394 -2.116611034436052 11.3
    endloop
  endfacet
  facet normal 0 0 1
    outer loop
      vertex 11.484899721001893 -2.7780519826973182 11.3
      vertex 11.52254388199275 -1.8552250880705687 11.3
      vertex 11.333368559247045 -1.9955270695261085 11.3
    endloop
  endfacet
  facet normal 0 0 1
    outer loop
      vertex 11.750046234011746 -2.6191292787530176 11.3
      vertex 11.697056274847714 -1.697056274847714 11.3
      vertex 11.52254388199275 -1.8552250880705687 11.3
    endloop
  endfacet
  facet normal 0 0 1
    outer loop
      vertex 11.750046234011746 -2.6191292787530176 11.3
      vertex 11.855225088070569 -1.522543881992749 11.3
      vertex 11.697056274847714 -1.697056274847714 11.3
    endloop
  endfacet
  facet normal 0 0 1
    outer loop
      vertex 11.750046234011746 -2.6191292787530176 11.3
      vertex 11.998338845115484 -2.4349829280926216 11.3
      vertex 11.855225088070569 -1.522543881992749 11.3
    endloop
  endfacet
  facet normal 0 0 1
    outer loop
      vertex 11.998338845115484 -2.4349829280926216 11.3
      vertex 11.995527069526108 -1.3333685592470452 11.3
      vertex 11.855225088070569 -1.522543881992749 11.3
    endloop
  endfacet
  facet normal 0 0 1
    outer loop
      vertex 11.998338845115484 -2.4349829280926216 11.3
      vertex 12.227386360737626 -2.2273863607376247 11.3
      vertex 12.116611034436051 -1.1313521683823944 11.3
    endloop
  endfacet
  facet normal 0 0 1
    outer loop
      vertex 11.998338845115484 -2.4349829280926216 11.3
      vertex 12.116611034436051 -1.1313521683823944 11.3
      vertex 11.995527069526108 -1.3333685592470452 11.3
    endloop
  endfacet
  facet normal 0 0 1
    outer loop
      vertex 12.227386360737626 -2.2273863607376247 11.3
      vertex 12.434982928092621 -1.9983388451154833 11.3
      vertex 12.296656805757301 -0.6966832254107096 11.3
    endloop
  endfacet
  facet normal 0 0 1
    outer loop
      vertex 12.227386360737626 -2.2273863607376247 11.3
      vertex 12.217310878027089 -0.9184402376762154 11.3
      vertex 12.116611034436051 -1.1313521683823944 11.3
    endloop
  endfacet
  facet normal 0 0 1
    outer loop
      vertex 12.227386360737626 -2.2273863607376247 11.3
      vertex 12.296656805757301 -0.6966832254107096 11.3
      vertex 12.217310878027089 -0.9184402376762154 11.3
    endloop
  endfacet
  facet normal 0.9415440651830214 -0.33688985339221866 2.8062962869017634e-17
    outer loop
      vertex 12.910220527410553 -1.2054528119500327 11.3
      vertex 13 -0.9545359952495875 8.4
      vertex 13.014362057556458 -0.9143967333515564 8.4
    endloop
  endfacet
  facet normal 0.9700312531945438 -0.24298017990326448 0
    outer loop
      vertex 13.014362057556458 -0.9143967333515564 11.3
      vertex 13.014362057556458 -0.9143967333515564 8.4
      vertex 13.089473633270176 -0.614534514350804 8.4
    endloop
  endfacet
  facet normal 0.9891765099647811 -0.14673047445536108 0
    outer loop
      vertex 13.089473633270176 -0.614534514350804 11.3
      vertex 13.089473633270176 -0.614534514350804 8.4
      vertex 13.13483188901742 -0.3087539920381159 8.4
    endloop
  endfacet
  facet normal 0.9987954562051723 -0.049067674327420346 0
    outer loop
      vertex 13.13483188901742 -0.3087539920381159 11.3
      vertex 13.13483188901742 -0.3087539920381159 8.4
      vertex 13.15 0 8.4
    endloop
  endfacet
  facet normal 0.9987954562051723 0.049067674327420346 0
    outer loop
      vertex 13.15 0 11.3
      vertex 13.15 0 8.4
      vertex 13.13483188901742 0.3087539920381159 8.4
    endloop
  endfacet
  facet normal 0.9891765099647811 0.14673047445536108 0
    outer loop
      vertex 13.13483188901742 0.3087539920381159 11.3
      vertex 13.13483188901742 0.3087539920381159 8.4
      vertex 13.089473633270176 0.614534514350804 8.4
    endloop
  endfacet
  facet normal 0.9700312531945438 0.24298017990326448 0
    outer loop
      vertex 13.089473633270176 0.614534514350804 11.3
      vertex 13.089473633270176 0.614534514350804 8.4
      vertex 13.014362057556458 0.9143967333515564 8.4
    endloop
  endfacet
  facet normal 0.9415440651830211 0.3368898533922191 4.514144227105727e-18
    outer loop
      vertex 12.910220527410553 1.2054528119500327 8.3
      vertex 13.014362057556458 0.9143967333515564 11.3
      vertex 13 0.9545359952495875 8.4
    endloop
  endfacet
  facet normal 0.9415440651830213 0.33688985339221894 0
    outer loop
      vertex 13.014362057556458 0.9143967333515564 11.3
      vertex 13.014362057556458 0.9143967333515564 8.4
      vertex 13 0.9545359952495875 8.4
    endloop
  endfacet
  facet normal 0.9039892931234438 0.4275550934302811 0
    outer loop
      vertex 12.778051982697319 1.4848997210018926 8.3
      vertex 12.910220527410553 1.2054528119500327 11.3
      vertex 12.910220527410553 1.2054528119500327 8.3
    endloop
  endfacet
  facet normal 0.4275550934302803 0.9039892931234441 0
    outer loop
      vertex 11.205452811950032 2.9102205274105533 8.3
      vertex 11.205452811950032 2.9102205274105533 11.3
      vertex 11.484899721001893 2.7780519826973182 8.3
    endloop
  endfacet
  facet normal 0.5141027441932233 0.8577286100002711 0
    outer loop
      vertex 11.750046234011746 2.6191292787530176 8.3
      vertex 11.484899721001893 2.7780519826973182 8.3
      vertex 11.484899721001893 2.7780519826973182 11.3
    endloop
  endfacet
  facet normal 0.740951125354961 0.6715589548470162 0
    outer loop
      vertex 12.434982928092621 1.9983388451154833 8.3
      vertex 12.227386360737626 2.2273863607376247 8.3
      vertex 12.434982928092621 1.9983388451154833 11.3
    endloop
  endfacet
  facet normal 0.6715589548470179 0.7409511253549595 0
    outer loop
      vertex 11.998338845115484 2.4349829280926216 8.3
      vertex 11.998338845115484 2.4349829280926216 11.3
      vertex 12.227386360737626 2.2273863607376247 8.3
    endloop
  endfacet
  facet normal 0.5956993044924311 0.8032075314806464 0
    outer loop
      vertex 11.998338845115484 2.4349829280926216 8.3
      vertex 11.750046234011746 2.6191292787530176 8.3
      vertex 11.750046234011746 2.6191292787530176 11.3
    endloop
  endfacet
  facet normal 0.8032075314806438 0.5956993044924348 0
    outer loop
      vertex 12.434982928092621 1.9983388451154833 8.3
      vertex 12.619129278753018 1.7500462340117469 11.3
      vertex 12.619129278753018 1.7500462340117469 8.3
    endloop
  endfacet
  facet normal 0.8577286100002722 0.5141027441932214 0
    outer loop
      vertex 12.619129278753018 1.7500462340117469 8.3
      vertex 12.778051982697319 1.4848997210018926 11.3
      vertex 12.778051982697319 1.4848997210018926 8.3
    endloop
  endfacet
  facet normal 0.941544065183021 -0.336889853392219 0
    outer loop
      vertex 12.910220527410553 -1.2054528119500327 11.3
      vertex 13.014362057556458 -0.9143967333515564 8.4
      vertex 13.014362057556458 -0.9143967333515564 11.3
    endloop
  endfacet
  facet normal 0.9700312531945438 -0.24298017990326448 0
    outer loop
      vertex 13.014362057556458 -0.9143967333515564 11.3
      vertex 13.089473633270176 -0.614534514350804 8.4
      vertex 13.089473633270176 -0.614534514350804 11.3
    endloop
  endfacet
  facet normal 0.9891765099647811 -0.14673047445536108 0
    outer loop
      vertex 13.089473633270176 -0.614534514350804 11.3
      vertex 13.13483188901742 -0.3087539920381159 8.4
      vertex 13.13483188901742 -0.3087539920381159 11.3
    endloop
  endfacet
  facet normal 0.9987954562051723 -0.049067674327420346 0
    outer loop
      vertex 13.13483188901742 -0.3087539920381159 11.3
      vertex 13.15 0 8.4
      vertex 13.15 0 11.3
    endloop
  endfacet
  facet normal 0.9987954562051723 0.049067674327420346 0
    outer loop
      vertex 13.15 0 11.3
      vertex 13.13483188901742 0.3087539920381159 8.4
      vertex 13.13483188901742 0.3087539920381159 11.3
    endloop
  endfacet
  facet normal 0.9891765099647811 0.14673047445536108 0
    outer loop
      vertex 13.13483188901742 0.3087539920381159 11.3
      vertex 13.089473633270176 0.614534514350804 8.4
      vertex 13.089473633270176 0.614534514350804 11.3
    endloop
  endfacet
  facet normal 0.9700312531945438 0.24298017990326448 0
    outer loop
      vertex 13.089473633270176 0.614534514350804 11.3
      vertex 13.014362057556458 0.9143967333515564 8.4
      vertex 13.014362057556458 0.9143967333515564 11.3
    endloop
  endfacet
  facet normal 0.9039892931234438 0.4275550934302811 0
    outer loop
      vertex 12.778051982697319 1.4848997210018926 8.3
      vertex 12.778051982697319 1.4848997210018926 11.3
      vertex 12.910220527410553 1.2054528119500327 11.3
    endloop
  endfacet
  facet normal 0.9415440651830213 0.3368898533922191 0
    outer loop
      vertex 12.910220527410553 1.2054528119500327 8.3
      vertex 12.910220527410553 1.2054528119500327 11.3
      vertex 13.014362057556458 0.9143967333515564 11.3
    endloop
  endfacet
  facet normal 0 0 1
    outer loop
      vertex 12.434982928092621 -1.9983388451154833 11.3
      vertex 12.353884672967753 -0.4682167728387078 11.3
      vertex 12.296656805757301 -0.6966832254107096 11.3
    endloop
  endfacet
  facet normal 0 0 1
    outer loop
      vertex 12.434982928092621 -1.9983388451154833 11.3
      vertex 12.388443344013272 -0.23524113679094544 11.3
      vertex 12.353884672967753 -0.4682167728387078 11.3
    endloop
  endfacet
  facet normal 0 0 1
    outer loop
      vertex 12.434982928092621 -1.9983388451154833 11.3
      vertex 12.4 0 11.3
      vertex 12.388443344013272 -0.23524113679094544 11.3
    endloop
  endfacet
  facet normal 0 0 1
    outer loop
      vertex 12.434982928092621 -1.9983388451154833 11.3
      vertex 12.619129278753018 -1.7500462340117469 11.3
      vertex 12.434982928092621 1.9983388451154833 11.3
    endloop
  endfacet
  facet normal 0 0 1
    outer loop
      vertex 12.434982928092621 -1.9983388451154833 11.3
      vertex 12.434982928092621 1.9983388451154833 11.3
      vertex 12.4 0 11.3
    endloop
  endfacet
  facet normal 0 0 1
    outer loop
      vertex 12.4 0 11.3
      vertex 12.434982928092621 1.9983388451154833 11.3
      vertex 12.388443344013272 0.23524113679094544 11.3
    endloop
  endfacet
  facet normal 0 0 1
    outer loop
      vertex 12.388443344013272 0.23524113679094544 11.3
      vertex 12.434982928092621 1.9983388451154833 11.3
      vertex 12.353884672967753 0.4682167728387078 11.3
    endloop
  endfacet
  facet normal 0 0 1
    outer loop
      vertex 12.116611034436051 1.1313521683823944 11.3
      vertex 12.227386360737626 2.2273863607376247 11.3
      vertex 11.995527069526108 1.3333685592470452 11.3
    endloop
  endfacet
  facet normal 0 0 1
    outer loop
      vertex 12.353884672967753 0.4682167728387078 11.3
      vertex 12.434982928092621 1.9983388451154833 11.3
      vertex 12.296656805757301 0.6966832254107096 11.3
    endloop
  endfacet
  facet normal 0 0 1
    outer loop
      vertex 12.296656805757301 0.6966832254107096 11.3
      vertex 12.227386360737626 2.2273863607376247 11.3
      vertex 12.217310878027089 0.9184402376762154 11.3
    endloop
  endfacet
  facet normal 0 0 1
    outer loop
      vertex 12.116611034436051 1.1313521683823944 11.3
      vertex 12.217310878027089 0.9184402376762154 11.3
      vertex 12.227386360737626 2.2273863607376247 11.3
    endloop
  endfacet
  facet normal 0 0 1
    outer loop
      vertex 12.619129278753018 -1.7500462340117469 11.3
      vertex 12.778051982697319 -1.4848997210018926 11.3
      vertex 12.619129278753018 1.7500462340117469 11.3
    endloop
  endfacet
  facet normal 0 0 1
    outer loop
      vertex 12.778051982697319 -1.4848997210018926 11.3
      vertex 12.910220527410553 -1.2054528119500327 11.3
      vertex 12.778051982697319 1.4848997210018926 11.3
    endloop
  endfacet
  facet normal 0 0 1
    outer loop
      vertex 12.910220527410553 -1.2054528119500327 11.3
      vertex 13.014362057556458 -0.9143967333515564 11.3
      vertex 12.910220527410553 1.2054528119500327 11.3
    endloop
  endfacet
  facet normal 0 0 1
    outer loop
      vertex 13.014362057556458 -0.9143967333515564 11.3
      vertex 13.089473633270176 -0.614534514350804 11.3
      vertex 13.014362057556458 0.9143967333515564 11.3
    endloop
  endfacet
  facet normal 0 0 1
    outer loop
      vertex 13.089473633270176 -0.614534514350804 11.3
      vertex 13.13483188901742 -0.3087539920381159 11.3
      vertex 13.089473633270176 0.614534514350804 11.3
    endloop
  endfacet
  facet normal 0 0 1
    outer loop
      vertex 13.13483188901742 -0.3087539920381159 11.3
      vertex 13.15 0 11.3
      vertex 13.13483188901742 0.3087539920381159 11.3
    endloop
  endfacet
  facet normal 0 0 1
    outer loop
      vertex 13.13483188901742 -0.3087539920381159 11.3
      vertex 13.13483188901742 0.3087539920381159 11.3
      vertex 13.089473633270176 0.614534514350804 11.3
    endloop
  endfacet
  facet normal 0 0 1
    outer loop
      vertex 12.619129278753018 -1.7500462340117469 11.3
      vertex 12.619129278753018 1.7500462340117469 11.3
      vertex 12.434982928092621 1.9983388451154833 11.3
    endloop
  endfacet
  facet normal 0 0 1
    outer loop
      vertex 12.778051982697319 -1.4848997210018926 11.3
      vertex 12.778051982697319 1.4848997210018926 11.3
      vertex 12.619129278753018 1.7500462340117469 11.3
    endloop
  endfacet
  facet normal 0 0 1
    outer loop
      vertex 13.014362057556458 -0.9143967333515564 11.3
      vertex 13.014362057556458 0.9143967333515564 11.3
      vertex 12.910220527410553 1.2054528119500327 11.3
    endloop
  endfacet
  facet normal 0 0 1
    outer loop
      vertex 12.910220527410553 -1.2054528119500327 11.3
      vertex 12.910220527410553 1.2054528119500327 11.3
      vertex 12.778051982697319 1.4848997210018926 11.3
    endloop
  endfacet
  facet normal 0 0 1
    outer loop
      vertex 13.089473633270176 -0.614534514350804 11.3
      vertex 13.089473633270176 0.614534514350804 11.3
      vertex 13.014362057556458 0.9143967333515564 11.3
    endloop
  endfacet
  facet normal 0.4275550934302803 0.9039892931234441 0
    outer loop
      vertex 11.484899721001893 2.7780519826973182 8.3
      vertex 11.205452811950032 2.9102205274105533 11.3
      vertex 11.484899721001893 2.7780519826973182 11.3
    endloop
  endfacet
  facet normal 0.5141027441932233 0.8577286100002711 0
    outer loop
      vertex 11.750046234011746 2.6191292787530176 8.3
      vertex 11.484899721001893 2.7780519826973182 11.3
      vertex 11.750046234011746 2.6191292787530176 11.3
    endloop
  endfacet
  facet normal 0.740951125354961 0.6715589548470162 0
    outer loop
      vertex 12.227386360737626 2.2273863607376247 8.3
      vertex 12.227386360737626 2.2273863607376247 11.3
      vertex 12.434982928092621 1.9983388451154833 11.3
    endloop
  endfacet
  facet normal 0.8032075314806438 0.5956993044924348 0
    outer loop
      vertex 12.434982928092621 1.9983388451154833 8.3
      vertex 12.434982928092621 1.9983388451154833 11.3
      vertex 12.619129278753018 1.7500462340117469 11.3
    endloop
  endfacet
  facet normal 0.5956993044924311 0.8032075314806464 0
    outer loop
      vertex 11.998338845115484 2.4349829280926216 8.3
      vertex 11.750046234011746 2.6191292787530176 11.3
      vertex 11.998338845115484 2.4349829280926216 11.3
    endloop
  endfacet
  facet normal 0.6715589548470179 0.7409511253549595 0
    outer loop
      vertex 12.227386360737626 2.2273863607376247 8.3
      vertex 11.998338845115484 2.4349829280926216 11.3
      vertex 12.227386360737626 2.2273863607376247 11.3
    endloop
  endfacet
  facet normal 0.8577286100002722 0.5141027441932214 0
    outer loop
      vertex 12.619129278753018 1.7500462340117469 8.3
      vertex 12.619129278753018 1.7500462340117469 11.3
      vertex 12.778051982697319 1.4848997210018926 11.3
    endloop
  endfacet
  facet normal 0 0 1
    outer loop
      vertex 11.333368559247045 1.9955270695261085 11.3
      vertex 11.52254388199275 1.8552250880705687 11.3
      vertex 11.484899721001893 2.7780519826973182 11.3
    endloop
  endfacet
  facet normal 0 0 1
    outer loop
      vertex 11.697056274847714 1.697056274847714 11.3
      vertex 11.750046234011746 2.6191292787530176 11.3
      vertex 11.52254388199275 1.8552250880705687 11.3
    endloop
  endfacet
  facet normal 0 0 1
    outer loop
      vertex 11.131352168382394 2.116611034436052 11.3
      vertex 11.333368559247045 1.9955270695261085 11.3
      vertex 11.484899721001893 2.7780519826973182 11.3
    endloop
  endfacet
  facet normal 0 0 1
    outer loop
      vertex 11.131352168382394 2.116611034436052 11.3
      vertex 11.484899721001893 2.7780519826973182 11.3
      vertex 11.205452811950032 2.9102205274105533 11.3
    endloop
  endfacet
  facet normal 0 0 1
    outer loop
      vertex 11.52254388199275 1.8552250880705687 11.3
      vertex 11.750046234011746 2.6191292787530176 11.3
      vertex 11.484899721001893 2.7780519826973182 11.3
    endloop
  endfacet
  facet normal 0 0 1
    outer loop
      vertex 11.697056274847714 1.697056274847714 11.3
      vertex 11.998338845115484 2.4349829280926216 11.3
      vertex 11.750046234011746 2.6191292787530176 11.3
    endloop
  endfacet
  facet normal 0 0 1
    outer loop
      vertex 11.697056274847714 1.697056274847714 11.3
      vertex 11.855225088070569 1.522543881992749 11.3
      vertex 11.998338845115484 2.4349829280926216 11.3
    endloop
  endfacet
  facet normal 0 0 1
    outer loop
      vertex 11.995527069526108 1.3333685592470452 11.3
      vertex 11.998338845115484 2.4349829280926216 11.3
      vertex 11.855225088070569 1.522543881992749 11.3
    endloop
  endfacet
  facet normal 0 0 1
    outer loop
      vertex 11.995527069526108 1.3333685592470452 11.3
      vertex 12.227386360737626 2.2273863607376247 11.3
      vertex 11.998338845115484 2.4349829280926216 11.3
    endloop
  endfacet
  facet normal 0 0 1
    outer loop
      vertex 12.296656805757301 0.6966832254107096 11.3
      vertex 12.434982928092621 1.9983388451154833 11.3
      vertex 12.227386360737626 2.2273863607376247 11.3
    endloop
  endfacet
  facet normal -0.8577286100002719 -0.5141027441932221 0
    outer loop
      vertex 7.883388965563948 -1.1313521683823944 11.3
      vertex 8.004472930473892 -1.3333685592470452 11.3
      vertex 7.883388965563948 -1.1313521683823944 11.5
    endloop
  endfacet
  facet normal -0.8577286100002719 -0.5141027441932221 0
    outer loop
      vertex 8.004472930473892 -1.3333685592470452 11.3
      vertex 8.004472930473892 -1.3333685592470452 11.5
      vertex 7.883388965563948 -1.1313521683823944 11.5
    endloop
  endfacet
  facet normal -0.7409511253549602 -0.6715589548470172 0
    outer loop
      vertex 8.144774911929431 -1.522543881992749 11.3
      vertex 8.302943725152286 -1.697056274847714 11.3
      vertex 8.144774911929431 -1.522543881992749 11.5
    endloop
  endfacet
  facet normal -0.8032075314806447 -0.5956993044924337 0
    outer loop
      vertex 8.144774911929431 -1.522543881992749 11.3
      vertex 8.144774911929431 -1.522543881992749 11.5
      vertex 8.004472930473892 -1.3333685592470452 11.5
    endloop
  endfacet
  facet normal -0.7409511253549602 -0.6715589548470172 0
    outer loop
      vertex 8.302943725152286 -1.697056274847714 11.3
      vertex 8.302943725152286 -1.697056274847714 11.5
      vertex 8.144774911929431 -1.522543881992749 11.5
    endloop
  endfacet
  facet normal -0.8032075314806447 -0.5956993044924337 0
    outer loop
      vertex 8.144774911929431 -1.522543881992749 11.3
      vertex 8.004472930473892 -1.3333685592470452 11.5
      vertex 8.004472930473892 -1.3333685592470452 11.3
    endloop
  endfacet
  facet normal -0.6715589548470192 -0.7409511253549583 0
    outer loop
      vertex 8.302943725152286 -1.697056274847714 11.3
      vertex 8.47745611800725 -1.8552250880705687 11.3
      vertex 8.302943725152286 -1.697056274847714 11.5
    endloop
  endfacet
  facet normal -0.5956993044924317 -0.803207531480646 0
    outer loop
      vertex 8.47745611800725 -1.8552250880705687 11.3
      vertex 8.666631440752955 -1.9955270695261085 11.3
      vertex 8.47745611800725 -1.8552250880705687 11.5
    endloop
  endfacet
  facet normal -0.6715589548470192 -0.7409511253549583 0
    outer loop
      vertex 8.302943725152286 -1.697056274847714 11.5
      vertex 8.47745611800725 -1.8552250880705687 11.3
      vertex 8.47745611800725 -1.8552250880705687 11.5
    endloop
  endfacet
  facet normal -0.5956993044924317 -0.803207531480646 0
    outer loop
      vertex 8.666631440752955 -1.9955270695261085 11.3
      vertex 8.666631440752955 -1.9955270695261085 11.5
      vertex 8.47745611800725 -1.8552250880705687 11.5
    endloop
  endfacet
  facet normal -0.4275550934302825 -0.9039892931234431 0
    outer loop
      vertex 8.868647831617606 -2.116611034436052 11.3
      vertex 9.081559762323785 -2.2173108780270883 11.3
      vertex 8.868647831617606 -2.116611034436052 11.5
    endloop
  endfacet
  facet normal -0.5141027441932212 -0.8577286100002722 0
    outer loop
      vertex 8.868647831617606 -2.116611034436052 11.3
      vertex 8.868647831617606 -2.116611034436052 11.5
      vertex 8.666631440752955 -1.9955270695261085 11.5
    endloop
  endfacet
  facet normal -0.4275550934302825 -0.9039892931234431 0
    outer loop
      vertex 8.868647831617606 -2.116611034436052 11.5
      vertex 9.081559762323785 -2.2173108780270883 11.3
      vertex 9.081559762323785 -2.2173108780270883 11.5
    endloop
  endfacet
  facet normal -0.5141027441932212 -0.8577286100002722 0
    outer loop
      vertex 8.868647831617606 -2.116611034436052 11.3
      vertex 8.666631440752955 -1.9955270695261085 11.5
      vertex 8.666631440752955 -1.9955270695261085 11.3
    endloop
  endfacet
  facet normal -0.336889853392218 -0.9415440651830215 0
    outer loop
      vertex 9.081559762323785 -2.2173108780270883 11.3
      vertex 9.303316774589291 -2.296656805757301 11.3
      vertex 9.081559762323785 -2.2173108780270883 11.5
    endloop
  endfacet
  facet normal -0.24298017990326629 -0.9700312531945434 0
    outer loop
      vertex 9.303316774589291 -2.296656805757301 11.3
      vertex 9.531783227161291 -2.353884672967753 11.3
      vertex 9.303316774589291 -2.296656805757301 11.5
    endloop
  endfacet
  facet normal -0.336889853392218 -0.9415440651830215 0
    outer loop
      vertex 9.303316774589291 -2.296656805757301 11.3
      vertex 9.303316774589291 -2.296656805757301 11.5
      vertex 9.081559762323785 -2.2173108780270883 11.5
    endloop
  endfacet
  facet normal -0.14673047445536205 -0.989176509964781 0
    outer loop
      vertex 9.531783227161291 -2.353884672967753 11.3
      vertex 9.764758863209055 -2.3884433440132726 11.3
      vertex 9.531783227161291 -2.353884672967753 11.5
    endloop
  endfacet
  facet normal -0.24298017990326629 -0.9700312531945434 0
    outer loop
      vertex 9.531783227161291 -2.353884672967753 11.3
      vertex 9.531783227161291 -2.353884672967753 11.5
      vertex 9.303316774589291 -2.296656805757301 11.5
    endloop
  endfacet
  facet normal -0.14673047445536205 -0.989176509964781 0
    outer loop
      vertex 9.531783227161291 -2.353884672967753 11.5
      vertex 9.764758863209055 -2.3884433440132726 11.3
      vertex 9.764758863209055 -2.3884433440132726 11.5
    endloop
  endfacet
  facet normal -0.049067674327417286 -0.9987954562051724 0
    outer loop
      vertex 9.764758863209055 -2.3884433440132726 11.3
      vertex 10 -2.4 11.3
      vertex 9.764758863209055 -2.3884433440132726 11.5
    endloop
  endfacet
  facet normal 0.049067674327417286 -0.9987954562051724 0
    outer loop
      vertex 10 -2.4 11.3
      vertex 10.235241136790945 -2.3884433440132726 11.3
      vertex 10 -2.4 11.5
    endloop
  endfacet
  facet normal -0.049067674327417286 -0.9987954562051724 0
    outer loop
      vertex 10 -2.4 11.3
      vertex 10 -2.4 11.5
      vertex 9.764758863209055 -2.3884433440132726 11.5
    endloop
  endfacet
  facet normal 0.049067674327417286 -0.9987954562051724 0
    outer loop
      vertex 10.235241136790945 -2.3884433440132726 11.3
      vertex 10.235241136790945 -2.3884433440132726 11.5
      vertex 10 -2.4 11.5
    endloop
  endfacet
  facet normal 0.14673047445536205 -0.989176509964781 0
    outer loop
      vertex 10.235241136790945 -2.3884433440132726 11.3
      vertex 10.468216772838709 -2.353884672967753 11.3
      vertex 10.235241136790945 -2.3884433440132726 11.5
    endloop
  endfacet
  facet normal 0.14673047445536205 -0.989176509964781 0
    outer loop
      vertex 10.235241136790945 -2.3884433440132726 11.5
      vertex 10.468216772838709 -2.353884672967753 11.3
      vertex 10.468216772838709 -2.353884672967753 11.5
    endloop
  endfacet
  facet normal 0.24298017990326629 -0.9700312531945434 0
    outer loop
      vertex 10.468216772838709 -2.353884672967753 11.3
      vertex 10.696683225410709 -2.296656805757301 11.3
      vertex 10.468216772838709 -2.353884672967753 11.5
    endloop
  endfacet
  facet normal 0.336889853392218 -0.9415440651830215 0
    outer loop
      vertex 10.696683225410709 -2.296656805757301 11.3
      vertex 10.918440237676215 -2.2173108780270883 11.3
      vertex 10.696683225410709 -2.296656805757301 11.5
    endloop
  endfacet
  facet normal 0.24298017990326629 -0.9700312531945434 0
    outer loop
      vertex 10.696683225410709 -2.296656805757301 11.3
      vertex 10.696683225410709 -2.296656805757301 11.5
      vertex 10.468216772838709 -2.353884672967753 11.5
    endloop
  endfacet
  facet normal 0.4275550934302825 -0.9039892931234431 0
    outer loop
      vertex 10.918440237676215 -2.2173108780270883 11.3
      vertex 11.131352168382394 -2.116611034436052 11.3
      vertex 10.918440237676215 -2.2173108780270883 11.5
    endloop
  endfacet
  facet normal 0.336889853392218 -0.9415440651830215 0
    outer loop
      vertex 10.918440237676215 -2.2173108780270883 11.3
      vertex 10.918440237676215 -2.2173108780270883 11.5
      vertex 10.696683225410709 -2.296656805757301 11.5
    endloop
  endfacet
  facet normal 0.4275550934302825 -0.9039892931234431 0
    outer loop
      vertex 10.918440237676215 -2.2173108780270883 11.5
      vertex 11.131352168382394 -2.116611034436052 11.3
      vertex 11.131352168382394 -2.116611034436052 11.5
    endloop
  endfacet
  facet normal -0.9891765099647811 -0.14673047445536094 0
    outer loop
      vertex 7.646115327032247 -0.4682167728387078 11.3
      vertex 7.611556655986727 -0.23524113679094544 11.5
      vertex 7.611556655986727 -0.23524113679094544 11.3
    endloop
  endfacet
  facet normal -0.9891765099647811 -0.14673047445536094 0
    outer loop
      vertex 7.646115327032247 -0.4682167728387078 11.3
      vertex 7.646115327032247 -0.4682167728387078 11.5
      vertex 7.611556655986727 -0.23524113679094544 11.5
    endloop
  endfacet
  facet normal -0.9987954562051724 -0.049067674327419084 0
    outer loop
      vertex 7.611556655986727 -0.23524113679094544 11.3
      vertex 7.611556655986727 -0.23524113679094544 11.5
      vertex 7.6 0 11.5
    endloop
  endfacet
  facet normal 0 0 1
    outer loop
      vertex 7.646115327032247 -0.4682167728387078 11.5
      vertex 7.611556655986727 0.23524113679094544 11.5
      vertex 7.611556655986727 -0.23524113679094544 11.5
    endloop
  endfacet
  facet normal -0.9987954562051724 -0.049067674327419084 0
    outer loop
      vertex 7.611556655986727 -0.23524113679094544 11.3
      vertex 7.6 0 11.5
      vertex 7.6 0 11.3
    endloop
  endfacet
  facet normal -0.9987954562051724 0.049067674327419084 0
    outer loop
      vertex 7.6 0 11.3
      vertex 7.611556655986727 0.23524113679094544 11.5
      vertex 7.611556655986727 0.23524113679094544 11.3
    endloop
  endfacet
  facet normal -0.9987954562051724 0.049067674327419084 0
    outer loop
      vertex 7.6 0 11.3
      vertex 7.6 0 11.5
      vertex 7.611556655986727 0.23524113679094544 11.5
    endloop
  endfacet
  facet normal 0 0 1
    outer loop
      vertex 7.611556655986727 -0.23524113679094544 11.5
      vertex 7.611556655986727 0.23524113679094544 11.5
      vertex 7.6 0 11.5
    endloop
  endfacet
  facet normal 0 0 1
    outer loop
      vertex 7.646115327032247 -0.4682167728387078 11.5
      vertex 7.646115327032247 0.4682167728387078 11.5
      vertex 7.611556655986727 0.23524113679094544 11.5
    endloop
  endfacet
  facet normal -0.9039892931234426 -0.4275550934302838 0
    outer loop
      vertex 7.782689121972911 -0.9184402376762154 11.3
      vertex 7.883388965563948 -1.1313521683823944 11.3
      vertex 7.782689121972911 -0.9184402376762154 11.5
    endloop
  endfacet
  facet normal -0.9415440651830215 -0.33688985339221844 0
    outer loop
      vertex 7.782689121972911 -0.9184402376762154 11.3
      vertex 7.703343194242699 -0.6966832254107096 11.5
      vertex 7.703343194242699 -0.6966832254107096 11.3
    endloop
  endfacet
  facet normal -0.9415440651830215 -0.33688985339221844 0
    outer loop
      vertex 7.782689121972911 -0.9184402376762154 11.3
      vertex 7.782689121972911 -0.9184402376762154 11.5
      vertex 7.703343194242699 -0.6966832254107096 11.5
    endloop
  endfacet
  facet normal -0.9039892931234426 -0.4275550934302838 0
    outer loop
      vertex 7.883388965563948 -1.1313521683823944 11.3
      vertex 7.883388965563948 -1.1313521683823944 11.5
      vertex 7.782689121972911 -0.9184402376762154 11.5
    endloop
  endfacet
  facet normal -0.9700312531945438 -0.24298017990326484 0
    outer loop
      vertex 7.646115327032247 -0.4682167728387078 11.3
      vertex 7.703343194242699 -0.6966832254107096 11.3
      vertex 7.646115327032247 -0.4682167728387078 11.5
    endloop
  endfacet
  facet normal -0.9700312531945438 -0.24298017990326484 0
    outer loop
      vertex 7.646115327032247 -0.4682167728387078 11.5
      vertex 7.703343194242699 -0.6966832254107096 11.3
      vertex 7.703343194242699 -0.6966832254107096 11.5
    endloop
  endfacet
  facet normal 0 0 1
    outer loop
      vertex 7.883388965563948 -1.1313521683823944 11.5
      vertex 8.004472930473892 -1.3333685592470452 11.5
      vertex 7.883388965563948 1.1313521683823944 11.5
    endloop
  endfacet
  facet normal 0 0 1
    outer loop
      vertex 8.144774911929431 -1.522543881992749 11.5
      vertex 8.004472930473892 1.3333685592470452 11.5
      vertex 8.004472930473892 -1.3333685592470452 11.5
    endloop
  endfacet
  facet normal 0 0 1
    outer loop
      vertex 8.144774911929431 -1.522543881992749 11.5
      vertex 8.302943725152286 -1.697056274847714 11.5
      vertex 8.144774911929431 1.522543881992749 11.5
    endloop
  endfacet
  facet normal 0 0 1
    outer loop
      vertex 7.782689121972911 -0.9184402376762154 11.5
      vertex 7.703343194242699 0.6966832254107096 11.5
      vertex 7.703343194242699 -0.6966832254107096 11.5
    endloop
  endfacet
  facet normal 0 0 1
    outer loop
      vertex 7.782689121972911 -0.9184402376762154 11.5
      vertex 7.883388965563948 -1.1313521683823944 11.5
      vertex 7.782689121972911 0.9184402376762154 11.5
    endloop
  endfacet
  facet normal 0 0 1
    outer loop
      vertex 7.646115327032247 -0.4682167728387078 11.5
      vertex 7.703343194242699 -0.6966832254107096 11.5
      vertex 7.646115327032247 0.4682167728387078 11.5
    endloop
  endfacet
  facet normal 0 0 1
    outer loop
      vertex 7.703343194242699 -0.6966832254107096 11.5
      vertex 7.703343194242699 0.6966832254107096 11.5
      vertex 7.646115327032247 0.4682167728387078 11.5
    endloop
  endfacet
  facet normal 0 0 1
    outer loop
      vertex 7.782689121972911 -0.9184402376762154 11.5
      vertex 7.782689121972911 0.9184402376762154 11.5
      vertex 7.703343194242699 0.6966832254107096 11.5
    endloop
  endfacet
  facet normal -0.9891765099647811 0.14673047445536094 0
    outer loop
      vertex 7.611556655986727 0.23524113679094544 11.3
      vertex 7.646115327032247 0.4682167728387078 11.5
      vertex 7.646115327032247 0.4682167728387078 11.3
    endloop
  endfacet
  facet normal -0.9891765099647811 0.14673047445536094 0
    outer loop
      vertex 7.611556655986727 0.23524113679094544 11.3
      vertex 7.611556655986727 0.23524113679094544 11.5
      vertex 7.646115327032247 0.4682167728387078 11.5
    endloop
  endfacet
  facet normal -0.9700312531945438 0.24298017990326484 0
    outer loop
      vertex 7.646115327032247 0.4682167728387078 11.3
      vertex 7.646115327032247 0.4682167728387078 11.5
      vertex 7.703343194242699 0.6966832254107096 11.5
    endloop
  endfacet
  facet normal 0 0 1
    outer loop
      vertex 7.883388965563948 -1.1313521683823944 11.5
      vertex 7.883388965563948 1.1313521683823944 11.5
      vertex 7.782689121972911 0.9184402376762154 11.5
    endloop
  endfacet
  facet normal 0 0 1
    outer loop
      vertex 8.004472930473892 -1.3333685592470452 11.5
      vertex 8.004472930473892 1.3333685592470452 11.5
      vertex 7.883388965563948 1.1313521683823944 11.5
    endloop
  endfacet
  facet normal -0.9700312531945438 0.24298017990326484 0
    outer loop
      vertex 7.646115327032247 0.4682167728387078 11.3
      vertex 7.703343194242699 0.6966832254107096 11.5
      vertex 7.703343194242699 0.6966832254107096 11.3
    endloop
  endfacet
  facet normal -0.9415440651830215 0.33688985339221844 0
    outer loop
      vertex 7.703343194242699 0.6966832254107096 11.3
      vertex 7.782689121972911 0.9184402376762154 11.5
      vertex 7.782689121972911 0.9184402376762154 11.3
    endloop
  endfacet
  facet normal -0.9415440651830215 0.33688985339221844 0
    outer loop
      vertex 7.703343194242699 0.6966832254107096 11.3
      vertex 7.703343194242699 0.6966832254107096 11.5
      vertex 7.782689121972911 0.9184402376762154 11.5
    endloop
  endfacet
  facet normal 0 0 1
    outer loop
      vertex 8.144774911929431 -1.522543881992749 11.5
      vertex 8.144774911929431 1.522543881992749 11.5
      vertex 8.004472930473892 1.3333685592470452 11.5
    endloop
  endfacet
  facet normal 0 0 1
    outer loop
      vertex 8.302943725152286 -1.697056274847714 11.5
      vertex 8.302943725152286 1.697056274847714 11.5
      vertex 8.144774911929431 1.522543881992749 11.5
    endloop
  endfacet
  facet normal -0.9039892931234426 0.4275550934302838 0
    outer loop
      vertex 7.782689121972911 0.9184402376762154 11.3
      vertex 7.883388965563948 1.1313521683823944 11.5
      vertex 7.883388965563948 1.1313521683823944 11.3
    endloop
  endfacet
  facet normal -0.9039892931234426 0.4275550934302838 0
    outer loop
      vertex 7.782689121972911 0.9184402376762154 11.3
      vertex 7.782689121972911 0.9184402376762154 11.5
      vertex 7.883388965563948 1.1313521683823944 11.5
    endloop
  endfacet
  facet normal -0.8577286100002719 0.5141027441932221 0
    outer loop
      vertex 7.883388965563948 1.1313521683823944 11.3
      vertex 7.883388965563948 1.1313521683823944 11.5
      vertex 8.004472930473892 1.3333685592470452 11.5
    endloop
  endfacet
  facet normal -0.8577286100002719 0.5141027441932221 0
    outer loop
      vertex 7.883388965563948 1.1313521683823944 11.3
      vertex 8.004472930473892 1.3333685592470452 11.5
      vertex 8.004472930473892 1.3333685592470452 11.3
    endloop
  endfacet
  facet normal -0.8032075314806447 0.5956993044924337 0
    outer loop
      vertex 8.004472930473892 1.3333685592470452 11.3
      vertex 8.144774911929431 1.522543881992749 11.5
      vertex 8.144774911929431 1.522543881992749 11.3
    endloop
  endfacet
  facet normal -0.8032075314806447 0.5956993044924337 0
    outer loop
      vertex 8.004472930473892 1.3333685592470452 11.3
      vertex 8.004472930473892 1.3333685592470452 11.5
      vertex 8.144774911929431 1.522543881992749 11.5
    endloop
  endfacet
  facet normal -0.7409511253549602 0.6715589548470172 0
    outer loop
      vertex 8.144774911929431 1.522543881992749 11.3
      vertex 8.302943725152286 1.697056274847714 11.5
      vertex 8.302943725152286 1.697056274847714 11.3
    endloop
  endfacet
  facet normal -0.7409511253549602 0.6715589548470172 0
    outer loop
      vertex 8.144774911929431 1.522543881992749 11.3
      vertex 8.144774911929431 1.522543881992749 11.5
      vertex 8.302943725152286 1.697056274847714 11.5
    endloop
  endfacet
  facet normal 0 0 1
    outer loop
      vertex 8.302943725152286 -1.697056274847714 11.5
      vertex 8.47745611800725 -1.8552250880705687 11.5
      vertex 8.302943725152286 1.697056274847714 11.5
    endloop
  endfacet
  facet normal 0 0 1
    outer loop
      vertex 8.47745611800725 -1.8552250880705687 11.5
      vertex 8.666631440752955 -1.9955270695261085 11.5
      vertex 8.47745611800725 1.8552250880705687 11.5
    endloop
  endfacet
  facet normal 0 0 1
    outer loop
      vertex 8.868647831617606 -2.116611034436052 11.5
      vertex 8.666631440752955 1.9955270695261085 11.5
      vertex 8.666631440752955 -1.9955270695261085 11.5
    endloop
  endfacet
  facet normal 0 0 1
    outer loop
      vertex 8.868647831617606 -2.116611034436052 11.5
      vertex 9.081559762323785 -2.2173108780270883 11.5
      vertex 8.868647831617606 2.116611034436052 11.5
    endloop
  endfacet
  facet normal 0 0 1
    outer loop
      vertex 9.081559762323785 -2.2173108780270883 11.5
      vertex 9.303316774589291 -2.296656805757301 11.5
      vertex 9.081559762323785 2.2173108780270883 11.5
    endloop
  endfacet
  facet normal 0 0 1
    outer loop
      vertex 9.303316774589291 -2.296656805757301 11.5
      vertex 9.531783227161291 -2.353884672967753 11.5
      vertex 9.303316774589291 2.296656805757301 11.5
    endloop
  endfacet
  facet normal 0 0 1
    outer loop
      vertex 9.531783227161291 -2.353884672967753 11.5
      vertex 9.764758863209055 -2.3884433440132726 11.5
      vertex 9.531783227161291 2.353884672967753 11.5
    endloop
  endfacet
  facet normal 0 0 1
    outer loop
      vertex 8.47745611800725 -1.8552250880705687 11.5
      vertex 8.47745611800725 1.8552250880705687 11.5
      vertex 8.302943725152286 1.697056274847714 11.5
    endloop
  endfacet
  facet normal 0 0 1
    outer loop
      vertex 8.666631440752955 -1.9955270695261085 11.5
      vertex 8.666631440752955 1.9955270695261085 11.5
      vertex 8.47745611800725 1.8552250880705687 11.5
    endloop
  endfacet
  facet normal 0 0 1
    outer loop
      vertex 8.868647831617606 -2.116611034436052 11.5
      vertex 8.868647831617606 2.116611034436052 11.5
      vertex 8.666631440752955 1.9955270695261085 11.5
    endloop
  endfacet
  facet normal 0 0 1
    outer loop
      vertex 9.081559762323785 -2.2173108780270883 11.5
      vertex 9.081559762323785 2.2173108780270883 11.5
      vertex 8.868647831617606 2.116611034436052 11.5
    endloop
  endfacet
  facet normal 0 0 1
    outer loop
      vertex 9.303316774589291 -2.296656805757301 11.5
      vertex 9.303316774589291 2.296656805757301 11.5
      vertex 9.081559762323785 2.2173108780270883 11.5
    endloop
  endfacet
  facet normal 0 0 1
    outer loop
      vertex 9.531783227161291 -2.353884672967753 11.5
      vertex 9.531783227161291 2.353884672967753 11.5
      vertex 9.303316774589291 2.296656805757301 11.5
    endloop
  endfacet
  facet normal 0 0 1
    outer loop
      vertex 9.764758863209055 -2.3884433440132726 11.5
      vertex 9.764758863209055 2.3884433440132726 11.5
      vertex 9.531783227161291 2.353884672967753 11.5
    endloop
  endfacet
  facet normal 0 0 1
    outer loop
      vertex 9.764758863209055 -2.3884433440132726 11.5
      vertex 10 -2.4 11.5
      vertex 9.764758863209055 2.3884433440132726 11.5
    endloop
  endfacet
  facet normal 0 0 1
    outer loop
      vertex 10 -2.4 11.5
      vertex 10.235241136790945 -2.3884433440132726 11.5
      vertex 10 2.4 11.5
    endloop
  endfacet
  facet normal 0 0 1
    outer loop
      vertex 10.235241136790945 -2.3884433440132726 11.5
      vertex 10.468216772838709 -2.353884672967753 11.5
      vertex 10.235241136790945 2.3884433440132726 11.5
    endloop
  endfacet
  facet normal 0 0 1
    outer loop
      vertex 10.468216772838709 -2.353884672967753 11.5
      vertex 10.696683225410709 -2.296656805757301 11.5
      vertex 10.468216772838709 2.353884672967753 11.5
    endloop
  endfacet
  facet normal 0 0 1
    outer loop
      vertex 10.696683225410709 -2.296656805757301 11.5
      vertex 10.918440237676215 -2.2173108780270883 11.5
      vertex 10.696683225410709 2.296656805757301 11.5
    endloop
  endfacet
  facet normal 0 0 1
    outer loop
      vertex 10.918440237676215 -2.2173108780270883 11.5
      vertex 11.131352168382394 -2.116611034436052 11.5
      vertex 10.918440237676215 2.2173108780270883 11.5
    endloop
  endfacet
  facet normal 0 0 1
    outer loop
      vertex 10 -2.4 11.5
      vertex 10 2.4 11.5
      vertex 9.764758863209055 2.3884433440132726 11.5
    endloop
  endfacet
  facet normal 0 0 1
    outer loop
      vertex 10.235241136790945 -2.3884433440132726 11.5
      vertex 10.235241136790945 2.3884433440132726 11.5
      vertex 10 2.4 11.5
    endloop
  endfacet
  facet normal 0 0 1
    outer loop
      vertex 10.468216772838709 -2.353884672967753 11.5
      vertex 10.468216772838709 2.353884672967753 11.5
      vertex 10.235241136790945 2.3884433440132726 11.5
    endloop
  endfacet
  facet normal 0 0 1
    outer loop
      vertex 10.696683225410709 -2.296656805757301 11.5
      vertex 10.696683225410709 2.296656805757301 11.5
      vertex 10.468216772838709 2.353884672967753 11.5
    endloop
  endfacet
  facet normal 0 0 1
    outer loop
      vertex 10.918440237676215 -2.2173108780270883 11.5
      vertex 10.918440237676215 2.2173108780270883 11.5
      vertex 10.696683225410709 2.296656805757301 11.5
    endloop
  endfacet
  facet normal 0 0 1
    outer loop
      vertex 10.918440237676215 2.2173108780270883 11.5
      vertex 11.131352168382394 -2.116611034436052 11.5
      vertex 11.131352168382394 2.116611034436052 11.5
    endloop
  endfacet
  facet normal -0.6715589548470192 0.7409511253549583 0
    outer loop
      vertex 8.302943725152286 1.697056274847714 11.3
      vertex 8.47745611800725 1.8552250880705687 11.5
      vertex 8.47745611800725 1.8552250880705687 11.3
    endloop
  endfacet
  facet normal -0.6715589548470192 0.7409511253549583 0
    outer loop
      vertex 8.302943725152286 1.697056274847714 11.3
      vertex 8.302943725152286 1.697056274847714 11.5
      vertex 8.47745611800725 1.8552250880705687 11.5
    endloop
  endfacet
  facet normal -0.5956993044924317 0.803207531480646 0
    outer loop
      vertex 8.47745611800725 1.8552250880705687 11.3
      vertex 8.666631440752955 1.9955270695261085 11.5
      vertex 8.666631440752955 1.9955270695261085 11.3
    endloop
  endfacet
  facet normal -0.5956993044924317 0.803207531480646 0
    outer loop
      vertex 8.47745611800725 1.8552250880705687 11.3
      vertex 8.47745611800725 1.8552250880705687 11.5
      vertex 8.666631440752955 1.9955270695261085 11.5
    endloop
  endfacet
  facet normal -0.5141027441932212 0.8577286100002722 0
    outer loop
      vertex 8.666631440752955 1.9955270695261085 11.3
      vertex 8.868647831617606 2.116611034436052 11.5
      vertex 8.868647831617606 2.116611034436052 11.3
    endloop
  endfacet
  facet normal -0.4275550934302825 0.9039892931234431 0
    outer loop
      vertex 8.868647831617606 2.116611034436052 11.3
      vertex 9.081559762323785 2.2173108780270883 11.5
      vertex 9.081559762323785 2.2173108780270883 11.3
    endloop
  endfacet
  facet normal -0.5141027441932212 0.8577286100002722 0
    outer loop
      vertex 8.666631440752955 1.9955270695261085 11.3
      vertex 8.666631440752955 1.9955270695261085 11.5
      vertex 8.868647831617606 2.116611034436052 11.5
    endloop
  endfacet
  facet normal -0.4275550934302825 0.9039892931234431 0
    outer loop
      vertex 8.868647831617606 2.116611034436052 11.3
      vertex 8.868647831617606 2.116611034436052 11.5
      vertex 9.081559762323785 2.2173108780270883 11.5
    endloop
  endfacet
  facet normal -0.336889853392218 0.9415440651830215 0
    outer loop
      vertex 9.081559762323785 2.2173108780270883 11.3
      vertex 9.303316774589291 2.296656805757301 11.5
      vertex 9.303316774589291 2.296656805757301 11.3
    endloop
  endfacet
  facet normal -0.336889853392218 0.9415440651830215 0
    outer loop
      vertex 9.081559762323785 2.2173108780270883 11.3
      vertex 9.081559762323785 2.2173108780270883 11.5
      vertex 9.303316774589291 2.296656805757301 11.5
    endloop
  endfacet
  facet normal -0.24298017990326629 0.9700312531945434 0
    outer loop
      vertex 9.303316774589291 2.296656805757301 11.3
      vertex 9.303316774589291 2.296656805757301 11.5
      vertex 9.531783227161291 2.353884672967753 11.5
    endloop
  endfacet
  facet normal -0.24298017990326629 0.9700312531945434 0
    outer loop
      vertex 9.303316774589291 2.296656805757301 11.3
      vertex 9.531783227161291 2.353884672967753 11.5
      vertex 9.531783227161291 2.353884672967753 11.3
    endloop
  endfacet
  facet normal -0.14673047445536205 0.989176509964781 0
    outer loop
      vertex 9.531783227161291 2.353884672967753 11.3
      vertex 9.764758863209055 2.3884433440132726 11.5
      vertex 9.764758863209055 2.3884433440132726 11.3
    endloop
  endfacet
  facet normal -0.14673047445536205 0.989176509964781 0
    outer loop
      vertex 9.531783227161291 2.353884672967753 11.3
      vertex 9.531783227161291 2.353884672967753 11.5
      vertex 9.764758863209055 2.3884433440132726 11.5
    endloop
  endfacet
  facet normal -0.049067674327417286 0.9987954562051724 0
    outer loop
      vertex 9.764758863209055 2.3884433440132726 11.3
      vertex 10 2.4 11.5
      vertex 10 2.4 11.3
    endloop
  endfacet
  facet normal -0.049067674327417286 0.9987954562051724 0
    outer loop
      vertex 9.764758863209055 2.3884433440132726 11.3
      vertex 9.764758863209055 2.3884433440132726 11.5
      vertex 10 2.4 11.5
    endloop
  endfacet
  facet normal 0.049067674327417286 0.9987954562051724 0
    outer loop
      vertex 10 2.4 11.3
      vertex 10 2.4 11.5
      vertex 10.235241136790945 2.3884433440132726 11.5
    endloop
  endfacet
  facet normal 0.049067674327417286 0.9987954562051724 0
    outer loop
      vertex 10 2.4 11.3
      vertex 10.235241136790945 2.3884433440132726 11.5
      vertex 10.235241136790945 2.3884433440132726 11.3
    endloop
  endfacet
  facet normal 0.14673047445536205 0.989176509964781 0
    outer loop
      vertex 10.235241136790945 2.3884433440132726 11.3
      vertex 10.468216772838709 2.353884672967753 11.5
      vertex 10.468216772838709 2.353884672967753 11.3
    endloop
  endfacet
  facet normal 0.14673047445536205 0.989176509964781 0
    outer loop
      vertex 10.235241136790945 2.3884433440132726 11.3
      vertex 10.235241136790945 2.3884433440132726 11.5
      vertex 10.468216772838709 2.353884672967753 11.5
    endloop
  endfacet
  facet normal 0.4275550934302825 0.9039892931234431 0
    outer loop
      vertex 10.918440237676215 2.2173108780270883 11.3
      vertex 11.131352168382394 2.116611034436052 11.5
      vertex 11.131352168382394 2.116611034436052 11.3
    endloop
  endfacet
  facet normal 0.4275550934302825 0.9039892931234431 0
    outer loop
      vertex 10.918440237676215 2.2173108780270883 11.3
      vertex 10.918440237676215 2.2173108780270883 11.5
      vertex 11.131352168382394 2.116611034436052 11.5
    endloop
  endfacet
  facet normal 0.24298017990326629 0.9700312531945434 0
    outer loop
      vertex 10.468216772838709 2.353884672967753 11.3
      vertex 10.696683225410709 2.296656805757301 11.5
      vertex 10.696683225410709 2.296656805757301 11.3
    endloop
  endfacet
  facet normal 0.24298017990326629 0.9700312531945434 0
    outer loop
      vertex 10.468216772838709 2.353884672967753 11.3
      vertex 10.468216772838709 2.353884672967753 11.5
      vertex 10.696683225410709 2.296656805757301 11.5
    endloop
  endfacet
  facet normal 0.336889853392218 0.9415440651830215 0
    outer loop
      vertex 10.696683225410709 2.296656805757301 11.3
      vertex 10.696683225410709 2.296656805757301 11.5
      vertex 10.918440237676215 2.2173108780270883 11.5
    endloop
  endfacet
  facet normal 0.336889853392218 0.9415440651830215 0
    outer loop
      vertex 10.696683225410709 2.296656805757301 11.3
      vertex 10.918440237676215 2.2173108780270883 11.5
      vertex 10.918440237676215 2.2173108780270883 11.3
    endloop
  endfacet
  facet normal 0.5141027441932212 -0.8577286100002722 0
    outer loop
      vertex 11.131352168382394 -2.116611034436052 11.3
      vertex 11.333368559247045 -1.9955270695261085 11.3
      vertex 11.131352168382394 -2.116611034436052 11.5
    endloop
  endfacet
  facet normal 0.5956993044924317 -0.803207531480646 0
    outer loop
      vertex 11.333368559247045 -1.9955270695261085 11.3
      vertex 11.52254388199275 -1.8552250880705687 11.3
      vertex 11.333368559247045 -1.9955270695261085 11.5
    endloop
  endfacet
  facet normal 0.5141027441932212 -0.8577286100002722 0
    outer loop
      vertex 11.131352168382394 -2.116611034436052 11.5
      vertex 11.333368559247045 -1.9955270695261085 11.3
      vertex 11.333368559247045 -1.9955270695261085 11.5
    endloop
  endfacet
  facet normal 0.5956993044924317 -0.803207531480646 0
    outer loop
      vertex 11.52254388199275 -1.8552250880705687 11.3
      vertex 11.52254388199275 -1.8552250880705687 11.5
      vertex 11.333368559247045 -1.9955270695261085 11.5
    endloop
  endfacet
  facet normal 0.6715589548470192 -0.7409511253549583 0
    outer loop
      vertex 11.52254388199275 -1.8552250880705687 11.3
      vertex 11.697056274847714 -1.697056274847714 11.3
      vertex 11.52254388199275 -1.8552250880705687 11.5
    endloop
  endfacet
  facet normal 0.6715589548470192 -0.7409511253549583 0
    outer loop
      vertex 11.697056274847714 -1.697056274847714 11.3
      vertex 11.697056274847714 -1.697056274847714 11.5
      vertex 11.52254388199275 -1.8552250880705687 11.5
    endloop
  endfacet
  facet normal 0.7409511253549602 -0.6715589548470172 0
    outer loop
      vertex 11.697056274847714 -1.697056274847714 11.3
      vertex 11.855225088070569 -1.522543881992749 11.3
      vertex 11.697056274847714 -1.697056274847714 11.5
    endloop
  endfacet
  facet normal 0.7409511253549602 -0.6715589548470172 0
    outer loop
      vertex 11.697056274847714 -1.697056274847714 11.5
      vertex 11.855225088070569 -1.522543881992749 11.3
      vertex 11.855225088070569 -1.522543881992749 11.5
    endloop
  endfacet
  facet normal 0.8032075314806447 -0.5956993044924337 0
    outer loop
      vertex 11.855225088070569 -1.522543881992749 11.3
      vertex 11.995527069526108 -1.3333685592470452 11.3
      vertex 11.855225088070569 -1.522543881992749 11.5
    endloop
  endfacet
  facet normal 0.8577286100002736 -0.5141027441932193 0
    outer loop
      vertex 11.995527069526108 -1.3333685592470452 11.3
      vertex 12.116611034436051 -1.1313521683823944 11.3
      vertex 11.995527069526108 -1.3333685592470452 11.5
    endloop
  endfacet
  facet normal 0.8032075314806447 -0.5956993044924337 0
    outer loop
      vertex 11.855225088070569 -1.522543881992749 11.5
      vertex 11.995527069526108 -1.3333685592470452 11.3
      vertex 11.995527069526108 -1.3333685592470452 11.5
    endloop
  endfacet
  facet normal 0.8577286100002736 -0.5141027441932193 0
    outer loop
      vertex 12.116611034436051 -1.1313521683823944 11.3
      vertex 12.116611034436051 -1.1313521683823944 11.5
      vertex 11.995527069526108 -1.3333685592470452 11.5
    endloop
  endfacet
  facet normal 0 0 1
    outer loop
      vertex 11.131352168382394 -2.116611034436052 11.5
      vertex 11.333368559247045 -1.9955270695261085 11.5
      vertex 11.131352168382394 2.116611034436052 11.5
    endloop
  endfacet
  facet normal 0 0 1
    outer loop
      vertex 11.333368559247045 -1.9955270695261085 11.5
      vertex 11.52254388199275 -1.8552250880705687 11.5
      vertex 11.333368559247045 1.9955270695261085 11.5
    endloop
  endfacet
  facet normal 0 0 1
    outer loop
      vertex 11.52254388199275 -1.8552250880705687 11.5
      vertex 11.697056274847714 -1.697056274847714 11.5
      vertex 11.52254388199275 1.8552250880705687 11.5
    endloop
  endfacet
  facet normal 0 0 1
    outer loop
      vertex 11.697056274847714 -1.697056274847714 11.5
      vertex 11.855225088070569 -1.522543881992749 11.5
      vertex 11.697056274847714 1.697056274847714 11.5
    endloop
  endfacet
  facet normal 0.903989293123441 -0.42755509343028697 0
    outer loop
      vertex 12.116611034436051 -1.1313521683823944 11.3
      vertex 12.217310878027089 -0.9184402376762154 11.3
      vertex 12.116611034436051 -1.1313521683823944 11.5
    endloop
  endfacet
  facet normal 0 0 1
    outer loop
      vertex 11.855225088070569 -1.522543881992749 11.5
      vertex 11.995527069526108 -1.3333685592470452 11.5
      vertex 11.855225088070569 1.522543881992749 11.5
    endloop
  endfacet
  facet normal 0.9415440651830215 -0.33688985339221844 0
    outer loop
      vertex 12.217310878027089 -0.9184402376762154 11.3
      vertex 12.296656805757301 -0.6966832254107096 11.3
      vertex 12.217310878027089 -0.9184402376762154 11.5
    endloop
  endfacet
  facet normal 0.903989293123441 -0.42755509343028697 0
    outer loop
      vertex 12.217310878027089 -0.9184402376762154 11.3
      vertex 12.217310878027089 -0.9184402376762154 11.5
      vertex 12.116611034436051 -1.1313521683823944 11.5
    endloop
  endfacet
  facet normal 0.9415440651830215 -0.33688985339221844 0
    outer loop
      vertex 12.217310878027089 -0.9184402376762154 11.5
      vertex 12.296656805757301 -0.6966832254107096 11.3
      vertex 12.296656805757301 -0.6966832254107096 11.5
    endloop
  endfacet
  facet normal 0.9700312531945438 -0.24298017990326484 0
    outer loop
      vertex 12.296656805757301 -0.6966832254107096 11.3
      vertex 12.353884672967753 -0.4682167728387078 11.3
      vertex 12.296656805757301 -0.6966832254107096 11.5
    endloop
  endfacet
  facet normal 0.9700312531945438 -0.24298017990326484 0
    outer loop
      vertex 12.353884672967753 -0.4682167728387078 11.3
      vertex 12.353884672967753 -0.4682167728387078 11.5
      vertex 12.296656805757301 -0.6966832254107096 11.5
    endloop
  endfacet
  facet normal 0 0 1
    outer loop
      vertex 11.995527069526108 -1.3333685592470452 11.5
      vertex 12.116611034436051 -1.1313521683823944 11.5
      vertex 11.995527069526108 1.3333685592470452 11.5
    endloop
  endfacet
  facet normal 0 0 1
    outer loop
      vertex 12.116611034436051 -1.1313521683823944 11.5
      vertex 12.217310878027089 -0.9184402376762154 11.5
      vertex 12.116611034436051 1.1313521683823944 11.5
    endloop
  endfacet
  facet normal 0.9891765099647817 -0.14673047445535725 0
    outer loop
      vertex 12.353884672967753 -0.4682167728387078 11.3
      vertex 12.388443344013272 -0.23524113679094544 11.3
      vertex 12.353884672967753 -0.4682167728387078 11.5
    endloop
  endfacet
  facet normal 0.9987954562051723 -0.04906767432742285 0
    outer loop
      vertex 12.388443344013272 -0.23524113679094544 11.3
      vertex 12.4 0 11.3
      vertex 12.388443344013272 -0.23524113679094544 11.5
    endloop
  endfacet
  facet normal 0 0 1
    outer loop
      vertex 12.217310878027089 -0.9184402376762154 11.5
      vertex 12.296656805757301 -0.6966832254107096 11.5
      vertex 12.217310878027089 0.9184402376762154 11.5
    endloop
  endfacet
  facet normal 0 0 1
    outer loop
      vertex 12.296656805757301 -0.6966832254107096 11.5
      vertex 12.353884672967753 -0.4682167728387078 11.5
      vertex 12.296656805757301 0.6966832254107096 11.5
    endloop
  endfacet
  facet normal 0.9891765099647817 -0.14673047445535725 0
    outer loop
      vertex 12.388443344013272 -0.23524113679094544 11.3
      vertex 12.388443344013272 -0.23524113679094544 11.5
      vertex 12.353884672967753 -0.4682167728387078 11.5
    endloop
  endfacet
  facet normal 0.9987954562051723 0.04906767432742285 0
    outer loop
      vertex 12.4 0 11.3
      vertex 12.388443344013272 0.23524113679094544 11.3
      vertex 12.4 0 11.5
    endloop
  endfacet
  facet normal 0 0 1
    outer loop
      vertex 12.353884672967753 -0.4682167728387078 11.5
      vertex 12.353884672967753 0.4682167728387078 11.5
      vertex 12.296656805757301 0.6966832254107096 11.5
    endloop
  endfacet
  facet normal 0.9987954562051723 -0.04906767432742285 0
    outer loop
      vertex 12.388443344013272 -0.23524113679094544 11.5
      vertex 12.4 0 11.3
      vertex 12.4 0 11.5
    endloop
  endfacet
  facet normal 0 0 1
    outer loop
      vertex 12.353884672967753 -0.4682167728387078 11.5
      vertex 12.388443344013272 -0.23524113679094544 11.5
      vertex 12.353884672967753 0.4682167728387078 11.5
    endloop
  endfacet
  facet normal 0 0 1
    outer loop
      vertex 12.388443344013272 -0.23524113679094544 11.5
      vertex 12.4 0 11.5
      vertex 12.388443344013272 0.23524113679094544 11.5
    endloop
  endfacet
  facet normal 0.9987954562051723 0.04906767432742285 0
    outer loop
      vertex 12.388443344013272 0.23524113679094544 11.3
      vertex 12.388443344013272 0.23524113679094544 11.5
      vertex 12.4 0 11.5
    endloop
  endfacet
  facet normal 0 0 1
    outer loop
      vertex 12.388443344013272 -0.23524113679094544 11.5
      vertex 12.388443344013272 0.23524113679094544 11.5
      vertex 12.353884672967753 0.4682167728387078 11.5
    endloop
  endfacet
  facet normal 0 0 1
    outer loop
      vertex 11.333368559247045 -1.9955270695261085 11.5
      vertex 11.333368559247045 1.9955270695261085 11.5
      vertex 11.131352168382394 2.116611034436052 11.5
    endloop
  endfacet
  facet normal 0 0 1
    outer loop
      vertex 11.52254388199275 -1.8552250880705687 11.5
      vertex 11.52254388199275 1.8552250880705687 11.5
      vertex 11.333368559247045 1.9955270695261085 11.5
    endloop
  endfacet
  facet normal 0 0 1
    outer loop
      vertex 11.855225088070569 -1.522543881992749 11.5
      vertex 11.855225088070569 1.522543881992749 11.5
      vertex 11.697056274847714 1.697056274847714 11.5
    endloop
  endfacet
  facet normal 0 0 1
    outer loop
      vertex 11.697056274847714 -1.697056274847714 11.5
      vertex 11.697056274847714 1.697056274847714 11.5
      vertex 11.52254388199275 1.8552250880705687 11.5
    endloop
  endfacet
  facet normal 0 0 1
    outer loop
      vertex 11.995527069526108 -1.3333685592470452 11.5
      vertex 11.995527069526108 1.3333685592470452 11.5
      vertex 11.855225088070569 1.522543881992749 11.5
    endloop
  endfacet
  facet normal 0 0 1
    outer loop
      vertex 12.116611034436051 -1.1313521683823944 11.5
      vertex 12.116611034436051 1.1313521683823944 11.5
      vertex 11.995527069526108 1.3333685592470452 11.5
    endloop
  endfacet
  facet normal 0.9700312531945438 0.24298017990326484 0
    outer loop
      vertex 12.353884672967753 0.4682167728387078 11.3
      vertex 12.296656805757301 0.6966832254107096 11.3
      vertex 12.353884672967753 0.4682167728387078 11.5
    endloop
  endfacet
  facet normal 0.9891765099647817 0.14673047445535725 0
    outer loop
      vertex 12.388443344013272 0.23524113679094544 11.3
      vertex 12.353884672967753 0.4682167728387078 11.3
      vertex 12.388443344013272 0.23524113679094544 11.5
    endloop
  endfacet
  facet normal 0 0 1
    outer loop
      vertex 12.217310878027089 -0.9184402376762154 11.5
      vertex 12.217310878027089 0.9184402376762154 11.5
      vertex 12.116611034436051 1.1313521683823944 11.5
    endloop
  endfacet
  facet normal 0 0 1
    outer loop
      vertex 12.296656805757301 -0.6966832254107096 11.5
      vertex 12.296656805757301 0.6966832254107096 11.5
      vertex 12.217310878027089 0.9184402376762154 11.5
    endloop
  endfacet
  facet normal 0.9891765099647817 0.14673047445535725 0
    outer loop
      vertex 12.353884672967753 0.4682167728387078 11.3
      vertex 12.353884672967753 0.4682167728387078 11.5
      vertex 12.388443344013272 0.23524113679094544 11.5
    endloop
  endfacet
  facet normal 0.9415440651830215 0.33688985339221844 0
    outer loop
      vertex 12.296656805757301 0.6966832254107096 11.3
      vertex 12.217310878027089 0.9184402376762154 11.3
      vertex 12.296656805757301 0.6966832254107096 11.5
    endloop
  endfacet
  facet normal 0.9700312531945438 0.24298017990326484 0
    outer loop
      vertex 12.353884672967753 0.4682167728387078 11.5
      vertex 12.296656805757301 0.6966832254107096 11.3
      vertex 12.296656805757301 0.6966832254107096 11.5
    endloop
  endfacet
  facet normal 0.9415440651830215 0.33688985339221844 0
    outer loop
      vertex 12.217310878027089 0.9184402376762154 11.3
      vertex 12.217310878027089 0.9184402376762154 11.5
      vertex 12.296656805757301 0.6966832254107096 11.5
    endloop
  endfacet
  facet normal 0.8577286100002736 0.5141027441932193 0
    outer loop
      vertex 12.116611034436051 1.1313521683823944 11.3
      vertex 11.995527069526108 1.3333685592470452 11.3
      vertex 12.116611034436051 1.1313521683823944 11.5
    endloop
  endfacet
  facet normal 0.903989293123441 0.42755509343028697 0
    outer loop
      vertex 12.116611034436051 1.1313521683823944 11.3
      vertex 12.116611034436051 1.1313521683823944 11.5
      vertex 12.217310878027089 0.9184402376762154 11.5
    endloop
  endfacet
  facet normal 0.8032075314806447 0.5956993044924337 0
    outer loop
      vertex 11.995527069526108 1.3333685592470452 11.3
      vertex 11.855225088070569 1.522543881992749 11.3
      vertex 11.995527069526108 1.3333685592470452 11.5
    endloop
  endfacet
  facet normal 0.8032075314806447 0.5956993044924337 0
    outer loop
      vertex 11.855225088070569 1.522543881992749 11.3
      vertex 11.855225088070569 1.522543881992749 11.5
      vertex 11.995527069526108 1.3333685592470452 11.5
    endloop
  endfacet
  facet normal 0.8577286100002736 0.5141027441932193 0
    outer loop
      vertex 12.116611034436051 1.1313521683823944 11.5
      vertex 11.995527069526108 1.3333685592470452 11.3
      vertex 11.995527069526108 1.3333685592470452 11.5
    endloop
  endfacet
  facet normal 0.903989293123441 0.42755509343028697 0
    outer loop
      vertex 12.116611034436051 1.1313521683823944 11.3
      vertex 12.217310878027089 0.9184402376762154 11.5
      vertex 12.217310878027089 0.9184402376762154 11.3
    endloop
  endfacet
  facet normal 0.5141027441932212 0.8577286100002722 0
    outer loop
      vertex 11.131352168382394 2.116611034436052 11.3
      vertex 11.333368559247045 1.9955270695261085 11.5
      vertex 11.333368559247045 1.9955270695261085 11.3
    endloop
  endfacet
  facet normal 0.5956993044924317 0.803207531480646 0
    outer loop
      vertex 11.333368559247045 1.9955270695261085 11.3
      vertex 11.52254388199275 1.8552250880705687 11.5
      vertex 11.52254388199275 1.8552250880705687 11.3
    endloop
  endfacet
  facet normal 0.5141027441932212 0.8577286100002722 0
    outer loop
      vertex 11.131352168382394 2.116611034436052 11.3
      vertex 11.131352168382394 2.116611034436052 11.5
      vertex 11.333368559247045 1.9955270695261085 11.5
    endloop
  endfacet
  facet normal 0.5956993044924317 0.803207531480646 0
    outer loop
      vertex 11.333368559247045 1.9955270695261085 11.3
      vertex 11.333368559247045 1.9955270695261085 11.5
      vertex 11.52254388199275 1.8552250880705687 11.5
    endloop
  endfacet
  facet normal 0.6715589548470192 0.7409511253549583 0
    outer loop
      vertex 11.697056274847714 1.697056274847714 11.3
      vertex 11.52254388199275 1.8552250880705687 11.3
      vertex 11.697056274847714 1.697056274847714 11.5
    endloop
  endfacet
  facet normal 0.7409511253549602 0.6715589548470172 0
    outer loop
      vertex 11.697056274847714 1.697056274847714 11.3
      vertex 11.855225088070569 1.522543881992749 11.5
      vertex 11.855225088070569 1.522543881992749 11.3
    endloop
  endfacet
  facet normal 0.6715589548470192 0.7409511253549583 0
    outer loop
      vertex 11.697056274847714 1.697056274847714 11.5
      vertex 11.52254388199275 1.8552250880705687 11.3
      vertex 11.52254388199275 1.8552250880705687 11.5
    endloop
  endfacet
  facet normal 0.7409511253549602 0.6715589548470172 0
    outer loop
      vertex 11.697056274847714 1.697056274847714 11.3
      vertex 11.697056274847714 1.697056274847714 11.5
      vertex 11.855225088070569 1.522543881992749 11.5
    endloop
  endfacet
  facet normal 0 -1 0
    outer loop
      vertex -0.19509032201612825 -37.95 -0.38078528040323045
      vertex -0.0980171403295606 -37.95 -0.39518472667219695
      vertex 0.19509032201612825 -37.95 -0.38078528040323045
    endloop
  endfacet
  facet normal 0 -1 0
    outer loop
      vertex -0.3826834323650898 -37.95 -0.32387953251128676
      vertex -0.29028467725446233 -37.95 -0.35694033573220885
      vertex 0.3826834323650898 -37.95 -0.32387953251128676
    endloop
  endfacet
  facet normal 0 -1 0
    outer loop
      vertex -0.19509032201612825 -37.95 -0.38078528040323045
      vertex 0.29028467725446233 -37.95 -0.35694033573220885
      vertex -0.29028467725446233 -37.95 -0.35694033573220885
    endloop
  endfacet
  facet normal 0 -1 0
    outer loop
      vertex -0.3826834323650898 -37.95 -0.32387953251128676
      vertex 0.47139673682599764 -37.95 -0.28192126434835507
      vertex -0.47139673682599764 -37.95 -0.28192126434835507
    endloop
  endfacet
  facet normal 0 -1 0
    outer loop
      vertex -0.5555702330196022 -37.95 -0.23146961230254526
      vertex 0.6343932841636455 -37.95 -0.17301045336273702
      vertex -0.6343932841636455 -37.95 -0.17301045336273702
    endloop
  endfacet
  facet normal 0 -1 0
    outer loop
      vertex -0.47139673682599764 -37.95 -0.28192126434835507
      vertex 0.5555702330196022 -37.95 -0.23146961230254526
      vertex -0.5555702330196022 -37.95 -0.23146961230254526
    endloop
  endfacet
  facet normal 0 -1 0
    outer loop
      vertex -0.7071067811865476 -37.95 -0.1071067811865476
      vertex -0.6343932841636455 -37.95 -0.17301045336273702
      vertex 0.7071067811865476 -37.95 -0.1071067811865476
    endloop
  endfacet
  facet normal 0 -1 0
    outer loop
      vertex -0.7071067811865476 -37.95 -0.1071067811865476
      vertex 0.773010453362737 -37.95 -0.03439328416364551
      vertex -0.773010453362737 -37.95 -0.03439328416364551
    endloop
  endfacet
  facet normal 0 -1 0
    outer loop
      vertex -0.773010453362737 -37.95 -0.03439328416364551
      vertex 0.8314696123025452 -37.95 0.0444297669803978
      vertex -0.8314696123025452 -37.95 0.0444297669803978
    endloop
  endfacet
  facet normal 0 -1 0
    outer loop
      vertex -0.8314696123025452 -37.95 0.0444297669803978
      vertex 0.881921264348355 -37.95 0.12860326317400234
      vertex -0.881921264348355 -37.95 0.12860326317400234
    endloop
  endfacet
  facet normal 0 -1 0
    outer loop
      vertex -0.881921264348355 -37.95 0.12860326317400234
      vertex 0.9238795325112867 -37.95 0.2173165676349102
      vertex -0.9238795325112867 -37.95 0.2173165676349102
    endloop
  endfacet
  facet normal 0 -1 0
    outer loop
      vertex -0.9238795325112867 -37.95 0.2173165676349102
      vertex 0.9569403357322088 -37.95 0.30971532274553765
      vertex -0.9569403357322088 -37.95 0.30971532274553765
    endloop
  endfacet
  facet normal 0 -1 0
    outer loop
      vertex -0.9569403357322088 -37.95 0.30971532274553765
      vertex 0.9807852804032304 -37.95 0.40490967798387173
      vertex -0.9807852804032304 -37.95 0.40490967798387173
    endloop
  endfacet
  facet normal 0 -1 0
    outer loop
      vertex -0.9807852804032304 -37.95 0.40490967798387173
      vertex 0.9951847266721969 -37.95 0.5019828596704394
      vertex -0.9951847266721969 -37.95 0.5019828596704394
    endloop
  endfacet
  facet normal 0 -1 0
    outer loop
      vertex -0.9951847266721969 -37.95 0.5019828596704394
      vertex 1 -37.95 0.6
      vertex -1 -37.95 0.6
    endloop
  endfacet
  facet normal 0 -1 0
    outer loop
      vertex -1 -37.95 0.6
      vertex 0.9951847266721969 -37.95 0.6980171403295605
      vertex -0.9951847266721969 -37.95 0.6980171403295605
    endloop
  endfacet
  facet normal 0 -1 0
    outer loop
      vertex -0.9951847266721969 -37.95 0.6980171403295605
      vertex 0.9807852804032304 -37.95 0.7950903220161283
      vertex -0.9807852804032304 -37.95 0.7950903220161283
    endloop
  endfacet
  facet normal 0 -1 0
    outer loop
      vertex -0.9807852804032304 -37.95 0.7950903220161283
      vertex 0.9569403357322088 -37.95 0.8902846772544624
      vertex -0.9569403357322088 -37.95 0.8902846772544624
    endloop
  endfacet
  facet normal 0 -1 0
    outer loop
      vertex -0.9569403357322088 -37.95 0.8902846772544624
      vertex 0.9238795325112867 -37.95 0.9826834323650897
      vertex -0.9238795325112867 -37.95 0.9826834323650897
    endloop
  endfacet
  facet normal 0 -1 0
    outer loop
      vertex -0.9238795325112867 -37.95 0.9826834323650897
      vertex 0.881921264348355 -37.95 1.0713967368259976
      vertex -0.881921264348355 -37.95 1.0713967368259976
    endloop
  endfacet
  facet normal 0 -1 0
    outer loop
      vertex -0.881921264348355 -37.95 1.0713967368259976
      vertex 0.8314696123025452 -37.95 1.1555702330196023
      vertex -0.8314696123025452 -37.95 1.1555702330196023
    endloop
  endfacet
  facet normal 0 -1 0
    outer loop
      vertex -0.8314696123025452 -37.95 1.1555702330196023
      vertex 0.773010453362737 -37.95 1.2343932841636454
      vertex -0.773010453362737 -37.95 1.2343932841636454
    endloop
  endfacet
  facet normal 0 -1 0
    outer loop
      vertex -0.773010453362737 -37.95 1.2343932841636454
      vertex 0.7071067811865476 -37.95 1.3071067811865476
      vertex -0.7071067811865476 -37.95 1.3071067811865476
    endloop
  endfacet
  facet normal 0 -1 0
    outer loop
      vertex -0.7071067811865476 -37.95 1.3071067811865476
      vertex 0.6343932841636455 -37.95 1.373010453362737
      vertex -0.6343932841636455 -37.95 1.373010453362737
    endloop
  endfacet
  facet normal 0 -1 0
    outer loop
      vertex -0.6343932841636455 -37.95 1.373010453362737
      vertex 0.5555702330196022 -37.95 1.4314696123025452
      vertex -0.5555702330196022 -37.95 1.4314696123025452
    endloop
  endfacet
  facet normal 0 -1 0
    outer loop
      vertex -0.5555702330196022 -37.95 1.4314696123025452
      vertex 0.47139673682599764 -37.95 1.481921264348355
      vertex -0.47139673682599764 -37.95 1.481921264348355
    endloop
  endfacet
  facet normal 0 -1 0
    outer loop
      vertex -0.47139673682599764 -37.95 1.481921264348355
      vertex 0.3826834323650898 -37.95 1.5238795325112866
      vertex -0.3826834323650898 -37.95 1.5238795325112866
    endloop
  endfacet
  facet normal 0 -1 0
    outer loop
      vertex -0.3826834323650898 -37.95 1.5238795325112866
      vertex 0.29028467725446233 -37.95 1.5569403357322087
      vertex -0.29028467725446233 -37.95 1.5569403357322087
    endloop
  endfacet
  facet normal 0 -1 0
    outer loop
      vertex -0.29028467725446233 -37.95 1.5569403357322087
      vertex 0.19509032201612825 -37.95 1.5807852804032305
      vertex -0.19509032201612825 -37.95 1.5807852804032305
    endloop
  endfacet
  facet normal 0 -1 0
    outer loop
      vertex -0.19509032201612825 -37.95 1.5807852804032305
      vertex 0.0980171403295606 -37.95 1.5951847266721968
      vertex -0.0980171403295606 -37.95 1.5951847266721968
    endloop
  endfacet
  facet normal -0.24298017990326415 0 -0.9700312531945439
    outer loop
      vertex -0.19509032201612825 -37.95 -0.38078528040323045
      vertex -0.29028467725446233 -37.95 -0.35694033573220885
      vertex -0.19509032201612825 -21.25 -0.38078528040323045
    endloop
  endfacet
  facet normal -0.14673047445536241 0 -0.9891765099647809
    outer loop
      vertex -0.19509032201612825 -37.95 -0.38078528040323045
      vertex -0.0980171403295606 -21.25 -0.39518472667219695
      vertex -0.0980171403295606 -37.95 -0.39518472667219695
    endloop
  endfacet
  facet normal -0.04906767432741758 0 -0.9987954562051724
    outer loop
      vertex -0.0980171403295606 -37.95 -0.39518472667219695
      vertex 0 -21.25 -0.4
      vertex 0 -37.95 -0.4
    endloop
  endfacet
  facet normal -0.7409511253549594 0 -0.6715589548470181
    outer loop
      vertex -0.7071067811865476 -37.95 -0.1071067811865476
      vertex -0.773010453362737 -37.95 -0.03439328416364551
      vertex -0.7071067811865476 -21.25 -0.1071067811865476
    endloop
  endfacet
  facet normal -0.8032075314806452 0 -0.595699304492433
    outer loop
      vertex -0.773010453362737 -37.95 -0.03439328416364551
      vertex -0.8314696123025452 -37.95 0.0444297669803978
      vertex -0.773010453362737 -21.25 -0.03439328416364551
    endloop
  endfacet
  facet normal -0.42755509343028186 0 -0.9039892931234434
    outer loop
      vertex -0.3826834323650898 -37.95 -0.32387953251128676
      vertex -0.47139673682599764 -37.95 -0.28192126434835507
      vertex -0.3826834323650898 -21.25 -0.32387953251128676
    endloop
  endfacet
  facet normal -0.595699304492433 0 -0.8032075314806452
    outer loop
      vertex -0.5555702330196022 -37.95 -0.23146961230254526
      vertex -0.6343932841636455 -37.95 -0.17301045336273702
      vertex -0.5555702330196022 -21.25 -0.23146961230254526
    endloop
  endfacet
  facet normal -0.514102744193222 0 -0.8577286100002719
    outer loop
      vertex -0.47139673682599764 -37.95 -0.28192126434835507
      vertex -0.5555702330196022 -37.95 -0.23146961230254526
      vertex -0.47139673682599764 -21.25 -0.28192126434835507
    endloop
  endfacet
  facet normal -0.33688985339221966 0 -0.9415440651830209
    outer loop
      vertex -0.3826834323650898 -37.95 -0.32387953251128676
      vertex -0.29028467725446233 -21.25 -0.35694033573220885
      vertex -0.29028467725446233 -37.95 -0.35694033573220885
    endloop
  endfacet
  facet normal -0.6715589548470181 0 -0.7409511253549594
    outer loop
      vertex -0.7071067811865476 -37.95 -0.1071067811865476
      vertex -0.6343932841636455 -21.25 -0.17301045336273702
      vertex -0.6343932841636455 -37.95 -0.17301045336273702
    endloop
  endfacet
  facet normal -0.8577286100002719 0 -0.514102744193222
    outer loop
      vertex -0.8314696123025452 -37.95 0.0444297669803978
      vertex -0.881921264348355 -37.95 0.12860326317400234
      vertex -0.8314696123025452 -21.25 0.0444297669803978
    endloop
  endfacet
  facet normal -0.9039892931234434 0 -0.42755509343028186
    outer loop
      vertex -0.881921264348355 -37.95 0.12860326317400234
      vertex -0.9238795325112867 -37.95 0.2173165676349102
      vertex -0.881921264348355 -21.25 0.12860326317400234
    endloop
  endfacet
  facet normal -0.9415440651830209 0 -0.33688985339221966
    outer loop
      vertex -0.9238795325112867 -37.95 0.2173165676349102
      vertex -0.9569403357322088 -37.95 0.30971532274553765
      vertex -0.9238795325112867 -21.25 0.2173165676349102
    endloop
  endfacet
  facet normal -0.9700312531945439 0 -0.24298017990326415
    outer loop
      vertex -0.9569403357322088 -37.95 0.30971532274553765
      vertex -0.9807852804032304 -37.95 0.40490967798387173
      vertex -0.9569403357322088 -21.25 0.30971532274553765
    endloop
  endfacet
  facet normal -0.9891765099647809 0 -0.1467304744553623
    outer loop
      vertex -0.9807852804032304 -37.95 0.40490967798387173
      vertex -0.9951847266721969 -37.95 0.5019828596704394
      vertex -0.9807852804032304 -21.25 0.40490967798387173
    endloop
  endfacet
  facet normal -0.9987954562051725 0 -0.04906767432741761
    outer loop
      vertex -0.9951847266721969 -37.95 0.5019828596704394
      vertex -1 -37.95 0.6
      vertex -0.9951847266721969 -21.25 0.5019828596704394
    endloop
  endfacet
  facet normal -0.9987954562051725 0 0.04906767432741761
    outer loop
      vertex -1 -37.95 0.6
      vertex -0.9951847266721969 -37.95 0.6980171403295605
      vertex -1 -21.25 0.6
    endloop
  endfacet
  facet normal -0.9891765099647809 0 0.14673047445536222
    outer loop
      vertex -0.9951847266721969 -37.95 0.6980171403295605
      vertex -0.9807852804032304 -37.95 0.7950903220161283
      vertex -0.9951847266721969 -21.25 0.6980171403295605
    endloop
  endfacet
  facet normal -0.9700312531945439 0 0.24298017990326415
    outer loop
      vertex -0.9807852804032304 -37.95 0.7950903220161283
      vertex -0.9569403357322088 -37.95 0.8902846772544624
      vertex -0.9807852804032304 -21.25 0.7950903220161283
    endloop
  endfacet
  facet normal -0.9415440651830207 0 0.33688985339222005
    outer loop
      vertex -0.9569403357322088 -37.95 0.8902846772544624
      vertex -0.9238795325112867 -37.95 0.9826834323650897
      vertex -0.9569403357322088 -21.25 0.8902846772544624
    endloop
  endfacet
  facet normal -0.9039892931234434 0 0.42755509343028186
    outer loop
      vertex -0.9238795325112867 -37.95 0.9826834323650897
      vertex -0.881921264348355 -37.95 1.0713967368259976
      vertex -0.9238795325112867 -21.25 0.9826834323650897
    endloop
  endfacet
  facet normal -0.8577286100002723 0 0.5141027441932213
    outer loop
      vertex -0.881921264348355 -37.95 1.0713967368259976
      vertex -0.8314696123025452 -37.95 1.1555702330196023
      vertex -0.881921264348355 -21.25 1.0713967368259976
    endloop
  endfacet
  facet normal -0.8032075314806444 0 0.595699304492434
    outer loop
      vertex -0.8314696123025452 -37.95 1.1555702330196023
      vertex -0.773010453362737 -37.95 1.2343932841636454
      vertex -0.8314696123025452 -21.25 1.1555702330196023
    endloop
  endfacet
  facet normal -0.7409511253549599 0 0.6715589548470174
    outer loop
      vertex -0.773010453362737 -37.95 1.2343932841636454
      vertex -0.7071067811865476 -37.95 1.3071067811865476
      vertex -0.773010453362737 -21.25 1.2343932841636454
    endloop
  endfacet
  facet normal -0.6715589548470181 0 0.7409511253549594
    outer loop
      vertex -0.7071067811865476 -37.95 1.3071067811865476
      vertex -0.6343932841636455 -37.95 1.373010453362737
      vertex -0.7071067811865476 -21.25 1.3071067811865476
    endloop
  endfacet
  facet normal -0.595699304492433 0 0.8032075314806452
    outer loop
      vertex -0.6343932841636455 -37.95 1.373010453362737
      vertex -0.5555702330196022 -37.95 1.4314696123025452
      vertex -0.6343932841636455 -21.25 1.373010453362737
    endloop
  endfacet
  facet normal -0.514102744193222 0 0.8577286100002719
    outer loop
      vertex -0.5555702330196022 -37.95 1.4314696123025452
      vertex -0.47139673682599764 -37.95 1.481921264348355
      vertex -0.5555702330196022 -21.25 1.4314696123025452
    endloop
  endfacet
  facet normal -0.427555093430281 0 0.9039892931234439
    outer loop
      vertex -0.47139673682599764 -37.95 1.481921264348355
      vertex -0.3826834323650898 -37.95 1.5238795325112866
      vertex -0.47139673682599764 -21.25 1.481921264348355
    endloop
  endfacet
  facet normal -0.33688985339221966 0 0.9415440651830209
    outer loop
      vertex -0.3826834323650898 -37.95 1.5238795325112866
      vertex -0.29028467725446233 -37.95 1.5569403357322087
      vertex -0.3826834323650898 -21.25 1.5238795325112866
    endloop
  endfacet
  facet normal -0.24298017990326629 0 0.9700312531945434
    outer loop
      vertex -0.29028467725446233 -37.95 1.5569403357322087
      vertex -0.19509032201612825 -37.95 1.5807852804032305
      vertex -0.29028467725446233 -21.25 1.5569403357322087
    endloop
  endfacet
  facet normal -0.1467304744553602 0 0.9891765099647813
    outer loop
      vertex -0.19509032201612825 -37.95 1.5807852804032305
      vertex -0.0980171403295606 -37.95 1.5951847266721968
      vertex -0.19509032201612825 -21.25 1.5807852804032305
    endloop
  endfacet
  facet normal -0.04906767432741984 0 0.9987954562051724
    outer loop
      vertex -0.0980171403295606 -37.95 1.5951847266721968
      vertex 0 -37.95 1.6
      vertex -0.0980171403295606 -21.25 1.5951847266721968
    endloop
  endfacet
  facet normal -0.14673047445536241 0 -0.9891765099647809
    outer loop
      vertex -0.19509032201612825 -37.95 -0.38078528040323045
      vertex -0.19509032201612825 -21.25 -0.38078528040323045
      vertex -0.0980171403295606 -21.25 -0.39518472667219695
    endloop
  endfacet
  facet normal -0.04906767432741758 0 -0.9987954562051724
    outer loop
      vertex -0.0980171403295606 -37.95 -0.39518472667219695
      vertex -0.0980171403295606 -21.25 -0.39518472667219695
      vertex 0 -21.25 -0.4
    endloop
  endfacet
  facet normal -0.7409511253549594 0 -0.6715589548470181
    outer loop
      vertex -0.773010453362737 -37.95 -0.03439328416364551
      vertex -0.773010453362737 -21.25 -0.03439328416364551
      vertex -0.7071067811865476 -21.25 -0.1071067811865476
    endloop
  endfacet
  facet normal -0.33688985339221966 0 -0.9415440651830209
    outer loop
      vertex -0.3826834323650898 -37.95 -0.32387953251128676
      vertex -0.3826834323650898 -21.25 -0.32387953251128676
      vertex -0.29028467725446233 -21.25 -0.35694033573220885
    endloop
  endfacet
  facet normal -0.42755509343028186 0 -0.9039892931234434
    outer loop
      vertex -0.47139673682599764 -37.95 -0.28192126434835507
      vertex -0.47139673682599764 -21.25 -0.28192126434835507
      vertex -0.3826834323650898 -21.25 -0.32387953251128676
    endloop
  endfacet
  facet normal -0.514102744193222 0 -0.8577286100002719
    outer loop
      vertex -0.5555702330196022 -37.95 -0.23146961230254526
      vertex -0.5555702330196022 -21.25 -0.23146961230254526
      vertex -0.47139673682599764 -21.25 -0.28192126434835507
    endloop
  endfacet
  facet normal -0.595699304492433 0 -0.8032075314806452
    outer loop
      vertex -0.6343932841636455 -37.95 -0.17301045336273702
      vertex -0.6343932841636455 -21.25 -0.17301045336273702
      vertex -0.5555702330196022 -21.25 -0.23146961230254526
    endloop
  endfacet
  facet normal -0.24298017990326415 0 -0.9700312531945439
    outer loop
      vertex -0.29028467725446233 -37.95 -0.35694033573220885
      vertex -0.29028467725446233 -21.25 -0.35694033573220885
      vertex -0.19509032201612825 -21.25 -0.38078528040323045
    endloop
  endfacet
  facet normal -0.6715589548470181 0 -0.7409511253549594
    outer loop
      vertex -0.7071067811865476 -37.95 -0.1071067811865476
      vertex -0.7071067811865476 -21.25 -0.1071067811865476
      vertex -0.6343932841636455 -21.25 -0.17301045336273702
    endloop
  endfacet
  facet normal -0.8032075314806452 0 -0.595699304492433
    outer loop
      vertex -0.8314696123025452 -37.95 0.0444297669803978
      vertex -0.8314696123025452 -21.25 0.0444297669803978
      vertex -0.773010453362737 -21.25 -0.03439328416364551
    endloop
  endfacet
  facet normal -0.8577286100002719 0 -0.514102744193222
    outer loop
      vertex -0.881921264348355 -37.95 0.12860326317400234
      vertex -0.881921264348355 -21.25 0.12860326317400234
      vertex -0.8314696123025452 -21.25 0.0444297669803978
    endloop
  endfacet
  facet normal -0.9039892931234434 0 -0.42755509343028186
    outer loop
      vertex -0.9238795325112867 -37.95 0.2173165676349102
      vertex -0.9238795325112867 -21.25 0.2173165676349102
      vertex -0.881921264348355 -21.25 0.12860326317400234
    endloop
  endfacet
  facet normal -0.9415440651830209 0 -0.33688985339221966
    outer loop
      vertex -0.9569403357322088 -37.95 0.30971532274553765
      vertex -0.9569403357322088 -21.25 0.30971532274553765
      vertex -0.9238795325112867 -21.25 0.2173165676349102
    endloop
  endfacet
  facet normal -0.9700312531945439 0 -0.24298017990326415
    outer loop
      vertex -0.9807852804032304 -37.95 0.40490967798387173
      vertex -0.9807852804032304 -21.25 0.40490967798387173
      vertex -0.9569403357322088 -21.25 0.30971532274553765
    endloop
  endfacet
  facet normal -0.9891765099647809 0 -0.1467304744553623
    outer loop
      vertex -0.9951847266721969 -37.95 0.5019828596704394
      vertex -0.9951847266721969 -21.25 0.5019828596704394
      vertex -0.9807852804032304 -21.25 0.40490967798387173
    endloop
  endfacet
  facet normal -0.9987954562051725 0 -0.04906767432741761
    outer loop
      vertex -1 -37.95 0.6
      vertex -1 -21.25 0.6
      vertex -0.9951847266721969 -21.25 0.5019828596704394
    endloop
  endfacet
  facet normal -0.9987954562051725 0 0.04906767432741761
    outer loop
      vertex -0.9951847266721969 -37.95 0.6980171403295605
      vertex -0.9951847266721969 -21.25 0.6980171403295605
      vertex -1 -21.25 0.6
    endloop
  endfacet
  facet normal -0.9891765099647809 0 0.14673047445536222
    outer loop
      vertex -0.9807852804032304 -37.95 0.7950903220161283
      vertex -0.9807852804032304 -21.25 0.7950903220161283
      vertex -0.9951847266721969 -21.25 0.6980171403295605
    endloop
  endfacet
  facet normal -0.9700312531945439 0 0.24298017990326415
    outer loop
      vertex -0.9569403357322088 -37.95 0.8902846772544624
      vertex -0.9569403357322088 -21.25 0.8902846772544624
      vertex -0.9807852804032304 -21.25 0.7950903220161283
    endloop
  endfacet
  facet normal -0.9415440651830207 0 0.33688985339222005
    outer loop
      vertex -0.9238795325112867 -37.95 0.9826834323650897
      vertex -0.9238795325112867 -21.25 0.9826834323650897
      vertex -0.9569403357322088 -21.25 0.8902846772544624
    endloop
  endfacet
  facet normal -0.9039892931234434 0 0.42755509343028186
    outer loop
      vertex -0.881921264348355 -37.95 1.0713967368259976
      vertex -0.881921264348355 -21.25 1.0713967368259976
      vertex -0.9238795325112867 -21.25 0.9826834323650897
    endloop
  endfacet
  facet normal -0.8577286100002723 0 0.5141027441932213
    outer loop
      vertex -0.8314696123025452 -37.95 1.1555702330196023
      vertex -0.8314696123025452 -21.25 1.1555702330196023
      vertex -0.881921264348355 -21.25 1.0713967368259976
    endloop
  endfacet
  facet normal -0.8032075314806444 0 0.595699304492434
    outer loop
      vertex -0.773010453362737 -37.95 1.2343932841636454
      vertex -0.773010453362737 -21.25 1.2343932841636454
      vertex -0.8314696123025452 -21.25 1.1555702330196023
    endloop
  endfacet
  facet normal -0.7409511253549599 0 0.6715589548470174
    outer loop
      vertex -0.7071067811865476 -37.95 1.3071067811865476
      vertex -0.7071067811865476 -21.25 1.3071067811865476
      vertex -0.773010453362737 -21.25 1.2343932841636454
    endloop
  endfacet
  facet normal -0.6715589548470181 0 0.7409511253549594
    outer loop
      vertex -0.6343932841636455 -37.95 1.373010453362737
      vertex -0.6343932841636455 -21.25 1.373010453362737
      vertex -0.7071067811865476 -21.25 1.3071067811865476
    endloop
  endfacet
  facet normal -0.595699304492433 0 0.8032075314806452
    outer loop
      vertex -0.5555702330196022 -37.95 1.4314696123025452
      vertex -0.5555702330196022 -21.25 1.4314696123025452
      vertex -0.6343932841636455 -21.25 1.373010453362737
    endloop
  endfacet
  facet normal -0.514102744193222 0 0.8577286100002719
    outer loop
      vertex -0.47139673682599764 -37.95 1.481921264348355
      vertex -0.47139673682599764 -21.25 1.481921264348355
      vertex -0.5555702330196022 -21.25 1.4314696123025452
    endloop
  endfacet
  facet normal -0.427555093430281 0 0.9039892931234439
    outer loop
      vertex -0.3826834323650898 -37.95 1.5238795325112866
      vertex -0.3826834323650898 -21.25 1.5238795325112866
      vertex -0.47139673682599764 -21.25 1.481921264348355
    endloop
  endfacet
  facet normal -0.33688985339221966 0 0.9415440651830209
    outer loop
      vertex -0.29028467725446233 -37.95 1.5569403357322087
      vertex -0.29028467725446233 -21.25 1.5569403357322087
      vertex -0.3826834323650898 -21.25 1.5238795325112866
    endloop
  endfacet
  facet normal -0.24298017990326629 0 0.9700312531945434
    outer loop
      vertex -0.19509032201612825 -37.95 1.5807852804032305
      vertex -0.19509032201612825 -21.25 1.5807852804032305
      vertex -0.29028467725446233 -21.25 1.5569403357322087
    endloop
  endfacet
  facet normal -0.1467304744553602 0 0.9891765099647813
    outer loop
      vertex -0.0980171403295606 -37.95 1.5951847266721968
      vertex -0.0980171403295606 -21.25 1.5951847266721968
      vertex -0.19509032201612825 -21.25 1.5807852804032305
    endloop
  endfacet
  facet normal -0.04906767432741984 0 0.9987954562051724
    outer loop
      vertex -0.0980171403295606 -21.25 1.5951847266721968
      vertex 0 -37.95 1.6
      vertex 0 -21.25 1.6
    endloop
  endfacet
  facet normal 0 -1 0
    outer loop
      vertex -0.0980171403295606 -37.95 -0.39518472667219695
      vertex 0 -37.95 -0.4
      vertex 0.0980171403295606 -37.95 -0.39518472667219695
    endloop
  endfacet
  facet normal 0 -1 0
    outer loop
      vertex -0.0980171403295606 -37.95 -0.39518472667219695
      vertex 0.0980171403295606 -37.95 -0.39518472667219695
      vertex 0.19509032201612825 -37.95 -0.38078528040323045
    endloop
  endfacet
  facet normal 0 -1 0
    outer loop
      vertex -0.19509032201612825 -37.95 -0.38078528040323045
      vertex 0.19509032201612825 -37.95 -0.38078528040323045
      vertex 0.29028467725446233 -37.95 -0.35694033573220885
    endloop
  endfacet
  facet normal 0 -1 0
    outer loop
      vertex -0.29028467725446233 -37.95 -0.35694033573220885
      vertex 0.29028467725446233 -37.95 -0.35694033573220885
      vertex 0.3826834323650898 -37.95 -0.32387953251128676
    endloop
  endfacet
  facet normal 0 -1 0
    outer loop
      vertex -0.3826834323650898 -37.95 -0.32387953251128676
      vertex 0.3826834323650898 -37.95 -0.32387953251128676
      vertex 0.47139673682599764 -37.95 -0.28192126434835507
    endloop
  endfacet
  facet normal 0 -1 0
    outer loop
      vertex -0.47139673682599764 -37.95 -0.28192126434835507
      vertex 0.47139673682599764 -37.95 -0.28192126434835507
      vertex 0.5555702330196022 -37.95 -0.23146961230254526
    endloop
  endfacet
  facet normal 0 -1 0
    outer loop
      vertex -0.5555702330196022 -37.95 -0.23146961230254526
      vertex 0.5555702330196022 -37.95 -0.23146961230254526
      vertex 0.6343932841636455 -37.95 -0.17301045336273702
    endloop
  endfacet
  facet normal 0 -1 0
    outer loop
      vertex -0.6343932841636455 -37.95 -0.17301045336273702
      vertex 0.6343932841636455 -37.95 -0.17301045336273702
      vertex 0.7071067811865476 -37.95 -0.1071067811865476
    endloop
  endfacet
  facet normal 0 -1 0
    outer loop
      vertex -0.7071067811865476 -37.95 -0.1071067811865476
      vertex 0.7071067811865476 -37.95 -0.1071067811865476
      vertex 0.773010453362737 -37.95 -0.03439328416364551
    endloop
  endfacet
  facet normal 0 -1 0
    outer loop
      vertex -0.773010453362737 -37.95 -0.03439328416364551
      vertex 0.773010453362737 -37.95 -0.03439328416364551
      vertex 0.8314696123025452 -37.95 0.0444297669803978
    endloop
  endfacet
  facet normal 0 -1 0
    outer loop
      vertex -0.8314696123025452 -37.95 0.0444297669803978
      vertex 0.8314696123025452 -37.95 0.0444297669803978
      vertex 0.881921264348355 -37.95 0.12860326317400234
    endloop
  endfacet
  facet normal 0 -1 0
    outer loop
      vertex -0.881921264348355 -37.95 0.12860326317400234
      vertex 0.881921264348355 -37.95 0.12860326317400234
      vertex 0.9238795325112867 -37.95 0.2173165676349102
    endloop
  endfacet
  facet normal 0 -1 0
    outer loop
      vertex -0.9238795325112867 -37.95 0.2173165676349102
      vertex 0.9238795325112867 -37.95 0.2173165676349102
      vertex 0.9569403357322088 -37.95 0.30971532274553765
    endloop
  endfacet
  facet normal 0 -1 0
    outer loop
      vertex -0.9569403357322088 -37.95 0.30971532274553765
      vertex 0.9569403357322088 -37.95 0.30971532274553765
      vertex 0.9807852804032304 -37.95 0.40490967798387173
    endloop
  endfacet
  facet normal 0 -1 0
    outer loop
      vertex -0.9807852804032304 -37.95 0.40490967798387173
      vertex 0.9807852804032304 -37.95 0.40490967798387173
      vertex 0.9951847266721969 -37.95 0.5019828596704394
    endloop
  endfacet
  facet normal 0 -1 0
    outer loop
      vertex -0.9951847266721969 -37.95 0.5019828596704394
      vertex 0.9951847266721969 -37.95 0.5019828596704394
      vertex 1 -37.95 0.6
    endloop
  endfacet
  facet normal 0 -1 0
    outer loop
      vertex -1 -37.95 0.6
      vertex 1 -37.95 0.6
      vertex 0.9951847266721969 -37.95 0.6980171403295605
    endloop
  endfacet
  facet normal 0 -1 0
    outer loop
      vertex -0.9951847266721969 -37.95 0.6980171403295605
      vertex 0.9951847266721969 -37.95 0.6980171403295605
      vertex 0.9807852804032304 -37.95 0.7950903220161283
    endloop
  endfacet
  facet normal 0 -1 0
    outer loop
      vertex -0.9807852804032304 -37.95 0.7950903220161283
      vertex 0.9807852804032304 -37.95 0.7950903220161283
      vertex 0.9569403357322088 -37.95 0.8902846772544624
    endloop
  endfacet
  facet normal 0 -1 0
    outer loop
      vertex -0.9569403357322088 -37.95 0.8902846772544624
      vertex 0.9569403357322088 -37.95 0.8902846772544624
      vertex 0.9238795325112867 -37.95 0.9826834323650897
    endloop
  endfacet
  facet normal 0 -1 0
    outer loop
      vertex -0.9238795325112867 -37.95 0.9826834323650897
      vertex 0.9238795325112867 -37.95 0.9826834323650897
      vertex 0.881921264348355 -37.95 1.0713967368259976
    endloop
  endfacet
  facet normal 0 -1 0
    outer loop
      vertex -0.881921264348355 -37.95 1.0713967368259976
      vertex 0.881921264348355 -37.95 1.0713967368259976
      vertex 0.8314696123025452 -37.95 1.1555702330196023
    endloop
  endfacet
  facet normal 0 -1 0
    outer loop
      vertex -0.8314696123025452 -37.95 1.1555702330196023
      vertex 0.8314696123025452 -37.95 1.1555702330196023
      vertex 0.773010453362737 -37.95 1.2343932841636454
    endloop
  endfacet
  facet normal 0 -1 0
    outer loop
      vertex -0.773010453362737 -37.95 1.2343932841636454
      vertex 0.773010453362737 -37.95 1.2343932841636454
      vertex 0.7071067811865476 -37.95 1.3071067811865476
    endloop
  endfacet
  facet normal 0 -1 0
    outer loop
      vertex -0.7071067811865476 -37.95 1.3071067811865476
      vertex 0.7071067811865476 -37.95 1.3071067811865476
      vertex 0.6343932841636455 -37.95 1.373010453362737
    endloop
  endfacet
  facet normal 0 -1 0
    outer loop
      vertex -0.5555702330196022 -37.95 1.4314696123025452
      vertex 0.5555702330196022 -37.95 1.4314696123025452
      vertex 0.47139673682599764 -37.95 1.481921264348355
    endloop
  endfacet
  facet normal 0 -1 0
    outer loop
      vertex -0.6343932841636455 -37.95 1.373010453362737
      vertex 0.6343932841636455 -37.95 1.373010453362737
      vertex 0.5555702330196022 -37.95 1.4314696123025452
    endloop
  endfacet
  facet normal 0 -1 0
    outer loop
      vertex -0.47139673682599764 -37.95 1.481921264348355
      vertex 0.47139673682599764 -37.95 1.481921264348355
      vertex 0.3826834323650898 -37.95 1.5238795325112866
    endloop
  endfacet
  facet normal 0 -1 0
    outer loop
      vertex -0.3826834323650898 -37.95 1.5238795325112866
      vertex 0.3826834323650898 -37.95 1.5238795325112866
      vertex 0.29028467725446233 -37.95 1.5569403357322087
    endloop
  endfacet
  facet normal 0 -1 0
    outer loop
      vertex -0.29028467725446233 -37.95 1.5569403357322087
      vertex 0.29028467725446233 -37.95 1.5569403357322087
      vertex 0.19509032201612825 -37.95 1.5807852804032305
    endloop
  endfacet
  facet normal 0 -1 0
    outer loop
      vertex -0.19509032201612825 -37.95 1.5807852804032305
      vertex 0.19509032201612825 -37.95 1.5807852804032305
      vertex 0.0980171403295606 -37.95 1.5951847266721968
    endloop
  endfacet
  facet normal 0 -1 0
    outer loop
      vertex -0.0980171403295606 -37.95 1.5951847266721968
      vertex 0.0980171403295606 -37.95 1.5951847266721968
      vertex 0 -37.95 1.6
    endloop
  endfacet
  facet normal 0.04906767432741758 0 -0.9987954562051724
    outer loop
      vertex 0 -37.95 -0.4
      vertex 0.0980171403295606 -21.25 -0.39518472667219695
      vertex 0.0980171403295606 -37.95 -0.39518472667219695
    endloop
  endfacet
  facet normal 0.14673047445536241 0 -0.9891765099647809
    outer loop
      vertex 0.0980171403295606 -37.95 -0.39518472667219695
      vertex 0.19509032201612825 -21.25 -0.38078528040323045
      vertex 0.19509032201612825 -37.95 -0.38078528040323045
    endloop
  endfacet
  facet normal 0.24298017990326415 0 -0.9700312531945439
    outer loop
      vertex 0.19509032201612825 -37.95 -0.38078528040323045
      vertex 0.29028467725446233 -21.25 -0.35694033573220885
      vertex 0.29028467725446233 -37.95 -0.35694033573220885
    endloop
  endfacet
  facet normal 0.33688985339221966 0 -0.9415440651830209
    outer loop
      vertex 0.29028467725446233 -37.95 -0.35694033573220885
      vertex 0.3826834323650898 -21.25 -0.32387953251128676
      vertex 0.3826834323650898 -37.95 -0.32387953251128676
    endloop
  endfacet
  facet normal 0.42755509343028186 0 -0.9039892931234434
    outer loop
      vertex 0.3826834323650898 -37.95 -0.32387953251128676
      vertex 0.47139673682599764 -21.25 -0.28192126434835507
      vertex 0.47139673682599764 -37.95 -0.28192126434835507
    endloop
  endfacet
  facet normal 0.514102744193222 0 -0.8577286100002719
    outer loop
      vertex 0.47139673682599764 -37.95 -0.28192126434835507
      vertex 0.5555702330196022 -21.25 -0.23146961230254526
      vertex 0.5555702330196022 -37.95 -0.23146961230254526
    endloop
  endfacet
  facet normal 0.595699304492433 0 -0.8032075314806452
    outer loop
      vertex 0.5555702330196022 -37.95 -0.23146961230254526
      vertex 0.6343932841636455 -21.25 -0.17301045336273702
      vertex 0.6343932841636455 -37.95 -0.17301045336273702
    endloop
  endfacet
  facet normal 0.6715589548470181 0 -0.7409511253549594
    outer loop
      vertex 0.6343932841636455 -37.95 -0.17301045336273702
      vertex 0.7071067811865476 -21.25 -0.1071067811865476
      vertex 0.7071067811865476 -37.95 -0.1071067811865476
    endloop
  endfacet
  facet normal 0.7409511253549594 0 -0.6715589548470181
    outer loop
      vertex 0.7071067811865476 -37.95 -0.1071067811865476
      vertex 0.773010453362737 -21.25 -0.03439328416364551
      vertex 0.773010453362737 -37.95 -0.03439328416364551
    endloop
  endfacet
  facet normal 0.8032075314806452 0 -0.595699304492433
    outer loop
      vertex 0.773010453362737 -37.95 -0.03439328416364551
      vertex 0.8314696123025452 -21.25 0.0444297669803978
      vertex 0.8314696123025452 -37.95 0.0444297669803978
    endloop
  endfacet
  facet normal 0.8577286100002719 0 -0.514102744193222
    outer loop
      vertex 0.8314696123025452 -37.95 0.0444297669803978
      vertex 0.881921264348355 -21.25 0.12860326317400234
      vertex 0.881921264348355 -37.95 0.12860326317400234
    endloop
  endfacet
  facet normal 0.9039892931234434 0 -0.42755509343028186
    outer loop
      vertex 0.881921264348355 -37.95 0.12860326317400234
      vertex 0.9238795325112867 -21.25 0.2173165676349102
      vertex 0.9238795325112867 -37.95 0.2173165676349102
    endloop
  endfacet
  facet normal 0.9415440651830209 0 -0.33688985339221966
    outer loop
      vertex 0.9238795325112867 -37.95 0.2173165676349102
      vertex 0.9569403357322088 -21.25 0.30971532274553765
      vertex 0.9569403357322088 -37.95 0.30971532274553765
    endloop
  endfacet
  facet normal 0.9700312531945439 0 -0.24298017990326415
    outer loop
      vertex 0.9569403357322088 -37.95 0.30971532274553765
      vertex 0.9807852804032304 -21.25 0.40490967798387173
      vertex 0.9807852804032304 -37.95 0.40490967798387173
    endloop
  endfacet
  facet normal 0.9891765099647809 0 -0.1467304744553623
    outer loop
      vertex 0.9807852804032304 -37.95 0.40490967798387173
      vertex 0.9951847266721969 -21.25 0.5019828596704394
      vertex 0.9951847266721969 -37.95 0.5019828596704394
    endloop
  endfacet
  facet normal 0.9987954562051725 0 -0.04906767432741761
    outer loop
      vertex 0.9951847266721969 -37.95 0.5019828596704394
      vertex 1 -21.25 0.6
      vertex 1 -37.95 0.6
    endloop
  endfacet
  facet normal 0.9987954562051725 0 0.04906767432741761
    outer loop
      vertex 1 -37.95 0.6
      vertex 0.9951847266721969 -21.25 0.6980171403295605
      vertex 0.9951847266721969 -37.95 0.6980171403295605
    endloop
  endfacet
  facet normal 0.9891765099647809 0 0.14673047445536222
    outer loop
      vertex 0.9951847266721969 -37.95 0.6980171403295605
      vertex 0.9807852804032304 -21.25 0.7950903220161283
      vertex 0.9807852804032304 -37.95 0.7950903220161283
    endloop
  endfacet
  facet normal 0.9700312531945439 0 0.24298017990326415
    outer loop
      vertex 0.9807852804032304 -37.95 0.7950903220161283
      vertex 0.9569403357322088 -21.25 0.8902846772544624
      vertex 0.9569403357322088 -37.95 0.8902846772544624
    endloop
  endfacet
  facet normal 0.9415440651830207 0 0.33688985339222005
    outer loop
      vertex 0.9569403357322088 -37.95 0.8902846772544624
      vertex 0.9238795325112867 -21.25 0.9826834323650897
      vertex 0.9238795325112867 -37.95 0.9826834323650897
    endloop
  endfacet
  facet normal 0.9039892931234434 0 0.42755509343028186
    outer loop
      vertex 0.9238795325112867 -37.95 0.9826834323650897
      vertex 0.881921264348355 -21.25 1.0713967368259976
      vertex 0.881921264348355 -37.95 1.0713967368259976
    endloop
  endfacet
  facet normal 0.8577286100002723 0 0.5141027441932213
    outer loop
      vertex 0.8314696123025452 -37.95 1.1555702330196023
      vertex 0.881921264348355 -37.95 1.0713967368259976
      vertex 0.8314696123025452 -21.25 1.1555702330196023
    endloop
  endfacet
  facet normal 0.6715589548470181 0 0.7409511253549594
    outer loop
      vertex 0.6343932841636455 -37.95 1.373010453362737
      vertex 0.7071067811865476 -37.95 1.3071067811865476
      vertex 0.6343932841636455 -21.25 1.373010453362737
    endloop
  endfacet
  facet normal 0.33688985339221966 0 0.9415440651830209
    outer loop
      vertex 0.3826834323650898 -37.95 1.5238795325112866
      vertex 0.29028467725446233 -21.25 1.5569403357322087
      vertex 0.29028467725446233 -37.95 1.5569403357322087
    endloop
  endfacet
  facet normal 0.595699304492433 0 0.8032075314806452
    outer loop
      vertex 0.6343932841636455 -37.95 1.373010453362737
      vertex 0.5555702330196022 -21.25 1.4314696123025452
      vertex 0.5555702330196022 -37.95 1.4314696123025452
    endloop
  endfacet
  facet normal 0.514102744193222 0 0.8577286100002719
    outer loop
      vertex 0.5555702330196022 -37.95 1.4314696123025452
      vertex 0.47139673682599764 -21.25 1.481921264348355
      vertex 0.47139673682599764 -37.95 1.481921264348355
    endloop
  endfacet
  facet normal 0.427555093430281 0 0.9039892931234439
    outer loop
      vertex 0.47139673682599764 -37.95 1.481921264348355
      vertex 0.3826834323650898 -21.25 1.5238795325112866
      vertex 0.3826834323650898 -37.95 1.5238795325112866
    endloop
  endfacet
  facet normal 0.8032075314806444 0 0.595699304492434
    outer loop
      vertex 0.8314696123025452 -37.95 1.1555702330196023
      vertex 0.773010453362737 -21.25 1.2343932841636454
      vertex 0.773010453362737 -37.95 1.2343932841636454
    endloop
  endfacet
  facet normal 0.7409511253549599 0 0.6715589548470174
    outer loop
      vertex 0.773010453362737 -37.95 1.2343932841636454
      vertex 0.7071067811865476 -21.25 1.3071067811865476
      vertex 0.7071067811865476 -37.95 1.3071067811865476
    endloop
  endfacet
  facet normal 0.1467304744553602 0 0.9891765099647813
    outer loop
      vertex 0.0980171403295606 -37.95 1.5951847266721968
      vertex 0.19509032201612825 -37.95 1.5807852804032305
      vertex 0.0980171403295606 -21.25 1.5951847266721968
    endloop
  endfacet
  facet normal 0.04906767432741984 0 0.9987954562051724
    outer loop
      vertex 0 -37.95 1.6
      vertex 0.0980171403295606 -37.95 1.5951847266721968
      vertex 0 -21.25 1.6
    endloop
  endfacet
  facet normal 0.24298017990326629 0 0.9700312531945434
    outer loop
      vertex 0.19509032201612825 -37.95 1.5807852804032305
      vertex 0.29028467725446233 -37.95 1.5569403357322087
      vertex 0.19509032201612825 -21.25 1.5807852804032305
    endloop
  endfacet
  facet normal 0.04906767432741758 0 -0.9987954562051724
    outer loop
      vertex 0 -37.95 -0.4
      vertex 0 -21.25 -0.4
      vertex 0.0980171403295606 -21.25 -0.39518472667219695
    endloop
  endfacet
  facet normal 0.14673047445536241 0 -0.9891765099647809
    outer loop
      vertex 0.0980171403295606 -37.95 -0.39518472667219695
      vertex 0.0980171403295606 -21.25 -0.39518472667219695
      vertex 0.19509032201612825 -21.25 -0.38078528040323045
    endloop
  endfacet
  facet normal 0.24298017990326415 0 -0.9700312531945439
    outer loop
      vertex 0.19509032201612825 -37.95 -0.38078528040323045
      vertex 0.19509032201612825 -21.25 -0.38078528040323045
      vertex 0.29028467725446233 -21.25 -0.35694033573220885
    endloop
  endfacet
  facet normal 0.33688985339221966 0 -0.9415440651830209
    outer loop
      vertex 0.29028467725446233 -37.95 -0.35694033573220885
      vertex 0.29028467725446233 -21.25 -0.35694033573220885
      vertex 0.3826834323650898 -21.25 -0.32387953251128676
    endloop
  endfacet
  facet normal 0.42755509343028186 0 -0.9039892931234434
    outer loop
      vertex 0.3826834323650898 -37.95 -0.32387953251128676
      vertex 0.3826834323650898 -21.25 -0.32387953251128676
      vertex 0.47139673682599764 -21.25 -0.28192126434835507
    endloop
  endfacet
  facet normal 0.514102744193222 0 -0.8577286100002719
    outer loop
      vertex 0.47139673682599764 -37.95 -0.28192126434835507
      vertex 0.47139673682599764 -21.25 -0.28192126434835507
      vertex 0.5555702330196022 -21.25 -0.23146961230254526
    endloop
  endfacet
  facet normal 0.595699304492433 0 -0.8032075314806452
    outer loop
      vertex 0.5555702330196022 -37.95 -0.23146961230254526
      vertex 0.5555702330196022 -21.25 -0.23146961230254526
      vertex 0.6343932841636455 -21.25 -0.17301045336273702
    endloop
  endfacet
  facet normal 0.6715589548470181 0 -0.7409511253549594
    outer loop
      vertex 0.6343932841636455 -37.95 -0.17301045336273702
      vertex 0.6343932841636455 -21.25 -0.17301045336273702
      vertex 0.7071067811865476 -21.25 -0.1071067811865476
    endloop
  endfacet
  facet normal 0.7409511253549594 0 -0.6715589548470181
    outer loop
      vertex 0.7071067811865476 -37.95 -0.1071067811865476
      vertex 0.7071067811865476 -21.25 -0.1071067811865476
      vertex 0.773010453362737 -21.25 -0.03439328416364551
    endloop
  endfacet
  facet normal 0.8032075314806452 0 -0.595699304492433
    outer loop
      vertex 0.773010453362737 -37.95 -0.03439328416364551
      vertex 0.773010453362737 -21.25 -0.03439328416364551
      vertex 0.8314696123025452 -21.25 0.0444297669803978
    endloop
  endfacet
  facet normal 0.8577286100002719 0 -0.514102744193222
    outer loop
      vertex 0.8314696123025452 -37.95 0.0444297669803978
      vertex 0.8314696123025452 -21.25 0.0444297669803978
      vertex 0.881921264348355 -21.25 0.12860326317400234
    endloop
  endfacet
  facet normal 0.9039892931234434 0 -0.42755509343028186
    outer loop
      vertex 0.881921264348355 -37.95 0.12860326317400234
      vertex 0.881921264348355 -21.25 0.12860326317400234
      vertex 0.9238795325112867 -21.25 0.2173165676349102
    endloop
  endfacet
  facet normal 0.9415440651830209 0 -0.33688985339221966
    outer loop
      vertex 0.9238795325112867 -37.95 0.2173165676349102
      vertex 0.9238795325112867 -21.25 0.2173165676349102
      vertex 0.9569403357322088 -21.25 0.30971532274553765
    endloop
  endfacet
  facet normal 0.9700312531945439 0 -0.24298017990326415
    outer loop
      vertex 0.9569403357322088 -37.95 0.30971532274553765
      vertex 0.9569403357322088 -21.25 0.30971532274553765
      vertex 0.9807852804032304 -21.25 0.40490967798387173
    endloop
  endfacet
  facet normal 0.9891765099647809 0 -0.1467304744553623
    outer loop
      vertex 0.9807852804032304 -37.95 0.40490967798387173
      vertex 0.9807852804032304 -21.25 0.40490967798387173
      vertex 0.9951847266721969 -21.25 0.5019828596704394
    endloop
  endfacet
  facet normal 0.9987954562051725 0 -0.04906767432741761
    outer loop
      vertex 0.9951847266721969 -37.95 0.5019828596704394
      vertex 0.9951847266721969 -21.25 0.5019828596704394
      vertex 1 -21.25 0.6
    endloop
  endfacet
  facet normal 0.9987954562051725 0 0.04906767432741761
    outer loop
      vertex 1 -37.95 0.6
      vertex 1 -21.25 0.6
      vertex 0.9951847266721969 -21.25 0.6980171403295605
    endloop
  endfacet
  facet normal 0.9891765099647809 0 0.14673047445536222
    outer loop
      vertex 0.9951847266721969 -37.95 0.6980171403295605
      vertex 0.9951847266721969 -21.25 0.6980171403295605
      vertex 0.9807852804032304 -21.25 0.7950903220161283
    endloop
  endfacet
  facet normal 0.9700312531945439 0 0.24298017990326415
    outer loop
      vertex 0.9807852804032304 -37.95 0.7950903220161283
      vertex 0.9807852804032304 -21.25 0.7950903220161283
      vertex 0.9569403357322088 -21.25 0.8902846772544624
    endloop
  endfacet
  facet normal 0.9415440651830207 0 0.33688985339222005
    outer loop
      vertex 0.9569403357322088 -37.95 0.8902846772544624
      vertex 0.9569403357322088 -21.25 0.8902846772544624
      vertex 0.9238795325112867 -21.25 0.9826834323650897
    endloop
  endfacet
  facet normal 0.9039892931234434 0 0.42755509343028186
    outer loop
      vertex 0.9238795325112867 -37.95 0.9826834323650897
      vertex 0.9238795325112867 -21.25 0.9826834323650897
      vertex 0.881921264348355 -21.25 1.0713967368259976
    endloop
  endfacet
  facet normal 0.8577286100002723 0 0.5141027441932213
    outer loop
      vertex 0.881921264348355 -37.95 1.0713967368259976
      vertex 0.881921264348355 -21.25 1.0713967368259976
      vertex 0.8314696123025452 -21.25 1.1555702330196023
    endloop
  endfacet
  facet normal 0.6715589548470181 0 0.7409511253549594
    outer loop
      vertex 0.7071067811865476 -37.95 1.3071067811865476
      vertex 0.7071067811865476 -21.25 1.3071067811865476
      vertex 0.6343932841636455 -21.25 1.373010453362737
    endloop
  endfacet
  facet normal 0.595699304492433 0 0.8032075314806452
    outer loop
      vertex 0.6343932841636455 -37.95 1.373010453362737
      vertex 0.6343932841636455 -21.25 1.373010453362737
      vertex 0.5555702330196022 -21.25 1.4314696123025452
    endloop
  endfacet
  facet normal 0.514102744193222 0 0.8577286100002719
    outer loop
      vertex 0.5555702330196022 -37.95 1.4314696123025452
      vertex 0.5555702330196022 -21.25 1.4314696123025452
      vertex 0.47139673682599764 -21.25 1.481921264348355
    endloop
  endfacet
  facet normal 0.427555093430281 0 0.9039892931234439
    outer loop
      vertex 0.47139673682599764 -37.95 1.481921264348355
      vertex 0.47139673682599764 -21.25 1.481921264348355
      vertex 0.3826834323650898 -21.25 1.5238795325112866
    endloop
  endfacet
  facet normal 0.33688985339221966 0 0.9415440651830209
    outer loop
      vertex 0.3826834323650898 -37.95 1.5238795325112866
      vertex 0.3826834323650898 -21.25 1.5238795325112866
      vertex 0.29028467725446233 -21.25 1.5569403357322087
    endloop
  endfacet
  facet normal 0.8032075314806444 0 0.595699304492434
    outer loop
      vertex 0.8314696123025452 -37.95 1.1555702330196023
      vertex 0.8314696123025452 -21.25 1.1555702330196023
      vertex 0.773010453362737 -21.25 1.2343932841636454
    endloop
  endfacet
  facet normal 0.7409511253549599 0 0.6715589548470174
    outer loop
      vertex 0.773010453362737 -37.95 1.2343932841636454
      vertex 0.773010453362737 -21.25 1.2343932841636454
      vertex 0.7071067811865476 -21.25 1.3071067811865476
    endloop
  endfacet
  facet normal 0.1467304744553602 0 0.9891765099647813
    outer loop
      vertex 0.19509032201612825 -37.95 1.5807852804032305
      vertex 0.19509032201612825 -21.25 1.5807852804032305
      vertex 0.0980171403295606 -21.25 1.5951847266721968
    endloop
  endfacet
  facet normal 0.04906767432741984 0 0.9987954562051724
    outer loop
      vertex 0.0980171403295606 -37.95 1.5951847266721968
      vertex 0.0980171403295606 -21.25 1.5951847266721968
      vertex 0 -21.25 1.6
    endloop
  endfacet
  facet normal 0.24298017990326629 0 0.9700312531945434
    outer loop
      vertex 0.29028467725446233 -37.95 1.5569403357322087
      vertex 0.29028467725446233 -21.25 1.5569403357322087
      vertex 0.19509032201612825 -21.25 1.5807852804032305
    endloop
  endfacet
  facet normal 0 -1 0
    outer loop
      vertex -0.8564309336209215 -21.25 -0.44356411203969504
      vertex -0.29028467725446233 -21.25 -0.35694033573220885
      vertex -0.9545941546018393 -21.25 -0.3545941546018393
    endloop
  endfacet
  facet normal 0 -1 0
    outer loop
      vertex -0.39188431429352416 -21.25 -0.691869453238482
      vertex -0.26337193472177317 -21.25 -0.7240601285443612
      vertex 0.39188431429352416 -21.25 -0.691869453238482
    endloop
  endfacet
  facet normal 0 -1 0
    outer loop
      vertex -0.26337193472177317 -21.25 -0.7240601285443612
      vertex -0.1323231394449068 -21.25 -0.743499381007466
      vertex 0.26337193472177317 -21.25 -0.7240601285443612
    endloop
  endfacet
  facet normal 0 -1 0
    outer loop
      vertex -0.39188431429352416 -21.25 -0.691869453238482
      vertex 0.5166226336928712 -21.25 -0.6472373688902372
      vertex -0.5166226336928712 -21.25 -0.6472373688902372
    endloop
  endfacet
  facet normal 0 -1 0
    outer loop
      vertex -0.6363855947150968 -21.25 -0.5905937068702795
      vertex -0.5166226336928712 -21.25 -0.6472373688902372
      vertex 0.6363855947150968 -21.25 -0.5905937068702795
    endloop
  endfacet
  facet normal 0 -1 0
    outer loop
      vertex -0.8564309336209215 -21.25 -0.44356411203969504
      vertex -0.19509032201612825 -21.25 -0.38078528040323045
      vertex -0.29028467725446233 -21.25 -0.35694033573220885
    endloop
  endfacet
  facet normal 0 -1 0
    outer loop
      vertex -0.8564309336209215 -21.25 -0.44356411203969504
      vertex -0.0980171403295606 -21.25 -0.39518472667219695
      vertex -0.19509032201612825 -21.25 -0.38078528040323045
    endloop
  endfacet
  facet normal 0 -1 0
    outer loop
      vertex -0.7500198145764629 -21.25 -0.5224839766084363
      vertex -0.6363855947150968 -21.25 -0.5905937068702795
      vertex 0.7500198145764629 -21.25 -0.5224839766084363
    endloop
  endfacet
  facet normal 0 -1 0
    outer loop
      vertex -0.7500198145764629 -21.25 -0.5224839766084363
      vertex 0.8564309336209215 -21.25 -0.44356411203969504
      vertex -0.8564309336209215 -21.25 -0.44356411203969504
    endloop
  endfacet
  facet normal 0 -1 0
    outer loop
      vertex -0.8564309336209215 -21.25 -0.44356411203969504
      vertex 0 -21.25 -0.4
      vertex -0.0980171403295606 -21.25 -0.39518472667219695
    endloop
  endfacet
  facet normal 0 -1 0
    outer loop
      vertex -0.8564309336209215 -21.25 -0.44356411203969504
      vertex 0.0980171403295606 -21.25 -0.39518472667219695
      vertex 0 -21.25 -0.4
    endloop
  endfacet
  facet normal 0 -1 0
    outer loop
      vertex -1.043564112039695 -21.25 -0.2564309336209215
      vertex -0.9545941546018393 -21.25 -0.3545941546018393
      vertex -0.47139673682599764 -21.25 -0.28192126434835507
    endloop
  endfacet
  facet normal 0 -1 0
    outer loop
      vertex -1.043564112039695 -21.25 -0.2564309336209215
      vertex -0.6343932841636455 -21.25 -0.17301045336273702
      vertex -1.1224839766084362 -21.25 -0.15001981457646296
    endloop
  endfacet
  facet normal 0 -1 0
    outer loop
      vertex -1.043564112039695 -21.25 -0.2564309336209215
      vertex -0.5555702330196022 -21.25 -0.23146961230254526
      vertex -0.6343932841636455 -21.25 -0.17301045336273702
    endloop
  endfacet
  facet normal 0 -1 0
    outer loop
      vertex -1.1224839766084362 -21.25 -0.15001981457646296
      vertex -0.7071067811865476 -21.25 -0.1071067811865476
      vertex -1.1905937068702794 -21.25 -0.036385594715096836
    endloop
  endfacet
  facet normal 0 -1 0
    outer loop
      vertex -1.1224839766084362 -21.25 -0.15001981457646296
      vertex -0.6343932841636455 -21.25 -0.17301045336273702
      vertex -0.7071067811865476 -21.25 -0.1071067811865476
    endloop
  endfacet
  facet normal 0 -1 0
    outer loop
      vertex -1.1905937068702794 -21.25 -0.036385594715096836
      vertex -0.7071067811865476 -21.25 -0.1071067811865476
      vertex -0.773010453362737 -21.25 -0.03439328416364551
    endloop
  endfacet
  facet normal 0 -1 0
    outer loop
      vertex -1.1905937068702794 -21.25 -0.036385594715096836
      vertex -0.773010453362737 -21.25 -0.03439328416364551
      vertex -0.8314696123025452 -21.25 0.0444297669803978
    endloop
  endfacet
  facet normal 0 -1 0
    outer loop
      vertex -0.9545941546018393 -21.25 -0.3545941546018393
      vertex -0.29028467725446233 -21.25 -0.35694033573220885
      vertex -0.3826834323650898 -21.25 -0.32387953251128676
    endloop
  endfacet
  facet normal 0 -1 0
    outer loop
      vertex -0.9545941546018393 -21.25 -0.3545941546018393
      vertex -0.3826834323650898 -21.25 -0.32387953251128676
      vertex -0.47139673682599764 -21.25 -0.28192126434835507
    endloop
  endfacet
  facet normal 0 -1 0
    outer loop
      vertex -1.043564112039695 -21.25 -0.2564309336209215
      vertex -0.47139673682599764 -21.25 -0.28192126434835507
      vertex -0.5555702330196022 -21.25 -0.23146961230254526
    endloop
  endfacet
  facet normal -0.5956993044924331 0 -0.803207531480645
    outer loop
      vertex -0.7500198145764629 -21.25 -0.5224839766084363
      vertex -0.8564309336209215 -21.25 -0.44356411203969504
      vertex -0.7500198145764629 -18.75 -0.5224839766084363
    endloop
  endfacet
  facet normal -0.6715589548470181 0 -0.7409511253549592
    outer loop
      vertex -0.8564309336209215 -21.25 -0.44356411203969504
      vertex -0.9545941546018393 -21.25 -0.3545941546018393
      vertex -0.8564309336209215 -18.75 -0.44356411203969504
    endloop
  endfacet
  facet normal -0.5141027441932218 0 -0.8577286100002721
    outer loop
      vertex -0.7500198145764629 -21.25 -0.5224839766084363
      vertex -0.7500198145764629 -18.75 -0.5224839766084363
      vertex -0.6363855947150968 -18.75 -0.5905937068702795
    endloop
  endfacet
  facet normal -0.5956993044924331 0 -0.803207531480645
    outer loop
      vertex -0.8564309336209215 -21.25 -0.44356411203969504
      vertex -0.8564309336209215 -18.75 -0.44356411203969504
      vertex -0.7500198145764629 -18.75 -0.5224839766084363
    endloop
  endfacet
  facet normal -0.6715589548470181 0 -0.7409511253549592
    outer loop
      vertex -0.9545941546018393 -21.25 -0.3545941546018393
      vertex -0.9545941546018393 -18.75 -0.3545941546018393
      vertex -0.8564309336209215 -18.75 -0.44356411203969504
    endloop
  endfacet
  facet normal -0.33688985339221994 0 -0.9415440651830208
    outer loop
      vertex -0.39188431429352416 -21.25 -0.691869453238482
      vertex -0.5166226336928712 -21.25 -0.6472373688902372
      vertex -0.39188431429352416 -18.75 -0.691869453238482
    endloop
  endfacet
  facet normal -0.42755509343028164 0 -0.9039892931234436
    outer loop
      vertex -0.6363855947150968 -21.25 -0.5905937068702795
      vertex -0.5166226336928712 -18.75 -0.6472373688902372
      vertex -0.5166226336928712 -21.25 -0.6472373688902372
    endloop
  endfacet
  facet normal -0.5141027441932218 0 -0.8577286100002721
    outer loop
      vertex -0.7500198145764629 -21.25 -0.5224839766084363
      vertex -0.6363855947150968 -18.75 -0.5905937068702795
      vertex -0.6363855947150968 -21.25 -0.5905937068702795
    endloop
  endfacet
  facet normal -0.2429801799032641 0 -0.970031253194544
    outer loop
      vertex -0.39188431429352416 -21.25 -0.691869453238482
      vertex -0.26337193472177317 -18.75 -0.7240601285443612
      vertex -0.26337193472177317 -21.25 -0.7240601285443612
    endloop
  endfacet
  facet normal -0.1467304744553629 0 -0.9891765099647808
    outer loop
      vertex -0.26337193472177317 -21.25 -0.7240601285443612
      vertex -0.1323231394449068 -18.75 -0.743499381007466
      vertex -0.1323231394449068 -21.25 -0.743499381007466
    endloop
  endfacet
  facet normal -0.049067674327417 0 -0.9987954562051725
    outer loop
      vertex -0.1323231394449068 -21.25 -0.743499381007466
      vertex 0 -18.75 -0.7500000000000001
      vertex 0 -21.25 -0.7500000000000001
    endloop
  endfacet
  facet normal -0.2429801799032641 0 -0.970031253194544
    outer loop
      vertex -0.39188431429352416 -21.25 -0.691869453238482
      vertex -0.39188431429352416 -18.75 -0.691869453238482
      vertex -0.26337193472177317 -18.75 -0.7240601285443612
    endloop
  endfacet
  facet normal -0.33688985339221994 0 -0.9415440651830208
    outer loop
      vertex -0.5166226336928712 -21.25 -0.6472373688902372
      vertex -0.5166226336928712 -18.75 -0.6472373688902372
      vertex -0.39188431429352416 -18.75 -0.691869453238482
    endloop
  endfacet
  facet normal -0.42755509343028164 0 -0.9039892931234436
    outer loop
      vertex -0.6363855947150968 -21.25 -0.5905937068702795
      vertex -0.6363855947150968 -18.75 -0.5905937068702795
      vertex -0.5166226336928712 -18.75 -0.6472373688902372
    endloop
  endfacet
  facet normal -0.1467304744553629 0 -0.9891765099647808
    outer loop
      vertex -0.26337193472177317 -21.25 -0.7240601285443612
      vertex -0.26337193472177317 -18.75 -0.7240601285443612
      vertex -0.1323231394449068 -18.75 -0.743499381007466
    endloop
  endfacet
  facet normal -0.049067674327417 0 -0.9987954562051725
    outer loop
      vertex -0.1323231394449068 -21.25 -0.743499381007466
      vertex -0.1323231394449068 -18.75 -0.743499381007466
      vertex 0 -18.75 -0.7500000000000001
    endloop
  endfacet
  facet normal -0.803207531480645 0 -0.5956993044924331
    outer loop
      vertex -1.043564112039695 -21.25 -0.2564309336209215
      vertex -1.1224839766084362 -21.25 -0.15001981457646296
      vertex -1.1224839766084362 -18.75 -0.15001981457646296
    endloop
  endfacet
  facet normal -0.7409511253549592 0 -0.6715589548470181
    outer loop
      vertex -1.043564112039695 -21.25 -0.2564309336209215
      vertex -1.043564112039695 -18.75 -0.2564309336209215
      vertex -0.9545941546018393 -21.25 -0.3545941546018393
    endloop
  endfacet
  facet normal -0.8577286100002721 0 -0.5141027441932218
    outer loop
      vertex -1.1224839766084362 -21.25 -0.15001981457646296
      vertex -1.1905937068702794 -21.25 -0.036385594715096836
      vertex -1.1905937068702794 -18.75 -0.036385594715096836
    endloop
  endfacet
  facet normal -0.803207531480645 0 -0.5956993044924331
    outer loop
      vertex -1.043564112039695 -21.25 -0.2564309336209215
      vertex -1.1224839766084362 -18.75 -0.15001981457646296
      vertex -1.043564112039695 -18.75 -0.2564309336209215
    endloop
  endfacet
  facet normal -0.7409511253549592 0 -0.6715589548470181
    outer loop
      vertex -0.9545941546018393 -21.25 -0.3545941546018393
      vertex -1.043564112039695 -18.75 -0.2564309336209215
      vertex -0.9545941546018393 -18.75 -0.3545941546018393
    endloop
  endfacet
  facet normal -0.8577286100002721 0 -0.5141027441932218
    outer loop
      vertex -1.1224839766084362 -21.25 -0.15001981457646296
      vertex -1.1905937068702794 -18.75 -0.036385594715096836
      vertex -1.1224839766084362 -18.75 -0.15001981457646296
    endloop
  endfacet
  facet normal -0.9039892931234436 0 -0.42755509343028164
    outer loop
      vertex -1.1905937068702794 -21.25 -0.036385594715096836
      vertex -1.2472373688902372 -18.75 0.08337736630712878
      vertex -1.1905937068702794 -18.75 -0.036385594715096836
    endloop
  endfacet
  facet normal 0 -1 0
    outer loop
      vertex -1.1905937068702794 -21.25 -0.036385594715096836
      vertex -0.8314696123025452 -21.25 0.0444297669803978
      vertex -1.2472373688902372 -21.25 0.08337736630712878
    endloop
  endfacet
  facet normal 0 -1 0
    outer loop
      vertex -1.2472373688902372 -21.25 0.08337736630712878
      vertex -0.881921264348355 -21.25 0.12860326317400234
      vertex -1.291869453238482 -21.25 0.20811568570647582
    endloop
  endfacet
  facet normal 0 -1 0
    outer loop
      vertex -1.2472373688902372 -21.25 0.08337736630712878
      vertex -0.8314696123025452 -21.25 0.0444297669803978
      vertex -0.881921264348355 -21.25 0.12860326317400234
    endloop
  endfacet
  facet normal 0 -1 0
    outer loop
      vertex -0.881921264348355 -21.25 0.12860326317400234
      vertex -0.9238795325112867 -21.25 0.2173165676349102
      vertex -1.291869453238482 -21.25 0.20811568570647582
    endloop
  endfacet
  facet normal 0 -1 0
    outer loop
      vertex -1.291869453238482 -21.25 0.20811568570647582
      vertex -0.9238795325112867 -21.25 0.2173165676349102
      vertex -0.9569403357322088 -21.25 0.30971532274553765
    endloop
  endfacet
  facet normal 0 -1 0
    outer loop
      vertex -1.291869453238482 -21.25 0.20811568570647582
      vertex -0.9569403357322088 -21.25 0.30971532274553765
      vertex -1.3240601285443612 -21.25 0.3366280652782268
    endloop
  endfacet
  facet normal 0 -1 0
    outer loop
      vertex -1.3240601285443612 -21.25 0.3366280652782268
      vertex -0.9569403357322088 -21.25 0.30971532274553765
      vertex -0.9807852804032304 -21.25 0.40490967798387173
    endloop
  endfacet
  facet normal 0 -1 0
    outer loop
      vertex -1.3240601285443612 -21.25 0.3366280652782268
      vertex -0.9807852804032304 -21.25 0.40490967798387173
      vertex -1.343499381007466 -21.25 0.46767686055509317
    endloop
  endfacet
  facet normal 0 -1 0
    outer loop
      vertex -1.343499381007466 -21.25 0.46767686055509317
      vertex -0.9807852804032304 -21.25 0.40490967798387173
      vertex -0.9951847266721969 -21.25 0.5019828596704394
    endloop
  endfacet
  facet normal 0 -1 0
    outer loop
      vertex -1.343499381007466 -21.25 0.46767686055509317
      vertex -0.9951847266721969 -21.25 0.5019828596704394
      vertex -1.35 -21.25 0.6
    endloop
  endfacet
  facet normal 0 -1 0
    outer loop
      vertex -0.9951847266721969 -21.25 0.5019828596704394
      vertex -1 -21.25 0.6
      vertex -1.35 -21.25 0.6
    endloop
  endfacet
  facet normal 0 -1 0
    outer loop
      vertex -1.35 -21.25 0.6
      vertex -1 -21.25 0.6
      vertex -1.343499381007466 -21.25 0.7323231394449068
    endloop
  endfacet
  facet normal 0 -1 0
    outer loop
      vertex -1.343499381007466 -21.25 0.7323231394449068
      vertex -1 -21.25 0.6
      vertex -0.9951847266721969 -21.25 0.6980171403295605
    endloop
  endfacet
  facet normal 0 -1 0
    outer loop
      vertex -1.343499381007466 -21.25 0.7323231394449068
      vertex -0.9951847266721969 -21.25 0.6980171403295605
      vertex -1.3240601285443612 -21.25 0.8633719347217732
    endloop
  endfacet
  facet normal -0.9039892931234436 0 -0.42755509343028164
    outer loop
      vertex -1.1905937068702794 -21.25 -0.036385594715096836
      vertex -1.2472373688902372 -21.25 0.08337736630712878
      vertex -1.2472373688902372 -18.75 0.08337736630712878
    endloop
  endfacet
  facet normal -0.9415440651830208 0 -0.33688985339221994
    outer loop
      vertex -1.2472373688902372 -21.25 0.08337736630712878
      vertex -1.291869453238482 -21.25 0.20811568570647582
      vertex -1.291869453238482 -18.75 0.20811568570647582
    endloop
  endfacet
  facet normal -0.970031253194544 0 -0.2429801799032641
    outer loop
      vertex -1.291869453238482 -21.25 0.20811568570647582
      vertex -1.3240601285443612 -21.25 0.3366280652782268
      vertex -1.3240601285443612 -18.75 0.3366280652782268
    endloop
  endfacet
  facet normal -0.9415440651830208 0 -0.33688985339221994
    outer loop
      vertex -1.2472373688902372 -21.25 0.08337736630712878
      vertex -1.291869453238482 -18.75 0.20811568570647582
      vertex -1.2472373688902372 -18.75 0.08337736630712878
    endloop
  endfacet
  facet normal -0.970031253194544 0 -0.2429801799032641
    outer loop
      vertex -1.291869453238482 -21.25 0.20811568570647582
      vertex -1.3240601285443612 -18.75 0.3366280652782268
      vertex -1.291869453238482 -18.75 0.20811568570647582
    endloop
  endfacet
  facet normal -0.9891765099647808 0 -0.1467304744553629
    outer loop
      vertex -1.3240601285443612 -21.25 0.3366280652782268
      vertex -1.343499381007466 -18.75 0.46767686055509317
      vertex -1.3240601285443612 -18.75 0.3366280652782268
    endloop
  endfacet
  facet normal -0.9891765099647808 0 -0.1467304744553629
    outer loop
      vertex -1.3240601285443612 -21.25 0.3366280652782268
      vertex -1.343499381007466 -21.25 0.46767686055509317
      vertex -1.343499381007466 -18.75 0.46767686055509317
    endloop
  endfacet
  facet normal -0.9987954562051725 0 -0.049067674327417
    outer loop
      vertex -1.343499381007466 -21.25 0.46767686055509317
      vertex -1.35 -21.25 0.6
      vertex -1.35 -18.75 0.6
    endloop
  endfacet
  facet normal -0.9987954562051725 0 0.049067674327417
    outer loop
      vertex -1.35 -21.25 0.6
      vertex -1.343499381007466 -21.25 0.7323231394449068
      vertex -1.343499381007466 -18.75 0.7323231394449068
    endloop
  endfacet
  facet normal -0.9987954562051725 0 -0.049067674327417
    outer loop
      vertex -1.343499381007466 -21.25 0.46767686055509317
      vertex -1.35 -18.75 0.6
      vertex -1.343499381007466 -18.75 0.46767686055509317
    endloop
  endfacet
  facet normal -0.9987954562051725 0 0.049067674327417
    outer loop
      vertex -1.35 -21.25 0.6
      vertex -1.343499381007466 -18.75 0.7323231394449068
      vertex -1.35 -18.75 0.6
    endloop
  endfacet
  facet normal -0.9891765099647808 0 0.14673047445536286
    outer loop
      vertex -1.343499381007466 -21.25 0.7323231394449068
      vertex -1.3240601285443612 -18.75 0.8633719347217732
      vertex -1.343499381007466 -18.75 0.7323231394449068
    endloop
  endfacet
  facet normal 0 1 0
    outer loop
      vertex -0.26337193472177317 -18.75 -0.7240601285443612
      vertex 0.1323231394449068 -18.75 -0.743499381007466
      vertex -0.1323231394449068 -18.75 -0.743499381007466
    endloop
  endfacet
  facet normal 0 1 0
    outer loop
      vertex -0.39188431429352416 -18.75 -0.691869453238482
      vertex 0.26337193472177317 -18.75 -0.7240601285443612
      vertex -0.26337193472177317 -18.75 -0.7240601285443612
    endloop
  endfacet
  facet normal 0 1 0
    outer loop
      vertex -0.39188431429352416 -18.75 -0.691869453238482
      vertex -0.5166226336928712 -18.75 -0.6472373688902372
      vertex 0.39188431429352416 -18.75 -0.691869453238482
    endloop
  endfacet
  facet normal 0 1 0
    outer loop
      vertex -0.6363855947150968 -18.75 -0.5905937068702795
      vertex 0.5166226336928712 -18.75 -0.6472373688902372
      vertex -0.5166226336928712 -18.75 -0.6472373688902372
    endloop
  endfacet
  facet normal 0 1 0
    outer loop
      vertex -0.7500198145764629 -18.75 -0.5224839766084363
      vertex 0.6363855947150968 -18.75 -0.5905937068702795
      vertex -0.6363855947150968 -18.75 -0.5905937068702795
    endloop
  endfacet
  facet normal 0 1 0
    outer loop
      vertex -0.7500198145764629 -18.75 -0.5224839766084363
      vertex -0.8564309336209215 -18.75 -0.44356411203969504
      vertex 0.7500198145764629 -18.75 -0.5224839766084363
    endloop
  endfacet
  facet normal 0 1 0
    outer loop
      vertex -0.8564309336209215 -18.75 -0.44356411203969504
      vertex -0.9545941546018393 -18.75 -0.3545941546018393
      vertex 0.8564309336209215 -18.75 -0.44356411203969504
    endloop
  endfacet
  facet normal 0 1 0
    outer loop
      vertex -1.043564112039695 -18.75 -0.2564309336209215
      vertex 0.9545941546018393 -18.75 -0.3545941546018393
      vertex -0.9545941546018393 -18.75 -0.3545941546018393
    endloop
  endfacet
  facet normal 0 1 0
    outer loop
      vertex -1.043564112039695 -18.75 -0.2564309336209215
      vertex -1.1224839766084362 -18.75 -0.15001981457646296
      vertex 1.043564112039695 -18.75 -0.2564309336209215
    endloop
  endfacet
  facet normal 0 1 0
    outer loop
      vertex -1.1224839766084362 -18.75 -0.15001981457646296
      vertex -1.1905937068702794 -18.75 -0.036385594715096836
      vertex 1.1224839766084362 -18.75 -0.15001981457646296
    endloop
  endfacet
  facet normal 0 1 0
    outer loop
      vertex -1.1905937068702794 -18.75 -0.036385594715096836
      vertex -1.2472373688902372 -18.75 0.08337736630712878
      vertex 1.1905937068702794 -18.75 -0.036385594715096836
    endloop
  endfacet
  facet normal 0 1 0
    outer loop
      vertex -1.2472373688902372 -18.75 0.08337736630712878
      vertex -1.291869453238482 -18.75 0.20811568570647582
      vertex 1.2472373688902372 -18.75 0.08337736630712878
    endloop
  endfacet
  facet normal 0 1 0
    outer loop
      vertex -1.291869453238482 -18.75 0.20811568570647582
      vertex -1.3240601285443612 -18.75 0.3366280652782268
      vertex 1.291869453238482 -18.75 0.20811568570647582
    endloop
  endfacet
  facet normal 0 1 0
    outer loop
      vertex -1.3240601285443612 -18.75 0.3366280652782268
      vertex -1.343499381007466 -18.75 0.46767686055509317
      vertex 1.3240601285443612 -18.75 0.3366280652782268
    endloop
  endfacet
  facet normal 0 1 0
    outer loop
      vertex -1.343499381007466 -18.75 0.46767686055509317
      vertex -1.35 -18.75 0.6
      vertex 1.343499381007466 -18.75 0.46767686055509317
    endloop
  endfacet
  facet normal 0 1 0
    outer loop
      vertex -1.35 -18.75 0.6
      vertex -1.343499381007466 -18.75 0.7323231394449068
      vertex 1.35 -18.75 0.6
    endloop
  endfacet
  facet normal 0 1 0
    outer loop
      vertex -1.343499381007466 -18.75 0.7323231394449068
      vertex -1.3240601285443612 -18.75 0.8633719347217732
      vertex 1.343499381007466 -18.75 0.7323231394449068
    endloop
  endfacet
  facet normal 0 -1 0
    outer loop
      vertex -0.9951847266721969 -21.25 0.6980171403295605
      vertex -0.9807852804032304 -21.25 0.7950903220161283
      vertex -1.3240601285443612 -21.25 0.8633719347217732
    endloop
  endfacet
  facet normal 0 -1 0
    outer loop
      vertex -1.3240601285443612 -21.25 0.8633719347217732
      vertex -0.9807852804032304 -21.25 0.7950903220161283
      vertex -1.291869453238482 -21.25 0.9918843142935241
    endloop
  endfacet
  facet normal 0 -1 0
    outer loop
      vertex -0.9807852804032304 -21.25 0.7950903220161283
      vertex -0.9569403357322088 -21.25 0.8902846772544624
      vertex -1.291869453238482 -21.25 0.9918843142935241
    endloop
  endfacet
  facet normal 0 -1 0
    outer loop
      vertex -0.9569403357322088 -21.25 0.8902846772544624
      vertex -0.9238795325112867 -21.25 0.9826834323650897
      vertex -1.291869453238482 -21.25 0.9918843142935241
    endloop
  endfacet
  facet normal 0 -1 0
    outer loop
      vertex -1.291869453238482 -21.25 0.9918843142935241
      vertex -0.9238795325112867 -21.25 0.9826834323650897
      vertex -1.2472373688902372 -21.25 1.116622633692871
    endloop
  endfacet
  facet normal 0 -1 0
    outer loop
      vertex -1.2472373688902372 -21.25 1.116622633692871
      vertex -0.881921264348355 -21.25 1.0713967368259976
      vertex -1.1905937068702794 -21.25 1.2363855947150968
    endloop
  endfacet
  facet normal 0 -1 0
    outer loop
      vertex -1.2472373688902372 -21.25 1.116622633692871
      vertex -0.9238795325112867 -21.25 0.9826834323650897
      vertex -0.881921264348355 -21.25 1.0713967368259976
    endloop
  endfacet
  facet normal 0 -1 0
    outer loop
      vertex -0.881921264348355 -21.25 1.0713967368259976
      vertex -0.8314696123025452 -21.25 1.1555702330196023
      vertex -1.1905937068702794 -21.25 1.2363855947150968
    endloop
  endfacet
  facet normal 0 -1 0
    outer loop
      vertex -0.8314696123025452 -21.25 1.1555702330196023
      vertex -0.773010453362737 -21.25 1.2343932841636454
      vertex -1.1905937068702794 -21.25 1.2363855947150968
    endloop
  endfacet
  facet normal 0 -1 0
    outer loop
      vertex -1.1905937068702794 -21.25 1.2363855947150968
      vertex -0.773010453362737 -21.25 1.2343932841636454
      vertex -1.1224839766084362 -21.25 1.3500198145764628
    endloop
  endfacet
  facet normal 0 -1 0
    outer loop
      vertex -1.1224839766084362 -21.25 1.3500198145764628
      vertex -0.773010453362737 -21.25 1.2343932841636454
      vertex -0.7071067811865476 -21.25 1.3071067811865476
    endloop
  endfacet
  facet normal 0 -1 0
    outer loop
      vertex -1.1224839766084362 -21.25 1.3500198145764628
      vertex -0.7071067811865476 -21.25 1.3071067811865476
      vertex -0.6343932841636455 -21.25 1.373010453362737
    endloop
  endfacet
  facet normal 0 -1 0
    outer loop
      vertex -1.1224839766084362 -21.25 1.3500198145764628
      vertex -0.6343932841636455 -21.25 1.373010453362737
      vertex -1.043564112039695 -21.25 1.4564309336209216
    endloop
  endfacet
  facet normal 0 -1 0
    outer loop
      vertex -1.043564112039695 -21.25 1.4564309336209216
      vertex -0.6343932841636455 -21.25 1.373010453362737
      vertex -0.5555702330196022 -21.25 1.4314696123025452
    endloop
  endfacet
  facet normal 0 -1 0
    outer loop
      vertex -1.043564112039695 -21.25 1.4564309336209216
      vertex -0.47139673682599764 -21.25 1.481921264348355
      vertex -0.9545941546018393 -21.25 1.5545941546018391
    endloop
  endfacet
  facet normal 0 -1 0
    outer loop
      vertex -1.043564112039695 -21.25 1.4564309336209216
      vertex -0.5555702330196022 -21.25 1.4314696123025452
      vertex -0.47139673682599764 -21.25 1.481921264348355
    endloop
  endfacet
  facet normal 0 -1 0
    outer loop
      vertex -0.47139673682599764 -21.25 1.481921264348355
      vertex -0.3826834323650898 -21.25 1.5238795325112866
      vertex -0.9545941546018393 -21.25 1.5545941546018391
    endloop
  endfacet
  facet normal 0 -1 0
    outer loop
      vertex -0.3826834323650898 -21.25 1.5238795325112866
      vertex -0.29028467725446233 -21.25 1.5569403357322087
      vertex -0.9545941546018393 -21.25 1.5545941546018391
    endloop
  endfacet
  facet normal -0.9891765099647808 0 0.14673047445536286
    outer loop
      vertex -1.343499381007466 -21.25 0.7323231394449068
      vertex -1.3240601285443612 -21.25 0.8633719347217732
      vertex -1.3240601285443612 -18.75 0.8633719347217732
    endloop
  endfacet
  facet normal -0.970031253194544 0 0.24298017990326432
    outer loop
      vertex -1.3240601285443612 -21.25 0.8633719347217732
      vertex -1.291869453238482 -21.25 0.9918843142935241
      vertex -1.291869453238482 -18.75 0.9918843142935241
    endloop
  endfacet
  facet normal -0.9415440651830208 0 0.33688985339222005
    outer loop
      vertex -1.291869453238482 -21.25 0.9918843142935241
      vertex -1.2472373688902372 -21.25 1.116622633692871
      vertex -1.2472373688902372 -18.75 1.116622633692871
    endloop
  endfacet
  facet normal -0.970031253194544 0 0.24298017990326432
    outer loop
      vertex -1.3240601285443612 -21.25 0.8633719347217732
      vertex -1.291869453238482 -18.75 0.9918843142935241
      vertex -1.3240601285443612 -18.75 0.8633719347217732
    endloop
  endfacet
  facet normal -0.9415440651830208 0 0.33688985339222005
    outer loop
      vertex -1.291869453238482 -21.25 0.9918843142935241
      vertex -1.2472373688902372 -18.75 1.116622633692871
      vertex -1.291869453238482 -18.75 0.9918843142935241
    endloop
  endfacet
  facet normal -0.9039892931234437 0 0.42755509343028125
    outer loop
      vertex -1.2472373688902372 -21.25 1.116622633692871
      vertex -1.1905937068702794 -18.75 1.2363855947150968
      vertex -1.2472373688902372 -18.75 1.116622633692871
    endloop
  endfacet
  facet normal -0.9039892931234437 0 0.42755509343028125
    outer loop
      vertex -1.2472373688902372 -21.25 1.116622633692871
      vertex -1.1905937068702794 -21.25 1.2363855947150968
      vertex -1.1905937068702794 -18.75 1.2363855947150968
    endloop
  endfacet
  facet normal -0.8577286100002718 0 0.5141027441932221
    outer loop
      vertex -1.1905937068702794 -21.25 1.2363855947150968
      vertex -1.1224839766084362 -21.25 1.3500198145764628
      vertex -1.1224839766084362 -18.75 1.3500198145764628
    endloop
  endfacet
  facet normal -0.8032075314806456 0 0.5956993044924324
    outer loop
      vertex -1.1224839766084362 -21.25 1.3500198145764628
      vertex -1.043564112039695 -21.25 1.4564309336209216
      vertex -1.043564112039695 -18.75 1.4564309336209216
    endloop
  endfacet
  facet normal -0.7409511253549586 0 0.6715589548470191
    outer loop
      vertex -1.043564112039695 -21.25 1.4564309336209216
      vertex -0.9545941546018393 -21.25 1.5545941546018391
      vertex -0.9545941546018393 -18.75 1.5545941546018391
    endloop
  endfacet
  facet normal -0.8577286100002718 0 0.5141027441932221
    outer loop
      vertex -1.1905937068702794 -21.25 1.2363855947150968
      vertex -1.1224839766084362 -18.75 1.3500198145764628
      vertex -1.1905937068702794 -18.75 1.2363855947150968
    endloop
  endfacet
  facet normal -0.8032075314806456 0 0.5956993044924324
    outer loop
      vertex -1.1224839766084362 -21.25 1.3500198145764628
      vertex -1.043564112039695 -18.75 1.4564309336209216
      vertex -1.1224839766084362 -18.75 1.3500198145764628
    endloop
  endfacet
  facet normal -0.7409511253549586 0 0.6715589548470191
    outer loop
      vertex -1.043564112039695 -21.25 1.4564309336209216
      vertex -0.9545941546018393 -18.75 1.5545941546018391
      vertex -1.043564112039695 -18.75 1.4564309336209216
    endloop
  endfacet
  facet normal 0 -1 0
    outer loop
      vertex -0.9545941546018393 -21.25 1.5545941546018391
      vertex -0.29028467725446233 -21.25 1.5569403357322087
      vertex -0.19509032201612825 -21.25 1.5807852804032305
    endloop
  endfacet
  facet normal 0 -1 0
    outer loop
      vertex -0.9545941546018393 -21.25 1.5545941546018391
      vertex -0.19509032201612825 -21.25 1.5807852804032305
      vertex -0.0980171403295606 -21.25 1.5951847266721968
    endloop
  endfacet
  facet normal 0 -1 0
    outer loop
      vertex -0.9545941546018393 -21.25 1.5545941546018391
      vertex 0.8564309336209215 -21.25 1.6435641120396949
      vertex -0.8564309336209215 -21.25 1.6435641120396949
    endloop
  endfacet
  facet normal 0 -1 0
    outer loop
      vertex -0.9545941546018393 -21.25 1.5545941546018391
      vertex -0.0980171403295606 -21.25 1.5951847266721968
      vertex 0.8564309336209215 -21.25 1.6435641120396949
    endloop
  endfacet
  facet normal 0 -1 0
    outer loop
      vertex -0.8564309336209215 -21.25 1.6435641120396949
      vertex 0.7500198145764629 -21.25 1.7224839766084363
      vertex -0.7500198145764629 -21.25 1.7224839766084363
    endloop
  endfacet
  facet normal 0 -1 0
    outer loop
      vertex -0.7500198145764629 -21.25 1.7224839766084363
      vertex 0.6363855947150968 -21.25 1.7905937068702795
      vertex -0.6363855947150968 -21.25 1.7905937068702795
    endloop
  endfacet
  facet normal 0 -1 0
    outer loop
      vertex -0.6363855947150968 -21.25 1.7905937068702795
      vertex 0.5166226336928712 -21.25 1.8472373688902373
      vertex -0.5166226336928712 -21.25 1.8472373688902373
    endloop
  endfacet
  facet normal 0 -1 0
    outer loop
      vertex -0.5166226336928712 -21.25 1.8472373688902373
      vertex 0.39188431429352416 -21.25 1.891869453238482
      vertex -0.39188431429352416 -21.25 1.891869453238482
    endloop
  endfacet
  facet normal 0 -1 0
    outer loop
      vertex -0.39188431429352416 -21.25 1.891869453238482
      vertex 0.26337193472177317 -21.25 1.9240601285443613
      vertex -0.26337193472177317 -21.25 1.9240601285443613
    endloop
  endfacet
  facet normal 0 -1 0
    outer loop
      vertex -0.26337193472177317 -21.25 1.9240601285443613
      vertex 0.1323231394449068 -21.25 1.943499381007466
      vertex -0.1323231394449068 -21.25 1.943499381007466
    endloop
  endfacet
  facet normal -0.6715589548470181 0 0.7409511253549592
    outer loop
      vertex -0.9545941546018393 -21.25 1.5545941546018391
      vertex -0.8564309336209215 -21.25 1.6435641120396949
      vertex -0.9545941546018393 -18.75 1.5545941546018391
    endloop
  endfacet
  facet normal -0.5956993044924342 0 0.8032075314806443
    outer loop
      vertex -0.8564309336209215 -21.25 1.6435641120396949
      vertex -0.7500198145764629 -21.25 1.7224839766084363
      vertex -0.8564309336209215 -18.75 1.6435641120396949
    endloop
  endfacet
  facet normal -0.5141027441932218 0 0.8577286100002721
    outer loop
      vertex -0.7500198145764629 -21.25 1.7224839766084363
      vertex -0.6363855947150968 -21.25 1.7905937068702795
      vertex -0.7500198145764629 -18.75 1.7224839766084363
    endloop
  endfacet
  facet normal -0.6715589548470181 0 0.7409511253549592
    outer loop
      vertex -0.8564309336209215 -21.25 1.6435641120396949
      vertex -0.8564309336209215 -18.75 1.6435641120396949
      vertex -0.9545941546018393 -18.75 1.5545941546018391
    endloop
  endfacet
  facet normal -0.5956993044924342 0 0.8032075314806443
    outer loop
      vertex -0.7500198145764629 -21.25 1.7224839766084363
      vertex -0.7500198145764629 -18.75 1.7224839766084363
      vertex -0.8564309336209215 -18.75 1.6435641120396949
    endloop
  endfacet
  facet normal -0.42755509343028164 0 0.9039892931234436
    outer loop
      vertex -0.6363855947150968 -21.25 1.7905937068702795
      vertex -0.5166226336928712 -21.25 1.8472373688902373
      vertex -0.6363855947150968 -18.75 1.7905937068702795
    endloop
  endfacet
  facet normal -0.33688985339221994 0 0.9415440651830208
    outer loop
      vertex -0.5166226336928712 -21.25 1.8472373688902373
      vertex -0.39188431429352416 -21.25 1.891869453238482
      vertex -0.5166226336928712 -18.75 1.8472373688902373
    endloop
  endfacet
  facet normal -0.2429801799032641 0 0.970031253194544
    outer loop
      vertex -0.39188431429352416 -21.25 1.891869453238482
      vertex -0.26337193472177317 -21.25 1.9240601285443613
      vertex -0.39188431429352416 -18.75 1.891869453238482
    endloop
  endfacet
  facet normal -0.5141027441932218 0 0.8577286100002721
    outer loop
      vertex -0.6363855947150968 -21.25 1.7905937068702795
      vertex -0.6363855947150968 -18.75 1.7905937068702795
      vertex -0.7500198145764629 -18.75 1.7224839766084363
    endloop
  endfacet
  facet normal -0.42755509343028164 0 0.9039892931234436
    outer loop
      vertex -0.5166226336928712 -21.25 1.8472373688902373
      vertex -0.5166226336928712 -18.75 1.8472373688902373
      vertex -0.6363855947150968 -18.75 1.7905937068702795
    endloop
  endfacet
  facet normal -0.33688985339221994 0 0.9415440651830208
    outer loop
      vertex -0.39188431429352416 -21.25 1.891869453238482
      vertex -0.39188431429352416 -18.75 1.891869453238482
      vertex -0.5166226336928712 -18.75 1.8472373688902373
    endloop
  endfacet
  facet normal -0.2429801799032641 0 0.970031253194544
    outer loop
      vertex -0.26337193472177317 -21.25 1.9240601285443613
      vertex -0.26337193472177317 -18.75 1.9240601285443613
      vertex -0.39188431429352416 -18.75 1.891869453238482
    endloop
  endfacet
  facet normal -0.1467304744553629 0 0.9891765099647808
    outer loop
      vertex -0.26337193472177317 -21.25 1.9240601285443613
      vertex -0.1323231394449068 -21.25 1.943499381007466
      vertex -0.26337193472177317 -18.75 1.9240601285443613
    endloop
  endfacet
  facet normal -0.049067674327417 0 0.9987954562051725
    outer loop
      vertex -0.1323231394449068 -21.25 1.943499381007466
      vertex 0 -21.25 1.9500000000000002
      vertex -0.1323231394449068 -18.75 1.943499381007466
    endloop
  endfacet
  facet normal -0.1467304744553629 0 0.9891765099647808
    outer loop
      vertex -0.1323231394449068 -21.25 1.943499381007466
      vertex -0.1323231394449068 -18.75 1.943499381007466
      vertex -0.26337193472177317 -18.75 1.9240601285443613
    endloop
  endfacet
  facet normal -0.049067674327417 0 0.9987954562051725
    outer loop
      vertex -0.1323231394449068 -18.75 1.943499381007466
      vertex 0 -21.25 1.9500000000000002
      vertex 0 -18.75 1.9500000000000002
    endloop
  endfacet
  facet normal 0 1 0
    outer loop
      vertex -1.3240601285443612 -18.75 0.8633719347217732
      vertex -1.291869453238482 -18.75 0.9918843142935241
      vertex 1.3240601285443612 -18.75 0.8633719347217732
    endloop
  endfacet
  facet normal 0 1 0
    outer loop
      vertex -1.291869453238482 -18.75 0.9918843142935241
      vertex -1.2472373688902372 -18.75 1.116622633692871
      vertex 1.291869453238482 -18.75 0.9918843142935241
    endloop
  endfacet
  facet normal 0 1 0
    outer loop
      vertex -1.2472373688902372 -18.75 1.116622633692871
      vertex -1.1905937068702794 -18.75 1.2363855947150968
      vertex 1.2472373688902372 -18.75 1.116622633692871
    endloop
  endfacet
  facet normal 0 1 0
    outer loop
      vertex -1.1905937068702794 -18.75 1.2363855947150968
      vertex -1.1224839766084362 -18.75 1.3500198145764628
      vertex 1.1905937068702794 -18.75 1.2363855947150968
    endloop
  endfacet
  facet normal 0 1 0
    outer loop
      vertex -1.1224839766084362 -18.75 1.3500198145764628
      vertex -1.043564112039695 -18.75 1.4564309336209216
      vertex 1.1224839766084362 -18.75 1.3500198145764628
    endloop
  endfacet
  facet normal 0 1 0
    outer loop
      vertex -1.043564112039695 -18.75 1.4564309336209216
      vertex -0.9545941546018393 -18.75 1.5545941546018391
      vertex 1.043564112039695 -18.75 1.4564309336209216
    endloop
  endfacet
  facet normal 0 1 0
    outer loop
      vertex -0.9545941546018393 -18.75 1.5545941546018391
      vertex -0.8564309336209215 -18.75 1.6435641120396949
      vertex 0.9545941546018393 -18.75 1.5545941546018391
    endloop
  endfacet
  facet normal 0 1 0
    outer loop
      vertex -0.8564309336209215 -18.75 1.6435641120396949
      vertex -0.7500198145764629 -18.75 1.7224839766084363
      vertex 0.8564309336209215 -18.75 1.6435641120396949
    endloop
  endfacet
  facet normal 0 1 0
    outer loop
      vertex -0.7500198145764629 -18.75 1.7224839766084363
      vertex -0.6363855947150968 -18.75 1.7905937068702795
      vertex 0.7500198145764629 -18.75 1.7224839766084363
    endloop
  endfacet
  facet normal 0 1 0
    outer loop
      vertex -0.6363855947150968 -18.75 1.7905937068702795
      vertex -0.5166226336928712 -18.75 1.8472373688902373
      vertex 0.6363855947150968 -18.75 1.7905937068702795
    endloop
  endfacet
  facet normal 0 1 0
    outer loop
      vertex -0.5166226336928712 -18.75 1.8472373688902373
      vertex -0.39188431429352416 -18.75 1.891869453238482
      vertex 0.5166226336928712 -18.75 1.8472373688902373
    endloop
  endfacet
  facet normal 0 1 0
    outer loop
      vertex -0.39188431429352416 -18.75 1.891869453238482
      vertex -0.26337193472177317 -18.75 1.9240601285443613
      vertex 0.39188431429352416 -18.75 1.891869453238482
    endloop
  endfacet
  facet normal 0 1 0
    outer loop
      vertex -0.26337193472177317 -18.75 1.9240601285443613
      vertex -0.1323231394449068 -18.75 1.943499381007466
      vertex 0.26337193472177317 -18.75 1.9240601285443613
    endloop
  endfacet
  facet normal 0 -1 0
    outer loop
      vertex -0.1323231394449068 -21.25 -0.743499381007466
      vertex 0 -21.25 -0.7500000000000001
      vertex 0.1323231394449068 -21.25 -0.743499381007466
    endloop
  endfacet
  facet normal 0 -1 0
    outer loop
      vertex -0.1323231394449068 -21.25 -0.743499381007466
      vertex 0.1323231394449068 -21.25 -0.743499381007466
      vertex 0.26337193472177317 -21.25 -0.7240601285443612
    endloop
  endfacet
  facet normal 0 -1 0
    outer loop
      vertex -0.26337193472177317 -21.25 -0.7240601285443612
      vertex 0.26337193472177317 -21.25 -0.7240601285443612
      vertex 0.39188431429352416 -21.25 -0.691869453238482
    endloop
  endfacet
  facet normal 0 -1 0
    outer loop
      vertex -0.39188431429352416 -21.25 -0.691869453238482
      vertex 0.39188431429352416 -21.25 -0.691869453238482
      vertex 0.5166226336928712 -21.25 -0.6472373688902372
    endloop
  endfacet
  facet normal 0 -1 0
    outer loop
      vertex -0.5166226336928712 -21.25 -0.6472373688902372
      vertex 0.5166226336928712 -21.25 -0.6472373688902372
      vertex 0.6363855947150968 -21.25 -0.5905937068702795
    endloop
  endfacet
  facet normal 0 -1 0
    outer loop
      vertex -0.6363855947150968 -21.25 -0.5905937068702795
      vertex 0.6363855947150968 -21.25 -0.5905937068702795
      vertex 0.7500198145764629 -21.25 -0.5224839766084363
    endloop
  endfacet
  facet normal 0 -1 0
    outer loop
      vertex -0.7500198145764629 -21.25 -0.5224839766084363
      vertex 0.7500198145764629 -21.25 -0.5224839766084363
      vertex 0.8564309336209215 -21.25 -0.44356411203969504
    endloop
  endfacet
  facet normal 0 -1 0
    outer loop
      vertex -0.8564309336209215 -21.25 -0.44356411203969504
      vertex 0.9545941546018393 -21.25 -0.3545941546018393
      vertex 0.0980171403295606 -21.25 -0.39518472667219695
    endloop
  endfacet
  facet normal 0 -1 0
    outer loop
      vertex -0.8564309336209215 -21.25 -0.44356411203969504
      vertex 0.8564309336209215 -21.25 -0.44356411203969504
      vertex 0.9545941546018393 -21.25 -0.3545941546018393
    endloop
  endfacet
  facet normal 0 -1 0
    outer loop
      vertex 0.0980171403295606 -21.25 -0.39518472667219695
      vertex 0.9545941546018393 -21.25 -0.3545941546018393
      vertex 0.19509032201612825 -21.25 -0.38078528040323045
    endloop
  endfacet
  facet normal 0 -1 0
    outer loop
      vertex 0.19509032201612825 -21.25 -0.38078528040323045
      vertex 0.9545941546018393 -21.25 -0.3545941546018393
      vertex 0.29028467725446233 -21.25 -0.35694033573220885
    endloop
  endfacet
  facet normal 0 -1 0
    outer loop
      vertex 0.29028467725446233 -21.25 -0.35694033573220885
      vertex 0.9545941546018393 -21.25 -0.3545941546018393
      vertex 0.3826834323650898 -21.25 -0.32387953251128676
    endloop
  endfacet
  facet normal 0 -1 0
    outer loop
      vertex 0.3826834323650898 -21.25 -0.32387953251128676
      vertex 0.9545941546018393 -21.25 -0.3545941546018393
      vertex 0.47139673682599764 -21.25 -0.28192126434835507
    endloop
  endfacet
  facet normal 0 -1 0
    outer loop
      vertex 0.47139673682599764 -21.25 -0.28192126434835507
      vertex 1.043564112039695 -21.25 -0.2564309336209215
      vertex 0.5555702330196022 -21.25 -0.23146961230254526
    endloop
  endfacet
  facet normal 0 -1 0
    outer loop
      vertex 0.47139673682599764 -21.25 -0.28192126434835507
      vertex 0.9545941546018393 -21.25 -0.3545941546018393
      vertex 1.043564112039695 -21.25 -0.2564309336209215
    endloop
  endfacet
  facet normal 0 -1 0
    outer loop
      vertex 0.5555702330196022 -21.25 -0.23146961230254526
      vertex 1.043564112039695 -21.25 -0.2564309336209215
      vertex 0.6343932841636455 -21.25 -0.17301045336273702
    endloop
  endfacet
  facet normal 0 -1 0
    outer loop
      vertex 0.6343932841636455 -21.25 -0.17301045336273702
      vertex 1.043564112039695 -21.25 -0.2564309336209215
      vertex 1.1224839766084362 -21.25 -0.15001981457646296
    endloop
  endfacet
  facet normal 0 -1 0
    outer loop
      vertex 0.6343932841636455 -21.25 -0.17301045336273702
      vertex 1.1224839766084362 -21.25 -0.15001981457646296
      vertex 0.7071067811865476 -21.25 -0.1071067811865476
    endloop
  endfacet
  facet normal 0 -1 0
    outer loop
      vertex 0.7071067811865476 -21.25 -0.1071067811865476
      vertex 1.1224839766084362 -21.25 -0.15001981457646296
      vertex 0.773010453362737 -21.25 -0.03439328416364551
    endloop
  endfacet
  facet normal 0 -1 0
    outer loop
      vertex 0.773010453362737 -21.25 -0.03439328416364551
      vertex 1.1224839766084362 -21.25 -0.15001981457646296
      vertex 1.1905937068702794 -21.25 -0.036385594715096836
    endloop
  endfacet
  facet normal 0 -1 0
    outer loop
      vertex 0.773010453362737 -21.25 -0.03439328416364551
      vertex 1.1905937068702794 -21.25 -0.036385594715096836
      vertex 0.8314696123025452 -21.25 0.0444297669803978
    endloop
  endfacet
  facet normal 0.049067674327417 0 -0.9987954562051725
    outer loop
      vertex 0 -21.25 -0.7500000000000001
      vertex 0.1323231394449068 -18.75 -0.743499381007466
      vertex 0.1323231394449068 -21.25 -0.743499381007466
    endloop
  endfacet
  facet normal 0.1467304744553629 0 -0.9891765099647808
    outer loop
      vertex 0.1323231394449068 -21.25 -0.743499381007466
      vertex 0.26337193472177317 -18.75 -0.7240601285443612
      vertex 0.26337193472177317 -21.25 -0.7240601285443612
    endloop
  endfacet
  facet normal 0.2429801799032641 0 -0.970031253194544
    outer loop
      vertex 0.26337193472177317 -21.25 -0.7240601285443612
      vertex 0.39188431429352416 -18.75 -0.691869453238482
      vertex 0.39188431429352416 -21.25 -0.691869453238482
    endloop
  endfacet
  facet normal 0.33688985339221994 0 -0.9415440651830208
    outer loop
      vertex 0.39188431429352416 -21.25 -0.691869453238482
      vertex 0.5166226336928712 -18.75 -0.6472373688902372
      vertex 0.5166226336928712 -21.25 -0.6472373688902372
    endloop
  endfacet
  facet normal 0.42755509343028164 0 -0.9039892931234436
    outer loop
      vertex 0.5166226336928712 -21.25 -0.6472373688902372
      vertex 0.6363855947150968 -18.75 -0.5905937068702795
      vertex 0.6363855947150968 -21.25 -0.5905937068702795
    endloop
  endfacet
  facet normal 0.049067674327417 0 -0.9987954562051725
    outer loop
      vertex 0 -21.25 -0.7500000000000001
      vertex 0 -18.75 -0.7500000000000001
      vertex 0.1323231394449068 -18.75 -0.743499381007466
    endloop
  endfacet
  facet normal 0.1467304744553629 0 -0.9891765099647808
    outer loop
      vertex 0.1323231394449068 -21.25 -0.743499381007466
      vertex 0.1323231394449068 -18.75 -0.743499381007466
      vertex 0.26337193472177317 -18.75 -0.7240601285443612
    endloop
  endfacet
  facet normal 0.2429801799032641 0 -0.970031253194544
    outer loop
      vertex 0.26337193472177317 -21.25 -0.7240601285443612
      vertex 0.26337193472177317 -18.75 -0.7240601285443612
      vertex 0.39188431429352416 -18.75 -0.691869453238482
    endloop
  endfacet
  facet normal 0.33688985339221994 0 -0.9415440651830208
    outer loop
      vertex 0.39188431429352416 -21.25 -0.691869453238482
      vertex 0.39188431429352416 -18.75 -0.691869453238482
      vertex 0.5166226336928712 -18.75 -0.6472373688902372
    endloop
  endfacet
  facet normal 0.42755509343028164 0 -0.9039892931234436
    outer loop
      vertex 0.5166226336928712 -21.25 -0.6472373688902372
      vertex 0.5166226336928712 -18.75 -0.6472373688902372
      vertex 0.6363855947150968 -18.75 -0.5905937068702795
    endloop
  endfacet
  facet normal 0.5141027441932218 0 -0.8577286100002721
    outer loop
      vertex 0.6363855947150968 -21.25 -0.5905937068702795
      vertex 0.6363855947150968 -18.75 -0.5905937068702795
      vertex 0.7500198145764629 -18.75 -0.5224839766084363
    endloop
  endfacet
  facet normal 0.5141027441932218 0 -0.8577286100002721
    outer loop
      vertex 0.6363855947150968 -21.25 -0.5905937068702795
      vertex 0.7500198145764629 -18.75 -0.5224839766084363
      vertex 0.7500198145764629 -21.25 -0.5224839766084363
    endloop
  endfacet
  facet normal 0.5956993044924331 0 -0.803207531480645
    outer loop
      vertex 0.7500198145764629 -21.25 -0.5224839766084363
      vertex 0.8564309336209215 -18.75 -0.44356411203969504
      vertex 0.8564309336209215 -21.25 -0.44356411203969504
    endloop
  endfacet
  facet normal 0.6715589548470181 0 -0.7409511253549592
    outer loop
      vertex 0.8564309336209215 -21.25 -0.44356411203969504
      vertex 0.9545941546018393 -18.75 -0.3545941546018393
      vertex 0.9545941546018393 -21.25 -0.3545941546018393
    endloop
  endfacet
  facet normal 0.5956993044924331 0 -0.803207531480645
    outer loop
      vertex 0.7500198145764629 -21.25 -0.5224839766084363
      vertex 0.7500198145764629 -18.75 -0.5224839766084363
      vertex 0.8564309336209215 -18.75 -0.44356411203969504
    endloop
  endfacet
  facet normal 0.6715589548470181 0 -0.7409511253549592
    outer loop
      vertex 0.8564309336209215 -21.25 -0.44356411203969504
      vertex 0.8564309336209215 -18.75 -0.44356411203969504
      vertex 0.9545941546018393 -18.75 -0.3545941546018393
    endloop
  endfacet
  facet normal 0.7409511253549592 0 -0.6715589548470181
    outer loop
      vertex 0.9545941546018393 -21.25 -0.3545941546018393
      vertex 0.9545941546018393 -18.75 -0.3545941546018393
      vertex 1.043564112039695 -21.25 -0.2564309336209215
    endloop
  endfacet
  facet normal 0.803207531480645 0 -0.5956993044924331
    outer loop
      vertex 1.043564112039695 -21.25 -0.2564309336209215
      vertex 1.043564112039695 -18.75 -0.2564309336209215
      vertex 1.1224839766084362 -21.25 -0.15001981457646296
    endloop
  endfacet
  facet normal 0.8577286100002721 0 -0.5141027441932218
    outer loop
      vertex 1.1224839766084362 -21.25 -0.15001981457646296
      vertex 1.1224839766084362 -18.75 -0.15001981457646296
      vertex 1.1905937068702794 -21.25 -0.036385594715096836
    endloop
  endfacet
  facet normal 0.9039892931234436 0 -0.42755509343028164
    outer loop
      vertex 1.1905937068702794 -21.25 -0.036385594715096836
      vertex 1.1905937068702794 -18.75 -0.036385594715096836
      vertex 1.2472373688902372 -21.25 0.08337736630712878
    endloop
  endfacet
  facet normal 0.7409511253549592 0 -0.6715589548470181
    outer loop
      vertex 1.043564112039695 -21.25 -0.2564309336209215
      vertex 0.9545941546018393 -18.75 -0.3545941546018393
      vertex 1.043564112039695 -18.75 -0.2564309336209215
    endloop
  endfacet
  facet normal 0.803207531480645 0 -0.5956993044924331
    outer loop
      vertex 1.1224839766084362 -21.25 -0.15001981457646296
      vertex 1.043564112039695 -18.75 -0.2564309336209215
      vertex 1.1224839766084362 -18.75 -0.15001981457646296
    endloop
  endfacet
  facet normal 0.8577286100002721 0 -0.5141027441932218
    outer loop
      vertex 1.1905937068702794 -21.25 -0.036385594715096836
      vertex 1.1224839766084362 -18.75 -0.15001981457646296
      vertex 1.1905937068702794 -18.75 -0.036385594715096836
    endloop
  endfacet
  facet normal 0 -1 0
    outer loop
      vertex 1.1905937068702794 -21.25 -0.036385594715096836
      vertex 0.881921264348355 -21.25 0.12860326317400234
      vertex 0.8314696123025452 -21.25 0.0444297669803978
    endloop
  endfacet
  facet normal 0 -1 0
    outer loop
      vertex 0.881921264348355 -21.25 0.12860326317400234
      vertex 1.2472373688902372 -21.25 0.08337736630712878
      vertex 0.9238795325112867 -21.25 0.2173165676349102
    endloop
  endfacet
  facet normal 0 -1 0
    outer loop
      vertex 1.1905937068702794 -21.25 -0.036385594715096836
      vertex 1.2472373688902372 -21.25 0.08337736630712878
      vertex 0.881921264348355 -21.25 0.12860326317400234
    endloop
  endfacet
  facet normal 0 -1 0
    outer loop
      vertex 1.2472373688902372 -21.25 0.08337736630712878
      vertex 1.291869453238482 -21.25 0.20811568570647582
      vertex 0.9238795325112867 -21.25 0.2173165676349102
    endloop
  endfacet
  facet normal 0 -1 0
    outer loop
      vertex 0.9238795325112867 -21.25 0.2173165676349102
      vertex 1.291869453238482 -21.25 0.20811568570647582
      vertex 0.9569403357322088 -21.25 0.30971532274553765
    endloop
  endfacet
  facet normal 0 -1 0
    outer loop
      vertex 0.9569403357322088 -21.25 0.30971532274553765
      vertex 1.291869453238482 -21.25 0.20811568570647582
      vertex 0.9807852804032304 -21.25 0.40490967798387173
    endloop
  endfacet
  facet normal 0 -1 0
    outer loop
      vertex 1.291869453238482 -21.25 0.20811568570647582
      vertex 1.3240601285443612 -21.25 0.3366280652782268
      vertex 0.9807852804032304 -21.25 0.40490967798387173
    endloop
  endfacet
  facet normal 0 -1 0
    outer loop
      vertex 1.3240601285443612 -21.25 0.3366280652782268
      vertex 0.9951847266721969 -21.25 0.5019828596704394
      vertex 0.9807852804032304 -21.25 0.40490967798387173
    endloop
  endfacet
  facet normal 0 -1 0
    outer loop
      vertex 1.3240601285443612 -21.25 0.3366280652782268
      vertex 1.343499381007466 -21.25 0.46767686055509317
      vertex 0.9951847266721969 -21.25 0.5019828596704394
    endloop
  endfacet
  facet normal 0 -1 0
    outer loop
      vertex 0.9951847266721969 -21.25 0.5019828596704394
      vertex 1.343499381007466 -21.25 0.46767686055509317
      vertex 1 -21.25 0.6
    endloop
  endfacet
  facet normal 0 -1 0
    outer loop
      vertex 1.343499381007466 -21.25 0.46767686055509317
      vertex 1.35 -21.25 0.6
      vertex 1 -21.25 0.6
    endloop
  endfacet
  facet normal 0 -1 0
    outer loop
      vertex 1 -21.25 0.6
      vertex 1.35 -21.25 0.6
      vertex 0.9951847266721969 -21.25 0.6980171403295605
    endloop
  endfacet
  facet normal 0 -1 0
    outer loop
      vertex 0.9951847266721969 -21.25 0.6980171403295605
      vertex 1.35 -21.25 0.6
      vertex 1.343499381007466 -21.25 0.7323231394449068
    endloop
  endfacet
  facet normal 0 -1 0
    outer loop
      vertex 0.9951847266721969 -21.25 0.6980171403295605
      vertex 1.343499381007466 -21.25 0.7323231394449068
      vertex 0.9807852804032304 -21.25 0.7950903220161283
    endloop
  endfacet
  facet normal 0.9415440651830208 0 -0.33688985339221994
    outer loop
      vertex 1.2472373688902372 -21.25 0.08337736630712878
      vertex 1.2472373688902372 -18.75 0.08337736630712878
      vertex 1.291869453238482 -21.25 0.20811568570647582
    endloop
  endfacet
  facet normal 0.970031253194544 0 -0.2429801799032641
    outer loop
      vertex 1.291869453238482 -21.25 0.20811568570647582
      vertex 1.291869453238482 -18.75 0.20811568570647582
      vertex 1.3240601285443612 -21.25 0.3366280652782268
    endloop
  endfacet
  facet normal 0.9891765099647808 0 -0.1467304744553629
    outer loop
      vertex 1.3240601285443612 -21.25 0.3366280652782268
      vertex 1.3240601285443612 -18.75 0.3366280652782268
      vertex 1.343499381007466 -21.25 0.46767686055509317
    endloop
  endfacet
  facet normal 0.9039892931234436 0 -0.42755509343028164
    outer loop
      vertex 1.2472373688902372 -21.25 0.08337736630712878
      vertex 1.1905937068702794 -18.75 -0.036385594715096836
      vertex 1.2472373688902372 -18.75 0.08337736630712878
    endloop
  endfacet
  facet normal 0.9415440651830208 0 -0.33688985339221994
    outer loop
      vertex 1.291869453238482 -21.25 0.20811568570647582
      vertex 1.2472373688902372 -18.75 0.08337736630712878
      vertex 1.291869453238482 -18.75 0.20811568570647582
    endloop
  endfacet
  facet normal 0.970031253194544 0 -0.2429801799032641
    outer loop
      vertex 1.3240601285443612 -21.25 0.3366280652782268
      vertex 1.291869453238482 -18.75 0.20811568570647582
      vertex 1.3240601285443612 -18.75 0.3366280652782268
    endloop
  endfacet
  facet normal 0.9987954562051725 0 -0.049067674327417
    outer loop
      vertex 1.343499381007466 -21.25 0.46767686055509317
      vertex 1.343499381007466 -18.75 0.46767686055509317
      vertex 1.35 -21.25 0.6
    endloop
  endfacet
  facet normal 0.9987954562051725 0 0.049067674327417
    outer loop
      vertex 1.35 -21.25 0.6
      vertex 1.35 -18.75 0.6
      vertex 1.343499381007466 -21.25 0.7323231394449068
    endloop
  endfacet
  facet normal 0.9891765099647808 0 0.14673047445536286
    outer loop
      vertex 1.343499381007466 -21.25 0.7323231394449068
      vertex 1.343499381007466 -18.75 0.7323231394449068
      vertex 1.3240601285443612 -21.25 0.8633719347217732
    endloop
  endfacet
  facet normal 0.9891765099647808 0 -0.1467304744553629
    outer loop
      vertex 1.343499381007466 -21.25 0.46767686055509317
      vertex 1.3240601285443612 -18.75 0.3366280652782268
      vertex 1.343499381007466 -18.75 0.46767686055509317
    endloop
  endfacet
  facet normal 0.9987954562051725 0 -0.049067674327417
    outer loop
      vertex 1.35 -21.25 0.6
      vertex 1.343499381007466 -18.75 0.46767686055509317
      vertex 1.35 -18.75 0.6
    endloop
  endfacet
  facet normal 0.9987954562051725 0 0.049067674327417
    outer loop
      vertex 1.343499381007466 -21.25 0.7323231394449068
      vertex 1.35 -18.75 0.6
      vertex 1.343499381007466 -18.75 0.7323231394449068
    endloop
  endfacet
  facet normal 0 1 0
    outer loop
      vertex -0.1323231394449068 -18.75 -0.743499381007466
      vertex 0.1323231394449068 -18.75 -0.743499381007466
      vertex 0 -18.75 -0.7500000000000001
    endloop
  endfacet
  facet normal 0 1 0
    outer loop
      vertex -0.26337193472177317 -18.75 -0.7240601285443612
      vertex 0.26337193472177317 -18.75 -0.7240601285443612
      vertex 0.1323231394449068 -18.75 -0.743499381007466
    endloop
  endfacet
  facet normal 0 1 0
    outer loop
      vertex -0.39188431429352416 -18.75 -0.691869453238482
      vertex 0.39188431429352416 -18.75 -0.691869453238482
      vertex 0.26337193472177317 -18.75 -0.7240601285443612
    endloop
  endfacet
  facet normal 0 1 0
    outer loop
      vertex -0.5166226336928712 -18.75 -0.6472373688902372
      vertex 0.5166226336928712 -18.75 -0.6472373688902372
      vertex 0.39188431429352416 -18.75 -0.691869453238482
    endloop
  endfacet
  facet normal 0 1 0
    outer loop
      vertex -0.6363855947150968 -18.75 -0.5905937068702795
      vertex 0.6363855947150968 -18.75 -0.5905937068702795
      vertex 0.5166226336928712 -18.75 -0.6472373688902372
    endloop
  endfacet
  facet normal 0 1 0
    outer loop
      vertex -0.7500198145764629 -18.75 -0.5224839766084363
      vertex 0.7500198145764629 -18.75 -0.5224839766084363
      vertex 0.6363855947150968 -18.75 -0.5905937068702795
    endloop
  endfacet
  facet normal 0 1 0
    outer loop
      vertex -0.8564309336209215 -18.75 -0.44356411203969504
      vertex 0.8564309336209215 -18.75 -0.44356411203969504
      vertex 0.7500198145764629 -18.75 -0.5224839766084363
    endloop
  endfacet
  facet normal 0 1 0
    outer loop
      vertex -0.9545941546018393 -18.75 -0.3545941546018393
      vertex 0.9545941546018393 -18.75 -0.3545941546018393
      vertex 0.8564309336209215 -18.75 -0.44356411203969504
    endloop
  endfacet
  facet normal 0 1 0
    outer loop
      vertex -1.043564112039695 -18.75 -0.2564309336209215
      vertex 1.043564112039695 -18.75 -0.2564309336209215
      vertex 0.9545941546018393 -18.75 -0.3545941546018393
    endloop
  endfacet
  facet normal 0 1 0
    outer loop
      vertex -1.1224839766084362 -18.75 -0.15001981457646296
      vertex 1.1224839766084362 -18.75 -0.15001981457646296
      vertex 1.043564112039695 -18.75 -0.2564309336209215
    endloop
  endfacet
  facet normal 0 1 0
    outer loop
      vertex -1.1905937068702794 -18.75 -0.036385594715096836
      vertex 1.1905937068702794 -18.75 -0.036385594715096836
      vertex 1.1224839766084362 -18.75 -0.15001981457646296
    endloop
  endfacet
  facet normal 0 1 0
    outer loop
      vertex -1.2472373688902372 -18.75 0.08337736630712878
      vertex 1.2472373688902372 -18.75 0.08337736630712878
      vertex 1.1905937068702794 -18.75 -0.036385594715096836
    endloop
  endfacet
  facet normal 0 1 0
    outer loop
      vertex -1.291869453238482 -18.75 0.20811568570647582
      vertex 1.291869453238482 -18.75 0.20811568570647582
      vertex 1.2472373688902372 -18.75 0.08337736630712878
    endloop
  endfacet
  facet normal 0 1 0
    outer loop
      vertex -1.3240601285443612 -18.75 0.3366280652782268
      vertex 1.3240601285443612 -18.75 0.3366280652782268
      vertex 1.291869453238482 -18.75 0.20811568570647582
    endloop
  endfacet
  facet normal 0 1 0
    outer loop
      vertex -1.343499381007466 -18.75 0.46767686055509317
      vertex 1.343499381007466 -18.75 0.46767686055509317
      vertex 1.3240601285443612 -18.75 0.3366280652782268
    endloop
  endfacet
  facet normal 0 1 0
    outer loop
      vertex -1.35 -18.75 0.6
      vertex 1.35 -18.75 0.6
      vertex 1.343499381007466 -18.75 0.46767686055509317
    endloop
  endfacet
  facet normal 0 1 0
    outer loop
      vertex -1.343499381007466 -18.75 0.7323231394449068
      vertex 1.343499381007466 -18.75 0.7323231394449068
      vertex 1.35 -18.75 0.6
    endloop
  endfacet
  facet normal 0 -1 0
    outer loop
      vertex 1.343499381007466 -21.25 0.7323231394449068
      vertex 1.3240601285443612 -21.25 0.8633719347217732
      vertex 0.9807852804032304 -21.25 0.7950903220161283
    endloop
  endfacet
  facet normal 0 -1 0
    outer loop
      vertex 0.9807852804032304 -21.25 0.7950903220161283
      vertex 1.3240601285443612 -21.25 0.8633719347217732
      vertex 0.9569403357322088 -21.25 0.8902846772544624
    endloop
  endfacet
  facet normal 0 -1 0
    outer loop
      vertex 0.9569403357322088 -21.25 0.8902846772544624
      vertex 1.3240601285443612 -21.25 0.8633719347217732
      vertex 1.291869453238482 -21.25 0.9918843142935241
    endloop
  endfacet
  facet normal 0 -1 0
    outer loop
      vertex 0.9569403357322088 -21.25 0.8902846772544624
      vertex 1.291869453238482 -21.25 0.9918843142935241
      vertex 0.9238795325112867 -21.25 0.9826834323650897
    endloop
  endfacet
  facet normal 0 -1 0
    outer loop
      vertex 0.9238795325112867 -21.25 0.9826834323650897
      vertex 1.291869453238482 -21.25 0.9918843142935241
      vertex 0.881921264348355 -21.25 1.0713967368259976
    endloop
  endfacet
  facet normal 0 -1 0
    outer loop
      vertex 0.8314696123025452 -21.25 1.1555702330196023
      vertex 0.881921264348355 -21.25 1.0713967368259976
      vertex 1.2472373688902372 -21.25 1.116622633692871
    endloop
  endfacet
  facet normal 0 -1 0
    outer loop
      vertex 0.881921264348355 -21.25 1.0713967368259976
      vertex 1.291869453238482 -21.25 0.9918843142935241
      vertex 1.2472373688902372 -21.25 1.116622633692871
    endloop
  endfacet
  facet normal 0 -1 0
    outer loop
      vertex 0.5555702330196022 -21.25 1.4314696123025452
      vertex 1.043564112039695 -21.25 1.4564309336209216
      vertex 0.47139673682599764 -21.25 1.481921264348355
    endloop
  endfacet
  facet normal 0 -1 0
    outer loop
      vertex 0.47139673682599764 -21.25 1.481921264348355
      vertex 0.9545941546018393 -21.25 1.5545941546018391
      vertex 0.3826834323650898 -21.25 1.5238795325112866
    endloop
  endfacet
  facet normal 0 -1 0
    outer loop
      vertex 0.3826834323650898 -21.25 1.5238795325112866
      vertex 0.9545941546018393 -21.25 1.5545941546018391
      vertex 0.29028467725446233 -21.25 1.5569403357322087
    endloop
  endfacet
  facet normal 0 -1 0
    outer loop
      vertex 0.8314696123025452 -21.25 1.1555702330196023
      vertex 1.1905937068702794 -21.25 1.2363855947150968
      vertex 0.773010453362737 -21.25 1.2343932841636454
    endloop
  endfacet
  facet normal 0 -1 0
    outer loop
      vertex 0.773010453362737 -21.25 1.2343932841636454
      vertex 1.1905937068702794 -21.25 1.2363855947150968
      vertex 0.7071067811865476 -21.25 1.3071067811865476
    endloop
  endfacet
  facet normal 0 -1 0
    outer loop
      vertex 0.6343932841636455 -21.25 1.373010453362737
      vertex 0.7071067811865476 -21.25 1.3071067811865476
      vertex 1.1224839766084362 -21.25 1.3500198145764628
    endloop
  endfacet
  facet normal 0 -1 0
    outer loop
      vertex 0.7071067811865476 -21.25 1.3071067811865476
      vertex 1.1905937068702794 -21.25 1.2363855947150968
      vertex 1.1224839766084362 -21.25 1.3500198145764628
    endloop
  endfacet
  facet normal 0 -1 0
    outer loop
      vertex 0.8314696123025452 -21.25 1.1555702330196023
      vertex 1.2472373688902372 -21.25 1.116622633692871
      vertex 1.1905937068702794 -21.25 1.2363855947150968
    endloop
  endfacet
  facet normal 0 -1 0
    outer loop
      vertex 0.6343932841636455 -21.25 1.373010453362737
      vertex 1.043564112039695 -21.25 1.4564309336209216
      vertex 0.5555702330196022 -21.25 1.4314696123025452
    endloop
  endfacet
  facet normal 0 -1 0
    outer loop
      vertex 0.6343932841636455 -21.25 1.373010453362737
      vertex 1.1224839766084362 -21.25 1.3500198145764628
      vertex 1.043564112039695 -21.25 1.4564309336209216
    endloop
  endfacet
  facet normal 0 -1 0
    outer loop
      vertex 0.47139673682599764 -21.25 1.481921264348355
      vertex 1.043564112039695 -21.25 1.4564309336209216
      vertex 0.9545941546018393 -21.25 1.5545941546018391
    endloop
  endfacet
  facet normal 0.970031253194544 0 0.24298017990326432
    outer loop
      vertex 1.3240601285443612 -21.25 0.8633719347217732
      vertex 1.3240601285443612 -18.75 0.8633719347217732
      vertex 1.291869453238482 -21.25 0.9918843142935241
    endloop
  endfacet
  facet normal 0.9415440651830208 0 0.33688985339222005
    outer loop
      vertex 1.291869453238482 -21.25 0.9918843142935241
      vertex 1.291869453238482 -18.75 0.9918843142935241
      vertex 1.2472373688902372 -21.25 1.116622633692871
    endloop
  endfacet
  facet normal 0.9039892931234437 0 0.42755509343028125
    outer loop
      vertex 1.2472373688902372 -21.25 1.116622633692871
      vertex 1.2472373688902372 -18.75 1.116622633692871
      vertex 1.1905937068702794 -21.25 1.2363855947150968
    endloop
  endfacet
  facet normal 0.9891765099647808 0 0.14673047445536286
    outer loop
      vertex 1.343499381007466 -18.75 0.7323231394449068
      vertex 1.3240601285443612 -18.75 0.8633719347217732
      vertex 1.3240601285443612 -21.25 0.8633719347217732
    endloop
  endfacet
  facet normal 0.970031253194544 0 0.24298017990326432
    outer loop
      vertex 1.291869453238482 -21.25 0.9918843142935241
      vertex 1.3240601285443612 -18.75 0.8633719347217732
      vertex 1.291869453238482 -18.75 0.9918843142935241
    endloop
  endfacet
  facet normal 0.9415440651830208 0 0.33688985339222005
    outer loop
      vertex 1.2472373688902372 -21.25 1.116622633692871
      vertex 1.291869453238482 -18.75 0.9918843142935241
      vertex 1.2472373688902372 -18.75 1.116622633692871
    endloop
  endfacet
  facet normal 0.8577286100002718 0 0.5141027441932221
    outer loop
      vertex 1.1905937068702794 -21.25 1.2363855947150968
      vertex 1.1905937068702794 -18.75 1.2363855947150968
      vertex 1.1224839766084362 -21.25 1.3500198145764628
    endloop
  endfacet
  facet normal 0.7409511253549586 0 0.6715589548470191
    outer loop
      vertex 1.043564112039695 -21.25 1.4564309336209216
      vertex 1.043564112039695 -18.75 1.4564309336209216
      vertex 0.9545941546018393 -21.25 1.5545941546018391
    endloop
  endfacet
  facet normal 0.8032075314806456 0 0.5956993044924324
    outer loop
      vertex 1.1224839766084362 -21.25 1.3500198145764628
      vertex 1.1224839766084362 -18.75 1.3500198145764628
      vertex 1.043564112039695 -21.25 1.4564309336209216
    endloop
  endfacet
  facet normal 0.9039892931234437 0 0.42755509343028125
    outer loop
      vertex 1.1905937068702794 -21.25 1.2363855947150968
      vertex 1.2472373688902372 -18.75 1.116622633692871
      vertex 1.1905937068702794 -18.75 1.2363855947150968
    endloop
  endfacet
  facet normal 0.8577286100002718 0 0.5141027441932221
    outer loop
      vertex 1.1224839766084362 -21.25 1.3500198145764628
      vertex 1.1905937068702794 -18.75 1.2363855947150968
      vertex 1.1224839766084362 -18.75 1.3500198145764628
    endloop
  endfacet
  facet normal 0.7409511253549586 0 0.6715589548470191
    outer loop
      vertex 0.9545941546018393 -21.25 1.5545941546018391
      vertex 1.043564112039695 -18.75 1.4564309336209216
      vertex 0.9545941546018393 -18.75 1.5545941546018391
    endloop
  endfacet
  facet normal 0.8032075314806456 0 0.5956993044924324
    outer loop
      vertex 1.043564112039695 -21.25 1.4564309336209216
      vertex 1.1224839766084362 -18.75 1.3500198145764628
      vertex 1.043564112039695 -18.75 1.4564309336209216
    endloop
  endfacet
  facet normal 0 -1 0
    outer loop
      vertex -0.0980171403295606 -21.25 1.5951847266721968
      vertex 0 -21.25 1.6
      vertex 0.8564309336209215 -21.25 1.6435641120396949
    endloop
  endfacet
  facet normal 0 -1 0
    outer loop
      vertex 0 -21.25 1.6
      vertex 0.0980171403295606 -21.25 1.5951847266721968
      vertex 0.8564309336209215 -21.25 1.6435641120396949
    endloop
  endfacet
  facet normal 0 -1 0
    outer loop
      vertex -0.8564309336209215 -21.25 1.6435641120396949
      vertex 0.8564309336209215 -21.25 1.6435641120396949
      vertex 0.7500198145764629 -21.25 1.7224839766084363
    endloop
  endfacet
  facet normal 0 -1 0
    outer loop
      vertex 0.19509032201612825 -21.25 1.5807852804032305
      vertex 0.29028467725446233 -21.25 1.5569403357322087
      vertex 0.8564309336209215 -21.25 1.6435641120396949
    endloop
  endfacet
  facet normal 0 -1 0
    outer loop
      vertex 0.0980171403295606 -21.25 1.5951847266721968
      vertex 0.19509032201612825 -21.25 1.5807852804032305
      vertex 0.8564309336209215 -21.25 1.6435641120396949
    endloop
  endfacet
  facet normal 0 -1 0
    outer loop
      vertex -0.6363855947150968 -21.25 1.7905937068702795
      vertex 0.6363855947150968 -21.25 1.7905937068702795
      vertex 0.5166226336928712 -21.25 1.8472373688902373
    endloop
  endfacet
  facet normal 0 -1 0
    outer loop
      vertex -0.7500198145764629 -21.25 1.7224839766084363
      vertex 0.7500198145764629 -21.25 1.7224839766084363
      vertex 0.6363855947150968 -21.25 1.7905937068702795
    endloop
  endfacet
  facet normal 0 -1 0
    outer loop
      vertex -0.5166226336928712 -21.25 1.8472373688902373
      vertex 0.5166226336928712 -21.25 1.8472373688902373
      vertex 0.39188431429352416 -21.25 1.891869453238482
    endloop
  endfacet
  facet normal 0 -1 0
    outer loop
      vertex -0.39188431429352416 -21.25 1.891869453238482
      vertex 0.39188431429352416 -21.25 1.891869453238482
      vertex 0.26337193472177317 -21.25 1.9240601285443613
    endloop
  endfacet
  facet normal 0 -1 0
    outer loop
      vertex 0.29028467725446233 -21.25 1.5569403357322087
      vertex 0.9545941546018393 -21.25 1.5545941546018391
      vertex 0.8564309336209215 -21.25 1.6435641120396949
    endloop
  endfacet
  facet normal 0 -1 0
    outer loop
      vertex -0.1323231394449068 -21.25 1.943499381007466
      vertex 0.1323231394449068 -21.25 1.943499381007466
      vertex 0 -21.25 1.9500000000000002
    endloop
  endfacet
  facet normal 0 -1 0
    outer loop
      vertex -0.26337193472177317 -21.25 1.9240601285443613
      vertex 0.26337193472177317 -21.25 1.9240601285443613
      vertex 0.1323231394449068 -21.25 1.943499381007466
    endloop
  endfacet
  facet normal 0.2429801799032641 0 0.970031253194544
    outer loop
      vertex 0.26337193472177317 -21.25 1.9240601285443613
      vertex 0.39188431429352416 -21.25 1.891869453238482
      vertex 0.26337193472177317 -18.75 1.9240601285443613
    endloop
  endfacet
  facet normal 0.5141027441932218 0 0.8577286100002721
    outer loop
      vertex 0.6363855947150968 -21.25 1.7905937068702795
      vertex 0.7500198145764629 -21.25 1.7224839766084363
      vertex 0.6363855947150968 -18.75 1.7905937068702795
    endloop
  endfacet
  facet normal 0.42755509343028164 0 0.9039892931234436
    outer loop
      vertex 0.6363855947150968 -21.25 1.7905937068702795
      vertex 0.5166226336928712 -18.75 1.8472373688902373
      vertex 0.5166226336928712 -21.25 1.8472373688902373
    endloop
  endfacet
  facet normal 0.33688985339221994 0 0.9415440651830208
    outer loop
      vertex 0.5166226336928712 -21.25 1.8472373688902373
      vertex 0.39188431429352416 -18.75 1.891869453238482
      vertex 0.39188431429352416 -21.25 1.891869453238482
    endloop
  endfacet
  facet normal 0.42755509343028164 0 0.9039892931234436
    outer loop
      vertex 0.6363855947150968 -21.25 1.7905937068702795
      vertex 0.6363855947150968 -18.75 1.7905937068702795
      vertex 0.5166226336928712 -18.75 1.8472373688902373
    endloop
  endfacet
  facet normal 0.33688985339221994 0 0.9415440651830208
    outer loop
      vertex 0.5166226336928712 -21.25 1.8472373688902373
      vertex 0.5166226336928712 -18.75 1.8472373688902373
      vertex 0.39188431429352416 -18.75 1.891869453238482
    endloop
  endfacet
  facet normal 0.2429801799032641 0 0.970031253194544
    outer loop
      vertex 0.39188431429352416 -21.25 1.891869453238482
      vertex 0.39188431429352416 -18.75 1.891869453238482
      vertex 0.26337193472177317 -18.75 1.9240601285443613
    endloop
  endfacet
  facet normal 0.6715589548470181 0 0.7409511253549592
    outer loop
      vertex 0.9545941546018393 -21.25 1.5545941546018391
      vertex 0.8564309336209215 -18.75 1.6435641120396949
      vertex 0.8564309336209215 -21.25 1.6435641120396949
    endloop
  endfacet
  facet normal 0.5956993044924342 0 0.8032075314806443
    outer loop
      vertex 0.8564309336209215 -21.25 1.6435641120396949
      vertex 0.7500198145764629 -18.75 1.7224839766084363
      vertex 0.7500198145764629 -21.25 1.7224839766084363
    endloop
  endfacet
  facet normal 0.6715589548470181 0 0.7409511253549592
    outer loop
      vertex 0.9545941546018393 -21.25 1.5545941546018391
      vertex 0.9545941546018393 -18.75 1.5545941546018391
      vertex 0.8564309336209215 -18.75 1.6435641120396949
    endloop
  endfacet
  facet normal 0.5956993044924342 0 0.8032075314806443
    outer loop
      vertex 0.8564309336209215 -21.25 1.6435641120396949
      vertex 0.8564309336209215 -18.75 1.6435641120396949
      vertex 0.7500198145764629 -18.75 1.7224839766084363
    endloop
  endfacet
  facet normal 0.5141027441932218 0 0.8577286100002721
    outer loop
      vertex 0.7500198145764629 -21.25 1.7224839766084363
      vertex 0.7500198145764629 -18.75 1.7224839766084363
      vertex 0.6363855947150968 -18.75 1.7905937068702795
    endloop
  endfacet
  facet normal 0.049067674327417 0 0.9987954562051725
    outer loop
      vertex 0 -21.25 1.9500000000000002
      vertex 0.1323231394449068 -21.25 1.943499381007466
      vertex 0 -18.75 1.9500000000000002
    endloop
  endfacet
  facet normal 0.1467304744553629 0 0.9891765099647808
    outer loop
      vertex 0.26337193472177317 -21.25 1.9240601285443613
      vertex 0.1323231394449068 -18.75 1.943499381007466
      vertex 0.1323231394449068 -21.25 1.943499381007466
    endloop
  endfacet
  facet normal 0.049067674327417 0 0.9987954562051725
    outer loop
      vertex 0.1323231394449068 -21.25 1.943499381007466
      vertex 0.1323231394449068 -18.75 1.943499381007466
      vertex 0 -18.75 1.9500000000000002
    endloop
  endfacet
  facet normal 0.1467304744553629 0 0.9891765099647808
    outer loop
      vertex 0.26337193472177317 -21.25 1.9240601285443613
      vertex 0.26337193472177317 -18.75 1.9240601285443613
      vertex 0.1323231394449068 -18.75 1.943499381007466
    endloop
  endfacet
  facet normal 0 1 0
    outer loop
      vertex -1.3240601285443612 -18.75 0.8633719347217732
      vertex 1.3240601285443612 -18.75 0.8633719347217732
      vertex 1.343499381007466 -18.75 0.7323231394449068
    endloop
  endfacet
  facet normal 0 1 0
    outer loop
      vertex -1.291869453238482 -18.75 0.9918843142935241
      vertex 1.291869453238482 -18.75 0.9918843142935241
      vertex 1.3240601285443612 -18.75 0.8633719347217732
    endloop
  endfacet
  facet normal 0 1 0
    outer loop
      vertex -1.2472373688902372 -18.75 1.116622633692871
      vertex 1.2472373688902372 -18.75 1.116622633692871
      vertex 1.291869453238482 -18.75 0.9918843142935241
    endloop
  endfacet
  facet normal 0 1 0
    outer loop
      vertex -1.1905937068702794 -18.75 1.2363855947150968
      vertex 1.1905937068702794 -18.75 1.2363855947150968
      vertex 1.2472373688902372 -18.75 1.116622633692871
    endloop
  endfacet
  facet normal 0 1 0
    outer loop
      vertex -1.1224839766084362 -18.75 1.3500198145764628
      vertex 1.1224839766084362 -18.75 1.3500198145764628
      vertex 1.1905937068702794 -18.75 1.2363855947150968
    endloop
  endfacet
  facet normal 0 1 0
    outer loop
      vertex -1.043564112039695 -18.75 1.4564309336209216
      vertex 1.043564112039695 -18.75 1.4564309336209216
      vertex 1.1224839766084362 -18.75 1.3500198145764628
    endloop
  endfacet
  facet normal 0 1 0
    outer loop
      vertex -0.9545941546018393 -18.75 1.5545941546018391
      vertex 0.9545941546018393 -18.75 1.5545941546018391
      vertex 1.043564112039695 -18.75 1.4564309336209216
    endloop
  endfacet
  facet normal 0 1 0
    outer loop
      vertex -0.8564309336209215 -18.75 1.6435641120396949
      vertex 0.8564309336209215 -18.75 1.6435641120396949
      vertex 0.9545941546018393 -18.75 1.5545941546018391
    endloop
  endfacet
  facet normal 0 1 0
    outer loop
      vertex -0.7500198145764629 -18.75 1.7224839766084363
      vertex 0.7500198145764629 -18.75 1.7224839766084363
      vertex 0.8564309336209215 -18.75 1.6435641120396949
    endloop
  endfacet
  facet normal 0 1 0
    outer loop
      vertex -0.6363855947150968 -18.75 1.7905937068702795
      vertex 0.6363855947150968 -18.75 1.7905937068702795
      vertex 0.7500198145764629 -18.75 1.7224839766084363
    endloop
  endfacet
  facet normal 0 1 0
    outer loop
      vertex -0.5166226336928712 -18.75 1.8472373688902373
      vertex 0.5166226336928712 -18.75 1.8472373688902373
      vertex 0.6363855947150968 -18.75 1.7905937068702795
    endloop
  endfacet
  facet normal 0 1 0
    outer loop
      vertex -0.39188431429352416 -18.75 1.891869453238482
      vertex 0.39188431429352416 -18.75 1.891869453238482
      vertex 0.5166226336928712 -18.75 1.8472373688902373
    endloop
  endfacet
  facet normal 0 1 0
    outer loop
      vertex -0.26337193472177317 -18.75 1.9240601285443613
      vertex 0.26337193472177317 -18.75 1.9240601285443613
      vertex 0.39188431429352416 -18.75 1.891869453238482
    endloop
  endfacet
  facet normal 0 1 0
    outer loop
      vertex -0.1323231394449068 -18.75 1.943499381007466
      vertex 0 -18.75 1.9500000000000002
      vertex 0.1323231394449068 -18.75 1.943499381007466
    endloop
  endfacet
  facet normal 0 1 0
    outer loop
      vertex -0.1323231394449068 -18.75 1.943499381007466
      vertex 0.1323231394449068 -18.75 1.943499381007466
      vertex 0.26337193472177317 -18.75 1.9240601285443613
    endloop
  endfacet
endsolid OpenSCAD_Model
