solid OpenSCAD_Model
  facet normal -0.934275360349405 -0.3035644662826249 -0.18702450602670906
    outer loop
      vertex -14.694076670010965 -3.170438418525429 -6.374344943582427
      vertex -14.686222460293124 -3.2326108903166424 -6.312666616782153
      vertex -14.705472796800683 -3.1733644465622453 -6.312666616782153
    endloop
  endfacet
  facet normal -0.9649550362329467 -0.18407501784364266 -0.18702450602671064
    outer loop
      vertex -14.694076670010965 -3.170438418525429 -6.374344943582427
      vertex -14.705472796800683 -3.1733644465622453 -6.312666616782153
      vertex -14.705472796800683 -3.110697829780093 -6.374344943582427
    endloop
  endfacet
  facet normal -0.9343866006148688 -0.17824377688363222 -0.3084652923647125
    outer loop
      vertex -14.694076670010965 -3.170438418525429 -6.374344943582427
      vertex -14.705472796800683 -3.110697829780093 -6.374344943582427
      vertex -14.686222460293124 -3.108265946734215 -6.434062276342339
    endloop
  endfacet
  facet normal -0.9493585521008124 -0.05972857740982237 -0.3084652923647129
    outer loop
      vertex -14.689888242944125 -3.05 -6.434062276342339
      vertex -14.686222460293124 -3.108265946734215 -6.434062276342339
      vertex -14.705472796800683 -3.110697829780093 -6.374344943582427
    endloop
  endfacet
  facet normal -0.9649550362329535 -0.18407501784362545 -0.18702450602669315
    outer loop
      vertex -14.705472796800683 -3.110697829780093 -6.374344943582427
      vertex -14.705472796800683 -3.1733644465622453 -6.312666616782153
      vertex -14.717145790282158 -3.1121724717912134 -6.312666616782153
    endloop
  endfacet
  facet normal -0.9804167947589074 -0.061682596412130516 -0.18702450602669307
    outer loop
      vertex -14.705472796800683 -3.110697829780093 -6.374344943582427
      vertex -14.717145790282158 -3.1121724717912134 -6.312666616782153
      vertex -14.721057350657238 -3.05 -6.312666616782153
    endloop
  endfacet
  facet normal -0.9493585521008139 -0.059728577409818386 -0.30846529236470926
    outer loop
      vertex -14.689888242944125 -3.05 -6.434062276342339
      vertex -14.705472796800683 -3.110697829780093 -6.374344943582427
      vertex -14.709291580564315 -3.05 -6.374344943582427
    endloop
  endfacet
  facet normal -0.980416794758908 -0.06168259641213513 -0.18702450602668869
    outer loop
      vertex -14.705472796800683 -3.110697829780093 -6.374344943582427
      vertex -14.721057350657238 -3.05 -6.312666616782153
      vertex -14.709291580564315 -3.05 -6.374344943582427
    endloop
  endfacet
  facet normal -0.9491872008496612 -0.3084096169682419 -0.06266710384793023
    outer loop
      vertex -14.689888242944125 -3.234062276342339 -6.25
      vertex -14.705472796800683 -3.1733644465622453 -6.312666616782153
      vertex -14.686222460293124 -3.2326108903166424 -6.312666616782153
    endloop
  endfacet
  facet normal -0.9491872008496626 -0.3084096169682384 -0.0626671038479265
    outer loop
      vertex -14.689888242944125 -3.234062276342339 -6.25
      vertex -14.709291580564315 -3.1743449435824274 -6.25
      vertex -14.705472796800683 -3.1733644465622453 -6.312666616782153
    endloop
  endfacet
  facet normal -0.9803565508194472 -0.18701301388061198 -0.06266710384792566
    outer loop
      vertex -14.705472796800683 -3.1733644465622453 -6.312666616782153
      vertex -14.709291580564315 -3.1743449435824274 -6.25
      vertex -14.721057350657238 -3.112666616782152 -6.25
    endloop
  endfacet
  facet normal -0.9803565508194467 -0.18701301388061717 -0.06266710384792058
    outer loop
      vertex -14.705472796800683 -3.1733644465622453 -6.312666616782153
      vertex -14.721057350657238 -3.112666616782152 -6.25
      vertex -14.717145790282158 -3.1121724717912134 -6.312666616782153
    endloop
  endfacet
  facet normal -0.9960650923461908 -0.06266710384793879 -0.06266710384792
    outer loop
      vertex -14.717145790282158 -3.1121724717912134 -6.312666616782153
      vertex -14.721057350657238 -3.112666616782152 -6.25
      vertex -14.725 -3.05 -6.25
    endloop
  endfacet
  facet normal -0.9960650923461908 -0.06266710384792029 -0.06266710384793835
    outer loop
      vertex -14.717145790282158 -3.1121724717912134 -6.312666616782153
      vertex -14.725 -3.05 -6.25
      vertex -14.721057350657238 -3.05 -6.312666616782153
    endloop
  endfacet
  facet normal -0.28387230649546696 -0.7169796028259607 -0.6366763406445001
    outer loop
      vertex -14.397231341364535 -3.4160102312076006 -6.543892626146237
      vertex -14.380189872878326 -3.379795267244958 -6.592273552964344
      vertex -14.35 -3.4347104421469066 -6.543892626146237
    endloop
  endfacet
  facet normal -0.3714952605920224 -0.6757473704138209 -0.6366763406445003
    outer loop
      vertex -14.397231341364535 -3.4160102312076006 -6.543892626146237
      vertex -14.441746491589734 -3.3915378202782374 -6.543892626146237
      vertex -14.380189872878326 -3.379795267244958 -6.592273552964344
    endloop
  endfacet
  facet normal -0.3301290922874181 -0.6005025896018321 -0.7282935001130922
    outer loop
      vertex -14.380189872878326 -3.379795267244958 -6.592273552964344
      vertex -14.395774426734882 -3.319097437464864 -6.635256621387895
      vertex -14.360700967390889 -3.3383792349077184 -6.635256621387895
    endloop
  endfacet
  facet normal -0.33012909228741766 -0.6005025896018321 -0.7282935001130926
    outer loop
      vertex -14.380189872878326 -3.379795267244958 -6.592273552964344
      vertex -14.420300461635726 -3.3577442844733856 -6.592273552964344
      vertex -14.395774426734882 -3.319097437464864 -6.635256621387895
    endloop
  endfacet
  facet normal -0.45325951250855057 -0.6238581982983304 -0.6366763406445004
    outer loop
      vertex -14.482843420164485 -3.3616791538982813 -6.543892626146237
      vertex -14.45733104544629 -3.330839990498144 -6.592273552964344
      vertex -14.441746491589734 -3.3915378202782374 -6.543892626146237
    endloop
  endfacet
  facet normal -0.3714952605920291 -0.6757473704138114 -0.6366763406445065
    outer loop
      vertex -14.380189872878326 -3.379795267244958 -6.592273552964344
      vertex -14.441746491589734 -3.3915378202782374 -6.543892626146237
      vertex -14.420300461635726 -3.3577442844733856 -6.592273552964344
    endloop
  endfacet
  facet normal -0.45325951250853946 -0.6238581982983324 -0.6366763406445066
    outer loop
      vertex -14.420300461635726 -3.3577442844733856 -6.592273552964344
      vertex -14.441746491589734 -3.3915378202782374 -6.543892626146237
      vertex -14.45733104544629 -3.330839990498144 -6.592273552964344
    endloop
  endfacet
  facet normal -0.07376426203654754 -0.5839042584066663 -0.8084643781025634
    outer loop
      vertex -14.245012091738383 -3.3680830895552902 -6.635256621387895
      vertex -14.284720672573794 -3.363066729219376 -6.635256621387895
      vertex -14.241822421417229 -3.317384731598547 -6.672163962751007
    endloop
  endfacet
  facet normal -0.08588652013330708 -0.6798618119532938 -0.72829350011309
    outer loop
      vertex -14.293297549848987 -3.4080282944486218 -6.592273552964344
      vertex -14.245012091738383 -3.3680830895552902 -6.635256621387895
      vertex -14.24788615941818 -3.4137650871761194 -6.592273552964344
    endloop
  endfacet
  facet normal -0.19177251654836844 -0.7469046385986824 -0.6366763406445048
    outer loop
      vertex -14.300797333964084 -3.447343539598677 -6.543892626146237
      vertex -14.35 -3.4347104421469066 -6.543892626146237
      vertex -14.293297549848987 -3.4080282944486218 -6.592273552964344
    endloop
  endfacet
  facet normal -0.28387230649545675 -0.71697960282596 -0.6366763406445054
    outer loop
      vertex -14.380189872878326 -3.379795267244958 -6.592273552964344
      vertex -14.337631847119697 -3.3966451816419334 -6.592273552964344
      vertex -14.35 -3.4347104421469066 -6.543892626146237
    endloop
  endfacet
  facet normal -0.1917725165483686 -0.7469046385986821 -0.6366763406445048
    outer loop
      vertex -14.337631847119697 -3.3966451816419334 -6.592273552964344
      vertex -14.293297549848987 -3.4080282944486218 -6.592273552964344
      vertex -14.35 -3.4347104421469066 -6.543892626146237
    endloop
  endfacet
  facet normal -0.09664835945596398 -0.7650505420415014 -0.6366763406445032
    outer loop
      vertex -14.250399298692423 -3.453710292069451 -6.543892626146237
      vertex -14.293297549848987 -3.4080282944486218 -6.592273552964344
      vertex -14.24788615941818 -3.4137650871761194 -6.592273552964344
    endloop
  endfacet
  facet normal -0.09664835945596216 -0.7650505420415008 -0.6366763406445043
    outer loop
      vertex -14.300797333964084 -3.447343539598677 -6.543892626146237
      vertex -14.293297549848987 -3.4080282944486218 -6.592273552964344
      vertex -14.250399298692423 -3.453710292069451 -6.543892626146237
    endloop
  endfacet
  facet normal -0.17041855853799295 -0.663736463213268 -0.7282935001130896
    outer loop
      vertex -14.337631847119697 -3.3966451816419334 -6.592273552964344
      vertex -14.323487422727313 -3.353113119546673 -6.635256621387895
      vertex -14.284720672573794 -3.363066729219376 -6.635256621387895
    endloop
  endfacet
  facet normal -0.25226299447140654 -0.6371435939514271 -0.7282935001130919
    outer loop
      vertex -14.380189872878326 -3.379795267244958 -6.592273552964344
      vertex -14.360700967390889 -3.3383792349077184 -6.635256621387895
      vertex -14.337631847119697 -3.3966451816419334 -6.592273552964344
    endloop
  endfacet
  facet normal -0.1704185585379865 -0.6637364632132735 -0.7282935001130862
    outer loop
      vertex -14.337631847119697 -3.3966451816419334 -6.592273552964344
      vertex -14.284720672573794 -3.363066729219376 -6.635256621387895
      vertex -14.293297549848987 -3.4080282944486218 -6.592273552964344
    endloop
  endfacet
  facet normal -0.2522629944714116 -0.6371435939514276 -0.7282935001130898
    outer loop
      vertex -14.337631847119697 -3.3966451816419334 -6.592273552964344
      vertex -14.360700967390889 -3.3383792349077184 -6.635256621387895
      vertex -14.323487422727313 -3.353113119546673 -6.635256621387895
    endloop
  endfacet
  facet normal -0.08588652013330215 -0.679861811953297 -0.7282935001130874
    outer loop
      vertex -14.293297549848987 -3.4080282944486218 -6.592273552964344
      vertex -14.284720672573794 -3.363066729219376 -6.635256621387895
      vertex -14.245012091738383 -3.3680830895552902 -6.635256621387895
    endloop
  endfacet
  facet normal -0.33320815633570666 -0.8415877354762896 -0.42509105853599194
    outer loop
      vertex -14.42293978673768 -3.47064345858924 -6.434062276342339
      vertex -14.360396828208922 -3.466708589164344 -6.490876837050857
      vertex -14.368658367554843 -3.492134992801015 -6.434062276342339
    endloop
  endfacet
  facet normal -0.436059622713861 -0.7931895091284268 -0.42509105853599244
    outer loop
      vertex -14.411556618711408 -3.446452995180186 -6.490876837050857
      vertex -14.42293978673768 -3.47064345858924 -6.434062276342339
      vertex -14.459774299893294 -3.4199451006324963 -6.490876837050857
    endloop
  endfacet
  facet normal -0.33320815633570766 -0.8415877354762886 -0.42509105853599294
    outer loop
      vertex -14.411556618711408 -3.446452995180186 -6.490876837050857
      vertex -14.360396828208922 -3.466708589164344 -6.490876837050857
      vertex -14.42293978673768 -3.47064345858924 -6.434062276342339
    endloop
  endfacet
  facet normal -0.3616290864108983 -0.9133708107921388 -0.18702450602669696
    outer loop
      vertex -14.374654328627077 -3.5105886634825714 -6.374344943582427
      vertex -14.436210947338486 -3.498846110449292 -6.312666616782153
      vertex -14.431201326083603 -3.488200123376119 -6.374344943582427
    endloop
  endfacet
  facet normal -0.36162908641089875 -0.9133708107921387 -0.18702450602669737
    outer loop
      vertex -14.374654328627077 -3.5105886634825714 -6.374344943582427
      vertex -14.3782901515377 -3.521778575798677 -6.312666616782153
      vertex -14.436210947338486 -3.498846110449292 -6.312666616782153
    endloop
  endfacet
  facet normal -0.4582612444004509 -0.833574109055042 -0.30846529236470516
    outer loop
      vertex -14.42293978673768 -3.47064345858924 -6.434062276342339
      vertex -14.48449640544909 -3.4589009055559603 -6.374344943582427
      vertex -14.474099577240167 -3.4425181257552904 -6.434062276342339
    endloop
  endfacet
  facet normal -0.35017317910899937 -0.8844364918065352 -0.3084652923647091
    outer loop
      vertex -14.42293978673768 -3.47064345858924 -6.434062276342339
      vertex -14.368658367554843 -3.492134992801015 -6.434062276342339
      vertex -14.374654328627077 -3.5105886634825714 -6.374344943582427
    endloop
  endfacet
  facet normal -0.45826124440044624 -0.8335741090550468 -0.3084652923646994
    outer loop
      vertex -14.42293978673768 -3.47064345858924 -6.434062276342339
      vertex -14.431201326083603 -3.488200123376119 -6.374344943582427
      vertex -14.48449640544909 -3.4589009055559603 -6.374344943582427
    endloop
  endfacet
  facet normal -0.3501731791090096 -0.8844364918065342 -0.30846529236470027
    outer loop
      vertex -14.42293978673768 -3.47064345858924 -6.434062276342339
      vertex -14.374654328627077 -3.5105886634825714 -6.374344943582427
      vertex -14.431201326083603 -3.488200123376119 -6.374344943582427
    endloop
  endfacet
  facet normal -0.4732532502109922 -0.8608444663876289 -0.18702450602669857
    outer loop
      vertex -14.48449640544909 -3.4589009055559603 -6.374344943582427
      vertex -14.431201326083603 -3.488200123376119 -6.374344943582427
      vertex -14.436210947338486 -3.498846110449292 -6.312666616782153
    endloop
  endfacet
  facet normal -0.4732532502110036 -0.8608444663876249 -0.18702450602668705
    outer loop
      vertex -14.48449640544909 -3.4589009055559603 -6.374344943582427
      vertex -14.436210947338486 -3.498846110449292 -6.312666616782153
      vertex -14.49080082032844 -3.468835073810452 -6.312666616782153
    endloop
  endfacet
  facet normal -0.5774139275474874 -0.7947420905046232 -0.1870245060266866
    outer loop
      vertex -14.48449640544909 -3.4589009055559603 -6.374344943582427
      vertex -14.49080082032844 -3.468835073810452 -6.312666616782153
      vertex -14.533699071485005 -3.423153076189623 -6.374344943582427
    endloop
  endfacet
  facet normal -0.6196182173342399 -0.6598263837558184 -0.4250910585360012
    outer loop
      vertex -14.544400038875894 -3.349936600865002 -6.490876837050857
      vertex -14.504289450118494 -3.3876029508533416 -6.490876837050857
      vertex -14.563888944363331 -3.368237901287674 -6.434062276342339
    endloop
  endfacet
  facet normal -0.6974305168867252 -0.5769647008854674 -0.4250910585360019
    outer loop
      vertex -14.544400038875894 -3.349936600865002 -6.490876837050857
      vertex -14.563888944363331 -3.368237901287674 -6.434062276342339
      vertex -14.579473498219887 -3.3075400715075807 -6.490876837050857
    endloop
  endfacet
  facet normal -0.4965646317752033 -0.6834625815208246 -0.535072393355186
    outer loop
      vertex -14.441746491589734 -3.3915378202782374 -6.543892626146237
      vertex -14.459774299893294 -3.4199451006324963 -6.490876837050857
      vertex -14.504289450118494 -3.3876029508533416 -6.490876837050857
    endloop
  endfacet
  facet normal -0.40698849597478576 -0.7403093258991977 -0.5350723933551957
    outer loop
      vertex -14.397231341364535 -3.4160102312076006 -6.543892626146237
      vertex -14.411556618711408 -3.446452995180186 -6.490876837050857
      vertex -14.459774299893294 -3.4199451006324963 -6.490876837050857
    endloop
  endfacet
  facet normal -0.3109939084696875 -0.785480949968801 -0.5350723933551959
    outer loop
      vertex -14.397231341364535 -3.4160102312076006 -6.543892626146237
      vertex -14.360396828208922 -3.466708589164344 -6.490876837050857
      vertex -14.411556618711408 -3.446452995180186 -6.490876837050857
    endloop
  endfacet
  facet normal -0.40698849597477676 -0.7403093258992096 -0.535072393355186
    outer loop
      vertex -14.397231341364535 -3.4160102312076006 -6.543892626146237
      vertex -14.459774299893294 -3.4199451006324963 -6.490876837050857
      vertex -14.441746491589734 -3.3915378202782374 -6.543892626146237
    endloop
  endfacet
  facet normal -0.4360596227138512 -0.7931895091284282 -0.4250910585360001
    outer loop
      vertex -14.42293978673768 -3.47064345858924 -6.434062276342339
      vertex -14.474099577240167 -3.4425181257552904 -6.434062276342339
      vertex -14.459774299893294 -3.4199451006324963 -6.490876837050857
    endloop
  endfacet
  facet normal -0.5320341683524021 -0.7322822103931727 -0.4250910585360001
    outer loop
      vertex -14.459774299893294 -3.4199451006324963 -6.490876837050857
      vertex -14.474099577240167 -3.4425181257552904 -6.434062276342339
      vertex -14.504289450118494 -3.3876029508533416 -6.490876837050857
    endloop
  endfacet
  facet normal -0.532034168352405 -0.7322822103931718 -0.4250910585359978
    outer loop
      vertex -14.474099577240167 -3.4425181257552904 -6.434062276342339
      vertex -14.521330918604702 -3.4082025475992173 -6.434062276342339
      vertex -14.504289450118494 -3.3876029508533416 -6.490876837050857
    endloop
  endfacet
  facet normal -0.49656463177521204 -0.6834625815208095 -0.5350723933551973
    outer loop
      vertex -14.482843420164485 -3.3616791538982813 -6.543892626146237
      vertex -14.441746491589734 -3.3915378202782374 -6.543892626146237
      vertex -14.504289450118494 -3.3876029508533416 -6.490876837050857
    endloop
  endfacet
  facet normal -0.5783096466991903 -0.615837223951101 -0.5350723933551975
    outer loop
      vertex -14.482843420164485 -3.3616791538982813 -6.543892626146237
      vertex -14.504289450118494 -3.3876029508533416 -6.490876837050857
      vertex -14.519874003975051 -3.326905121073248 -6.543892626146237
    endloop
  endfacet
  facet normal -0.5783096466992093 -0.6158372239510944 -0.5350723933551844
    outer loop
      vertex -14.544400038875894 -3.349936600865002 -6.490876837050857
      vertex -14.519874003975051 -3.326905121073248 -6.543892626146237
      vertex -14.504289450118494 -3.3876029508533416 -6.490876837050857
    endloop
  endfacet
  facet normal -0.619618217334238 -0.6598263837558225 -0.4250910585359979
    outer loop
      vertex -14.563888944363331 -3.368237901287674 -6.434062276342339
      vertex -14.504289450118494 -3.3876029508533416 -6.490876837050857
      vertex -14.521330918604702 -3.4082025475992173 -6.434062276342339
    endloop
  endfacet
  facet normal -0.6511655758485728 -0.6934209084215384 -0.3084652923647083
    outer loop
      vertex -14.563888944363331 -3.368237901287674 -6.434062276342339
      vertex -14.521330918604702 -3.4082025475992173 -6.434062276342339
      vertex -14.533699071485005 -3.423153076189623 -6.374344943582427
    endloop
  endfacet
  facet normal -0.6724684423162 -0.7161061570984391 -0.18702450602669482
    outer loop
      vertex -14.533699071485005 -3.423153076189623 -6.374344943582427
      vertex -14.541198855600102 -3.432218757857676 -6.312666616782153
      vertex -14.58661024603091 -3.389574623767065 -6.312666616782153
    endloop
  endfacet
  facet normal -0.6724684423161966 -0.7161061570984437 -0.18702450602668935
    outer loop
      vertex -14.533699071485005 -3.423153076189623 -6.374344943582427
      vertex -14.58661024603091 -3.389574623767065 -6.312666616782153
      vertex -14.578033368755715 -3.3815203999009324 -6.374344943582427
    endloop
  endfacet
  facet normal -0.6511655758485703 -0.6934209084215397 -0.3084652923647108
    outer loop
      vertex -14.563888944363331 -3.368237901287674 -6.434062276342339
      vertex -14.533699071485005 -3.423153076189623 -6.374344943582427
      vertex -14.578033368755715 -3.3815203999009324 -6.374344943582427
    endloop
  endfacet
  facet normal -0.7329396254628424 -0.6063403902369884 -0.3084652923647081
    outer loop
      vertex -14.563888944363331 -3.368237901287674 -6.434062276342339
      vertex -14.616800118909236 -3.3346594488651164 -6.374344943582427
      vertex -14.601102489026907 -3.3232544531667174 -6.434062276342339
    endloop
  endfacet
  facet normal -0.7329396254628437 -0.6063403902369855 -0.3084652923647109
    outer loop
      vertex -14.563888944363331 -3.368237901287674 -6.434062276342339
      vertex -14.578033368755715 -3.3815203999009324 -6.374344943582427
      vertex -14.616800118909236 -3.3346594488651164 -6.374344943582427
    endloop
  endfacet
  facet normal -0.7569177280364028 -0.6261768018137392 -0.18702450602669
    outer loop
      vertex -14.578033368755715 -3.3815203999009324 -6.374344943582427
      vertex -14.58661024603091 -3.389574623767065 -6.312666616782153
      vertex -14.626318826866319 -3.341575195007601 -6.312666616782153
    endloop
  endfacet
  facet normal -0.756917728036402 -0.6261768018137408 -0.1870245060266884
    outer loop
      vertex -14.578033368755715 -3.3815203999009324 -6.374344943582427
      vertex -14.626318826866319 -3.341575195007601 -6.312666616782153
      vertex -14.616800118909236 -3.3346594488651164 -6.374344943582427
    endloop
  endfacet
  facet normal -0.559122256115705 -0.7695657646507147 -0.30846529236470793
    outer loop
      vertex -14.474099577240167 -3.4425181257552904 -6.434062276342339
      vertex -14.533699071485005 -3.423153076189623 -6.374344943582427
      vertex -14.521330918604702 -3.4082025475992173 -6.434062276342339
    endloop
  endfacet
  facet normal -0.5591222561157035 -0.7695657646507165 -0.30846529236470577
    outer loop
      vertex -14.48449640544909 -3.4589009055559603 -6.374344943582427
      vertex -14.533699071485005 -3.423153076189623 -6.374344943582427
      vertex -14.474099577240167 -3.4425181257552904 -6.434062276342339
    endloop
  endfacet
  facet normal -0.5774139275474806 -0.7947420905046267 -0.1870245060266941
    outer loop
      vertex -14.533699071485005 -3.423153076189623 -6.374344943582427
      vertex -14.49080082032844 -3.468835073810452 -6.312666616782153
      vertex -14.541198855600102 -3.432218757857676 -6.312666616782153
    endloop
  endfacet
  facet normal -0.1134454504025658 -0.8980132079962423 -0.4250910585359999
    outer loop
      vertex -14.312111370098318 -3.5066537940576756 -6.434062276342339
      vertex -14.307101748843435 -3.4803924397677353 -6.490876837050857
      vertex -14.254190574297532 -3.5139708921902932 -6.434062276342339
    endloop
  endfacet
  facet normal -0.21009476124927645 -0.818265070233821 -0.5350723933551884
    outer loop
      vertex -14.300797333964084 -3.447343539598677 -6.543892626146237
      vertex -14.307101748843435 -3.4803924397677353 -6.490876837050857
      vertex -14.35 -3.4347104421469066 -6.543892626146237
    endloop
  endfacet
  facet normal -0.21009476124927193 -0.8182650702338203 -0.5350723933551915
    outer loop
      vertex -14.35 -3.4347104421469066 -6.543892626146237
      vertex -14.307101748843435 -3.4803924397677353 -6.490876837050857
      vertex -14.360396828208922 -3.466708589164344 -6.490876837050857
    endloop
  endfacet
  facet normal -0.10588229413944072 -0.8381446615333876 -0.5350723933551909
    outer loop
      vertex -14.250399298692423 -3.453710292069451 -6.543892626146237
      vertex -14.25251187585348 -3.4872887444920084 -6.490876837050857
      vertex -14.307101748843435 -3.4803924397677353 -6.490876837050857
    endloop
  endfacet
  facet normal -0.10588229413943812 -0.8381446615333893 -0.5350723933551889
    outer loop
      vertex -14.300797333964084 -3.447343539598677 -6.543892626146237
      vertex -14.250399298692423 -3.453710292069451 -6.543892626146237
      vertex -14.307101748843435 -3.4803924397677353 -6.490876837050857
    endloop
  endfacet
  facet normal -0.22510179828324015 -0.8767136204955375 -0.4250910585360013
    outer loop
      vertex -14.312111370098318 -3.5066537940576756 -6.434062276342339
      vertex -14.360396828208922 -3.466708589164344 -6.490876837050857
      vertex -14.307101748843435 -3.4803924397677353 -6.490876837050857
    endloop
  endfacet
  facet normal -0.22510179828325125 -0.8767136204955388 -0.42509105853599277
    outer loop
      vertex -14.312111370098318 -3.5066537940576756 -6.434062276342339
      vertex -14.368658367554843 -3.492134992801015 -6.434062276342339
      vertex -14.360396828208922 -3.466708589164344 -6.490876837050857
    endloop
  endfacet
  facet normal -0.1134454504025654 -0.8980132079962421 -0.42509105853600015
    outer loop
      vertex -14.254190574297532 -3.5139708921902932 -6.434062276342339
      vertex -14.307101748843435 -3.4803924397677353 -6.490876837050857
      vertex -14.25251187585348 -3.4872887444920084 -6.490876837050857
    endloop
  endfacet
  facet normal -0.23656267359969196 -0.9213507827454874 -0.3084652923647058
    outer loop
      vertex -14.312111370098318 -3.5066537940576756 -6.434062276342339
      vertex -14.31574719300894 -3.5257134452235723 -6.374344943582427
      vertex -14.368658367554843 -3.492134992801015 -6.434062276342339
    endloop
  endfacet
  facet normal -0.11922143341201877 -0.9437348214522663 -0.30846529236470493
    outer loop
      vertex -14.312111370098318 -3.5066537940576756 -6.434062276342339
      vertex -14.254190574297532 -3.5139708921902932 -6.434062276342339
      vertex -14.31574719300894 -3.5257134452235723 -6.374344943582427
    endloop
  endfacet
  facet normal -0.23656267359968874 -0.9213507827454872 -0.30846529236470854
    outer loop
      vertex -14.374654328627077 -3.5105886634825714 -6.374344943582427
      vertex -14.368658367554843 -3.492134992801015 -6.434062276342339
      vertex -14.31574719300894 -3.5257134452235723 -6.374344943582427
    endloop
  endfacet
  facet normal -0.11922143341201648 -0.9437348214522672 -0.3084652923647027
    outer loop
      vertex -14.254190574297532 -3.5139708921902932 -6.434062276342339
      vertex -14.255408919947305 -3.5333359417559604 -6.374344943582427
      vertex -14.31574719300894 -3.5257134452235723 -6.374344943582427
    endloop
  endfacet
  facet normal -0.24430181589133543 -0.9514927518891928 -0.18702450602668957
    outer loop
      vertex -14.31574719300894 -3.5257134452235723 -6.374344943582427
      vertex -14.317951878476064 -3.537270811180856 -6.312666616782153
      vertex -14.3782901515377 -3.521778575798677 -6.312666616782153
    endloop
  endfacet
  facet normal -0.12312175979635435 -0.9746090838947277 -0.18702450602669263
    outer loop
      vertex -14.31574719300894 -3.5257134452235723 -6.374344943582427
      vertex -14.256147698764103 -3.54507849478924 -6.312666616782153
      vertex -14.317951878476064 -3.537270811180856 -6.312666616782153
    endloop
  endfacet
  facet normal -0.24430181589134214 -0.9514927518891896 -0.18702450602669662
    outer loop
      vertex -14.374654328627077 -3.5105886634825714 -6.374344943582427
      vertex -14.31574719300894 -3.5257134452235723 -6.374344943582427
      vertex -14.3782901515377 -3.521778575798677 -6.312666616782153
    endloop
  endfacet
  facet normal -0.12312175979635463 -0.9746090838947278 -0.18702450602669238
    outer loop
      vertex -14.31574719300894 -3.5257134452235723 -6.374344943582427
      vertex -14.255408919947305 -3.5333359417559604 -6.374344943582427
      vertex -14.256147698764103 -3.54507849478924 -6.312666616782153
    endloop
  endfacet
  facet normal -0.3109939084696937 -0.7854809499688014 -0.5350723933551919
    outer loop
      vertex -14.397231341364535 -3.4160102312076006 -6.543892626146237
      vertex -14.35 -3.4347104421469066 -6.543892626146237
      vertex -14.360396828208922 -3.466708589164344 -6.490876837050857
    endloop
  endfacet
  facet normal -0.3674009985105554 -0.9279489966527038 -0.0626671038479284
    outer loop
      vertex -14.436210947338486 -3.498846110449292 -6.312666616782153
      vertex -14.3782901515377 -3.521778575798677 -6.312666616782153
      vertex -14.379508497187473 -3.5255282581475766 -6.25
    endloop
  endfacet
  facet normal -0.3674009985105481 -0.9279489966527062 -0.06266710384793611
    outer loop
      vertex -14.436210947338486 -3.498846110449292 -6.312666616782153
      vertex -14.379508497187473 -3.5255282581475766 -6.25
      vertex -14.437889645782535 -3.50241352623301 -6.25
    endloop
  endfacet
  facet normal -0.4808067802331725 -0.8745842864910849 -0.06266710384794816
    outer loop
      vertex -14.436210947338486 -3.498846110449292 -6.312666616782153
      vertex -14.492913397489499 -3.4721639627510075 -6.25
      vertex -14.49080082032844 -3.468835073810452 -6.312666616782153
    endloop
  endfacet
  facet normal -0.5866299518114534 -0.807426859680183 -0.0626671038479498
    outer loop
      vertex -14.49080082032844 -3.468835073810452 -6.312666616782153
      vertex -14.492913397489499 -3.4721639627510075 -6.25
      vertex -14.541198855600102 -3.432218757857676 -6.312666616782153
    endloop
  endfacet
  facet normal -0.4808067802331606 -0.8745842864910925 -0.06266710384793406
    outer loop
      vertex -14.436210947338486 -3.498846110449292 -6.312666616782153
      vertex -14.437889645782535 -3.50241352623301 -6.25
      vertex -14.492913397489499 -3.4721639627510075 -6.25
    endloop
  endfacet
  facet normal -0.586629951811472 -0.8074268596801715 -0.06266710384792801
    outer loop
      vertex -14.492913397489499 -3.4721639627510075 -6.25
      vertex -14.543711994874345 -3.4352566213878943 -6.25
      vertex -14.541198855600102 -3.432218757857676 -6.312666616782153
    endloop
  endfacet
  facet normal -0.6832016186139492 -0.7275358289586795 -0.06266710384792765
    outer loop
      vertex -14.541198855600102 -3.432218757857676 -6.312666616782153
      vertex -14.543711994874345 -3.4352566213878943 -6.25
      vertex -14.58661024603091 -3.389574623767065 -6.312666616782153
    endloop
  endfacet
  facet normal -0.6832016186139445 -0.7275358289586835 -0.06266710384793374
    outer loop
      vertex -14.543711994874345 -3.4352566213878943 -6.25
      vertex -14.589484313710706 -3.392273552964344 -6.25
      vertex -14.58661024603091 -3.389574623767065 -6.312666616782153
    endloop
  endfacet
  facet normal -0.768998787766022 -0.636171123605671 -0.06266710384792497
    outer loop
      vertex -14.626318826866319 -3.341575195007601 -6.312666616782153
      vertex -14.58661024603091 -3.389574623767065 -6.312666616782153
      vertex -14.629508497187473 -3.3438926261462365 -6.25
    endloop
  endfacet
  facet normal -0.7689987877660271 -0.6361711236056642 -0.06266710384793345
    outer loop
      vertex -14.58661024603091 -3.389574623767065 -6.312666616782153
      vertex -14.589484313710706 -3.392273552964344 -6.25
      vertex -14.629508497187473 -3.3438926261462365 -6.25
    endloop
  endfacet
  facet normal -0.24820108356669307 -0.9666793968072512 -0.062667103847939
    outer loop
      vertex -14.3782901515377 -3.521778575798677 -6.312666616782153
      vertex -14.317951878476064 -3.537270811180856 -6.312666616782153
      vertex -14.318690657292862 -3.5411436253643442 -6.25
    endloop
  endfacet
  facet normal -0.12508688926686404 -0.9901646854078624 -0.06266710384793751
    outer loop
      vertex -14.317951878476064 -3.537270811180856 -6.312666616782153
      vertex -14.256147698764103 -3.54507849478924 -6.312666616782153
      vertex -14.318690657292862 -3.5411436253643442 -6.25
    endloop
  endfacet
  facet normal -0.2482010835667017 -0.9666793968072495 -0.06266710384793021
    outer loop
      vertex -14.3782901515377 -3.521778575798677 -6.312666616782153
      vertex -14.318690657292862 -3.5411436253643442 -6.25
      vertex -14.379508497187473 -3.5255282581475766 -6.25
    endloop
  endfacet
  facet normal -0.12508688926686373 -0.9901646854078625 -0.0626671038479372
    outer loop
      vertex -14.256395259764657 -3.5490133642141357 -6.25
      vertex -14.318690657292862 -3.5411436253643442 -6.25
      vertex -14.256147698764103 -3.54507849478924 -6.312666616782153
    endloop
  endfacet
  facet normal -0.28353377027712084 -0.5157460135102159 -0.8084643781025611
    outer loop
      vertex -14.395774426734882 -3.319097437464864 -6.635256621387895
      vertex -14.368555177108732 -3.276206763116505 -6.672163962751007
      vertex -14.360700967390889 -3.3383792349077184 -6.635256621387895
    endloop
  endfacet
  facet normal -0.34593813738218177 -0.47614299789430997 -0.8084643781025642
    outer loop
      vertex -14.395774426734882 -3.2564308206827124 -6.672163962751007
      vertex -14.395774426734882 -3.319097437464864 -6.635256621387895
      vertex -14.428154671353568 -3.295571812682172 -6.635256621387895
    endloop
  endfacet
  facet normal -0.45348180308125446 -0.3751527736981426 -0.8084643781025633
    outer loop
      vertex -14.45733104544629 -3.2681733737159915 -6.635256621387895
      vertex -14.482843420164485 -3.237334210315854 -6.635256621387895
      vertex -14.441746491589734 -3.207475543935898 -6.672163962751007
    endloop
  endfacet
  facet normal -0.40288685340730523 -0.4290309227675725 -0.8084643781025642
    outer loop
      vertex -14.395774426734882 -3.2564308206827124 -6.672163962751007
      vertex -14.428154671353568 -3.295571812682172 -6.635256621387895
      vertex -14.45733104544629 -3.2681733737159915 -6.635256621387895
    endloop
  endfacet
  facet normal -0.34593813738219403 -0.4761429978943078 -0.8084643781025603
    outer loop
      vertex -14.395774426734882 -3.2564308206827124 -6.672163962751007
      vertex -14.368555177108732 -3.276206763116505 -6.672163962751007
      vertex -14.395774426734882 -3.319097437464864 -6.635256621387895
    endloop
  endfacet
  facet normal -0.40288685340730285 -0.4290309227675784 -0.8084643781025622
    outer loop
      vertex -14.395774426734882 -3.2564308206827124 -6.672163962751007
      vertex -14.45733104544629 -3.2681733737159915 -6.635256621387895
      vertex -14.420300461635726 -3.2333993408909585 -6.672163962751007
    endloop
  endfacet
  facet normal -0.5941667563788285 -0.4915374887816669 -0.6366763406445023
    outer loop
      vertex -14.552254248593737 -3.2877641290737882 -6.543892626146237
      vertex -14.519874003975051 -3.2642385042910957 -6.592273552964344
      vertex -14.519874003975051 -3.326905121073248 -6.543892626146237
    endloop
  endfacet
  facet normal -0.6510875569228665 -0.41319272801410684 -0.6366763406445016
    outer loop
      vertex -14.552254248593737 -3.2877641290737882 -6.543892626146237
      vertex -14.579473498219887 -3.2448734547254285 -6.543892626146237
      vertex -14.519874003975051 -3.2642385042910957 -6.592273552964344
    endloop
  endfacet
  facet normal -0.6510875569228661 -0.41319272801411033 -0.6366763406444996
    outer loop
      vertex -14.579473498219887 -3.2448734547254285 -6.543892626146237
      vertex -14.544400038875894 -3.2255916572825747 -6.592273552964344
      vertex -14.519874003975051 -3.2642385042910957 -6.592273552964344
    endloop
  endfacet
  facet normal -0.46909640103854455 -0.49953692979168385 -0.7282935001130956
    outer loop
      vertex -14.45733104544629 -3.330839990498144 -6.592273552964344
      vertex -14.490697629882328 -3.2995066821070678 -6.592273552964344
      vertex -14.45733104544629 -3.2681733737159915 -6.635256621387895
    endloop
  endfacet
  facet normal -0.4027888571084827 -0.5543913006913649 -0.7282935001130926
    outer loop
      vertex -14.45733104544629 -3.330839990498144 -6.592273552964344
      vertex -14.428154671353568 -3.295571812682172 -6.635256621387895
      vertex -14.395774426734882 -3.319097437464864 -6.635256621387895
    endloop
  endfacet
  facet normal -0.40278885710848306 -0.554391300691364 -0.7282935001130929
    outer loop
      vertex -14.420300461635726 -3.3577442844733856 -6.592273552964344
      vertex -14.45733104544629 -3.330839990498144 -6.592273552964344
      vertex -14.395774426734882 -3.319097437464864 -6.635256621387895
    endloop
  endfacet
  facet normal -0.46909640103855077 -0.4995369297916819 -0.7282935001130928
    outer loop
      vertex -14.45733104544629 -3.330839990498144 -6.592273552964344
      vertex -14.45733104544629 -3.2681733737159915 -6.635256621387895
      vertex -14.428154671353568 -3.295571812682172 -6.635256621387895
    endloop
  endfacet
  facet normal -0.5278755911486822 -0.5621304097208706 -0.6366763406445031
    outer loop
      vertex -14.45733104544629 -3.330839990498144 -6.592273552964344
      vertex -14.519874003975051 -3.326905121073248 -6.543892626146237
      vertex -14.490697629882328 -3.2995066821070678 -6.592273552964344
    endloop
  endfacet
  facet normal -0.5278755911486808 -0.5621304097208744 -0.636676340644501
    outer loop
      vertex -14.482843420164485 -3.3616791538982813 -6.543892626146237
      vertex -14.519874003975051 -3.326905121073248 -6.543892626146237
      vertex -14.45733104544629 -3.330839990498144 -6.592273552964344
    endloop
  endfacet
  facet normal -0.5941667563788257 -0.4915374887816683 -0.6366763406445041
    outer loop
      vertex -14.490697629882328 -3.2995066821070678 -6.592273552964344
      vertex -14.519874003975051 -3.326905121073248 -6.543892626146237
      vertex -14.519874003975051 -3.2642385042910957 -6.592273552964344
    endloop
  endfacet
  facet normal -0.5280060144996315 -0.4368045631002842 -0.7282935001130962
    outer loop
      vertex -14.490697629882328 -3.2995066821070678 -6.592273552964344
      vertex -14.519874003975051 -3.2642385042910957 -6.592273552964344
      vertex -14.45733104544629 -3.2681733737159915 -6.635256621387895
    endloop
  endfacet
  facet normal -0.5280060144996307 -0.43680456310028787 -0.7282935001130948
    outer loop
      vertex -14.45733104544629 -3.2681733737159915 -6.635256621387895
      vertex -14.519874003975051 -3.2642385042910957 -6.592273552964344
      vertex -14.482843420164485 -3.237334210315854 -6.635256621387895
    endloop
  endfacet
  facet normal -0.49692507382371714 -0.315358241282084 -0.8084643781025632
    outer loop
      vertex -14.482843420164485 -3.237334210315854 -6.635256621387895
      vertex -14.504289450118494 -3.2035406745110024 -6.635256621387895
      vertex -14.441746491589734 -3.207475543935898 -6.672163962751007
    endloop
  endfacet
  facet normal -0.49692507382371803 -0.3153582412820765 -0.8084643781025654
    outer loop
      vertex -14.441746491589734 -3.207475543935898 -6.672163962751007
      vertex -14.504289450118494 -3.2035406745110024 -6.635256621387895
      vertex -14.459774299893294 -3.179068263581639 -6.672163962751007
    endloop
  endfacet
  facet normal -0.3717607862042062 -0.3075472690394135 -0.875904444073227
    outer loop
      vertex -14.380189872878326 -3.1957329909026186 -6.70241352623301
      vertex -14.420300461635726 -3.2333993408909585 -6.672163962751007
      vertex -14.441746491589734 -3.207475543935898 -6.672163962751007
    endloop
  endfacet
  facet normal -0.3302834476628377 -0.3517161484105054 -0.8759044440732271
    outer loop
      vertex -14.395774426734882 -3.2564308206827124 -6.672163962751007
      vertex -14.420300461635726 -3.2333993408909585 -6.672163962751007
      vertex -14.380189872878326 -3.1957329909026186 -6.70241352623301
    endloop
  endfacet
  facet normal -0.3302834476628353 -0.35171614841050625 -0.8759044440732277
    outer loop
      vertex -14.395774426734882 -3.2564308206827124 -6.672163962751007
      vertex -14.380189872878326 -3.1957329909026186 -6.70241352623301
      vertex -14.360700967390889 -3.214034291325291 -6.70241352623301
    endloop
  endfacet
  facet normal -0.45348180308125724 -0.3751527736981414 -0.8084643781025624
    outer loop
      vertex -14.45733104544629 -3.2681733737159915 -6.635256621387895
      vertex -14.441746491589734 -3.207475543935898 -6.672163962751007
      vertex -14.420300461635726 -3.2333993408909585 -6.672163962751007
    endloop
  endfacet
  facet normal -0.3717607862042069 -0.30754726903941143 -0.8759044440732277
    outer loop
      vertex -14.380189872878326 -3.1957329909026186 -6.70241352623301
      vertex -14.441746491589734 -3.207475543935898 -6.672163962751007
      vertex -14.397231341364535 -3.175133394156743 -6.70241352623301
    endloop
  endfacet
  facet normal -0.28412946366519526 -0.23505233431442166 -0.9295272174663148
    outer loop
      vertex -14.380189872878326 -3.1957329909026186 -6.70241352623301
      vertex -14.397231341364535 -3.175133394156743 -6.70241352623301
      vertex -14.337631847119697 -3.155768344591076 -6.725528258147577
    endloop
  endfacet
  facet normal -0.3113488870953032 -0.19758801201957588 -0.929527217466314
    outer loop
      vertex -14.397231341364535 -3.175133394156743 -6.70241352623301
      vertex -14.411556618711408 -3.1525603690339494 -6.70241352623301
      vertex -14.360396828208922 -3.1244350362 -6.725528258147577
    endloop
  endfacet
  facet normal -0.33365815258511133 -0.15700760874181408 -0.9295272174663138
    outer loop
      vertex -14.411556618711408 -3.1525603690339494 -6.70241352623301
      vertex -14.42293978673768 -3.1283699056248953 -6.70241352623301
      vertex -14.360396828208922 -3.1244350362 -6.725528258147577
    endloop
  endfacet
  facet normal -0.532531539303325 -0.25059032101512285 -0.8084643781025661
    outer loop
      vertex -14.474099577240167 -3.1486254996090537 -6.672163962751007
      vertex -14.504289450118494 -3.2035406745110024 -6.635256621387895
      vertex -14.521330918604702 -3.167325710548359 -6.635256621387895
    endloop
  endfacet
  facet normal -0.5325315393033262 -0.25059032101512196 -0.8084643781025656
    outer loop
      vertex -14.459774299893294 -3.179068263581639 -6.672163962751007
      vertex -14.504289450118494 -3.2035406745110024 -6.635256621387895
      vertex -14.474099577240167 -3.1486254996090537 -6.672163962751007
    endloop
  endfacet
  facet normal -0.4365651331206074 -0.20543195806922826 -0.8759044440732273
    outer loop
      vertex -14.459774299893294 -3.179068263581639 -6.672163962751007
      vertex -14.474099577240167 -3.1486254996090537 -6.672163962751007
      vertex -14.42293978673768 -3.1283699056248953 -6.70241352623301
    endloop
  endfacet
  facet normal -0.559739664289198 -0.18187044169036007 -0.8084643781025663
    outer loop
      vertex -14.474099577240167 -3.1486254996090537 -6.672163962751007
      vertex -14.521330918604702 -3.167325710548359 -6.635256621387895
      vertex -14.48449640544909 -3.116627352591616 -6.672163962751007
    endloop
  endfacet
  facet normal -0.5597396642891973 -0.1818704416903607 -0.8084643781025665
    outer loop
      vertex -14.521330918604702 -3.167325710548359 -6.635256621387895
      vertex -14.533699071485005 -3.1292604500433865 -6.635256621387895
      vertex -14.48449640544909 -3.116627352591616 -6.672163962751007
    endloop
  endfacet
  facet normal -0.407375235068001 -0.2585281855157401 -0.8759044440732277
    outer loop
      vertex -14.441746491589734 -3.207475543935898 -6.672163962751007
      vertex -14.411556618711408 -3.1525603690339494 -6.70241352623301
      vertex -14.397231341364535 -3.175133394156743 -6.70241352623301
    endloop
  endfacet
  facet normal -0.40737523506800666 -0.25852818551573625 -0.8759044440732262
    outer loop
      vertex -14.441746491589734 -3.207475543935898 -6.672163962751007
      vertex -14.459774299893294 -3.179068263581639 -6.672163962751007
      vertex -14.411556618711408 -3.1525603690339494 -6.70241352623301
    endloop
  endfacet
  facet normal -0.4365651331206127 -0.20543195806922337 -0.8759044440732257
    outer loop
      vertex -14.411556618711408 -3.1525603690339494 -6.70241352623301
      vertex -14.459774299893294 -3.179068263581639 -6.672163962751007
      vertex -14.42293978673768 -3.1283699056248953 -6.70241352623301
    endloop
  endfacet
  facet normal -0.620046612129491 -0.2917717883548136 -0.7282935001130894
    outer loop
      vertex -14.544400038875894 -3.2255916572825747 -6.592273552964344
      vertex -14.563888944363331 -3.1841756249453352 -6.592273552964344
      vertex -14.504289450118494 -3.2035406745110024 -6.635256621387895
    endloop
  endfacet
  facet normal -0.6977403177533583 -0.328331671096426 -0.6366763406444996
    outer loop
      vertex -14.579473498219887 -3.2448734547254285 -6.543892626146237
      vertex -14.563888944363331 -3.1841756249453352 -6.592273552964344
      vertex -14.544400038875894 -3.2255916572825747 -6.592273552964344
    endloop
  endfacet
  facet normal -0.6977403177533544 -0.32833167109642913 -0.6366763406445023
    outer loop
      vertex -14.579473498219887 -3.2448734547254285 -6.543892626146237
      vertex -14.601102489026907 -3.19890950958429 -6.543892626146237
      vertex -14.563888944363331 -3.1841756249453352 -6.592273552964344
    endloop
  endfacet
  facet normal -0.651726061091249 -0.2117586337968439 -0.7282935001130928
    outer loop
      vertex -14.563888944363331 -3.1841756249453352 -6.592273552964344
      vertex -14.533699071485005 -3.1292604500433865 -6.635256621387895
      vertex -14.521330918604702 -3.167325710548359 -6.635256621387895
    endloop
  endfacet
  facet normal -0.6517260610912513 -0.21175863379684176 -0.7282935001130916
    outer loop
      vertex -14.563888944363331 -3.1841756249453352 -6.592273552964344
      vertex -14.578033368755715 -3.140643562850075 -6.592273552964344
      vertex -14.533699071485005 -3.1292604500433865 -6.635256621387895
    endloop
  endfacet
  facet normal -0.7333892969630263 -0.23829262758969877 -0.636676340644503
    outer loop
      vertex -14.601102489026907 -3.19890950958429 -6.543892626146237
      vertex -14.616800118909236 -3.1505971725227777 -6.543892626146237
      vertex -14.563888944363331 -3.1841756249453352 -6.592273552964344
    endloop
  endfacet
  facet normal -0.7333892969630258 -0.23829262758969544 -0.6366763406445047
    outer loop
      vertex -14.563888944363331 -3.1841756249453352 -6.592273552964344
      vertex -14.616800118909236 -3.1505971725227777 -6.543892626146237
      vertex -14.578033368755715 -3.140643562850075 -6.592273552964344
    endloop
  endfacet
  facet normal -0.5785886576965517 -0.3671835275144003 -0.7282935001130961
    outer loop
      vertex -14.519874003975051 -3.2642385042910957 -6.592273552964344
      vertex -14.504289450118494 -3.2035406745110024 -6.635256621387895
      vertex -14.482843420164485 -3.237334210315854 -6.635256621387895
    endloop
  endfacet
  facet normal -0.5785886576965645 -0.3671835275143924 -0.7282935001130897
    outer loop
      vertex -14.519874003975051 -3.2642385042910957 -6.592273552964344
      vertex -14.544400038875894 -3.2255916572825747 -6.592273552964344
      vertex -14.504289450118494 -3.2035406745110024 -6.635256621387895
    endloop
  endfacet
  facet normal -0.6200466121294909 -0.29177178835480555 -0.7282935001130928
    outer loop
      vertex -14.563888944363331 -3.1841756249453352 -6.592273552964344
      vertex -14.521330918604702 -3.167325710548359 -6.635256621387895
      vertex -14.504289450118494 -3.2035406745110024 -6.635256621387895
    endloop
  endfacet
  facet normal -0.21665790623991382 -0.5472154064013306 -0.8084643781025627
    outer loop
      vertex -14.323487422727313 -3.353113119546673 -6.635256621387895
      vertex -14.360700967390889 -3.3383792349077184 -6.635256621387895
      vertex -14.307789792844986 -3.304800782485161 -6.672163962751007
    endloop
  endfacet
  facet normal -0.14636521759615437 -0.570054885442854 -0.8084643781025636
    outer loop
      vertex -14.323487422727313 -3.353113119546673 -6.635256621387895
      vertex -14.307789792844986 -3.304800782485161 -6.672163962751007
      vertex -14.284720672573794 -3.363066729219376 -6.635256621387895
    endloop
  endfacet
  facet normal -0.2835337702771155 -0.5157460135102162 -0.8084643781025629
    outer loop
      vertex -14.33907197658387 -3.2924152897665797 -6.672163962751007
      vertex -14.360700967390889 -3.3383792349077184 -6.635256621387895
      vertex -14.368555177108732 -3.276206763116505 -6.672163962751007
    endloop
  endfacet
  facet normal -0.21665790623991574 -0.5472154064013286 -0.8084643781025636
    outer loop
      vertex -14.33907197658387 -3.2924152897665797 -6.672163962751007
      vertex -14.307789792844986 -3.304800782485161 -6.672163962751007
      vertex -14.360700967390889 -3.3383792349077184 -6.635256621387895
    endloop
  endfacet
  facet normal -0.07376426203655553 -0.5839042584066612 -0.8084643781025663
    outer loop
      vertex -14.284720672573794 -3.363066729219376 -6.635256621387895
      vertex -14.27520196461671 -3.3131679146533415 -6.672163962751007
      vertex -14.241822421417229 -3.317384731598547 -6.672163962751007
    endloop
  endfacet
  facet normal -0.1463652175961426 -0.5700548854428518 -0.8084643781025673
    outer loop
      vertex -14.284720672573794 -3.363066729219376 -6.635256621387895
      vertex -14.307789792844986 -3.304800782485161 -6.672163962751007
      vertex -14.27520196461671 -3.3131679146533415 -6.672163962751007
    endloop
  endfacet
  facet normal -0.11998904475719921 -0.46732647473797845 -0.8759044440732268
    outer loop
      vertex -14.307789792844986 -3.304800782485161 -6.672163962751007
      vertex -14.26489154168842 -3.2591187848643317 -6.70241352623301
      vertex -14.27520196461671 -3.3131679146533415 -6.672163962751007
    endloop
  endfacet
  facet normal -0.06047135709118966 -0.47868008087272734 -0.875904444073227
    outer loop
      vertex -14.241822421417229 -3.317384731598547 -6.672163962751007
      vertex -14.27520196461671 -3.3131679146533415 -6.672163962751007
      vertex -14.26489154168842 -3.2591187848643317 -6.70241352623301
    endloop
  endfacet
  facet normal -0.09170526908084735 -0.3571684415120429 -0.9295272174663137
    outer loop
      vertex -14.290786518473267 -3.2524700848732477 -6.70241352623301
      vertex -14.253952005317654 -3.2017717269165047 -6.725528258147577
      vertex -14.26489154168842 -3.2591187848643317 -6.70241352623301
    endloop
  endfacet
  facet normal -0.04621706994127791 -0.3658457795784653 -0.929527217466314
    outer loop
      vertex -14.26489154168842 -3.2591187848643317 -6.70241352623301
      vertex -14.253952005317654 -3.2017717269165047 -6.725528258147577
      vertex -14.238367451461096 -3.262469556696598 -6.70241352623301
    endloop
  endfacet
  facet normal -0.23243873654347139 -0.4228044921791189 -0.875904444073229
    outer loop
      vertex -14.33907197658387 -3.2924152897665797 -6.672163962751007
      vertex -14.368555177108732 -3.276206763116505 -6.672163962751007
      vertex -14.315644002562827 -3.242628310693947 -6.70241352623301
    endloop
  endfacet
  facet normal -0.17761443350942033 -0.44860285092930013 -0.8759044440732289
    outer loop
      vertex -14.33907197658387 -3.2924152897665797 -6.672163962751007
      vertex -14.315644002562827 -3.242628310693947 -6.70241352623301
      vertex -14.307789792844986 -3.304800782485161 -6.672163962751007
    endloop
  endfacet
  facet normal -0.1776144335094226 -0.44860285092930013 -0.8759044440732282
    outer loop
      vertex -14.307789792844986 -3.304800782485161 -6.672163962751007
      vertex -14.315644002562827 -3.242628310693947 -6.70241352623301
      vertex -14.290786518473267 -3.2524700848732477 -6.70241352623301
    endloop
  endfacet
  facet normal -0.2835973418500727 -0.39033825401610894 -0.8759044440732268
    outer loop
      vertex -14.395774426734882 -3.2564308206827124 -6.672163962751007
      vertex -14.33907197658387 -3.2297486729844276 -6.70241352623301
      vertex -14.368555177108732 -3.276206763116505 -6.672163962751007
    endloop
  endfacet
  facet normal -0.2324387365434655 -0.42280449217912636 -0.8759044440732269
    outer loop
      vertex -14.315644002562827 -3.242628310693947 -6.70241352623301
      vertex -14.368555177108732 -3.276206763116505 -6.672163962751007
      vertex -14.33907197658387 -3.2297486729844276 -6.70241352623301
    endloop
  endfacet
  facet normal -0.11998904475720508 -0.46732647473797384 -0.8759044440732284
    outer loop
      vertex -14.307789792844986 -3.304800782485161 -6.672163962751007
      vertex -14.290786518473267 -3.2524700848732477 -6.70241352623301
      vertex -14.26489154168842 -3.2591187848643317 -6.70241352623301
    endloop
  endfacet
  facet normal -0.060471357091182315 -0.47868008087272534 -0.8759044440732286
    outer loop
      vertex -14.241822421417229 -3.317384731598547 -6.672163962751007
      vertex -14.26489154168842 -3.2591187848643317 -6.70241352623301
      vertex -14.238367451461096 -3.262469556696598 -6.70241352623301
    endloop
  endfacet
  facet normal -0.13574722134493766 -0.34285834376089236 -0.929527217466313
    outer loop
      vertex -14.290786518473267 -3.2524700848732477 -6.70241352623301
      vertex -14.315644002562827 -3.242628310693947 -6.70241352623301
      vertex -14.290786518473267 -3.189803468091096 -6.725528258147577
    endloop
  endfacet
  facet normal -0.17764835883694755 -0.3231411651149864 -0.9295272174663141
    outer loop
      vertex -14.315644002562827 -3.242628310693947 -6.70241352623301
      vertex -14.33907197658387 -3.2297486729844276 -6.70241352623301
      vertex -14.307789792844986 -3.1804558389027333 -6.725528258147577
    endloop
  endfacet
  facet normal -0.21674787558813746 -0.2983278572600309 -0.9295272174663137
    outer loop
      vertex -14.33907197658387 -3.2297486729844276 -6.70241352623301
      vertex -14.360700967390889 -3.214034291325291 -6.70241352623301
      vertex -14.307789792844986 -3.1804558389027333 -6.725528258147577
    endloop
  endfacet
  facet normal -0.21674787558813755 -0.2983278572600308 -0.9295272174663138
    outer loop
      vertex -14.360700967390889 -3.214034291325291 -6.70241352623301
      vertex -14.323487422727313 -3.1690508432043343 -6.725528258147577
      vertex -14.307789792844986 -3.1804558389027333 -6.725528258147577
    endloop
  endfacet
  facet normal -0.2524291488623705 -0.26880974088368015 -0.9295272174663138
    outer loop
      vertex -14.380189872878326 -3.1957329909026186 -6.70241352623301
      vertex -14.323487422727313 -3.1690508432043343 -6.725528258147577
      vertex -14.360700967390889 -3.214034291325291 -6.70241352623301
    endloop
  endfacet
  facet normal -0.17764835883695704 -0.32314116511498475 -0.9295272174663128
    outer loop
      vertex -14.315644002562827 -3.242628310693947 -6.70241352623301
      vertex -14.307789792844986 -3.1804558389027333 -6.725528258147577
      vertex -14.290786518473267 -3.189803468091096 -6.725528258147577
    endloop
  endfacet
  facet normal -0.09170526908084999 -0.35716844151204113 -0.9295272174663142
    outer loop
      vertex -14.290786518473267 -3.2524700848732477 -6.70241352623301
      vertex -14.272745751406262 -3.196946313073118 -6.725528258147577
      vertex -14.253952005317654 -3.2017717269165047 -6.725528258147577
    endloop
  endfacet
  facet normal -0.13574722134492484 -0.34285834376089297 -0.9295272174663146
    outer loop
      vertex -14.290786518473267 -3.2524700848732477 -6.70241352623301
      vertex -14.290786518473267 -3.189803468091096 -6.725528258147577
      vertex -14.272745751406262 -3.196946313073118 -6.725528258147577
    endloop
  endfacet
  facet normal -0.046217069941277424 -0.3658457795784652 -0.9295272174663138
    outer loop
      vertex -14.238367451461096 -3.262469556696598 -6.70241352623301
      vertex -14.253952005317654 -3.2017717269165047 -6.725528258147577
      vertex -14.234701668810095 -3.204203609962383 -6.725528258147577
    endloop
  endfacet
  facet normal -0.2835973418500753 -0.3903382540161048 -0.8759044440732279
    outer loop
      vertex -14.395774426734882 -3.2564308206827124 -6.672163962751007
      vertex -14.360700967390889 -3.214034291325291 -6.70241352623301
      vertex -14.33907197658387 -3.2297486729844276 -6.70241352623301
    endloop
  endfacet
  facet normal -0.12002945555659576 -0.21833276913226782 -0.9684646259527618
    outer loop
      vertex -14.290786518473267 -3.189803468091096 -6.725528258147577
      vertex -14.307789792844986 -3.1804558389027333 -6.725528258147577
      vertex -14.27520196461671 -3.1291056383110027 -6.741143625364344
    endloop
  endfacet
  facet normal -0.14644733939687163 -0.20156747024694835 -0.968464625952762
    outer loop
      vertex -14.307789792844986 -3.1804558389027333 -6.725528258147577
      vertex -14.323487422727313 -3.1690508432043343 -6.725528258147577
      vertex -14.27520196461671 -3.1291056383110027 -6.741143625364344
    endloop
  endfacet
  facet normal -0.252429148862374 -0.26880974088367365 -0.9295272174663148
    outer loop
      vertex -14.380189872878326 -3.1957329909026186 -6.70241352623301
      vertex -14.337631847119697 -3.155768344591076 -6.725528258147577
      vertex -14.323487422727313 -3.1690508432043343 -6.725528258147577
    endloop
  endfacet
  facet normal -0.17055566121145233 -0.18162333194527475 -0.9684646259527607
    outer loop
      vertex -14.323487422727313 -3.1690508432043343 -6.725528258147577
      vertex -14.337631847119697 -3.155768344591076 -6.725528258147577
      vertex -14.284720672573794 -3.1221898921685183 -6.741143625364344
    endloop
  endfacet
  facet normal -0.1464473393968589 -0.20156747024696337 -0.9684646259527608
    outer loop
      vertex -14.323487422727313 -3.1690508432043343 -6.725528258147577
      vertex -14.284720672573794 -3.1221898921685183 -6.741143625364344
      vertex -14.27520196461671 -3.1291056383110027 -6.741143625364344
    endloop
  endfacet
  facet normal -0.19197421836371273 -0.15881488520229803 -0.9684646259527616
    outer loop
      vertex -14.337631847119697 -3.155768344591076 -6.725528258147577
      vertex -14.35 -3.14081781600067 -6.725528258147577
      vertex -14.300797333964084 -3.1050699866343328 -6.741143625364344
    endloop
  endfacet
  facet normal -0.2841294636651932 -0.23505233431442685 -0.9295272174663142
    outer loop
      vertex -14.397231341364535 -3.175133394156743 -6.70241352623301
      vertex -14.35 -3.14081781600067 -6.725528258147577
      vertex -14.337631847119697 -3.155768344591076 -6.725528258147577
    endloop
  endfacet
  facet normal -0.3113488870953001 -0.19758801201957826 -0.9295272174663144
    outer loop
      vertex -14.397231341364535 -3.175133394156743 -6.70241352623301
      vertex -14.360396828208922 -3.1244350362 -6.725528258147577
      vertex -14.35 -3.14081781600067 -6.725528258147577
    endloop
  endfacet
  facet normal -0.09171863550006915 -0.23165482982269872 -0.9684646259527614
    outer loop
      vertex -14.290786518473267 -3.189803468091096 -6.725528258147577
      vertex -14.253952005317654 -3.1391051101343526 -6.741143625364344
      vertex -14.272745751406262 -3.196946313073118 -6.725528258147577
    endloop
  endfacet
  facet normal -0.061961357771664415 -0.2413235554629296 -0.9684646259527615
    outer loop
      vertex -14.253952005317654 -3.2017717269165047 -6.725528258147577
      vertex -14.272745751406262 -3.196946313073118 -6.725528258147577
      vertex -14.253952005317654 -3.1391051101343526 -6.741143625364344
    endloop
  endfacet
  facet normal -0.03122691241726602 -0.2471864644738093 -0.9684646259527616
    outer loop
      vertex -14.253952005317654 -3.2017717269165047 -6.725528258147577
      vertex -14.242555878527936 -3.1420311381711694 -6.741143625364344
      vertex -14.234701668810095 -3.204203609962383 -6.725528258147577
    endloop
  endfacet
  facet normal -0.06196135777165597 -0.2413235554629297 -0.968464625952762
    outer loop
      vertex -14.253952005317654 -3.2017717269165047 -6.725528258147577
      vertex -14.253952005317654 -3.1391051101343526 -6.741143625364344
      vertex -14.242555878527936 -3.1420311381711694 -6.741143625364344
    endloop
  endfacet
  facet normal -0.03122691241727102 -0.24718646447380987 -0.9684646259527614
    outer loop
      vertex -14.234701668810095 -3.204203609962383 -6.725528258147577
      vertex -14.242555878527936 -3.1420311381711694 -6.741143625364344
      vertex -14.230882885046462 -3.1435057801822897 -6.741143625364344
    endloop
  endfacet
  facet normal -0.09171863550007346 -0.23165482982269567 -0.9684646259527617
    outer loop
      vertex -14.290786518473267 -3.189803468091096 -6.725528258147577
      vertex -14.26489154168842 -3.1347738412819046 -6.741143625364344
      vertex -14.253952005317654 -3.1391051101343526 -6.741143625364344
    endloop
  endfacet
  facet normal -0.12002945555660012 -0.21833276913226665 -0.9684646259527616
    outer loop
      vertex -14.290786518473267 -3.189803468091096 -6.725528258147577
      vertex -14.27520196461671 -3.1291056383110027 -6.741143625364344
      vertex -14.26489154168842 -3.1347738412819046 -6.741143625364344
    endloop
  endfacet
  facet normal -0.6509343730293218 -0.5384997454763373 -0.5350723933551832
    outer loop
      vertex -14.544400038875894 -3.349936600865002 -6.490876837050857
      vertex -14.579473498219887 -3.3075400715075807 -6.490876837050857
      vertex -14.519874003975051 -3.326905121073248 -6.543892626146237
    endloop
  endfacet
  facet normal -0.6509343730293211 -0.5384997454763394 -0.5350723933551816
    outer loop
      vertex -14.552254248593737 -3.2877641290737882 -6.543892626146237
      vertex -14.519874003975051 -3.326905121073248 -6.543892626146237
      vertex -14.579473498219887 -3.3075400715075807 -6.490876837050857
    endloop
  endfacet
  facet normal -0.6974305168867192 -0.5769647008854708 -0.4250910585360071
    outer loop
      vertex -14.563888944363331 -3.368237901287674 -6.434062276342339
      vertex -14.601102489026907 -3.3232544531667174 -6.434062276342339
      vertex -14.579473498219887 -3.3075400715075807 -6.490876837050857
    endloop
  endfacet
  facet normal -0.7642439205631122 -0.48500394002014063 -0.4250910585360076
    outer loop
      vertex -14.579473498219887 -3.3075400715075807 -6.490876837050857
      vertex -14.601102489026907 -3.3232544531667174 -6.434062276342339
      vertex -14.632384672765792 -3.273961619085023 -6.434062276342339
    endloop
  endfacet
  facet normal -0.7132934754474258 -0.4526698043312494 -0.5350723933551804
    outer loop
      vertex -14.552254248593737 -3.2877641290737882 -6.543892626146237
      vertex -14.579473498219887 -3.3075400715075807 -6.490876837050857
      vertex -14.579473498219887 -3.2448734547254285 -6.543892626146237
    endloop
  endfacet
  facet normal -0.7132934754474108 -0.45266980433125925 -0.5350723933551921
    outer loop
      vertex -14.579473498219887 -3.2448734547254285 -6.543892626146237
      vertex -14.579473498219887 -3.3075400715075807 -6.490876837050857
      vertex -14.608956698744748 -3.2610819813755034 -6.490876837050857
    endloop
  endfacet
  facet normal -0.7644035136568277 -0.35970098996005323 -0.5350723933551923
    outer loop
      vertex -14.579473498219887 -3.2448734547254285 -6.543892626146237
      vertex -14.608956698744748 -3.2610819813755034 -6.490876837050857
      vertex -14.632384672765792 -3.211295002302871 -6.490876837050857
    endloop
  endfacet
  facet normal -0.8190047410750252 -0.3853943772934047 -0.4250910585360035
    outer loop
      vertex -14.608956698744748 -3.2610819813755034 -6.490876837050857
      vertex -14.632384672765792 -3.273961619085023 -6.434062276342339
      vertex -14.632384672765792 -3.211295002302871 -6.490876837050857
    endloop
  endfacet
  facet normal -0.764243920563111 -0.4850039400201464 -0.42509105853600304
    outer loop
      vertex -14.579473498219887 -3.3075400715075807 -6.490876837050857
      vertex -14.632384672765792 -3.273961619085023 -6.434062276342339
      vertex -14.608956698744748 -3.2610819813755034 -6.490876837050857
    endloop
  endfacet
  facet normal -0.8031547793466626 -0.5096975218881965 -0.30846529236470904
    outer loop
      vertex -14.601102489026907 -3.3232544531667174 -6.434062276342339
      vertex -14.616800118909236 -3.3346594488651164 -6.374344943582427
      vertex -14.632384672765792 -3.273961619085023 -6.434062276342339
    endloop
  endfacet
  facet normal -0.8031547793466612 -0.5096975218881975 -0.30846529236471043
    outer loop
      vertex -14.632384672765792 -3.273961619085023 -6.434062276342339
      vertex -14.616800118909236 -3.3346594488651164 -6.374344943582427
      vertex -14.64938794713751 -3.283309248273386 -6.374344943582427
    endloop
  endfacet
  facet normal -0.8294299690247422 -0.5263722643045403 -0.1870245060266874
    outer loop
      vertex -14.626318826866319 -3.341575195007601 -6.312666616782153
      vertex -14.64938794713751 -3.283309248273386 -6.374344943582427
      vertex -14.616800118909236 -3.3346594488651164 -6.374344943582427
    endloop
  endfacet
  facet normal -0.8294299690247458 -0.5263722643045362 -0.18702450602668222
    outer loop
      vertex -14.626318826866319 -3.341575195007601 -6.312666616782153
      vertex -14.659698370065799 -3.2889774512442878 -6.312666616782153
      vertex -14.64938794713751 -3.283309248273386 -6.374344943582427
    endloop
  endfacet
  facet normal -0.8607037025787709 -0.40501641914069186 -0.30846529236471004
    outer loop
      vertex -14.632384672765792 -3.273961619085023 -6.434062276342339
      vertex -14.64938794713751 -3.283309248273386 -6.374344943582427
      vertex -14.657242156855352 -3.221136776482172 -6.434062276342339
    endloop
  endfacet
  facet normal -0.8607037025787625 -0.4050164191407013 -0.308465292364721
    outer loop
      vertex -14.64938794713751 -3.283309248273386 -6.374344943582427
      vertex -14.675282923922357 -3.228279621464194 -6.374344943582427
      vertex -14.657242156855352 -3.221136776482172 -6.434062276342339
    endloop
  endfacet
  facet normal -0.8888616039241073 -0.41826652174772405 -0.18702450602668175
    outer loop
      vertex -14.64938794713751 -3.283309248273386 -6.374344943582427
      vertex -14.659698370065799 -3.2889774512442878 -6.312666616782153
      vertex -14.686222460293124 -3.2326108903166424 -6.312666616782153
    endloop
  endfacet
  facet normal -0.8888616039241083 -0.41826652174771956 -0.18702450602668602
    outer loop
      vertex -14.64938794713751 -3.283309248273386 -6.374344943582427
      vertex -14.686222460293124 -3.2326108903166424 -6.312666616782153
      vertex -14.675282923922357 -3.228279621464194 -6.374344943582427
    endloop
  endfacet
  facet normal -0.8034584518233594 -0.26105947610221114 -0.5350723933551884
    outer loop
      vertex -14.601102489026907 -3.19890950958429 -6.543892626146237
      vertex -14.632384672765792 -3.211295002302871 -6.490876837050857
      vertex -14.64938794713751 -3.1589643046909583 -6.490876837050857
    endloop
  endfacet
  facet normal -0.7644035136568276 -0.3597009899600598 -0.5350723933551881
    outer loop
      vertex -14.579473498219887 -3.2448734547254285 -6.543892626146237
      vertex -14.632384672765792 -3.211295002302871 -6.490876837050857
      vertex -14.601102489026907 -3.19890950958429 -6.543892626146237
    endloop
  endfacet
  facet normal -0.819004741075039 -0.3853943772933914 -0.4250910585359889
    outer loop
      vertex -14.632384672765792 -3.273961619085023 -6.434062276342339
      vertex -14.657242156855352 -3.221136776482172 -6.434062276342339
      vertex -14.632384672765792 -3.211295002302871 -6.490876837050857
    endloop
  endfacet
  facet normal -0.8608493675704818 -0.27970691501329475 -0.42509105853598844
    outer loop
      vertex -14.632384672765792 -3.211295002302871 -6.490876837050857
      vertex -14.657242156855352 -3.221136776482172 -6.434062276342339
      vertex -14.64938794713751 -3.1589643046909583 -6.490876837050857
    endloop
  endfacet
  facet normal -0.8034584518233598 -0.2610594761022155 -0.5350723933551855
    outer loop
      vertex -14.601102489026907 -3.19890950958429 -6.543892626146237
      vertex -14.64938794713751 -3.1589643046909583 -6.490876837050857
      vertex -14.616800118909236 -3.1505971725227777 -6.543892626146237
    endloop
  endfacet
  facet normal -0.8298423702418224 -0.15830089835685685 -0.5350723933551854
    outer loop
      vertex -14.616800118909236 -3.1505971725227777 -6.543892626146237
      vertex -14.64938794713751 -3.1589643046909583 -6.490876837050857
      vertex -14.626318826866319 -3.100698357956743 -6.543892626146237
    endloop
  endfacet
  facet normal -0.8608493675704728 -0.2797069150133059 -0.4250910585359994
    outer loop
      vertex -14.657242156855352 -3.221136776482172 -6.434062276342339
      vertex -14.675282923922357 -3.165613004682042 -6.434062276342339
      vertex -14.64938794713751 -3.1589643046909583 -6.490876837050857
    endloop
  endfacet
  facet normal -0.8891178852928544 -0.16960830759460316 -0.42509105853600004
    outer loop
      vertex -14.64938794713751 -3.1589643046909583 -6.490876837050857
      vertex -14.675282923922357 -3.165613004682042 -6.434062276342339
      vertex -14.686222460293124 -3.108265946734215 -6.434062276342339
    endloop
  endfacet
  facet normal -0.9046788142617386 -0.2939479655182893 -0.30846529236468934
    outer loop
      vertex -14.694076670010965 -3.170438418525429 -6.374344943582427
      vertex -14.675282923922357 -3.165613004682042 -6.434062276342339
      vertex -14.657242156855352 -3.221136776482172 -6.434062276342339
    endloop
  endfacet
  facet normal -0.9046788142617397 -0.2939479655182519 -0.30846529236472164
    outer loop
      vertex -14.694076670010965 -3.170438418525429 -6.374344943582427
      vertex -14.657242156855352 -3.221136776482172 -6.434062276342339
      vertex -14.675282923922357 -3.228279621464194 -6.374344943582427
    endloop
  endfacet
  facet normal -0.934275360349417 -0.3035644662826027 -0.18702450602668513
    outer loop
      vertex -14.694076670010965 -3.170438418525429 -6.374344943582427
      vertex -14.675282923922357 -3.228279621464194 -6.374344943582427
      vertex -14.686222460293124 -3.2326108903166424 -6.312666616782153
    endloop
  endfacet
  facet normal -0.9343866006148815 -0.1782437768836074 -0.30846529236468834
    outer loop
      vertex -14.694076670010965 -3.170438418525429 -6.374344943582427
      vertex -14.686222460293124 -3.108265946734215 -6.434062276342339
      vertex -14.675282923922357 -3.165613004682042 -6.434062276342339
    endloop
  endfacet
  facet normal -0.3336581525851121 -0.15700760874180747 -0.9295272174663147
    outer loop
      vertex -14.42293978673768 -3.1283699056248953 -6.70241352623301
      vertex -14.368658367554843 -3.1068783714131203 -6.725528258147577
      vertex -14.360396828208922 -3.1244350362 -6.725528258147577
    endloop
  endfacet
  facet normal -0.35070542969092244 -0.11395110168241433 -0.9295272174663147
    outer loop
      vertex -14.42293978673768 -3.1283699056248953 -6.70241352623301
      vertex -14.374654328627077 -3.088424700731564 -6.725528258147577
      vertex -14.368658367554843 -3.1068783714131203 -6.725528258147577
    endloop
  endfacet
  facet normal -0.3622218726692507 -0.06909751767838786 -0.9295272174663128
    outer loop
      vertex -14.374654328627077 -3.088424700731564 -6.725528258147577
      vertex -14.431201326083603 -3.1029435019882246 -6.70241352623301
      vertex -14.436210947338486 -3.0766821476982846 -6.70241352623301
    endloop
  endfacet
  facet normal -0.35070542969093227 -0.11395110168240122 -0.9295272174663126
    outer loop
      vertex -14.42293978673768 -3.1283699056248953 -6.70241352623301
      vertex -14.431201326083603 -3.1029435019882246 -6.70241352623301
      vertex -14.374654328627077 -3.088424700731564 -6.725528258147577
    endloop
  endfacet
  facet normal -0.45887013823252815 -0.1490959459248688 -0.8759044440732272
    outer loop
      vertex -14.474099577240167 -3.1486254996090537 -6.672163962751007
      vertex -14.48449640544909 -3.116627352591616 -6.672163962751007
      vertex -14.42293978673768 -3.1283699056248953 -6.70241352623301
    endloop
  endfacet
  facet normal -0.5781203603969637 -0.11028235685600132 -0.8084643781025671
    outer loop
      vertex -14.48449640544909 -3.116627352591616 -6.672163962751007
      vertex -14.533699071485005 -3.1292604500433865 -6.635256621387895
      vertex -14.541198855600102 -3.0899452048933314 -6.635256621387895
    endloop
  endfacet
  facet normal -0.47393848714878734 -0.09040860164765901 -0.8759044440732298
    outer loop
      vertex -14.431201326083603 -3.1029435019882246 -6.70241352623301
      vertex -14.48449640544909 -3.116627352591616 -6.672163962751007
      vertex -14.49080082032844 -3.0835784524225573 -6.672163962751007
    endloop
  endfacet
  facet normal -0.47393848714879244 -0.09040860164768313 -0.8759044440732244
    outer loop
      vertex -14.431201326083603 -3.1029435019882246 -6.70241352623301
      vertex -14.49080082032844 -3.0835784524225573 -6.672163962751007
      vertex -14.436210947338486 -3.0766821476982846 -6.70241352623301
    endloop
  endfacet
  facet normal -0.5781203603969604 -0.11028235685598843 -0.8084643781025712
    outer loop
      vertex -14.48449640544909 -3.116627352591616 -6.672163962751007
      vertex -14.541198855600102 -3.0899452048933314 -6.635256621387895
      vertex -14.49080082032844 -3.0835784524225573 -6.672163962751007
    endloop
  endfacet
  facet normal -0.458870138232527 -0.14909594592485476 -0.8759044440732302
    outer loop
      vertex -14.42293978673768 -3.1283699056248953 -6.70241352623301
      vertex -14.48449640544909 -3.116627352591616 -6.672163962751007
      vertex -14.431201326083603 -3.1029435019882246 -6.70241352623301
    endloop
  endfacet
  facet normal -0.36802586033472284 -0.023154224543683558 -0.9295272174663138
    outer loop
      vertex -14.436210947338486 -3.0766821476982846 -6.70241352623301
      vertex -14.437889645782535 -3.05 -6.70241352623301
      vertex -14.379508497187473 -3.05 -6.725528258147577
    endloop
  endfacet
  facet normal -0.36222187266925004 -0.06909751767838332 -0.9295272174663134
    outer loop
      vertex -14.374654328627077 -3.088424700731564 -6.725528258147577
      vertex -14.436210947338486 -3.0766821476982846 -6.70241352623301
      vertex -14.3782901515377 -3.069365049565667 -6.725528258147577
    endloop
  endfacet
  facet normal -0.36802586033472473 -0.02315422454367885 -0.9295272174663131
    outer loop
      vertex -14.3782901515377 -3.069365049565667 -6.725528258147577
      vertex -14.436210947338486 -3.0766821476982846 -6.70241352623301
      vertex -14.379508497187473 -3.05 -6.725528258147577
    endloop
  endfacet
  facet normal -0.48153254300559306 -0.030295459714982785 -0.8759044440732245
    outer loop
      vertex -14.49080082032844 -3.0835784524225573 -6.672163962751007
      vertex -14.437889645782535 -3.05 -6.70241352623301
      vertex -14.436210947338486 -3.0766821476982846 -6.70241352623301
    endloop
  endfacet
  facet normal -0.48153254300557663 -0.030295459715015717 -0.8759044440732325
    outer loop
      vertex -14.49080082032844 -3.0835784524225573 -6.672163962751007
      vertex -14.492913397489499 -3.05 -6.672163962751007
      vertex -14.437889645782535 -3.05 -6.70241352623301
    endloop
  endfacet
  facet normal -0.5873837530688999 -0.03695505337454942 -0.8084643781025718
    outer loop
      vertex -14.49080082032844 -3.0835784524225573 -6.672163962751007
      vertex -14.541198855600102 -3.0899452048933314 -6.635256621387895
      vertex -14.492913397489499 -3.05 -6.672163962751007
    endloop
  endfacet
  facet normal -0.587383753068914 -0.0369550533745238 -0.8084643781025626
    outer loop
      vertex -14.492913397489499 -3.05 -6.672163962751007
      vertex -14.541198855600102 -3.0899452048933314 -6.635256621387895
      vertex -14.543711994874345 -3.05 -6.635256621387895
    endloop
  endfacet
  facet normal -0.6731274007473245 -0.1284059190854247 -0.7282935001130921
    outer loop
      vertex -14.578033368755715 -3.140643562850075 -6.592273552964344
      vertex -14.541198855600102 -3.0899452048933314 -6.635256621387895
      vertex -14.533699071485005 -3.1292604500433865 -6.635256621387895
    endloop
  endfacet
  facet normal -0.673127400747327 -0.12840591908542104 -0.7282935001130901
    outer loop
      vertex -14.578033368755715 -3.140643562850075 -6.592273552964344
      vertex -14.58661024603091 -3.095681997620829 -6.592273552964344
      vertex -14.541198855600102 -3.0899452048933314 -6.635256621387895
    endloop
  endfacet
  facet normal -0.7574722888540635 -0.1444955669967648 -0.6366763406444987
    outer loop
      vertex -14.578033368755715 -3.140643562850075 -6.592273552964344
      vertex -14.626318826866319 -3.100698357956743 -6.543892626146237
      vertex -14.58661024603091 -3.095681997620829 -6.592273552964344
    endloop
  endfacet
  facet normal -0.7574722888540605 -0.14449556699675387 -0.6366763406445047
    outer loop
      vertex -14.578033368755715 -3.140643562850075 -6.592273552964344
      vertex -14.616800118909236 -3.1505971725227777 -6.543892626146237
      vertex -14.626318826866319 -3.100698357956743 -6.543892626146237
    endloop
  endfacet
  facet normal -0.7696094902578552 -0.048419724994820085 -0.6366763406444992
    outer loop
      vertex -14.58661024603091 -3.095681997620829 -6.592273552964344
      vertex -14.626318826866319 -3.100698357956743 -6.543892626146237
      vertex -14.589484313710706 -3.05 -6.592273552964344
    endloop
  endfacet
  facet normal -0.683913119186796 -0.043028166324034986 -0.728293500113092
    outer loop
      vertex -14.541198855600102 -3.0899452048933314 -6.635256621387895
      vertex -14.589484313710706 -3.05 -6.592273552964344
      vertex -14.543711994874345 -3.05 -6.635256621387895
    endloop
  endfacet
  facet normal -0.683913119186798 -0.043028166324039704 -0.72829350011309
    outer loop
      vertex -14.541198855600102 -3.0899452048933314 -6.635256621387895
      vertex -14.58661024603091 -3.095681997620829 -6.592273552964344
      vertex -14.589484313710706 -3.05 -6.592273552964344
    endloop
  endfacet
  facet normal -0.7696094902578605 -0.04841972499481079 -0.6366763406444935
    outer loop
      vertex -14.626318826866319 -3.100698357956743 -6.543892626146237
      vertex -14.629508497187473 -3.05 -6.543892626146237
      vertex -14.589484313710706 -3.05 -6.592273552964344
    endloop
  endfacet
  facet normal -0.2103652274125409 -0.13350183284826617 -0.9684646259527623
    outer loop
      vertex -14.35 -3.14081781600067 -6.725528258147577
      vertex -14.360396828208922 -3.1244350362 -6.725528258147577
      vertex -14.307101748843435 -3.095135818379841 -6.741143625364344
    endloop
  endfacet
  facet normal -0.17055566121146315 -0.18162333194525843 -0.9684646259527621
    outer loop
      vertex -14.337631847119697 -3.155768344591076 -6.725528258147577
      vertex -14.293297549848987 -3.1141356683023855 -6.741143625364344
      vertex -14.284720672573794 -3.1221898921685183 -6.741143625364344
    endloop
  endfacet
  facet normal -0.19197421836370981 -0.15881488520230017 -0.9684646259527618
    outer loop
      vertex -14.337631847119697 -3.155768344591076 -6.725528258147577
      vertex -14.300797333964084 -3.1050699866343328 -6.741143625364344
      vertex -14.293297549848987 -3.1141356683023855 -6.741143625364344
    endloop
  endfacet
  facet normal -0.21036522741254762 -0.1335018328482597 -0.9684646259527616
    outer loop
      vertex -14.35 -3.14081781600067 -6.725528258147577
      vertex -14.307101748843435 -3.095135818379841 -6.741143625364344
      vertex -14.300797333964084 -3.1050699866343328 -6.741143625364344
    endloop
  endfacet
  facet normal -0.22543865115898895 -0.10608337684008011 -0.968464625952761
    outer loop
      vertex -14.360396828208922 -3.1244350362 -6.725528258147577
      vertex -14.368658367554843 -3.1068783714131203 -6.725528258147577
      vertex -14.312111370098318 -3.0844898313066684 -6.741143625364344
    endloop
  endfacet
  facet normal -0.2369567727061225 -0.07699192260801278 -0.9684646259527607
    outer loop
      vertex -14.374654328627077 -3.088424700731564 -6.725528258147577
      vertex -14.31574719300894 -3.0732999189905628 -6.741143625364344
      vertex -14.312111370098318 -3.0844898313066684 -6.741143625364344
    endloop
  endfacet
  facet normal -0.2369567727061228 -0.0769919226080092 -0.968464625952761
    outer loop
      vertex -14.374654328627077 -3.088424700731564 -6.725528258147577
      vertex -14.312111370098318 -3.0844898313066684 -6.741143625364344
      vertex -14.368658367554843 -3.1068783714131203 -6.725528258147577
    endloop
  endfacet
  facet normal -0.2254386511589726 -0.10608337684010037 -0.9684646259527626
    outer loop
      vertex -14.360396828208922 -3.1244350362 -6.725528258147577
      vertex -14.312111370098318 -3.0844898313066684 -6.741143625364344
      vertex -14.307101748843435 -3.095135818379841 -6.741143625364344
    endloop
  endfacet
  facet normal -0.07381238801094549 -0.1015940363650791 -0.9920838589308733
    outer loop
      vertex -14.27520196461671 -3.1291056383110027 -6.741143625364344
      vertex -14.284720672573794 -3.1221898921685183 -6.741143625364344
      vertex -14.241822421417229 -3.076507894547689 -6.749013364214136
    endloop
  endfacet
  facet normal -0.046228026669845906 -0.11675866734011324 -0.9920838589308733
    outer loop
      vertex -14.26489154168842 -3.1347738412819046 -6.741143625364344
      vertex -14.234701668810095 -3.0798586663799554 -6.749013364214136
      vertex -14.253952005317654 -3.1391051101343526 -6.741143625364344
    endloop
  endfacet
  facet normal -0.06049724619631052 -0.11004408231018317 -0.9920838589308733
    outer loop
      vertex -14.26489154168842 -3.1347738412819046 -6.741143625364344
      vertex -14.27520196461671 -3.1291056383110027 -6.741143625364344
      vertex -14.241822421417229 -3.076507894547689 -6.749013364214136
    endloop
  endfacet
  facet normal -0.031229763547514878 -0.12163189843784236 -0.9920838589308731
    outer loop
      vertex -14.253952005317654 -3.1391051101343526 -6.741143625364344
      vertex -14.234701668810095 -3.0798586663799554 -6.749013364214136
      vertex -14.242555878527936 -3.1420311381711694 -6.741143625364344
    endloop
  endfacet
  facet normal -0.015738988398288883 -0.12458692183783081 -0.9920838589308733
    outer loop
      vertex -14.242555878527936 -3.1420311381711694 -6.741143625364344
      vertex -14.22697132467138 -3.0813333083910757 -6.749013364214136
      vertex -14.230882885046462 -3.1435057801822897 -6.741143625364344
    endloop
  endfacet
  facet normal -0.08596346437328298 -0.09154179177714576 -0.9920838589308734
    outer loop
      vertex -14.293297549848987 -3.1141356683023855 -6.741143625364344
      vertex -14.245012091738383 -3.0741904634090536 -6.749013364214136
      vertex -14.284720672573794 -3.1221898921685183 -6.741143625364344
    endloop
  endfacet
  facet normal -0.09675884555035108 -0.0800458784484937 -0.992083858930873
    outer loop
      vertex -14.293297549848987 -3.1141356683023855 -6.741143625364344
      vertex -14.300797333964084 -3.1050699866343328 -6.741143625364344
      vertex -14.250399298692423 -3.0684536706815564 -6.749013364214136
    endloop
  endfacet
  facet normal -0.10602828193216857 -0.06728759379960259 -0.9920838589308729
    outer loop
      vertex -14.300797333964084 -3.1050699866343328 -6.741143625364344
      vertex -14.307101748843435 -3.095135818379841 -6.741143625364344
      vertex -14.250399298692423 -3.0684536706815564 -6.749013364214136
    endloop
  endfacet
  facet normal -0.07381238801096265 -0.10159403636506302 -0.9920838589308735
    outer loop
      vertex -14.284720672573794 -3.1221898921685183 -6.741143625364344
      vertex -14.245012091738383 -3.0741904634090536 -6.749013364214136
      vertex -14.241822421417229 -3.076507894547689 -6.749013364214136
    endloop
  endfacet
  facet normal -0.08596346437327994 -0.09154179177714927 -0.9920838589308734
    outer loop
      vertex -14.293297549848987 -3.1141356683023855 -6.741143625364344
      vertex -14.24788615941818 -3.071491534211775 -6.749013364214136
      vertex -14.245012091738383 -3.0741904634090536 -6.749013364214136
    endloop
  endfacet
  facet normal -0.09675884555032614 -0.08004587844851734 -0.9920838589308735
    outer loop
      vertex -14.293297549848987 -3.1141356683023855 -6.741143625364344
      vertex -14.250399298692423 -3.0684536706815564 -6.749013364214136
      vertex -14.24788615941818 -3.071491534211775 -6.749013364214136
    endloop
  endfacet
  facet normal -0.046228026669843165 -0.11675866734011474 -0.9920838589308733
    outer loop
      vertex -14.26489154168842 -3.1347738412819046 -6.741143625364344
      vertex -14.238367451461096 -3.0784072803542593 -6.749013364214136
      vertex -14.234701668810095 -3.0798586663799554 -6.749013364214136
    endloop
  endfacet
  facet normal -0.060497246196303985 -0.11004408231018571 -0.9920838589308733
    outer loop
      vertex -14.26489154168842 -3.1347738412819046 -6.741143625364344
      vertex -14.241822421417229 -3.076507894547689 -6.749013364214136
      vertex -14.238367451461096 -3.0784072803542593 -6.749013364214136
    endloop
  endfacet
  facet normal -0.031229763547530896 -0.12163189843784024 -0.9920838589308729
    outer loop
      vertex -14.242555878527936 -3.1420311381711694 -6.741143625364344
      vertex -14.234701668810095 -3.0798586663799554 -6.749013364214136
      vertex -14.230882885046462 -3.0808391634001375 -6.749013364214136
    endloop
  endfacet
  facet normal -0.015738988398275262 -0.12458692183783418 -0.992083858930873
    outer loop
      vertex -14.242555878527936 -3.1420311381711694 -6.741143625364344
      vertex -14.230882885046462 -3.0808391634001375 -6.749013364214136
      vertex -14.22697132467138 -3.0813333083910757 -6.749013364214136
    endloop
  endfacet
  facet normal -0.24473794439657032 -0.04668625976361353 -0.9684646259527633
    outer loop
      vertex -14.3782901515377 -3.069365049565667 -6.725528258147577
      vertex -14.317951878476064 -3.0617425530332794 -6.741143625364344
      vertex -14.31574719300894 -3.0732999189905628 -6.741143625364344
    endloop
  endfacet
  facet normal -0.2447379443965722 -0.046686259763652704 -0.968464625952761
    outer loop
      vertex -14.374654328627077 -3.088424700731564 -6.725528258147577
      vertex -14.3782901515377 -3.069365049565667 -6.725528258147577
      vertex -14.31574719300894 -3.0732999189905628 -6.741143625364344
    endloop
  endfacet
  facet normal -0.24865945250452062 -0.015644326713784115 -0.9684646259527626
    outer loop
      vertex -14.3782901515377 -3.069365049565667 -6.725528258147577
      vertex -14.379508497187473 -3.05 -6.725528258147577
      vertex -14.317951878476064 -3.0617425530332794 -6.741143625364344
    endloop
  endfacet
  facet normal -0.11362558896968106 -0.05346814360084621 -0.9920838589308731
    outer loop
      vertex -14.307101748843435 -3.095135818379841 -6.741143625364344
      vertex -14.312111370098318 -3.0844898313066684 -6.741143625364344
      vertex -14.254190574297532 -3.0615573659572832 -6.749013364214136
    endloop
  endfacet
  facet normal -0.11943095259250995 -0.038805468837169836 -0.9920838589308734
    outer loop
      vertex -14.312111370098318 -3.0844898313066684 -6.741143625364344
      vertex -14.31574719300894 -3.0732999189905628 -6.741143625364344
      vertex -14.255408919947305 -3.0578076836083836 -6.749013364214136
    endloop
  endfacet
  facet normal -0.1233528187483698 -0.02353080864865282 -0.992083858930873
    outer loop
      vertex -14.31574719300894 -3.0732999189905628 -6.741143625364344
      vertex -14.317951878476064 -3.0617425530332794 -6.741143625364344
      vertex -14.256147698764103 -3.0539348694248956 -6.749013364214136
    endloop
  endfacet
  facet normal -0.12532933726515544 -0.007885053551165486 -0.9920838589308729
    outer loop
      vertex -14.317951878476064 -3.0617425530332794 -6.741143625364344
      vertex -14.318690657292862 -3.05 -6.741143625364344
      vertex -14.256147698764103 -3.0539348694248956 -6.749013364214136
    endloop
  endfacet
  facet normal -0.2486594525045256 -0.015644326713812457 -0.968464625952761
    outer loop
      vertex -14.379508497187473 -3.05 -6.725528258147577
      vertex -14.318690657292862 -3.05 -6.741143625364344
      vertex -14.317951878476064 -3.0617425530332794 -6.741143625364344
    endloop
  endfacet
  facet normal -0.10602828193217695 -0.06728759379958474 -0.9920838589308731
    outer loop
      vertex -14.307101748843435 -3.095135818379841 -6.741143625364344
      vertex -14.25251187585348 -3.065124781741001 -6.749013364214136
      vertex -14.250399298692423 -3.0684536706815564 -6.749013364214136
    endloop
  endfacet
  facet normal -0.11362558896967302 -0.053468143600859004 -0.9920838589308731
    outer loop
      vertex -14.307101748843435 -3.095135818379841 -6.741143625364344
      vertex -14.254190574297532 -3.0615573659572832 -6.749013364214136
      vertex -14.25251187585348 -3.065124781741001 -6.749013364214136
    endloop
  endfacet
  facet normal -0.11943095259252408 -0.03880546883713952 -0.9920838589308728
    outer loop
      vertex -14.312111370098318 -3.0844898313066684 -6.741143625364344
      vertex -14.255408919947305 -3.0578076836083836 -6.749013364214136
      vertex -14.254190574297532 -3.0615573659572832 -6.749013364214136
    endloop
  endfacet
  facet normal -0.1233528187483577 -0.023530808648690074 -0.9920838589308737
    outer loop
      vertex -14.31574719300894 -3.0732999189905628 -6.741143625364344
      vertex -14.256147698764103 -3.0539348694248956 -6.749013364214136
      vertex -14.255408919947305 -3.0578076836083836 -6.749013364214136
    endloop
  endfacet
  facet normal -0.12532933726515239 -0.007885053551115797 -0.9920838589308736
    outer loop
      vertex -14.318690657292862 -3.05 -6.741143625364344
      vertex -14.256395259764655 -3.05 -6.749013364214136
      vertex -14.256147698764103 -3.0539348694248956 -6.749013364214136
    endloop
  endfacet
  facet normal -0.8298423702418235 -0.1583008983568553 -0.5350723933551841
    outer loop
      vertex -14.64938794713751 -3.1589643046909583 -6.490876837050857
      vertex -14.659698370065799 -3.1049151749019486 -6.490876837050857
      vertex -14.626318826866319 -3.100698357956743 -6.543892626146237
    endloop
  endfacet
  facet normal -0.843139178757763 -0.053045820880071384 -0.5350723933551836
    outer loop
      vertex -14.626318826866319 -3.100698357956743 -6.543892626146237
      vertex -14.659698370065799 -3.1049151749019486 -6.490876837050857
      vertex -14.663153340021932 -3.05 -6.490876837050857
    endloop
  endfacet
  facet normal -0.8891178852928537 -0.1696083075945988 -0.4250910585360034
    outer loop
      vertex -14.64938794713751 -3.1589643046909583 -6.490876837050857
      vertex -14.686222460293124 -3.108265946734215 -6.434062276342339
      vertex -14.659698370065799 -3.1049151749019486 -6.490876837050857
    endloop
  endfacet
  facet normal -0.9033644828308783 -0.05683487584608213 -0.42509105853600365
    outer loop
      vertex -14.659698370065799 -3.1049151749019486 -6.490876837050857
      vertex -14.686222460293124 -3.108265946734215 -6.434062276342339
      vertex -14.663153340021932 -3.05 -6.490876837050857
    endloop
  endfacet
  facet normal -0.843139178757753 -0.05304582088004475 -0.5350723933552022
    outer loop
      vertex -14.626318826866319 -3.100698357956743 -6.543892626146237
      vertex -14.663153340021932 -3.05 -6.490876837050857
      vertex -14.629508497187473 -3.05 -6.543892626146237
    endloop
  endfacet
  facet normal -0.9033644828308867 -0.056834875846064004 -0.4250910585359884
    outer loop
      vertex -14.689888242944125 -3.05 -6.434062276342339
      vertex -14.663153340021932 -3.05 -6.490876837050857
      vertex -14.686222460293124 -3.108265946734215 -6.434062276342339
    endloop
  endfacet
  facet normal -0.8426683866574223 -0.5347736196031814 -0.0626671038479442
    outer loop
      vertex -14.626318826866319 -3.341575195007601 -6.312666616782153
      vertex -14.663153340021932 -3.2908768370508574 -6.25
      vertex -14.659698370065799 -3.2889774512442878 -6.312666616782153
    endloop
  endfacet
  facet normal -0.8426683866574125 -0.5347736196031991 -0.06266710384792393
    outer loop
      vertex -14.626318826866319 -3.341575195007601 -6.312666616782153
      vertex -14.629508497187473 -3.3438926261462365 -6.25
      vertex -14.663153340021932 -3.2908768370508574 -6.25
    endloop
  endfacet
  facet normal -0.9030486017055278 -0.4249424161612981 -0.06266710384794519
    outer loop
      vertex -14.659698370065799 -3.2889774512442878 -6.312666616782153
      vertex -14.663153340021932 -3.2908768370508574 -6.25
      vertex -14.686222460293124 -3.2326108903166424 -6.312666616782153
    endloop
  endfacet
  facet normal -0.9030486017055349 -0.4249424161612854 -0.06266710384793084
    outer loop
      vertex -14.689888242944125 -3.234062276342339 -6.25
      vertex -14.686222460293124 -3.2326108903166424 -6.312666616782153
      vertex -14.663153340021932 -3.2908768370508574 -6.25
    endloop
  endfacet
  facet normal -0.9510565162951525 -0.30901699437495045 0
    outer loop
      vertex -14.689888242944125 -3.234062276342339 -6.25
      vertex -14.709291580564315 -3.1743449435824274 6.25
      vertex -14.709291580564315 -3.1743449435824274 -6.25
    endloop
  endfacet
  facet normal -0.982287250728689 -0.18738131458572235 0
    outer loop
      vertex -14.709291580564315 -3.1743449435824274 -6.25
      vertex -14.709291580564315 -3.1743449435824274 6.25
      vertex -14.721057350657238 -3.112666616782152 -6.25
    endloop
  endfacet
  facet normal -0.9980267284282714 -0.06279051952931565 0
    outer loop
      vertex -14.721057350657238 -3.112666616782152 -6.25
      vertex -14.725 -3.05 6.25
      vertex -14.725 -3.05 -6.25
    endloop
  endfacet
  facet normal -0.3681245526846769 -0.9297764858882518 0
    outer loop
      vertex -14.379508497187473 -3.5255282581475766 -6.25
      vertex -14.379508497187473 -3.5255282581475766 6.25
      vertex -14.437889645782535 -3.50241352623301 -6.25
    endloop
  endfacet
  facet normal -0.48175367410170605 -0.8763066800438687 0
    outer loop
      vertex -14.437889645782535 -3.50241352623301 -6.25
      vertex -14.492913397489499 -3.4721639627510075 6.25
      vertex -14.492913397489499 -3.4721639627510075 -6.25
    endloop
  endfacet
  facet normal -0.5877852522924799 -0.8090169943749425 0
    outer loop
      vertex -14.492913397489499 -3.4721639627510075 -6.25
      vertex -14.492913397489499 -3.4721639627510075 6.25
      vertex -14.543711994874345 -3.4352566213878943 -6.25
    endloop
  endfacet
  facet normal -0.6845471059286868 -0.7289686274214132 0
    outer loop
      vertex -14.543711994874345 -3.4352566213878943 -6.25
      vertex -14.589484313710706 -3.392273552964344 6.25
      vertex -14.589484313710706 -3.392273552964344 -6.25
    endloop
  endfacet
  facet normal -0.7705132427757951 -0.6374239897486828 0
    outer loop
      vertex -14.629508497187473 -3.3438926261462365 -6.25
      vertex -14.589484313710706 -3.392273552964344 -6.25
      vertex -14.629508497187473 -3.3438926261462365 6.25
    endloop
  endfacet
  facet normal -0.2486898871648574 -0.9685831611286304 0
    outer loop
      vertex -14.379508497187473 -3.5255282581475766 -6.25
      vertex -14.318690657292862 -3.5411436253643442 -6.25
      vertex -14.318690657292862 -3.5411436253643442 6.25
    endloop
  endfacet
  facet normal -0.12533323356430645 -0.9921147013144775 0
    outer loop
      vertex -14.256395259764657 -3.5490133642141357 -6.25
      vertex -14.318690657292862 -3.5411436253643442 6.25
      vertex -14.318690657292862 -3.5411436253643442 -6.25
    endloop
  endfacet
  facet normal -0.84432792550201 -0.5358267949790049 0
    outer loop
      vertex -14.629508497187473 -3.3438926261462365 -6.25
      vertex -14.629508497187473 -3.3438926261462365 6.25
      vertex -14.663153340021932 -3.2908768370508574 -6.25
    endloop
  endfacet
  facet normal -0.9048270524660228 -0.4257792915650658 0
    outer loop
      vertex -14.689888242944125 -3.234062276342339 -6.25
      vertex -14.663153340021932 -3.2908768370508574 -6.25
      vertex -14.663153340021932 -3.2908768370508574 6.25
    endloop
  endfacet
  facet normal -0.9510565162951532 0 -0.30901699437494834
    outer loop
      vertex -14.689888242944125 -3.05 -6.434062276342339
      vertex -14.709291580564315 -3.05 -6.374344943582427
      vertex -14.689888242944125 3.05 -6.434062276342339
    endloop
  endfacet
  facet normal -0.9822872507286887 0 -0.18738131458572496
    outer loop
      vertex -14.709291580564315 -3.05 -6.374344943582427
      vertex -14.721057350657238 -3.05 -6.312666616782153
      vertex -14.709291580564315 3.05 -6.374344943582427
    endloop
  endfacet
  facet normal -0.9980267284282713 0 -0.0627905195293152
    outer loop
      vertex -14.721057350657238 -3.05 -6.312666616782153
      vertex -14.725 -3.05 -6.25
      vertex -14.725 3.05 -6.25
    endloop
  endfacet
  facet normal -0.36812455268467686 0 -0.9297764858882518
    outer loop
      vertex -14.379508497187473 -3.05 -6.725528258147577
      vertex -14.437889645782535 -3.05 -6.70241352623301
      vertex -14.437889645782535 3.05 -6.70241352623301
    endloop
  endfacet
  facet normal -0.48175367410171144 0 -0.8763066800438657
    outer loop
      vertex -14.437889645782535 -3.05 -6.70241352623301
      vertex -14.492913397489499 -3.05 -6.672163962751007
      vertex -14.437889645782535 3.05 -6.70241352623301
    endloop
  endfacet
  facet normal -0.5877852522924707 0 -0.8090169943749492
    outer loop
      vertex -14.492913397489499 -3.05 -6.672163962751007
      vertex -14.543711994874345 -3.05 -6.635256621387895
      vertex -14.543711994874345 3.05 -6.635256621387895
    endloop
  endfacet
  facet normal -0.6845471059286905 0 -0.7289686274214097
    outer loop
      vertex -14.543711994874345 -3.05 -6.635256621387895
      vertex -14.589484313710706 -3.05 -6.592273552964344
      vertex -14.543711994874345 3.05 -6.635256621387895
    endloop
  endfacet
  facet normal -0.770513242775795 0 -0.6374239897486826
    outer loop
      vertex -14.589484313710706 -3.05 -6.592273552964344
      vertex -14.629508497187473 -3.05 -6.543892626146237
      vertex -14.589484313710706 3.05 -6.592273552964344
    endloop
  endfacet
  facet normal -0.24868988716485738 0 -0.9685831611286304
    outer loop
      vertex -14.379508497187473 -3.05 -6.725528258147577
      vertex -14.318690657292862 3.05 -6.741143625364344
      vertex -14.318690657292862 -3.05 -6.741143625364344
    endloop
  endfacet
  facet normal -0.12533323356430293 0 -0.9921147013144781
    outer loop
      vertex -14.318690657292862 -3.05 -6.741143625364344
      vertex -14.318690657292862 3.05 -6.741143625364344
      vertex -14.256395259764655 -3.05 -6.749013364214136
    endloop
  endfacet
  facet normal -0.8443279255020119 0 -0.5358267949790017
    outer loop
      vertex -14.629508497187473 -3.05 -6.543892626146237
      vertex -14.663153340021932 -3.05 -6.490876837050857
      vertex -14.629508497187473 3.05 -6.543892626146237
    endloop
  endfacet
  facet normal -0.9048270524660215 0 -0.42577929156506844
    outer loop
      vertex -14.689888242944125 -3.05 -6.434062276342339
      vertex -14.689888242944125 3.05 -6.434062276342339
      vertex -14.663153340021932 -3.05 -6.490876837050857
    endloop
  endfacet
  facet normal -1 0 0
    outer loop
      vertex -14.725 -3.05 -6.25
      vertex -14.725 -3.05 6.25
      vertex -14.725 3.05 -6.25
    endloop
  endfacet
  facet normal -0.9510565162951525 -0.30901699437495045 0
    outer loop
      vertex -14.689888242944125 -3.234062276342339 -6.25
      vertex -14.689888242944125 -3.234062276342339 6.25
      vertex -14.709291580564315 -3.1743449435824274 6.25
    endloop
  endfacet
  facet normal -0.982287250728689 -0.18738131458572235 0
    outer loop
      vertex -14.721057350657238 -3.112666616782152 -6.25
      vertex -14.709291580564315 -3.1743449435824274 6.25
      vertex -14.721057350657238 -3.112666616782152 6.25
    endloop
  endfacet
  facet normal -0.9980267284282714 -0.06279051952931565 0
    outer loop
      vertex -14.721057350657238 -3.112666616782152 -6.25
      vertex -14.721057350657238 -3.112666616782152 6.25
      vertex -14.725 -3.05 6.25
    endloop
  endfacet
  facet normal -0.3681245526846769 -0.9297764858882518 0
    outer loop
      vertex -14.437889645782535 -3.50241352623301 -6.25
      vertex -14.379508497187473 -3.5255282581475766 6.25
      vertex -14.437889645782535 -3.50241352623301 6.25
    endloop
  endfacet
  facet normal -0.48175367410170605 -0.8763066800438687 0
    outer loop
      vertex -14.437889645782535 -3.50241352623301 -6.25
      vertex -14.437889645782535 -3.50241352623301 6.25
      vertex -14.492913397489499 -3.4721639627510075 6.25
    endloop
  endfacet
  facet normal -0.5877852522924799 -0.8090169943749425 0
    outer loop
      vertex -14.543711994874345 -3.4352566213878943 -6.25
      vertex -14.492913397489499 -3.4721639627510075 6.25
      vertex -14.543711994874345 -3.4352566213878943 6.25
    endloop
  endfacet
  facet normal -0.6845471059286868 -0.7289686274214132 0
    outer loop
      vertex -14.543711994874345 -3.4352566213878943 -6.25
      vertex -14.543711994874345 -3.4352566213878943 6.25
      vertex -14.589484313710706 -3.392273552964344 6.25
    endloop
  endfacet
  facet normal -0.7705132427757951 -0.6374239897486828 0
    outer loop
      vertex -14.589484313710706 -3.392273552964344 -6.25
      vertex -14.589484313710706 -3.392273552964344 6.25
      vertex -14.629508497187473 -3.3438926261462365 6.25
    endloop
  endfacet
  facet normal -0.2486898871648574 -0.9685831611286304 0
    outer loop
      vertex -14.379508497187473 -3.5255282581475766 -6.25
      vertex -14.318690657292862 -3.5411436253643442 6.25
      vertex -14.379508497187473 -3.5255282581475766 6.25
    endloop
  endfacet
  facet normal -0.12533323356430645 -0.9921147013144775 0
    outer loop
      vertex -14.256395259764657 -3.5490133642141357 -6.25
      vertex -14.256395259764657 -3.5490133642141357 6.25
      vertex -14.318690657292862 -3.5411436253643442 6.25
    endloop
  endfacet
  facet normal -0.84432792550201 -0.5358267949790049 0
    outer loop
      vertex -14.663153340021932 -3.2908768370508574 -6.25
      vertex -14.629508497187473 -3.3438926261462365 6.25
      vertex -14.663153340021932 -3.2908768370508574 6.25
    endloop
  endfacet
  facet normal -0.9048270524660228 -0.4257792915650658 0
    outer loop
      vertex -14.689888242944125 -3.234062276342339 -6.25
      vertex -14.663153340021932 -3.2908768370508574 6.25
      vertex -14.689888242944125 -3.234062276342339 6.25
    endloop
  endfacet
  facet normal -0.9491872008496626 -0.3084096169682384 0.0626671038479265
    outer loop
      vertex -14.689888242944125 -3.234062276342339 6.25
      vertex -14.705472796800683 -3.1733644465622453 6.312666616782153
      vertex -14.709291580564315 -3.1743449435824274 6.25
    endloop
  endfacet
  facet normal -0.9491872008496612 -0.3084096169682419 0.06266710384793023
    outer loop
      vertex -14.689888242944125 -3.234062276342339 6.25
      vertex -14.686222460293124 -3.2326108903166424 6.312666616782153
      vertex -14.705472796800683 -3.1733644465622453 6.312666616782153
    endloop
  endfacet
  facet normal -0.9803565508194472 -0.187013013880612 0.06266710384792568
    outer loop
      vertex -14.709291580564315 -3.1743449435824274 6.25
      vertex -14.705472796800683 -3.1733644465622453 6.312666616782153
      vertex -14.721057350657238 -3.112666616782152 6.25
    endloop
  endfacet
  facet normal -0.9960650923461908 -0.06266710384793879 0.06266710384792
    outer loop
      vertex -14.721057350657238 -3.112666616782152 6.25
      vertex -14.717145790282158 -3.1121724717912134 6.312666616782153
      vertex -14.725 -3.05 6.25
    endloop
  endfacet
  facet normal -0.9803565508194467 -0.18701301388061717 0.06266710384792058
    outer loop
      vertex -14.705472796800683 -3.1733644465622453 6.312666616782153
      vertex -14.717145790282158 -3.1121724717912134 6.312666616782153
      vertex -14.721057350657238 -3.112666616782152 6.25
    endloop
  endfacet
  facet normal -0.9960650923461908 -0.06266710384792029 0.06266710384793835
    outer loop
      vertex -14.717145790282158 -3.1121724717912134 6.312666616782153
      vertex -14.721057350657238 -3.05 6.312666616782153
      vertex -14.725 -3.05 6.25
    endloop
  endfacet
  facet normal -0.934275360349405 -0.3035644662826249 0.1870245060267091
    outer loop
      vertex -14.705472796800683 -3.1733644465622453 6.312666616782153
      vertex -14.686222460293124 -3.2326108903166424 6.312666616782153
      vertex -14.694076670010965 -3.170438418525429 6.374344943582427
    endloop
  endfacet
  facet normal -0.9649550362329467 -0.18407501784364266 0.18702450602671064
    outer loop
      vertex -14.705472796800683 -3.1733644465622453 6.312666616782153
      vertex -14.694076670010965 -3.170438418525429 6.374344943582427
      vertex -14.705472796800683 -3.110697829780093 6.374344943582427
    endloop
  endfacet
  facet normal -0.9649550362329535 -0.18407501784362545 0.18702450602669315
    outer loop
      vertex -14.705472796800683 -3.1733644465622453 6.312666616782153
      vertex -14.705472796800683 -3.110697829780093 6.374344943582427
      vertex -14.717145790282158 -3.1121724717912134 6.312666616782153
    endloop
  endfacet
  facet normal -0.9804167947589074 -0.06168259641213053 0.1870245060266931
    outer loop
      vertex -14.717145790282158 -3.1121724717912134 6.312666616782153
      vertex -14.705472796800683 -3.110697829780093 6.374344943582427
      vertex -14.721057350657238 -3.05 6.312666616782153
    endloop
  endfacet
  facet normal -0.9343866006148676 -0.178243776883632 0.3084652923647167
    outer loop
      vertex -14.694076670010965 -3.170438418525429 6.374344943582427
      vertex -14.686222460293124 -3.108265946734215 6.434062276342338
      vertex -14.705472796800683 -3.110697829780093 6.374344943582427
    endloop
  endfacet
  facet normal -0.9493585521008111 -0.059728577409822264 0.30846529236471704
    outer loop
      vertex -14.705472796800683 -3.110697829780093 6.374344943582427
      vertex -14.686222460293124 -3.108265946734215 6.434062276342338
      vertex -14.689888242944125 -3.05 6.434062276342338
    endloop
  endfacet
  facet normal -0.980416794758908 -0.06168259641213514 0.18702450602668869
    outer loop
      vertex -14.721057350657238 -3.05 6.312666616782153
      vertex -14.705472796800683 -3.110697829780093 6.374344943582427
      vertex -14.709291580564315 -3.05 6.374344943582427
    endloop
  endfacet
  facet normal -0.9493585521008127 -0.05972857740981831 0.3084652923647134
    outer loop
      vertex -14.705472796800683 -3.110697829780093 6.374344943582427
      vertex -14.689888242944125 -3.05 6.434062276342338
      vertex -14.709291580564315 -3.05 6.374344943582427
    endloop
  endfacet
  facet normal -0.367400998510548 -0.9279489966527061 0.06266710384793613
    outer loop
      vertex -14.379508497187473 -3.5255282581475766 6.25
      vertex -14.436210947338486 -3.498846110449292 6.312666616782153
      vertex -14.437889645782535 -3.50241352623301 6.25
    endloop
  endfacet
  facet normal -0.3674009985105554 -0.9279489966527037 0.0626671038479284
    outer loop
      vertex -14.379508497187473 -3.5255282581475766 6.25
      vertex -14.3782901515377 -3.521778575798677 6.312666616782153
      vertex -14.436210947338486 -3.498846110449292 6.312666616782153
    endloop
  endfacet
  facet normal -0.4808067802331606 -0.8745842864910925 0.06266710384793406
    outer loop
      vertex -14.437889645782535 -3.50241352623301 6.25
      vertex -14.436210947338486 -3.498846110449292 6.312666616782153
      vertex -14.492913397489499 -3.4721639627510075 6.25
    endloop
  endfacet
  facet normal -0.586629951811472 -0.8074268596801715 0.06266710384792801
    outer loop
      vertex -14.492913397489499 -3.4721639627510075 6.25
      vertex -14.541198855600102 -3.432218757857676 6.312666616782153
      vertex -14.543711994874345 -3.4352566213878943 6.25
    endloop
  endfacet
  facet normal -0.4808067802331725 -0.8745842864910849 0.06266710384794816
    outer loop
      vertex -14.436210947338486 -3.498846110449292 6.312666616782153
      vertex -14.49080082032844 -3.468835073810452 6.312666616782153
      vertex -14.492913397489499 -3.4721639627510075 6.25
    endloop
  endfacet
  facet normal -0.5866299518114534 -0.8074268596801831 0.0626671038479498
    outer loop
      vertex -14.492913397489499 -3.4721639627510075 6.25
      vertex -14.49080082032844 -3.468835073810452 6.312666616782153
      vertex -14.541198855600102 -3.432218757857676 6.312666616782153
    endloop
  endfacet
  facet normal -0.6832016186139445 -0.7275358289586835 0.06266710384793374
    outer loop
      vertex -14.543711994874345 -3.4352566213878943 6.25
      vertex -14.58661024603091 -3.389574623767065 6.312666616782153
      vertex -14.589484313710706 -3.392273552964344 6.25
    endloop
  endfacet
  facet normal -0.6832016186139492 -0.7275358289586795 0.06266710384792765
    outer loop
      vertex -14.543711994874345 -3.4352566213878943 6.25
      vertex -14.541198855600102 -3.432218757857676 6.312666616782153
      vertex -14.58661024603091 -3.389574623767065 6.312666616782153
    endloop
  endfacet
  facet normal -0.7689987877660271 -0.6361711236056642 0.06266710384793339
    outer loop
      vertex -14.629508497187473 -3.3438926261462365 6.25
      vertex -14.589484313710706 -3.392273552964344 6.25
      vertex -14.58661024603091 -3.389574623767065 6.312666616782153
    endloop
  endfacet
  facet normal -0.768998787766022 -0.636171123605671 0.06266710384792498
    outer loop
      vertex -14.629508497187473 -3.3438926261462365 6.25
      vertex -14.58661024603091 -3.389574623767065 6.312666616782153
      vertex -14.626318826866319 -3.341575195007601 6.312666616782153
    endloop
  endfacet
  facet normal -0.2482010835667017 -0.9666793968072496 0.06266710384793021
    outer loop
      vertex -14.379508497187473 -3.5255282581475766 6.25
      vertex -14.318690657292862 -3.5411436253643442 6.25
      vertex -14.3782901515377 -3.521778575798677 6.312666616782153
    endloop
  endfacet
  facet normal -0.12508688926686373 -0.9901646854078625 0.0626671038479372
    outer loop
      vertex -14.256395259764657 -3.5490133642141357 6.25
      vertex -14.256147698764103 -3.54507849478924 6.312666616782153
      vertex -14.318690657292862 -3.5411436253643442 6.25
    endloop
  endfacet
  facet normal -0.24820108356669307 -0.9666793968072512 0.062667103847939
    outer loop
      vertex -14.3782901515377 -3.521778575798677 6.312666616782153
      vertex -14.318690657292862 -3.5411436253643442 6.25
      vertex -14.317951878476064 -3.537270811180856 6.312666616782153
    endloop
  endfacet
  facet normal -0.12508688926686404 -0.9901646854078624 0.06266710384793751
    outer loop
      vertex -14.318690657292862 -3.5411436253643442 6.25
      vertex -14.256147698764103 -3.54507849478924 6.312666616782153
      vertex -14.317951878476064 -3.537270811180856 6.312666616782153
    endloop
  endfacet
  facet normal -0.36162908641089875 -0.9133708107921387 0.18702450602669737
    outer loop
      vertex -14.436210947338486 -3.498846110449292 6.312666616782153
      vertex -14.3782901515377 -3.521778575798677 6.312666616782153
      vertex -14.374654328627077 -3.5105886634825714 6.374344943582427
    endloop
  endfacet
  facet normal -0.3616290864108983 -0.9133708107921388 0.18702450602669696
    outer loop
      vertex -14.436210947338486 -3.498846110449292 6.312666616782153
      vertex -14.374654328627077 -3.5105886634825714 6.374344943582427
      vertex -14.431201326083603 -3.488200123376119 6.374344943582427
    endloop
  endfacet
  facet normal -0.4732532502110037 -0.860844466387625 0.1870245060266871
    outer loop
      vertex -14.436210947338486 -3.498846110449292 6.312666616782153
      vertex -14.48449640544909 -3.4589009055559603 6.374344943582427
      vertex -14.49080082032844 -3.468835073810452 6.312666616782153
    endloop
  endfacet
  facet normal -0.4732532502109921 -0.8608444663876289 0.18702450602669857
    outer loop
      vertex -14.436210947338486 -3.498846110449292 6.312666616782153
      vertex -14.431201326083603 -3.488200123376119 6.374344943582427
      vertex -14.48449640544909 -3.4589009055559603 6.374344943582427
    endloop
  endfacet
  facet normal -0.5774139275474874 -0.7947420905046232 0.1870245060266866
    outer loop
      vertex -14.49080082032844 -3.468835073810452 6.312666616782153
      vertex -14.48449640544909 -3.4589009055559603 6.374344943582427
      vertex -14.533699071485005 -3.423153076189623 6.374344943582427
    endloop
  endfacet
  facet normal -0.4582612444004502 -0.8335741090550409 0.3084652923647093
    outer loop
      vertex -14.48449640544909 -3.4589009055559603 6.374344943582427
      vertex -14.42293978673768 -3.47064345858924 6.434062276342338
      vertex -14.474099577240167 -3.4425181257552904 6.434062276342338
    endloop
  endfacet
  facet normal -0.4582612444004456 -0.8335741090550456 0.3084652923647036
    outer loop
      vertex -14.48449640544909 -3.4589009055559603 6.374344943582427
      vertex -14.431201326083603 -3.488200123376119 6.374344943582427
      vertex -14.42293978673768 -3.47064345858924 6.434062276342338
    endloop
  endfacet
  facet normal -0.3501731791090091 -0.8844364918065328 0.3084652923647044
    outer loop
      vertex -14.374654328627077 -3.5105886634825714 6.374344943582427
      vertex -14.42293978673768 -3.47064345858924 6.434062276342338
      vertex -14.431201326083603 -3.488200123376119 6.374344943582427
    endloop
  endfacet
  facet normal -0.35017317910899887 -0.8844364918065338 0.30846529236471326
    outer loop
      vertex -14.374654328627077 -3.5105886634825714 6.374344943582427
      vertex -14.368658367554843 -3.492134992801015 6.434062276342338
      vertex -14.42293978673768 -3.47064345858924 6.434062276342338
    endloop
  endfacet
  facet normal -0.33320815633570766 -0.841587735476292 0.4250910585359865
    outer loop
      vertex -14.42293978673768 -3.47064345858924 6.434062276342338
      vertex -14.368658367554843 -3.492134992801015 6.434062276342338
      vertex -14.360396828208922 -3.466708589164344 6.490876837050857
    endloop
  endfacet
  facet normal -0.43605962271386234 -0.7931895091284289 0.425091058535987
    outer loop
      vertex -14.42293978673768 -3.47064345858924 6.434062276342338
      vertex -14.411556618711408 -3.446452995180186 6.490876837050857
      vertex -14.459774299893294 -3.4199451006324963 6.490876837050857
    endloop
  endfacet
  facet normal -0.3332081563357086 -0.8415877354762911 0.42509105853598755
    outer loop
      vertex -14.42293978673768 -3.47064345858924 6.434062276342338
      vertex -14.360396828208922 -3.466708589164344 6.490876837050857
      vertex -14.411556618711408 -3.446452995180186 6.490876837050857
    endloop
  endfacet
  facet normal -0.6724684423162 -0.7161061570984391 0.1870245060266948
    outer loop
      vertex -14.541198855600102 -3.432218757857676 6.312666616782153
      vertex -14.533699071485005 -3.423153076189623 6.374344943582427
      vertex -14.58661024603091 -3.389574623767065 6.312666616782153
    endloop
  endfacet
  facet normal -0.6724684423161966 -0.7161061570984437 0.18702450602668938
    outer loop
      vertex -14.58661024603091 -3.389574623767065 6.312666616782153
      vertex -14.533699071485005 -3.423153076189623 6.374344943582427
      vertex -14.578033368755715 -3.3815203999009324 6.374344943582427
    endloop
  endfacet
  facet normal -0.6511655758485719 -0.6934209084215375 0.30846529236471254
    outer loop
      vertex -14.533699071485005 -3.423153076189623 6.374344943582427
      vertex -14.521330918604702 -3.4082025475992173 6.434062276342338
      vertex -14.563888944363331 -3.368237901287674 6.434062276342338
    endloop
  endfacet
  facet normal -0.7569177280364028 -0.6261768018137394 0.18702450602669
    outer loop
      vertex -14.626318826866319 -3.341575195007601 6.312666616782153
      vertex -14.58661024603091 -3.389574623767065 6.312666616782153
      vertex -14.578033368755715 -3.3815203999009324 6.374344943582427
    endloop
  endfacet
  facet normal -0.756917728036402 -0.6261768018137408 0.18702450602668835
    outer loop
      vertex -14.626318826866319 -3.341575195007601 6.312666616782153
      vertex -14.578033368755715 -3.3815203999009324 6.374344943582427
      vertex -14.616800118909236 -3.3346594488651164 6.374344943582427
    endloop
  endfacet
  facet normal -0.6511655758485694 -0.6934209084215387 0.308465292364715
    outer loop
      vertex -14.533699071485005 -3.423153076189623 6.374344943582427
      vertex -14.563888944363331 -3.368237901287674 6.434062276342338
      vertex -14.578033368755715 -3.3815203999009324 6.374344943582427
    endloop
  endfacet
  facet normal -0.7329396254628427 -0.6063403902369847 0.30846529236471504
    outer loop
      vertex -14.578033368755715 -3.3815203999009324 6.374344943582427
      vertex -14.563888944363331 -3.368237901287674 6.434062276342338
      vertex -14.616800118909236 -3.3346594488651164 6.374344943582427
    endloop
  endfacet
  facet normal -0.7329396254628413 -0.6063403902369875 0.30846529236471226
    outer loop
      vertex -14.563888944363331 -3.368237901287674 6.434062276342338
      vertex -14.601102489026907 -3.3232544531667174 6.434062276342338
      vertex -14.616800118909236 -3.3346594488651164 6.374344943582427
    endloop
  endfacet
  facet normal -0.5774139275474804 -0.7947420905046267 0.18702450602669413
    outer loop
      vertex -14.49080082032844 -3.468835073810452 6.312666616782153
      vertex -14.533699071485005 -3.423153076189623 6.374344943582427
      vertex -14.541198855600102 -3.432218757857676 6.312666616782153
    endloop
  endfacet
  facet normal -0.5591222561157029 -0.7695657646507155 0.30846529236471
    outer loop
      vertex -14.48449640544909 -3.4589009055559603 6.374344943582427
      vertex -14.474099577240167 -3.4425181257552904 6.434062276342338
      vertex -14.533699071485005 -3.423153076189623 6.374344943582427
    endloop
  endfacet
  facet normal -0.5591222561157043 -0.7695657646507137 0.30846529236471204
    outer loop
      vertex -14.533699071485005 -3.423153076189623 6.374344943582427
      vertex -14.474099577240167 -3.4425181257552904 6.434062276342338
      vertex -14.521330918604702 -3.4082025475992173 6.434062276342338
    endloop
  endfacet
  facet normal -0.6196182173342416 -0.6598263837558204 0.4250910585359958
    outer loop
      vertex -14.563888944363331 -3.368237901287674 6.434062276342338
      vertex -14.504289450118494 -3.3876029508533416 6.490876837050857
      vertex -14.544400038875894 -3.349936600865002 6.490876837050857
    endloop
  endfacet
  facet normal -0.6974305168867271 -0.5769647008854689 0.4250910585359964
    outer loop
      vertex -14.563888944363331 -3.368237901287674 6.434062276342338
      vertex -14.544400038875894 -3.349936600865002 6.490876837050857
      vertex -14.579473498219887 -3.3075400715075807 6.490876837050857
    endloop
  endfacet
  facet normal -0.43605962271385235 -0.7931895091284302 0.4250910585359946
    outer loop
      vertex -14.42293978673768 -3.47064345858924 6.434062276342338
      vertex -14.459774299893294 -3.4199451006324963 6.490876837050857
      vertex -14.474099577240167 -3.4425181257552904 6.434062276342338
    endloop
  endfacet
  facet normal -0.5320341683524065 -0.732282210393174 0.4250910585359924
    outer loop
      vertex -14.474099577240167 -3.4425181257552904 6.434062276342338
      vertex -14.504289450118494 -3.3876029508533416 6.490876837050857
      vertex -14.521330918604702 -3.4082025475992173 6.434062276342338
    endloop
  endfacet
  facet normal -0.5320341683524036 -0.7322822103931746 0.42509105853599466
    outer loop
      vertex -14.474099577240167 -3.4425181257552904 6.434062276342338
      vertex -14.459774299893294 -3.4199451006324963 6.490876837050857
      vertex -14.504289450118494 -3.3876029508533416 6.490876837050857
    endloop
  endfacet
  facet normal -0.4965646317752033 -0.6834625815208245 0.535072393355186
    outer loop
      vertex -14.459774299893294 -3.4199451006324963 6.490876837050857
      vertex -14.441746491589734 -3.3915378202782374 6.543892626146237
      vertex -14.504289450118494 -3.3876029508533416 6.490876837050857
    endloop
  endfacet
  facet normal -0.4069884959747857 -0.7403093258991977 0.5350723933551956
    outer loop
      vertex -14.411556618711408 -3.446452995180186 6.490876837050857
      vertex -14.397231341364535 -3.4160102312076006 6.543892626146237
      vertex -14.459774299893294 -3.4199451006324963 6.490876837050857
    endloop
  endfacet
  facet normal -0.31099390846968744 -0.7854809499688011 0.5350723933551959
    outer loop
      vertex -14.411556618711408 -3.446452995180186 6.490876837050857
      vertex -14.360396828208922 -3.466708589164344 6.490876837050857
      vertex -14.397231341364535 -3.4160102312076006 6.543892626146237
    endloop
  endfacet
  facet normal -0.4069884959747768 -0.7403093258992097 0.535072393355186
    outer loop
      vertex -14.459774299893294 -3.4199451006324963 6.490876837050857
      vertex -14.397231341364535 -3.4160102312076006 6.543892626146237
      vertex -14.441746491589734 -3.3915378202782374 6.543892626146237
    endloop
  endfacet
  facet normal -0.6196182173342398 -0.6598263837558243 0.42509105853599244
    outer loop
      vertex -14.563888944363331 -3.368237901287674 6.434062276342338
      vertex -14.521330918604702 -3.4082025475992173 6.434062276342338
      vertex -14.504289450118494 -3.3876029508533416 6.490876837050857
    endloop
  endfacet
  facet normal -0.49656463177521204 -0.6834625815208095 0.5350723933551973
    outer loop
      vertex -14.504289450118494 -3.3876029508533416 6.490876837050857
      vertex -14.441746491589734 -3.3915378202782374 6.543892626146237
      vertex -14.482843420164485 -3.3616791538982813 6.543892626146237
    endloop
  endfacet
  facet normal -0.5783096466992093 -0.6158372239510944 0.5350723933551844
    outer loop
      vertex -14.544400038875894 -3.349936600865002 6.490876837050857
      vertex -14.504289450118494 -3.3876029508533416 6.490876837050857
      vertex -14.519874003975051 -3.326905121073248 6.543892626146237
    endloop
  endfacet
  facet normal -0.5783096466991903 -0.615837223951101 0.5350723933551975
    outer loop
      vertex -14.504289450118494 -3.3876029508533416 6.490876837050857
      vertex -14.482843420164485 -3.3616791538982813 6.543892626146237
      vertex -14.519874003975051 -3.326905121073248 6.543892626146237
    endloop
  endfacet
  facet normal -0.24430181589133543 -0.9514927518891927 0.18702450602668957
    outer loop
      vertex -14.3782901515377 -3.521778575798677 6.312666616782153
      vertex -14.317951878476064 -3.537270811180856 6.312666616782153
      vertex -14.31574719300894 -3.5257134452235723 6.374344943582427
    endloop
  endfacet
  facet normal -0.12312175979635437 -0.9746090838947278 0.18702450602669263
    outer loop
      vertex -14.317951878476064 -3.537270811180856 6.312666616782153
      vertex -14.256147698764103 -3.54507849478924 6.312666616782153
      vertex -14.31574719300894 -3.5257134452235723 6.374344943582427
    endloop
  endfacet
  facet normal -0.24430181589134214 -0.9514927518891896 0.1870245060266966
    outer loop
      vertex -14.3782901515377 -3.521778575798677 6.312666616782153
      vertex -14.31574719300894 -3.5257134452235723 6.374344943582427
      vertex -14.374654328627077 -3.5105886634825714 6.374344943582427
    endloop
  endfacet
  facet normal -0.12312175979635462 -0.9746090838947278 0.18702450602669238
    outer loop
      vertex -14.256147698764103 -3.54507849478924 6.312666616782153
      vertex -14.255408919947305 -3.5333359417559604 6.374344943582427
      vertex -14.31574719300894 -3.5257134452235723 6.374344943582427
    endloop
  endfacet
  facet normal -0.23656267359968844 -0.9213507827454859 0.3084652923647127
    outer loop
      vertex -14.374654328627077 -3.5105886634825714 6.374344943582427
      vertex -14.31574719300894 -3.5257134452235723 6.374344943582427
      vertex -14.368658367554843 -3.492134992801015 6.434062276342338
    endloop
  endfacet
  facet normal -0.23656267359969166 -0.921350782745486 0.3084652923647099
    outer loop
      vertex -14.31574719300894 -3.5257134452235723 6.374344943582427
      vertex -14.312111370098318 -3.5066537940576756 6.434062276342338
      vertex -14.368658367554843 -3.492134992801015 6.434062276342338
    endloop
  endfacet
  facet normal -0.11922143341201863 -0.9437348214522648 0.30846529236470904
    outer loop
      vertex -14.31574719300894 -3.5257134452235723 6.374344943582427
      vertex -14.254190574297532 -3.5139708921902932 6.434062276342338
      vertex -14.312111370098318 -3.5066537940576756 6.434062276342338
    endloop
  endfacet
  facet normal -0.1192214334120163 -0.9437348214522658 0.3084652923647069
    outer loop
      vertex -14.31574719300894 -3.5257134452235723 6.374344943582427
      vertex -14.255408919947305 -3.5333359417559604 6.374344943582427
      vertex -14.254190574297532 -3.5139708921902932 6.434062276342338
    endloop
  endfacet
  facet normal -0.11344545040256611 -0.8980132079962447 0.4250910585359944
    outer loop
      vertex -14.312111370098318 -3.5066537940576756 6.434062276342338
      vertex -14.254190574297532 -3.5139708921902932 6.434062276342338
      vertex -14.307101748843435 -3.4803924397677353 6.490876837050857
    endloop
  endfacet
  facet normal -0.2251017982832519 -0.8767136204955414 0.42509105853598733
    outer loop
      vertex -14.312111370098318 -3.5066537940576756 6.434062276342338
      vertex -14.360396828208922 -3.466708589164344 6.490876837050857
      vertex -14.368658367554843 -3.492134992801015 6.434062276342338
    endloop
  endfacet
  facet normal -0.22510179828324073 -0.87671362049554 0.4250910585359958
    outer loop
      vertex -14.312111370098318 -3.5066537940576756 6.434062276342338
      vertex -14.307101748843435 -3.4803924397677353 6.490876837050857
      vertex -14.360396828208922 -3.466708589164344 6.490876837050857
    endloop
  endfacet
  facet normal -0.1134454504025657 -0.8980132079962446 0.4250910585359947
    outer loop
      vertex -14.254190574297532 -3.5139708921902932 6.434062276342338
      vertex -14.25251187585348 -3.4872887444920084 6.490876837050857
      vertex -14.307101748843435 -3.4803924397677353 6.490876837050857
    endloop
  endfacet
  facet normal -0.2100947612492719 -0.8182650702338201 0.5350723933551915
    outer loop
      vertex -14.307101748843435 -3.4803924397677353 6.490876837050857
      vertex -14.35 -3.4347104421469066 6.543892626146237
      vertex -14.360396828208922 -3.466708589164344 6.490876837050857
    endloop
  endfacet
  facet normal -0.21009476124927645 -0.818265070233821 0.5350723933551884
    outer loop
      vertex -14.307101748843435 -3.4803924397677353 6.490876837050857
      vertex -14.300797333964084 -3.447343539598677 6.543892626146237
      vertex -14.35 -3.4347104421469066 6.543892626146237
    endloop
  endfacet
  facet normal -0.10588229413944072 -0.8381446615333876 0.5350723933551907
    outer loop
      vertex -14.307101748843435 -3.4803924397677353 6.490876837050857
      vertex -14.25251187585348 -3.4872887444920084 6.490876837050857
      vertex -14.250399298692423 -3.453710292069451 6.543892626146237
    endloop
  endfacet
  facet normal -0.10588229413943812 -0.8381446615333892 0.5350723933551889
    outer loop
      vertex -14.307101748843435 -3.4803924397677353 6.490876837050857
      vertex -14.250399298692423 -3.453710292069451 6.543892626146237
      vertex -14.300797333964084 -3.447343539598677 6.543892626146237
    endloop
  endfacet
  facet normal -0.31099390846969366 -0.7854809499688014 0.535072393355192
    outer loop
      vertex -14.360396828208922 -3.466708589164344 6.490876837050857
      vertex -14.35 -3.4347104421469066 6.543892626146237
      vertex -14.397231341364535 -3.4160102312076006 6.543892626146237
    endloop
  endfacet
  facet normal -0.28387230649546064 -0.7169796028259697 0.6366763406444926
    outer loop
      vertex -14.397231341364535 -3.4160102312076006 6.543892626146237
      vertex -14.337631847119697 -3.3966451816419334 6.592273552964345
      vertex -14.380189872878326 -3.379795267244958 6.592273552964345
    endloop
  endfacet
  facet normal -0.45325951250855395 -0.6238581982983351 0.6366763406444935
    outer loop
      vertex -14.482843420164485 -3.3616791538982813 6.543892626146237
      vertex -14.441746491589734 -3.3915378202782374 6.543892626146237
      vertex -14.45733104544629 -3.330839990498144 6.592273552964345
    endloop
  endfacet
  facet normal -0.3714952605920228 -0.6757473704138216 0.6366763406444993
    outer loop
      vertex -14.397231341364535 -3.4160102312076006 6.543892626146237
      vertex -14.420300461635726 -3.3577442844733856 6.592273552964345
      vertex -14.441746491589734 -3.3915378202782374 6.543892626146237
    endloop
  endfacet
  facet normal -0.37149526059203447 -0.675747370413821 0.6366763406444931
    outer loop
      vertex -14.397231341364535 -3.4160102312076006 6.543892626146237
      vertex -14.380189872878326 -3.379795267244958 6.592273552964345
      vertex -14.420300461635726 -3.3577442844733856 6.592273552964345
    endloop
  endfacet
  facet normal -0.4532595125085428 -0.6238581982983371 0.6366763406444996
    outer loop
      vertex -14.441746491589734 -3.3915378202782374 6.543892626146237
      vertex -14.420300461635726 -3.3577442844733856 6.592273552964345
      vertex -14.45733104544629 -3.330839990498144 6.592273552964345
    endloop
  endfacet
  facet normal -0.33012909228741055 -0.6005025896018191 0.7282935001131065
    outer loop
      vertex -14.380189872878326 -3.379795267244958 6.592273552964345
      vertex -14.360700967390889 -3.3383792349077184 6.635256621387894
      vertex -14.420300461635726 -3.3577442844733856 6.592273552964345
    endloop
  endfacet
  facet normal -0.19177251654836983 -0.7469046385986878 0.6366763406444979
    outer loop
      vertex -14.300797333964084 -3.447343539598677 6.543892626146237
      vertex -14.293297549848987 -3.4080282944486218 6.592273552964345
      vertex -14.35 -3.4347104421469066 6.543892626146237
    endloop
  endfacet
  facet normal -0.28387230649546746 -0.716979602825962 0.6366763406444983
    outer loop
      vertex -14.397231341364535 -3.4160102312076006 6.543892626146237
      vertex -14.35 -3.4347104421469066 6.543892626146237
      vertex -14.337631847119697 -3.3966451816419334 6.592273552964345
    endloop
  endfacet
  facet normal -0.19177251654837005 -0.7469046385986878 0.636676340644498
    outer loop
      vertex -14.35 -3.4347104421469066 6.543892626146237
      vertex -14.293297549848987 -3.4080282944486218 6.592273552964345
      vertex -14.337631847119697 -3.3966451816419334 6.592273552964345
    endloop
  endfacet
  facet normal -0.09664835945596288 -0.7650505420415065 0.6366763406444974
    outer loop
      vertex -14.300797333964084 -3.447343539598677 6.543892626146237
      vertex -14.250399298692423 -3.453710292069451 6.543892626146237
      vertex -14.293297549848987 -3.4080282944486218 6.592273552964345
    endloop
  endfacet
  facet normal -0.09664835945596467 -0.7650505420415071 0.6366763406444963
    outer loop
      vertex -14.250399298692423 -3.453710292069451 6.543892626146237
      vertex -14.24788615941818 -3.4137650871761194 6.592273552964345
      vertex -14.293297549848987 -3.4080282944486218 6.592273552964345
    endloop
  endfacet
  facet normal -0.0858865201333052 -0.6798618119532788 0.7282935001131041
    outer loop
      vertex -14.293297549848987 -3.4080282944486218 6.592273552964345
      vertex -14.24788615941818 -3.4137650871761194 6.592273552964345
      vertex -14.245012091738383 -3.3680830895552902 6.635256621387894
    endloop
  endfacet
  facet normal -0.252262994471401 -0.6371435939514132 0.7282935001131061
    outer loop
      vertex -14.380189872878326 -3.379795267244958 6.592273552964345
      vertex -14.337631847119697 -3.3966451816419334 6.592273552964345
      vertex -14.360700967390889 -3.3383792349077184 6.635256621387894
    endloop
  endfacet
  facet normal -0.1704185585379827 -0.663736463213259 0.7282935001131002
    outer loop
      vertex -14.337631847119697 -3.3966451816419334 6.592273552964345
      vertex -14.293297549848987 -3.4080282944486218 6.592273552964345
      vertex -14.284720672573794 -3.363066729219376 6.635256621387894
    endloop
  endfacet
  facet normal -0.1704185585379892 -0.6637364632132534 0.7282935001131038
    outer loop
      vertex -14.337631847119697 -3.3966451816419334 6.592273552964345
      vertex -14.284720672573794 -3.363066729219376 6.635256621387894
      vertex -14.323487422727313 -3.353113119546673 6.635256621387894
    endloop
  endfacet
  facet normal -0.25226299447140604 -0.6371435939514136 0.7282935001131039
    outer loop
      vertex -14.337631847119697 -3.3966451816419334 6.592273552964345
      vertex -14.323487422727313 -3.353113119546673 6.635256621387894
      vertex -14.360700967390889 -3.3383792349077184 6.635256621387894
    endloop
  endfacet
  facet normal -0.08588652013330028 -0.6798618119532821 0.7282935001131016
    outer loop
      vertex -14.293297549848987 -3.4080282944486218 6.592273552964345
      vertex -14.245012091738383 -3.3680830895552902 6.635256621387894
      vertex -14.284720672573794 -3.363066729219376 6.635256621387894
    endloop
  endfacet
  facet normal -0.07376426203654828 -0.5839042584066721 0.8084643781025592
    outer loop
      vertex -14.245012091738383 -3.3680830895552902 6.635256621387894
      vertex -14.241822421417229 -3.3173847315985467 6.672163962751007
      vertex -14.284720672573794 -3.363066729219376 6.635256621387894
    endloop
  endfacet
  facet normal -0.8426683866574125 -0.5347736196031991 0.06266710384792393
    outer loop
      vertex -14.629508497187473 -3.3438926261462365 6.25
      vertex -14.626318826866319 -3.341575195007601 6.312666616782153
      vertex -14.663153340021932 -3.2908768370508574 6.25
    endloop
  endfacet
  facet normal -0.8426683866574223 -0.5347736196031814 0.0626671038479442
    outer loop
      vertex -14.626318826866319 -3.341575195007601 6.312666616782153
      vertex -14.659698370065799 -3.2889774512442878 6.312666616782153
      vertex -14.663153340021932 -3.2908768370508574 6.25
    endloop
  endfacet
  facet normal -0.9030486017055349 -0.4249424161612854 0.06266710384793084
    outer loop
      vertex -14.689888242944125 -3.234062276342339 6.25
      vertex -14.663153340021932 -3.2908768370508574 6.25
      vertex -14.686222460293124 -3.2326108903166424 6.312666616782153
    endloop
  endfacet
  facet normal -0.9030486017055279 -0.4249424161612981 0.06266710384794519
    outer loop
      vertex -14.663153340021932 -3.2908768370508574 6.25
      vertex -14.659698370065799 -3.2889774512442878 6.312666616782153
      vertex -14.686222460293124 -3.2326108903166424 6.312666616782153
    endloop
  endfacet
  facet normal -0.8294299690247422 -0.5263722643045403 0.1870245060266874
    outer loop
      vertex -14.626318826866319 -3.341575195007601 6.312666616782153
      vertex -14.616800118909236 -3.3346594488651164 6.374344943582427
      vertex -14.64938794713751 -3.283309248273386 6.374344943582427
    endloop
  endfacet
  facet normal -0.8294299690247458 -0.5263722643045362 0.18702450602668222
    outer loop
      vertex -14.626318826866319 -3.341575195007601 6.312666616782153
      vertex -14.64938794713751 -3.283309248273386 6.374344943582427
      vertex -14.659698370065799 -3.2889774512442878 6.312666616782153
    endloop
  endfacet
  facet normal -0.8031547793466601 -0.5096975218881968 0.3084652923647146
    outer loop
      vertex -14.616800118909236 -3.3346594488651164 6.374344943582427
      vertex -14.632384672765792 -3.273961619085023 6.434062276342338
      vertex -14.64938794713751 -3.283309248273386 6.374344943582427
    endloop
  endfacet
  facet normal -0.8031547793466614 -0.5096975218881956 0.30846529236471315
    outer loop
      vertex -14.616800118909236 -3.3346594488651164 6.374344943582427
      vertex -14.601102489026907 -3.3232544531667174 6.434062276342338
      vertex -14.632384672765792 -3.273961619085023 6.434062276342338
    endloop
  endfacet
  facet normal -0.8888616039241073 -0.418266521747724 0.18702450602668172
    outer loop
      vertex -14.659698370065799 -3.2889774512442878 6.312666616782153
      vertex -14.64938794713751 -3.283309248273386 6.374344943582427
      vertex -14.686222460293124 -3.2326108903166424 6.312666616782153
    endloop
  endfacet
  facet normal -0.8888616039241084 -0.4182665217477196 0.187024506026686
    outer loop
      vertex -14.686222460293124 -3.2326108903166424 6.312666616782153
      vertex -14.64938794713751 -3.283309248273386 6.374344943582427
      vertex -14.675282923922357 -3.228279621464194 6.374344943582427
    endloop
  endfacet
  facet normal -0.8607037025787613 -0.4050164191407008 0.30846529236472514
    outer loop
      vertex -14.64938794713751 -3.283309248273386 6.374344943582427
      vertex -14.657242156855352 -3.221136776482172 6.434062276342338
      vertex -14.675282923922357 -3.228279621464194 6.374344943582427
    endloop
  endfacet
  facet normal -0.8607037025787697 -0.40501641914069125 0.30846529236471415
    outer loop
      vertex -14.64938794713751 -3.283309248273386 6.374344943582427
      vertex -14.632384672765792 -3.273961619085023 6.434062276342338
      vertex -14.657242156855352 -3.221136776482172 6.434062276342338
    endloop
  endfacet
  facet normal -0.6974305168867212 -0.5769647008854724 0.42509105853600154
    outer loop
      vertex -14.563888944363331 -3.368237901287674 6.434062276342338
      vertex -14.579473498219887 -3.3075400715075807 6.490876837050857
      vertex -14.601102489026907 -3.3232544531667174 6.434062276342338
    endloop
  endfacet
  facet normal -0.7642439205631143 -0.4850039400201419 0.42509105853600215
    outer loop
      vertex -14.601102489026907 -3.3232544531667174 6.434062276342338
      vertex -14.579473498219887 -3.3075400715075807 6.490876837050857
      vertex -14.632384672765792 -3.273961619085023 6.434062276342338
    endloop
  endfacet
  facet normal -0.6509343730293218 -0.5384997454763373 0.5350723933551832
    outer loop
      vertex -14.544400038875894 -3.349936600865002 6.490876837050857
      vertex -14.519874003975051 -3.326905121073248 6.543892626146237
      vertex -14.579473498219887 -3.3075400715075807 6.490876837050857
    endloop
  endfacet
  facet normal -0.6509343730293211 -0.5384997454763394 0.5350723933551816
    outer loop
      vertex -14.579473498219887 -3.3075400715075807 6.490876837050857
      vertex -14.519874003975051 -3.326905121073248 6.543892626146237
      vertex -14.552254248593737 -3.2877641290737882 6.543892626146237
    endloop
  endfacet
  facet normal -0.8190047410750274 -0.38539437729340575 0.425091058535998
    outer loop
      vertex -14.632384672765792 -3.273961619085023 6.434062276342338
      vertex -14.608956698744748 -3.2610819813755034 6.490876837050857
      vertex -14.632384672765792 -3.211295002302871 6.490876837050857
    endloop
  endfacet
  facet normal -0.7642439205631132 -0.48500394002014774 0.4250910585359976
    outer loop
      vertex -14.579473498219887 -3.3075400715075807 6.490876837050857
      vertex -14.608956698744748 -3.2610819813755034 6.490876837050857
      vertex -14.632384672765792 -3.273961619085023 6.434062276342338
    endloop
  endfacet
  facet normal -0.713293475447411 -0.4526698043312592 0.535072393355192
    outer loop
      vertex -14.579473498219887 -3.3075400715075807 6.490876837050857
      vertex -14.579473498219887 -3.2448734547254285 6.543892626146237
      vertex -14.608956698744748 -3.2610819813755034 6.490876837050857
    endloop
  endfacet
  facet normal -0.7132934754474258 -0.4526698043312494 0.5350723933551804
    outer loop
      vertex -14.579473498219887 -3.3075400715075807 6.490876837050857
      vertex -14.552254248593737 -3.2877641290737882 6.543892626146237
      vertex -14.579473498219887 -3.2448734547254285 6.543892626146237
    endloop
  endfacet
  facet normal -0.7644035136568277 -0.35970098996005323 0.5350723933551923
    outer loop
      vertex -14.608956698744748 -3.2610819813755034 6.490876837050857
      vertex -14.579473498219887 -3.2448734547254285 6.543892626146237
      vertex -14.632384672765792 -3.211295002302871 6.490876837050857
    endloop
  endfacet
  facet normal -0.934275360349417 -0.3035644662826027 0.18702450602668513
    outer loop
      vertex -14.694076670010965 -3.170438418525429 6.374344943582427
      vertex -14.686222460293124 -3.2326108903166424 6.312666616782153
      vertex -14.675282923922357 -3.228279621464194 6.374344943582427
    endloop
  endfacet
  facet normal -0.9046788142617384 -0.29394796551825153 0.30846529236472575
    outer loop
      vertex -14.694076670010965 -3.170438418525429 6.374344943582427
      vertex -14.675282923922357 -3.228279621464194 6.374344943582427
      vertex -14.657242156855352 -3.221136776482172 6.434062276342338
    endloop
  endfacet
  facet normal -0.9046788142617374 -0.2939479655182888 0.3084652923646935
    outer loop
      vertex -14.694076670010965 -3.170438418525429 6.374344943582427
      vertex -14.657242156855352 -3.221136776482172 6.434062276342338
      vertex -14.675282923922357 -3.165613004682042 6.434062276342338
    endloop
  endfacet
  facet normal -0.9343866006148802 -0.17824377688360715 0.3084652923646925
    outer loop
      vertex -14.694076670010965 -3.170438418525429 6.374344943582427
      vertex -14.675282923922357 -3.165613004682042 6.434062276342338
      vertex -14.686222460293124 -3.108265946734215 6.434062276342338
    endloop
  endfacet
  facet normal -0.8190047410750413 -0.38539437729339243 0.4250910585359834
    outer loop
      vertex -14.632384672765792 -3.273961619085023 6.434062276342338
      vertex -14.632384672765792 -3.211295002302871 6.490876837050857
      vertex -14.657242156855352 -3.221136776482172 6.434062276342338
    endloop
  endfacet
  facet normal -0.8608493675704842 -0.27970691501329553 0.425091058535983
    outer loop
      vertex -14.657242156855352 -3.221136776482172 6.434062276342338
      vertex -14.632384672765792 -3.211295002302871 6.490876837050857
      vertex -14.64938794713751 -3.1589643046909583 6.490876837050857
    endloop
  endfacet
  facet normal -0.8034584518233594 -0.26105947610221114 0.5350723933551884
    outer loop
      vertex -14.632384672765792 -3.211295002302871 6.490876837050857
      vertex -14.601102489026907 -3.19890950958429 6.543892626146237
      vertex -14.64938794713751 -3.1589643046909583 6.490876837050857
    endloop
  endfacet
  facet normal -0.7644035136568276 -0.3597009899600598 0.5350723933551881
    outer loop
      vertex -14.632384672765792 -3.211295002302871 6.490876837050857
      vertex -14.579473498219887 -3.2448734547254285 6.543892626146237
      vertex -14.601102489026907 -3.19890950958429 6.543892626146237
    endloop
  endfacet
  facet normal -0.8608493675704753 -0.27970691501330663 0.4250910585359939
    outer loop
      vertex -14.657242156855352 -3.221136776482172 6.434062276342338
      vertex -14.64938794713751 -3.1589643046909583 6.490876837050857
      vertex -14.675282923922357 -3.165613004682042 6.434062276342338
    endloop
  endfacet
  facet normal -0.889117885292857 -0.16960830759460357 0.4250910585359946
    outer loop
      vertex -14.675282923922357 -3.165613004682042 6.434062276342338
      vertex -14.64938794713751 -3.1589643046909583 6.490876837050857
      vertex -14.686222460293124 -3.108265946734215 6.434062276342338
    endloop
  endfacet
  facet normal -0.80345845182336 -0.2610594761022155 0.5350723933551856
    outer loop
      vertex -14.64938794713751 -3.1589643046909583 6.490876837050857
      vertex -14.601102489026907 -3.19890950958429 6.543892626146237
      vertex -14.616800118909236 -3.1505971725227777 6.543892626146237
    endloop
  endfacet
  facet normal -0.8298423702418224 -0.15830089835685682 0.5350723933551853
    outer loop
      vertex -14.64938794713751 -3.1589643046909583 6.490876837050857
      vertex -14.616800118909236 -3.1505971725227777 6.543892626146237
      vertex -14.626318826866319 -3.100698357956743 6.543892626146237
    endloop
  endfacet
  facet normal -0.594166756378833 -0.4915374887816706 0.6366763406444954
    outer loop
      vertex -14.552254248593737 -3.2877641290737882 6.543892626146237
      vertex -14.519874003975051 -3.326905121073248 6.543892626146237
      vertex -14.519874003975051 -3.2642385042910957 6.592273552964345
    endloop
  endfacet
  facet normal -0.6510875569228727 -0.4131927280141107 0.6366763406444929
    outer loop
      vertex -14.552254248593737 -3.2877641290737882 6.543892626146237
      vertex -14.544400038875894 -3.2255916572825747 6.592273552964345
      vertex -14.579473498219887 -3.2448734547254285 6.543892626146237
    endloop
  endfacet
  facet normal -0.6510875569228697 -0.4131927280141125 0.6366763406444947
    outer loop
      vertex -14.552254248593737 -3.2877641290737882 6.543892626146237
      vertex -14.519874003975051 -3.2642385042910957 6.592273552964345
      vertex -14.544400038875894 -3.2255916572825747 6.592273552964345
    endloop
  endfacet
  facet normal -0.5278755911486848 -0.5621304097208786 0.6366763406444941
    outer loop
      vertex -14.482843420164485 -3.3616791538982813 6.543892626146237
      vertex -14.45733104544629 -3.330839990498144 6.592273552964345
      vertex -14.519874003975051 -3.326905121073248 6.543892626146237
    endloop
  endfacet
  facet normal -0.5278755911486862 -0.5621304097208749 0.6366763406444962
    outer loop
      vertex -14.519874003975051 -3.326905121073248 6.543892626146237
      vertex -14.45733104544629 -3.330839990498144 6.592273552964345
      vertex -14.490697629882328 -3.2995066821070678 6.592273552964345
    endloop
  endfacet
  facet normal -0.5941667563788301 -0.4915374887816719 0.6366763406444971
    outer loop
      vertex -14.519874003975051 -3.326905121073248 6.543892626146237
      vertex -14.490697629882328 -3.2995066821070678 6.592273552964345
      vertex -14.519874003975051 -3.2642385042910957 6.592273552964345
    endloop
  endfacet
  facet normal -0.4690964010385341 -0.49953692979167275 0.7282935001131096
    outer loop
      vertex -14.45733104544629 -3.330839990498144 6.592273552964345
      vertex -14.45733104544629 -3.2681733737159915 6.635256621387894
      vertex -14.490697629882328 -3.2995066821070678 6.592273552964345
    endloop
  endfacet
  facet normal -0.4027888571084743 -0.5543913006913518 0.728293500113107
    outer loop
      vertex -14.420300461635726 -3.3577442844733856 6.592273552964345
      vertex -14.395774426734882 -3.319097437464864 6.635256621387894
      vertex -14.45733104544629 -3.330839990498144 6.592273552964345
    endloop
  endfacet
  facet normal -0.40278885710847373 -0.5543913006913526 0.7282935001131067
    outer loop
      vertex -14.45733104544629 -3.330839990498144 6.592273552964345
      vertex -14.395774426734882 -3.319097437464864 6.635256621387894
      vertex -14.428154671353568 -3.295571812682172 6.635256621387894
    endloop
  endfacet
  facet normal -0.3301290922874108 -0.600502589601819 0.7282935001131067
    outer loop
      vertex -14.420300461635726 -3.3577442844733856 6.592273552964345
      vertex -14.360700967390889 -3.3383792349077184 6.635256621387894
      vertex -14.395774426734882 -3.319097437464864 6.635256621387894
    endloop
  endfacet
  facet normal -0.4690964010385404 -0.4995369297916709 0.7282935001131069
    outer loop
      vertex -14.45733104544629 -3.330839990498144 6.592273552964345
      vertex -14.428154671353568 -3.295571812682172 6.635256621387894
      vertex -14.45733104544629 -3.2681733737159915 6.635256621387894
    endloop
  endfacet
  facet normal -0.52800601449962 -0.43680456310027477 0.7282935001131106
    outer loop
      vertex -14.490697629882328 -3.2995066821070678 6.592273552964345
      vertex -14.45733104544629 -3.2681733737159915 6.635256621387894
      vertex -14.519874003975051 -3.2642385042910957 6.592273552964345
    endloop
  endfacet
  facet normal -0.5280060144996191 -0.43680456310027826 0.7282935001131089
    outer loop
      vertex -14.519874003975051 -3.2642385042910957 6.592273552964345
      vertex -14.45733104544629 -3.2681733737159915 6.635256621387894
      vertex -14.482843420164485 -3.237334210315854 6.635256621387894
    endloop
  endfacet
  facet normal -0.28353377027712534 -0.5157460135102241 0.8084643781025544
    outer loop
      vertex -14.395774426734882 -3.319097437464864 6.635256621387894
      vertex -14.360700967390889 -3.3383792349077184 6.635256621387894
      vertex -14.368555177108732 -3.276206763116505 6.672163962751007
    endloop
  endfacet
  facet normal -0.3459381373821901 -0.47614299789432146 0.8084643781025539
    outer loop
      vertex -14.395774426734882 -3.319097437464864 6.635256621387894
      vertex -14.368555177108732 -3.276206763116505 6.672163962751007
      vertex -14.428154671353568 -3.295571812682172 6.635256621387894
    endloop
  endfacet
  facet normal -0.4534818030812617 -0.3751527736981485 0.8084643781025567
    outer loop
      vertex -14.45733104544629 -3.2681733737159915 6.635256621387894
      vertex -14.441746491589734 -3.207475543935898 6.672163962751007
      vertex -14.482843420164485 -3.237334210315854 6.635256621387894
    endloop
  endfacet
  facet normal -0.4028868534073098 -0.4290309227675773 0.8084643781025592
    outer loop
      vertex -14.428154671353568 -3.295571812682172 6.635256621387894
      vertex -14.395774426734882 -3.256430820682712 6.672163962751007
      vertex -14.45733104544629 -3.2681733737159915 6.635256621387894
    endloop
  endfacet
  facet normal -0.3459381373821994 -0.47614299789430453 0.8084643781025599
    outer loop
      vertex -14.428154671353568 -3.295571812682172 6.635256621387894
      vertex -14.368555177108732 -3.276206763116505 6.672163962751007
      vertex -14.395774426734882 -3.256430820682712 6.672163962751007
    endloop
  endfacet
  facet normal -0.4028868534073052 -0.4290309227675892 0.8084643781025552
    outer loop
      vertex -14.45733104544629 -3.2681733737159915 6.635256621387894
      vertex -14.395774426734882 -3.256430820682712 6.672163962751007
      vertex -14.420300461635726 -3.2333993408909585 6.672163962751007
    endloop
  endfacet
  facet normal -0.2835973418500707 -0.3903382540160975 0.8759044440732325
    outer loop
      vertex -14.395774426734882 -3.256430820682712 6.672163962751007
      vertex -14.368555177108732 -3.276206763116505 6.672163962751007
      vertex -14.360700967390889 -3.214034291325291 6.702413526233009
    endloop
  endfacet
  facet normal -0.6977403177533614 -0.32833167109643235 0.6366763406444929
    outer loop
      vertex -14.579473498219887 -3.2448734547254285 6.543892626146237
      vertex -14.544400038875894 -3.2255916572825747 6.592273552964345
      vertex -14.601102489026907 -3.19890950958429 6.543892626146237
    endloop
  endfacet
  facet normal -0.6977403177533614 -0.3283316710964275 0.6366763406444954
    outer loop
      vertex -14.601102489026907 -3.19890950958429 6.543892626146237
      vertex -14.544400038875894 -3.2255916572825747 6.592273552964345
      vertex -14.563888944363331 -3.1841756249453352 6.592273552964345
    endloop
  endfacet
  facet normal -0.6200466121294743 -0.29177178835480577 0.7282935001131067
    outer loop
      vertex -14.544400038875894 -3.2255916572825747 6.592273552964345
      vertex -14.521330918604702 -3.167325710548359 6.635256621387894
      vertex -14.563888944363331 -3.1841756249453352 6.592273552964345
    endloop
  endfacet
  facet normal -0.7333892969630318 -0.23829262758970057 0.636676340644496
    outer loop
      vertex -14.601102489026907 -3.19890950958429 6.543892626146237
      vertex -14.563888944363331 -3.1841756249453352 6.592273552964345
      vertex -14.616800118909236 -3.1505971725227777 6.543892626146237
    endloop
  endfacet
  facet normal -0.7333892969630312 -0.23829262758969727 0.6366763406444979
    outer loop
      vertex -14.616800118909236 -3.1505971725227777 6.543892626146237
      vertex -14.563888944363331 -3.1841756249453352 6.592273552964345
      vertex -14.578033368755715 -3.140643562850075 6.592273552964345
    endloop
  endfacet
  facet normal -0.6517260610912347 -0.21175863379683926 0.7282935001131069
    outer loop
      vertex -14.563888944363331 -3.1841756249453352 6.592273552964345
      vertex -14.521330918604702 -3.167325710548359 6.635256621387894
      vertex -14.533699071485005 -3.1292604500433865 6.635256621387894
    endloop
  endfacet
  facet normal -0.6517260610912369 -0.2117586337968371 0.7282935001131057
    outer loop
      vertex -14.563888944363331 -3.1841756249453352 6.592273552964345
      vertex -14.533699071485005 -3.1292604500433865 6.635256621387894
      vertex -14.578033368755715 -3.140643562850075 6.592273552964345
    endloop
  endfacet
  facet normal -0.5785886576965519 -0.3671835275143844 0.7282935001131038
    outer loop
      vertex -14.519874003975051 -3.2642385042910957 6.592273552964345
      vertex -14.504289450118494 -3.2035406745110024 6.635256621387894
      vertex -14.544400038875894 -3.2255916572825747 6.592273552964345
    endloop
  endfacet
  facet normal -0.5785886576965389 -0.3671835275143922 0.7282935001131103
    outer loop
      vertex -14.519874003975051 -3.2642385042910957 6.592273552964345
      vertex -14.482843420164485 -3.237334210315854 6.635256621387894
      vertex -14.504289450118494 -3.2035406745110024 6.635256621387894
    endloop
  endfacet
  facet normal -0.6200466121294806 -0.29177178835480067 0.7282935001131032
    outer loop
      vertex -14.544400038875894 -3.2255916572825747 6.592273552964345
      vertex -14.504289450118494 -3.2035406745110024 6.635256621387894
      vertex -14.521330918604702 -3.167325710548359 6.635256621387894
    endloop
  endfacet
  facet normal -0.49692507382372236 -0.31535824128208734 0.8084643781025586
    outer loop
      vertex -14.482843420164485 -3.237334210315854 6.635256621387894
      vertex -14.459774299893294 -3.179068263581639 6.672163962751007
      vertex -14.504289450118494 -3.2035406745110024 6.635256621387894
    endloop
  endfacet
  facet normal -0.4969250738237289 -0.31535824128208345 0.8084643781025561
    outer loop
      vertex -14.482843420164485 -3.237334210315854 6.635256621387894
      vertex -14.441746491589734 -3.207475543935898 6.672163962751007
      vertex -14.459774299893294 -3.179068263581639 6.672163962751007
    endloop
  endfacet
  facet normal -0.4534818030812642 -0.37515277369814726 0.8084643781025557
    outer loop
      vertex -14.45733104544629 -3.2681733737159915 6.635256621387894
      vertex -14.420300461635726 -3.2333993408909585 6.672163962751007
      vertex -14.441746491589734 -3.207475543935898 6.672163962751007
    endloop
  endfacet
  facet normal -0.3302834476628276 -0.3517161484105014 0.8759044440732325
    outer loop
      vertex -14.395774426734882 -3.256430820682712 6.672163962751007
      vertex -14.360700967390889 -3.214034291325291 6.702413526233009
      vertex -14.420300461635726 -3.2333993408909585 6.672163962751007
    endloop
  endfacet
  facet normal -0.33028344766282863 -0.3517161484104992 0.875904444073233
    outer loop
      vertex -14.420300461635726 -3.2333993408909585 6.672163962751007
      vertex -14.360700967390889 -3.214034291325291 6.702413526233009
      vertex -14.380189872878326 -3.1957329909026186 6.702413526233009
    endloop
  endfacet
  facet normal -0.3717607862041973 -0.3075472690394061 0.8759044440732335
    outer loop
      vertex -14.420300461635726 -3.2333993408909585 6.672163962751007
      vertex -14.397231341364535 -3.175133394156743 6.702413526233009
      vertex -14.441746491589734 -3.207475543935898 6.672163962751007
    endloop
  endfacet
  facet normal -0.40737523506799544 -0.2585281855157291 0.8759044440732334
    outer loop
      vertex -14.441746491589734 -3.207475543935898 6.672163962751007
      vertex -14.397231341364535 -3.175133394156743 6.702413526233009
      vertex -14.459774299893294 -3.179068263581639 6.672163962751007
    endloop
  endfacet
  facet normal -0.37176078620419917 -0.30754726903940505 0.8759044440732331
    outer loop
      vertex -14.420300461635726 -3.2333993408909585 6.672163962751007
      vertex -14.380189872878326 -3.1957329909026186 6.702413526233009
      vertex -14.397231341364535 -3.175133394156743 6.702413526233009
    endloop
  endfacet
  facet normal -0.5325315393033339 -0.25059032101512707 0.8084643781025589
    outer loop
      vertex -14.504289450118494 -3.2035406745110024 6.635256621387894
      vertex -14.459774299893294 -3.179068263581639 6.672163962751007
      vertex -14.521330918604702 -3.167325710548359 6.635256621387894
    endloop
  endfacet
  facet normal -0.532531539303334 -0.2505903210151257 0.8084643781025593
    outer loop
      vertex -14.521330918604702 -3.167325710548359 6.635256621387894
      vertex -14.459774299893294 -3.179068263581639 6.672163962751007
      vertex -14.474099577240167 -3.1486254996090537 6.672163962751007
    endloop
  endfacet
  facet normal -0.5597396642892065 -0.1818704416903637 0.8084643781025597
    outer loop
      vertex -14.521330918604702 -3.167325710548359 6.635256621387894
      vertex -14.474099577240167 -3.1486254996090537 6.672163962751007
      vertex -14.533699071485005 -3.1292604500433865 6.635256621387894
    endloop
  endfacet
  facet normal -0.4365651331205998 -0.20543195806922468 0.875904444073232
    outer loop
      vertex -14.459774299893294 -3.179068263581639 6.672163962751007
      vertex -14.411556618711408 -3.1525603690339494 6.702413526233009
      vertex -14.474099577240167 -3.1486254996090537 6.672163962751007
    endloop
  endfacet
  facet normal -0.4073752350679944 -0.2585281855157358 0.875904444073232
    outer loop
      vertex -14.459774299893294 -3.179068263581639 6.672163962751007
      vertex -14.397231341364535 -3.175133394156743 6.702413526233009
      vertex -14.411556618711408 -3.1525603690339494 6.702413526233009
    endloop
  endfacet
  facet normal -0.43656513312059986 -0.20543195806922118 0.8759044440732325
    outer loop
      vertex -14.474099577240167 -3.1486254996090537 6.672163962751007
      vertex -14.411556618711408 -3.1525603690339494 6.702413526233009
      vertex -14.42293978673768 -3.1283699056248957 6.702413526233009
    endloop
  endfacet
  facet normal -0.2841294636652047 -0.2350523343144295 0.9295272174663101
    outer loop
      vertex -14.380189872878326 -3.1957329909026186 6.702413526233009
      vertex -14.337631847119697 -3.155768344591076 6.725528258147577
      vertex -14.397231341364535 -3.175133394156743 6.702413526233009
    endloop
  endfacet
  facet normal -0.3113488870953135 -0.19758801201958243 0.9295272174663092
    outer loop
      vertex -14.397231341364535 -3.175133394156743 6.702413526233009
      vertex -14.360396828208922 -3.1244350362 6.725528258147577
      vertex -14.411556618711408 -3.1525603690339494 6.702413526233009
    endloop
  endfacet
  facet normal -0.21665790623991685 -0.5472154064013383 0.8084643781025567
    outer loop
      vertex -14.323487422727313 -3.353113119546673 6.635256621387894
      vertex -14.33907197658387 -3.2924152897665797 6.672163962751007
      vertex -14.360700967390889 -3.3383792349077184 6.635256621387894
    endloop
  endfacet
  facet normal -0.14636521759615667 -0.570054885442863 0.8084643781025569
    outer loop
      vertex -14.323487422727313 -3.353113119546673 6.635256621387894
      vertex -14.284720672573794 -3.363066729219376 6.635256621387894
      vertex -14.307789792844986 -3.304800782485161 6.672163962751007
    endloop
  endfacet
  facet normal -0.21665790623991962 -0.5472154064013384 0.8084643781025557
    outer loop
      vertex -14.323487422727313 -3.353113119546673 6.635256621387894
      vertex -14.307789792844986 -3.304800782485161 6.672163962751007
      vertex -14.33907197658387 -3.2924152897665797 6.672163962751007
    endloop
  endfacet
  facet normal -0.28353377027711985 -0.5157460135102242 0.8084643781025561
    outer loop
      vertex -14.360700967390889 -3.3383792349077184 6.635256621387894
      vertex -14.33907197658387 -3.2924152897665797 6.672163962751007
      vertex -14.368555177108732 -3.276206763116505 6.672163962751007
    endloop
  endfacet
  facet normal -0.07376426203654923 -0.5839042584066716 0.8084643781025596
    outer loop
      vertex -14.284720672573794 -3.363066729219376 6.635256621387894
      vertex -14.241822421417229 -3.3173847315985467 6.672163962751007
      vertex -14.27520196461671 -3.3131679146533415 6.672163962751007
    endloop
  endfacet
  facet normal -0.1463652175961448 -0.5700548854428606 0.8084643781025607
    outer loop
      vertex -14.284720672573794 -3.363066729219376 6.635256621387894
      vertex -14.27520196461671 -3.3131679146533415 6.672163962751007
      vertex -14.307789792844986 -3.304800782485161 6.672163962751007
    endloop
  endfacet
  facet normal -0.1199890447571965 -0.46732647473796785 0.8759044440732326
    outer loop
      vertex -14.307789792844986 -3.304800782485161 6.672163962751007
      vertex -14.27520196461671 -3.3131679146533415 6.672163962751007
      vertex -14.26489154168842 -3.2591187848643317 6.702413526233009
    endloop
  endfacet
  facet normal -0.06047135709118207 -0.4786800808727177 0.8759044440732328
    outer loop
      vertex -14.241822421417229 -3.3173847315985467 6.672163962751007
      vertex -14.26489154168842 -3.2591187848643317 6.702413526233009
      vertex -14.27520196461671 -3.3131679146533415 6.672163962751007
    endloop
  endfacet
  facet normal -0.23243873654346736 -0.4228044921791116 0.8759044440732334
    outer loop
      vertex -14.33907197658387 -3.2924152897665797 6.672163962751007
      vertex -14.315644002562827 -3.2426283106939473 6.702413526233009
      vertex -14.368555177108732 -3.276206763116505 6.672163962751007
    endloop
  endfacet
  facet normal -0.17761443350941764 -0.4486028509292933 0.8759044440732329
    outer loop
      vertex -14.33907197658387 -3.2924152897665797 6.672163962751007
      vertex -14.307789792844986 -3.304800782485161 6.672163962751007
      vertex -14.290786518473267 -3.252470084873248 6.702413526233009
    endloop
  endfacet
  facet normal -0.23243873654346628 -0.42280449217911314 0.875904444073233
    outer loop
      vertex -14.368555177108732 -3.276206763116505 6.672163962751007
      vertex -14.315644002562827 -3.2426283106939473 6.702413526233009
      vertex -14.33907197658387 -3.2297486729844276 6.702413526233009
    endloop
  endfacet
  facet normal -0.28359734185007013 -0.3903382540160976 0.8759044440732328
    outer loop
      vertex -14.368555177108732 -3.276206763116505 6.672163962751007
      vertex -14.33907197658387 -3.2297486729844276 6.702413526233009
      vertex -14.360700967390889 -3.214034291325291 6.702413526233009
    endloop
  endfacet
  facet normal -0.17761443350941927 -0.4486028509292916 0.8759044440732333
    outer loop
      vertex -14.33907197658387 -3.2924152897665797 6.672163962751007
      vertex -14.290786518473267 -3.252470084873248 6.702413526233009
      vertex -14.315644002562827 -3.2426283106939473 6.702413526233009
    endloop
  endfacet
  facet normal -0.1199890447571957 -0.46732647473796846 0.8759044440732325
    outer loop
      vertex -14.307789792844986 -3.304800782485161 6.672163962751007
      vertex -14.26489154168842 -3.2591187848643317 6.702413526233009
      vertex -14.290786518473267 -3.252470084873248 6.702413526233009
    endloop
  endfacet
  facet normal -0.060471357091181156 -0.4786800808727174 0.875904444073233
    outer loop
      vertex -14.241822421417229 -3.3173847315985467 6.672163962751007
      vertex -14.238367451461096 -3.262469556696598 6.702413526233009
      vertex -14.26489154168842 -3.2591187848643317 6.702413526233009
    endloop
  endfacet
  facet normal -0.09170526908084457 -0.35716844151205596 0.9295272174663091
    outer loop
      vertex -14.290786518473267 -3.252470084873248 6.702413526233009
      vertex -14.26489154168842 -3.2591187848643317 6.702413526233009
      vertex -14.253952005317654 -3.2017717269165047 6.725528258147577
    endloop
  endfacet
  facet normal -0.04621706994127944 -0.3658457795784774 0.929527217466309
    outer loop
      vertex -14.26489154168842 -3.2591187848643317 6.702413526233009
      vertex -14.238367451461096 -3.262469556696598 6.702413526233009
      vertex -14.253952005317654 -3.2017717269165047 6.725528258147577
    endloop
  endfacet
  facet normal -0.13574722134494133 -0.34285834376090163 0.9295272174663091
    outer loop
      vertex -14.290786518473267 -3.252470084873248 6.702413526233009
      vertex -14.290786518473267 -3.189803468091096 6.725528258147577
      vertex -14.315644002562827 -3.2426283106939473 6.702413526233009
    endloop
  endfacet
  facet normal -0.17764835883695798 -0.32314116511499436 0.9295272174663093
    outer loop
      vertex -14.315644002562827 -3.2426283106939473 6.702413526233009
      vertex -14.307789792844986 -3.1804558389027333 6.725528258147577
      vertex -14.33907197658387 -3.2297486729844276 6.702413526233009
    endloop
  endfacet
  facet normal -0.21674787558814465 -0.29832785726004085 0.929527217466309
    outer loop
      vertex -14.33907197658387 -3.2297486729844276 6.702413526233009
      vertex -14.307789792844986 -3.1804558389027333 6.725528258147577
      vertex -14.360700967390889 -3.214034291325291 6.702413526233009
    endloop
  endfacet
  facet normal -0.2524291488623775 -0.2688097408836876 0.9295272174663097
    outer loop
      vertex -14.380189872878326 -3.1957329909026186 6.702413526233009
      vertex -14.360700967390889 -3.214034291325291 6.702413526233009
      vertex -14.337631847119697 -3.155768344591076 6.725528258147577
    endloop
  endfacet
  facet normal -0.2167478755881449 -0.29832785726004074 0.929527217466309
    outer loop
      vertex -14.360700967390889 -3.214034291325291 6.702413526233009
      vertex -14.307789792844986 -3.1804558389027333 6.725528258147577
      vertex -14.323487422727313 -3.1690508432043343 6.725528258147577
    endloop
  endfacet
  facet normal -0.177648358836962 -0.3231411651149936 0.9295272174663087
    outer loop
      vertex -14.315644002562827 -3.2426283106939473 6.702413526233009
      vertex -14.290786518473267 -3.189803468091096 6.725528258147577
      vertex -14.307789792844986 -3.1804558389027333 6.725528258147577
    endloop
  endfacet
  facet normal -0.09170526908085248 -0.35716844151205074 0.9295272174663102
    outer loop
      vertex -14.290786518473267 -3.252470084873248 6.702413526233009
      vertex -14.253952005317654 -3.2017717269165047 6.725528258147577
      vertex -14.272745751406262 -3.196946313073118 6.725528258147577
    endloop
  endfacet
  facet normal -0.13574722134492845 -0.34285834376090224 0.9295272174663106
    outer loop
      vertex -14.290786518473267 -3.252470084873248 6.702413526233009
      vertex -14.272745751406262 -3.196946313073118 6.725528258147577
      vertex -14.290786518473267 -3.189803468091096 6.725528258147577
    endloop
  endfacet
  facet normal -0.04621706994127897 -0.3658457795784774 0.9295272174663091
    outer loop
      vertex -14.238367451461096 -3.262469556696598 6.702413526233009
      vertex -14.234701668810095 -3.204203609962383 6.725528258147577
      vertex -14.253952005317654 -3.2017717269165047 6.725528258147577
    endloop
  endfacet
  facet normal -0.2524291488623841 -0.2688097408836845 0.9295272174663088
    outer loop
      vertex -14.360700967390889 -3.214034291325291 6.702413526233009
      vertex -14.323487422727313 -3.1690508432043343 6.725528258147577
      vertex -14.337631847119697 -3.155768344591076 6.725528258147577
    endloop
  endfacet
  facet normal -0.12002945555659505 -0.21833276913226654 0.9684646259527623
    outer loop
      vertex -14.290786518473267 -3.189803468091096 6.725528258147577
      vertex -14.27520196461671 -3.1291056383110023 6.741143625364344
      vertex -14.307789792844986 -3.1804558389027333 6.725528258147577
    endloop
  endfacet
  facet normal -0.14644733939687082 -0.20156747024694724 0.9684646259527623
    outer loop
      vertex -14.307789792844986 -3.1804558389027333 6.725528258147577
      vertex -14.27520196461671 -3.1291056383110023 6.741143625364344
      vertex -14.323487422727313 -3.1690508432043343 6.725528258147577
    endloop
  endfacet
  facet normal -0.2841294636652027 -0.23505233431443454 0.9295272174663094
    outer loop
      vertex -14.397231341364535 -3.175133394156743 6.702413526233009
      vertex -14.337631847119697 -3.155768344591076 6.725528258147577
      vertex -14.35 -3.14081781600067 6.725528258147577
    endloop
  endfacet
  facet normal -0.31134888709531056 -0.1975880120195849 0.9295272174663095
    outer loop
      vertex -14.397231341364535 -3.175133394156743 6.702413526233009
      vertex -14.35 -3.14081781600067 6.725528258147577
      vertex -14.360396828208922 -3.1244350362 6.725528258147577
    endloop
  endfacet
  facet normal -0.17055566121144913 -0.18162333194527133 0.9684646259527621
    outer loop
      vertex -14.323487422727313 -3.1690508432043343 6.725528258147577
      vertex -14.293297549848987 -3.114135668302385 6.741143625364344
      vertex -14.337631847119697 -3.155768344591076 6.725528258147577
    endloop
  endfacet
  facet normal -0.19197421836371273 -0.15881488520229803 0.9684646259527616
    outer loop
      vertex -14.337631847119697 -3.155768344591076 6.725528258147577
      vertex -14.300797333964084 -3.1050699866343328 6.741143625364344
      vertex -14.35 -3.14081781600067 6.725528258147577
    endloop
  endfacet
  facet normal -0.14644733939686772 -0.20156747024695085 0.9684646259527621
    outer loop
      vertex -14.323487422727313 -3.1690508432043343 6.725528258147577
      vertex -14.27520196461671 -3.1291056383110023 6.741143625364344
      vertex -14.284720672573792 -3.1221898921685183 6.741143625364344
    endloop
  endfacet
  facet normal -0.17055566121144922 -0.18162333194527122 0.9684646259527621
    outer loop
      vertex -14.323487422727313 -3.1690508432043343 6.725528258147577
      vertex -14.284720672573792 -3.1221898921685183 6.741143625364344
      vertex -14.293297549848987 -3.114135668302385 6.741143625364344
    endloop
  endfacet
  facet normal -0.09171863550006915 -0.23165482982269872 0.9684646259527614
    outer loop
      vertex -14.290786518473267 -3.189803468091096 6.725528258147577
      vertex -14.272745751406262 -3.196946313073118 6.725528258147577
      vertex -14.253952005317654 -3.1391051101343526 6.741143625364344
    endloop
  endfacet
  facet normal -0.061961357771664415 -0.2413235554629296 0.9684646259527615
    outer loop
      vertex -14.253952005317654 -3.2017717269165047 6.725528258147577
      vertex -14.253952005317654 -3.1391051101343526 6.741143625364344
      vertex -14.272745751406262 -3.196946313073118 6.725528258147577
    endloop
  endfacet
  facet normal -0.031226912417266137 -0.24718646447381024 0.9684646259527615
    outer loop
      vertex -14.253952005317654 -3.2017717269165047 6.725528258147577
      vertex -14.234701668810095 -3.204203609962383 6.725528258147577
      vertex -14.230882885046462 -3.1435057801822897 6.741143625364344
    endloop
  endfacet
  facet normal -0.031226912417270825 -0.24718646447380835 0.9684646259527617
    outer loop
      vertex -14.253952005317654 -3.2017717269165047 6.725528258147577
      vertex -14.230882885046462 -3.1435057801822897 6.741143625364344
      vertex -14.242555878527936 -3.1420311381711694 6.741143625364344
    endloop
  endfacet
  facet normal -0.06196135777165597 -0.2413235554629297 0.968464625952762
    outer loop
      vertex -14.253952005317654 -3.2017717269165047 6.725528258147577
      vertex -14.242555878527936 -3.1420311381711694 6.741143625364344
      vertex -14.253952005317654 -3.1391051101343526 6.741143625364344
    endloop
  endfacet
  facet normal -0.09171863550007346 -0.23165482982269567 0.9684646259527617
    outer loop
      vertex -14.290786518473267 -3.189803468091096 6.725528258147577
      vertex -14.253952005317654 -3.1391051101343526 6.741143625364344
      vertex -14.26489154168842 -3.1347738412819046 6.741143625364344
    endloop
  endfacet
  facet normal -0.12002945555660743 -0.21833276913226313 0.9684646259527615
    outer loop
      vertex -14.290786518473267 -3.189803468091096 6.725528258147577
      vertex -14.26489154168842 -3.1347738412819046 6.741143625364344
      vertex -14.27520196461671 -3.1291056383110023 6.741143625364344
    endloop
  endfacet
  facet normal -0.8891178852928562 -0.16960830759459927 0.4250910585359979
    outer loop
      vertex -14.64938794713751 -3.1589643046909583 6.490876837050857
      vertex -14.659698370065799 -3.1049151749019486 6.490876837050857
      vertex -14.686222460293124 -3.108265946734215 6.434062276342338
    endloop
  endfacet
  facet normal -0.9033644828308809 -0.0568348758460823 0.42509105853599816
    outer loop
      vertex -14.686222460293124 -3.108265946734215 6.434062276342338
      vertex -14.659698370065799 -3.1049151749019486 6.490876837050857
      vertex -14.663153340021932 -3.05 6.490876837050857
    endloop
  endfacet
  facet normal -0.8298423702418235 -0.1583008983568553 0.5350723933551841
    outer loop
      vertex -14.64938794713751 -3.1589643046909583 6.490876837050857
      vertex -14.626318826866319 -3.100698357956743 6.543892626146237
      vertex -14.659698370065799 -3.1049151749019486 6.490876837050857
    endloop
  endfacet
  facet normal -0.843139178757763 -0.05304582088007139 0.5350723933551836
    outer loop
      vertex -14.659698370065799 -3.1049151749019486 6.490876837050857
      vertex -14.626318826866319 -3.100698357956743 6.543892626146237
      vertex -14.663153340021932 -3.05 6.490876837050857
    endloop
  endfacet
  facet normal -0.9033644828308892 -0.05683487584606416 0.42509105853598295
    outer loop
      vertex -14.689888242944125 -3.05 6.434062276342338
      vertex -14.686222460293124 -3.108265946734215 6.434062276342338
      vertex -14.663153340021932 -3.05 6.490876837050857
    endloop
  endfacet
  facet normal -0.843139178757753 -0.05304582088004481 0.5350723933552022
    outer loop
      vertex -14.663153340021932 -3.05 6.490876837050857
      vertex -14.626318826866319 -3.100698357956743 6.543892626146237
      vertex -14.629508497187473 -3.05 6.543892626146237
    endloop
  endfacet
  facet normal -0.7574722888540661 -0.14449556699675503 0.6366763406444977
    outer loop
      vertex -14.616800118909236 -3.1505971725227777 6.543892626146237
      vertex -14.578033368755715 -3.140643562850075 6.592273552964345
      vertex -14.626318826866319 -3.100698357956743 6.543892626146237
    endloop
  endfacet
  facet normal -0.7574722888540691 -0.14449556699676588 0.6366763406444919
    outer loop
      vertex -14.578033368755715 -3.140643562850075 6.592273552964345
      vertex -14.58661024603091 -3.095681997620829 6.592273552964345
      vertex -14.626318826866319 -3.100698357956743 6.543892626146237
    endloop
  endfacet
  facet normal -0.7696094902578607 -0.0484197249948204 0.6366763406444922
    outer loop
      vertex -14.626318826866319 -3.100698357956743 6.543892626146237
      vertex -14.58661024603091 -3.095681997620829 6.592273552964345
      vertex -14.589484313710706 -3.05 6.592273552964345
    endloop
  endfacet
  facet normal -0.6731274007473124 -0.12840591908541824 0.7282935001131043
    outer loop
      vertex -14.578033368755715 -3.140643562850075 6.592273552964345
      vertex -14.541198855600102 -3.0899452048933314 6.635256621387894
      vertex -14.58661024603091 -3.095681997620829 6.592273552964345
    endloop
  endfacet
  facet normal -0.6731274007473096 -0.12840591908542182 0.728293500113106
    outer loop
      vertex -14.578033368755715 -3.140643562850075 6.592273552964345
      vertex -14.533699071485005 -3.1292604500433865 6.635256621387894
      vertex -14.541198855600102 -3.0899452048933314 6.635256621387894
    endloop
  endfacet
  facet normal -0.7696094902578662 -0.04841972499481115 0.6366763406444864
    outer loop
      vertex -14.626318826866319 -3.100698357956743 6.543892626146237
      vertex -14.589484313710706 -3.05 6.592273552964345
      vertex -14.629508497187473 -3.05 6.543892626146237
    endloop
  endfacet
  facet normal -0.6839131191867831 -0.04302816632403872 0.728293500113104
    outer loop
      vertex -14.58661024603091 -3.095681997620829 6.592273552964345
      vertex -14.541198855600102 -3.0899452048933314 6.635256621387894
      vertex -14.589484313710706 -3.05 6.592273552964345
    endloop
  endfacet
  facet normal -0.6839131191867809 -0.04302816632403404 0.7282935001131061
    outer loop
      vertex -14.541198855600102 -3.0899452048933314 6.635256621387894
      vertex -14.543711994874345 -3.05 6.635256621387894
      vertex -14.589484313710706 -3.05 6.592273552964345
    endloop
  endfacet
  facet normal -0.5597396642892064 -0.18187044169036282 0.8084643781025598
    outer loop
      vertex -14.474099577240167 -3.1486254996090537 6.672163962751007
      vertex -14.48449640544909 -3.116627352591616 6.672163962751007
      vertex -14.533699071485005 -3.1292604500433865 6.635256621387894
    endloop
  endfacet
  facet normal -0.5781203603969728 -0.11028235685600306 0.8084643781025603
    outer loop
      vertex -14.533699071485005 -3.1292604500433865 6.635256621387894
      vertex -14.48449640544909 -3.116627352591616 6.672163962751007
      vertex -14.541198855600102 -3.0899452048933314 6.635256621387894
    endloop
  endfacet
  facet normal -0.45887013823251316 -0.14909594592486394 0.8759044440732358
    outer loop
      vertex -14.474099577240167 -3.1486254996090537 6.672163962751007
      vertex -14.431201326083603 -3.1029435019882246 6.702413526233009
      vertex -14.48449640544909 -3.116627352591616 6.672163962751007
    endloop
  endfacet
  facet normal -0.5781203603969695 -0.11028235685599014 0.8084643781025643
    outer loop
      vertex -14.541198855600102 -3.0899452048933314 6.635256621387894
      vertex -14.48449640544909 -3.116627352591616 6.672163962751007
      vertex -14.49080082032844 -3.0835784524225573 6.672163962751007
    endloop
  endfacet
  facet normal -0.47393848714877657 -0.09040860164765696 0.8759044440732359
    outer loop
      vertex -14.48449640544909 -3.116627352591616 6.672163962751007
      vertex -14.431201326083603 -3.1029435019882246 6.702413526233009
      vertex -14.49080082032844 -3.0835784524225573 6.672163962751007
    endloop
  endfacet
  facet normal -0.47393848714878173 -0.0904086016476812 0.8759044440732304
    outer loop
      vertex -14.49080082032844 -3.0835784524225573 6.672163962751007
      vertex -14.431201326083603 -3.1029435019882246 6.702413526233009
      vertex -14.436210947338486 -3.0766821476982846 6.702413526233009
    endloop
  endfacet
  facet normal -0.4588701382325242 -0.14909594592485123 0.8759044440732322
    outer loop
      vertex -14.474099577240167 -3.1486254996090537 6.672163962751007
      vertex -14.42293978673768 -3.1283699056248957 6.702413526233009
      vertex -14.431201326083603 -3.1029435019882246 6.702413526233009
    endloop
  endfacet
  facet normal -0.3336581525851254 -0.15700760874181394 0.9295272174663088
    outer loop
      vertex -14.411556618711408 -3.1525603690339494 6.702413526233009
      vertex -14.360396828208922 -3.1244350362 6.725528258147577
      vertex -14.368658367554843 -3.1068783714131203 6.725528258147577
    endloop
  endfacet
  facet normal -0.3336581525851189 -0.15700760874182051 0.9295272174663101
    outer loop
      vertex -14.411556618711408 -3.1525603690339494 6.702413526233009
      vertex -14.368658367554843 -3.1068783714131203 6.725528258147577
      vertex -14.42293978673768 -3.1283699056248957 6.702413526233009
    endloop
  endfacet
  facet normal -0.35070542969093965 -0.11395110168240163 0.9295272174663097
    outer loop
      vertex -14.42293978673768 -3.1283699056248957 6.702413526233009
      vertex -14.368658367554843 -3.1068783714131203 6.725528258147577
      vertex -14.431201326083603 -3.1029435019882246 6.702413526233009
    endloop
  endfacet
  facet normal -0.36222187266926154 -0.06909751767838994 0.9295272174663085
    outer loop
      vertex -14.431201326083603 -3.1029435019882246 6.702413526233009
      vertex -14.3782901515377 -3.069365049565667 6.725528258147577
      vertex -14.436210947338486 -3.0766821476982846 6.702413526233009
    endloop
  endfacet
  facet normal -0.3507054296909399 -0.11395110168242005 0.9295272174663073
    outer loop
      vertex -14.431201326083603 -3.1029435019882246 6.702413526233009
      vertex -14.368658367554843 -3.1068783714131203 6.725528258147577
      vertex -14.374654328627077 -3.088424700731564 6.725528258147577
    endloop
  endfacet
  facet normal -0.36222187266926376 -0.06909751767838578 0.929527217466308
    outer loop
      vertex -14.431201326083603 -3.1029435019882246 6.702413526233009
      vertex -14.374654328627077 -3.088424700731564 6.725528258147577
      vertex -14.3782901515377 -3.069365049565667 6.725528258147577
    endloop
  endfacet
  facet normal -0.5873837530689091 -0.036955053374549955 0.808464378102565
    outer loop
      vertex -14.541198855600102 -3.0899452048933314 6.635256621387894
      vertex -14.49080082032844 -3.0835784524225573 6.672163962751007
      vertex -14.492913397489499 -3.05 6.672163962751007
    endloop
  endfacet
  facet normal -0.5873837530689232 -0.03695505337452441 0.8084643781025559
    outer loop
      vertex -14.541198855600102 -3.0899452048933314 6.635256621387894
      vertex -14.492913397489499 -3.05 6.672163962751007
      vertex -14.543711994874345 -3.05 6.635256621387894
    endloop
  endfacet
  facet normal -0.4815325430055821 -0.03029545971498196 0.8759044440732305
    outer loop
      vertex -14.49080082032844 -3.0835784524225573 6.672163962751007
      vertex -14.436210947338486 -3.0766821476982846 6.702413526233009
      vertex -14.437889645782535 -3.05 6.702413526233009
    endloop
  endfacet
  facet normal -0.4815325430055657 -0.030295459715015034 0.8759044440732384
    outer loop
      vertex -14.49080082032844 -3.0835784524225573 6.672163962751007
      vertex -14.437889645782535 -3.05 6.702413526233009
      vertex -14.492913397489499 -3.05 6.672163962751007
    endloop
  endfacet
  facet normal -0.368025860334735 -0.023154224543684324 0.929527217466309
    outer loop
      vertex -14.436210947338486 -3.0766821476982846 6.702413526233009
      vertex -14.379508497187473 -3.05 6.725528258147577
      vertex -14.437889645782535 -3.05 6.702413526233009
    endloop
  endfacet
  facet normal -0.36802586033473694 -0.023154224543679512 0.9295272174663083
    outer loop
      vertex -14.436210947338486 -3.0766821476982846 6.702413526233009
      vertex -14.3782901515377 -3.069365049565667 6.725528258147577
      vertex -14.379508497187473 -3.05 6.725528258147577
    endloop
  endfacet
  facet normal -0.21036522741254013 -0.13350183284826567 0.9684646259527624
    outer loop
      vertex -14.35 -3.14081781600067 6.725528258147577
      vertex -14.307101748843435 -3.0951358183798408 6.741143625364344
      vertex -14.360396828208922 -3.1244350362 6.725528258147577
    endloop
  endfacet
  facet normal -0.22543865115898412 -0.10608337684007783 0.9684646259527624
    outer loop
      vertex -14.360396828208922 -3.1244350362 6.725528258147577
      vertex -14.307101748843435 -3.0951358183798408 6.741143625364344
      vertex -14.368658367554843 -3.1068783714131203 6.725528258147577
    endloop
  endfacet
  facet normal -0.19197421836370485 -0.15881488520230383 0.9684646259527622
    outer loop
      vertex -14.337631847119697 -3.155768344591076 6.725528258147577
      vertex -14.293297549848987 -3.114135668302385 6.741143625364344
      vertex -14.300797333964084 -3.1050699866343328 6.741143625364344
    endloop
  endfacet
  facet normal -0.21036522741255048 -0.13350183284825562 0.9684646259527615
    outer loop
      vertex -14.35 -3.14081781600067 6.725528258147577
      vertex -14.300797333964084 -3.1050699866343328 6.741143625364344
      vertex -14.307101748843435 -3.0951358183798408 6.741143625364344
    endloop
  endfacet
  facet normal -0.2369567727061228 -0.0769919226080092 0.968464625952761
    outer loop
      vertex -14.374654328627077 -3.088424700731564 6.725528258147577
      vertex -14.368658367554843 -3.1068783714131203 6.725528258147577
      vertex -14.312111370098318 -3.0844898313066684 6.741143625364344
    endloop
  endfacet
  facet normal -0.23695677270612536 -0.07699192260797608 0.968464625952763
    outer loop
      vertex -14.374654328627077 -3.088424700731564 6.725528258147577
      vertex -14.312111370098318 -3.0844898313066684 6.741143625364344
      vertex -14.315747193008939 -3.0732999189905628 6.741143625364344
    endloop
  endfacet
  facet normal -0.22543865115897804 -0.1060833768401073 0.9684646259527604
    outer loop
      vertex -14.368658367554843 -3.1068783714131203 6.725528258147577
      vertex -14.307101748843435 -3.0951358183798408 6.741143625364344
      vertex -14.312111370098318 -3.0844898313066684 6.741143625364344
    endloop
  endfacet
  facet normal -0.07381238801095208 -0.10159403636507575 0.992083858930873
    outer loop
      vertex -14.27520196461671 -3.1291056383110023 6.741143625364344
      vertex -14.241822421417229 -3.076507894547689 6.749013364214136
      vertex -14.284720672573792 -3.1221898921685183 6.741143625364344
    endloop
  endfacet
  facet normal -0.06049724619631441 -0.11004408231018162 0.992083858930873
    outer loop
      vertex -14.26489154168842 -3.1347738412819046 6.741143625364344
      vertex -14.241822421417229 -3.076507894547689 6.749013364214136
      vertex -14.27520196461671 -3.1291056383110023 6.741143625364344
    endloop
  endfacet
  facet normal -0.04622802666984598 -0.11675866734011345 0.9920838589308733
    outer loop
      vertex -14.26489154168842 -3.1347738412819046 6.741143625364344
      vertex -14.253952005317654 -3.1391051101343526 6.741143625364344
      vertex -14.238367451461096 -3.0784072803542593 6.749013364214136
    endloop
  endfacet
  facet normal -0.031229763547515128 -0.12163189843784332 0.992083858930873
    outer loop
      vertex -14.253952005317654 -3.1391051101343526 6.741143625364344
      vertex -14.242555878527936 -3.1420311381711694 6.741143625364344
      vertex -14.230882885046462 -3.0808391634001375 6.749013364214136
    endloop
  endfacet
  facet normal -0.01573898839828899 -0.12458692183783165 0.992083858930873
    outer loop
      vertex -14.242555878527936 -3.1420311381711694 6.741143625364344
      vertex -14.230882885046462 -3.1435057801822897 6.741143625364344
      vertex -14.230882885046462 -3.0808391634001375 6.749013364214136
    endloop
  endfacet
  facet normal -0.08596346437327729 -0.09154179177715362 0.9920838589308731
    outer loop
      vertex -14.293297549848987 -3.114135668302385 6.741143625364344
      vertex -14.284720672573792 -3.1221898921685183 6.741143625364344
      vertex -14.245012091738383 -3.0741904634090536 6.749013364214136
    endloop
  endfacet
  facet normal -0.0967588455503493 -0.08004587844849614 0.992083858930873
    outer loop
      vertex -14.293297549848987 -3.114135668302385 6.741143625364344
      vertex -14.250399298692423 -3.0684536706815564 6.749013364214136
      vertex -14.300797333964084 -3.1050699866343328 6.741143625364344
    endloop
  endfacet
  facet normal -0.10602828193217008 -0.06728759379960053 0.9920838589308729
    outer loop
      vertex -14.300797333964084 -3.1050699866343328 6.741143625364344
      vertex -14.250399298692423 -3.0684536706815564 6.749013364214136
      vertex -14.307101748843435 -3.0951358183798408 6.741143625364344
    endloop
  endfacet
  facet normal -0.08596346437328066 -0.09154179177714981 0.9920838589308731
    outer loop
      vertex -14.293297549848987 -3.114135668302385 6.741143625364344
      vertex -14.245012091738383 -3.0741904634090536 6.749013364214136
      vertex -14.24788615941818 -3.071491534211775 6.749013364214136
    endloop
  endfacet
  facet normal -0.09675884555032627 -0.08004587844851763 0.9920838589308735
    outer loop
      vertex -14.293297549848987 -3.114135668302385 6.741143625364344
      vertex -14.24788615941818 -3.071491534211775 6.749013364214136
      vertex -14.250399298692423 -3.0684536706815564 6.749013364214136
    endloop
  endfacet
  facet normal -0.07381238801096396 -0.10159403636506481 0.9920838589308733
    outer loop
      vertex -14.284720672573792 -3.1221898921685183 6.741143625364344
      vertex -14.241822421417229 -3.076507894547689 6.749013364214136
      vertex -14.245012091738383 -3.0741904634090536 6.749013364214136
    endloop
  endfacet
  facet normal -0.046228026669842964 -0.11675866734011422 0.9920838589308733
    outer loop
      vertex -14.253952005317654 -3.1391051101343526 6.741143625364344
      vertex -14.234701668810095 -3.0798586663799554 6.749013364214136
      vertex -14.238367451461096 -3.0784072803542593 6.749013364214136
    endloop
  endfacet
  facet normal -0.031229763547530154 -0.12163189843783735 0.9920838589308734
    outer loop
      vertex -14.253952005317654 -3.1391051101343526 6.741143625364344
      vertex -14.230882885046462 -3.0808391634001375 6.749013364214136
      vertex -14.234701668810095 -3.0798586663799554 6.749013364214136
    endloop
  endfacet
  facet normal -0.060497246196303985 -0.11004408231018571 0.9920838589308733
    outer loop
      vertex -14.26489154168842 -3.1347738412819046 6.741143625364344
      vertex -14.238367451461096 -3.0784072803542593 6.749013364214136
      vertex -14.241822421417229 -3.076507894547689 6.749013364214136
    endloop
  endfacet
  facet normal -0.015738988398289203 -0.12458692183783167 0.9920838589308731
    outer loop
      vertex -14.230882885046462 -3.1435057801822897 6.741143625364344
      vertex -14.22697132467138 -3.081333308391076 6.749013364214136
      vertex -14.230882885046462 -3.0808391634001375 6.749013364214136
    endloop
  endfacet
  facet normal -0.24473794439656538 -0.04668625976365139 0.9684646259527627
    outer loop
      vertex -14.374654328627077 -3.088424700731564 6.725528258147577
      vertex -14.317951878476064 -3.0617425530332794 6.741143625364344
      vertex -14.3782901515377 -3.069365049565667 6.725528258147577
    endloop
  endfacet
  facet normal -0.24473794439656593 -0.04668625976365033 0.9684646259527627
    outer loop
      vertex -14.374654328627077 -3.088424700731564 6.725528258147577
      vertex -14.315747193008939 -3.0732999189905628 6.741143625364344
      vertex -14.317951878476064 -3.0617425530332794 6.741143625364344
    endloop
  endfacet
  facet normal -0.24865945250452062 -0.015644326713784115 0.9684646259527626
    outer loop
      vertex -14.3782901515377 -3.069365049565667 6.725528258147577
      vertex -14.317951878476064 -3.0617425530332794 6.741143625364344
      vertex -14.379508497187473 -3.05 6.725528258147577
    endloop
  endfacet
  facet normal -0.11362558896968031 -0.05346814360084809 0.9920838589308729
    outer loop
      vertex -14.307101748843435 -3.0951358183798408 6.741143625364344
      vertex -14.254190574297532 -3.0615573659572832 6.749013364214136
      vertex -14.312111370098318 -3.0844898313066684 6.741143625364344
    endloop
  endfacet
  facet normal -0.11943095259251765 -0.03880546883715338 0.9920838589308731
    outer loop
      vertex -14.312111370098318 -3.0844898313066684 6.741143625364344
      vertex -14.255408919947305 -3.0578076836083836 6.749013364214136
      vertex -14.315747193008939 -3.0732999189905628 6.741143625364344
    endloop
  endfacet
  facet normal -0.12335281874836619 -0.02353080864867109 0.992083858930873
    outer loop
      vertex -14.315747193008939 -3.0732999189905628 6.741143625364344
      vertex -14.255408919947305 -3.0578076836083836 6.749013364214136
      vertex -14.317951878476064 -3.0617425530332794 6.741143625364344
    endloop
  endfacet
  facet normal -0.12532933726515544 -0.007885053551165486 0.9920838589308729
    outer loop
      vertex -14.317951878476064 -3.0617425530332794 6.741143625364344
      vertex -14.256147698764103 -3.0539348694248956 6.749013364214136
      vertex -14.318690657292862 -3.05 6.741143625364344
    endloop
  endfacet
  facet normal -0.2486594525045256 -0.015644326713812457 0.968464625952761
    outer loop
      vertex -14.379508497187473 -3.05 6.725528258147577
      vertex -14.317951878476064 -3.0617425530332794 6.741143625364344
      vertex -14.318690657292862 -3.05 6.741143625364344
    endloop
  endfacet
  facet normal -0.1060282819321773 -0.06728759379958504 0.9920838589308731
    outer loop
      vertex -14.307101748843435 -3.0951358183798408 6.741143625364344
      vertex -14.250399298692423 -3.0684536706815564 6.749013364214136
      vertex -14.25251187585348 -3.065124781741001 6.749013364214136
    endloop
  endfacet
  facet normal -0.11362558896967331 -0.05346814360085919 0.9920838589308731
    outer loop
      vertex -14.307101748843435 -3.0951358183798408 6.741143625364344
      vertex -14.25251187585348 -3.065124781741001 6.749013364214136
      vertex -14.254190574297532 -3.0615573659572832 6.749013364214136
    endloop
  endfacet
  facet normal -0.11943095259252408 -0.03880546883713952 0.9920838589308728
    outer loop
      vertex -14.312111370098318 -3.0844898313066684 6.741143625364344
      vertex -14.254190574297532 -3.0615573659572832 6.749013364214136
      vertex -14.255408919947305 -3.0578076836083836 6.749013364214136
    endloop
  endfacet
  facet normal -0.1233528187483649 -0.023530808648691445 0.9920838589308728
    outer loop
      vertex -14.317951878476064 -3.0617425530332794 6.741143625364344
      vertex -14.255408919947305 -3.0578076836083836 6.749013364214136
      vertex -14.256147698764103 -3.0539348694248956 6.749013364214136
    endloop
  endfacet
  facet normal -0.12532933726515239 -0.007885053551115797 0.9920838589308736
    outer loop
      vertex -14.318690657292862 -3.05 6.741143625364344
      vertex -14.256147698764103 -3.0539348694248956 6.749013364214136
      vertex -14.256395259764655 -3.05 6.749013364214136
    endloop
  endfacet
  facet normal -0.9980267284282713 0 0.0627905195293152
    outer loop
      vertex -14.725 -3.05 6.25
      vertex -14.721057350657238 -3.05 6.312666616782153
      vertex -14.721057350657238 3.05 6.312666616782153
    endloop
  endfacet
  facet normal -0.9822872507286887 0 0.18738131458572496
    outer loop
      vertex -14.721057350657238 -3.05 6.312666616782153
      vertex -14.709291580564315 -3.05 6.374344943582427
      vertex -14.721057350657238 3.05 6.312666616782153
    endloop
  endfacet
  facet normal -0.951056516295152 0 0.30901699437495256
    outer loop
      vertex -14.709291580564315 -3.05 6.374344943582427
      vertex -14.689888242944125 -3.05 6.434062276342338
      vertex -14.689888242944125 3.05 6.434062276342338
    endloop
  endfacet
  facet normal -0.9048270524660241 0 0.42577929156506306
    outer loop
      vertex -14.689888242944125 -3.05 6.434062276342338
      vertex -14.663153340021932 -3.05 6.490876837050857
      vertex -14.689888242944125 3.05 6.434062276342338
    endloop
  endfacet
  facet normal -0.8443279255020119 0 0.5358267949790017
    outer loop
      vertex -14.663153340021932 -3.05 6.490876837050857
      vertex -14.629508497187473 -3.05 6.543892626146237
      vertex -14.629508497187473 3.05 6.543892626146237
    endloop
  endfacet
  facet normal -0.7705132427758008 0 0.6374239897486758
    outer loop
      vertex -14.629508497187473 -3.05 6.543892626146237
      vertex -14.589484313710706 -3.05 6.592273552964345
      vertex -14.589484313710706 3.05 6.592273552964345
    endloop
  endfacet
  facet normal -0.6845471059286756 0 0.7289686274214239
    outer loop
      vertex -14.589484313710706 -3.05 6.592273552964345
      vertex -14.543711994874345 -3.05 6.635256621387894
      vertex -14.589484313710706 3.05 6.592273552964345
    endloop
  endfacet
  facet normal -0.5877852522924799 0 0.8090169943749425
    outer loop
      vertex -14.543711994874345 -3.05 6.635256621387894
      vertex -14.492913397489499 -3.05 6.672163962751007
      vertex -14.492913397489499 3.05 6.672163962751007
    endloop
  endfacet
  facet normal -0.4817536741017006 0 0.8763066800438716
    outer loop
      vertex -14.492913397489499 -3.05 6.672163962751007
      vertex -14.437889645782535 -3.05 6.702413526233009
      vertex -14.437889645782535 3.05 6.702413526233009
    endloop
  endfacet
  facet normal -0.3681245526846892 0 0.9297764858882469
    outer loop
      vertex -14.437889645782535 -3.05 6.702413526233009
      vertex -14.379508497187473 -3.05 6.725528258147577
      vertex -14.437889645782535 3.05 6.702413526233009
    endloop
  endfacet
  facet normal -0.24868988716485738 0 0.9685831611286304
    outer loop
      vertex -14.379508497187473 -3.05 6.725528258147577
      vertex -14.318690657292862 -3.05 6.741143625364344
      vertex -14.318690657292862 3.05 6.741143625364344
    endloop
  endfacet
  facet normal -0.12533323356430293 0 0.9921147013144781
    outer loop
      vertex -14.318690657292862 -3.05 6.741143625364344
      vertex -14.256395259764655 -3.05 6.749013364214136
      vertex -14.318690657292862 3.05 6.741143625364344
    endloop
  endfacet
  facet normal -0.9510565162951532 0 -0.30901699437494834
    outer loop
      vertex -14.709291580564315 -3.05 -6.374344943582427
      vertex -14.709291580564315 3.05 -6.374344943582427
      vertex -14.689888242944125 3.05 -6.434062276342339
    endloop
  endfacet
  facet normal -0.9822872507286887 0 -0.18738131458572496
    outer loop
      vertex -14.721057350657238 -3.05 -6.312666616782153
      vertex -14.721057350657238 3.05 -6.312666616782153
      vertex -14.709291580564315 3.05 -6.374344943582427
    endloop
  endfacet
  facet normal -0.9980267284282713 0 -0.0627905195293152
    outer loop
      vertex -14.721057350657238 -3.05 -6.312666616782153
      vertex -14.725 3.05 -6.25
      vertex -14.721057350657238 3.05 -6.312666616782153
    endloop
  endfacet
  facet normal -0.36812455268467686 0 -0.9297764858882518
    outer loop
      vertex -14.379508497187473 -3.05 -6.725528258147577
      vertex -14.437889645782535 3.05 -6.70241352623301
      vertex -14.379508497187473 3.05 -6.725528258147577
    endloop
  endfacet
  facet normal -0.48175367410171144 0 -0.8763066800438657
    outer loop
      vertex -14.492913397489499 -3.05 -6.672163962751007
      vertex -14.492913397489499 3.05 -6.672163962751007
      vertex -14.437889645782535 3.05 -6.70241352623301
    endloop
  endfacet
  facet normal -0.5877852522924707 0 -0.8090169943749492
    outer loop
      vertex -14.492913397489499 -3.05 -6.672163962751007
      vertex -14.543711994874345 3.05 -6.635256621387895
      vertex -14.492913397489499 3.05 -6.672163962751007
    endloop
  endfacet
  facet normal -0.6845471059286905 0 -0.7289686274214097
    outer loop
      vertex -14.589484313710706 -3.05 -6.592273552964344
      vertex -14.589484313710706 3.05 -6.592273552964344
      vertex -14.543711994874345 3.05 -6.635256621387895
    endloop
  endfacet
  facet normal -0.770513242775795 0 -0.6374239897486826
    outer loop
      vertex -14.629508497187473 -3.05 -6.543892626146237
      vertex -14.629508497187473 3.05 -6.543892626146237
      vertex -14.589484313710706 3.05 -6.592273552964344
    endloop
  endfacet
  facet normal -0.24868988716485738 0 -0.9685831611286304
    outer loop
      vertex -14.379508497187473 -3.05 -6.725528258147577
      vertex -14.379508497187473 3.05 -6.725528258147577
      vertex -14.318690657292862 3.05 -6.741143625364344
    endloop
  endfacet
  facet normal -0.12533323356430293 0 -0.9921147013144781
    outer loop
      vertex -14.256395259764655 -3.05 -6.749013364214136
      vertex -14.318690657292862 3.05 -6.741143625364344
      vertex -14.256395259764655 3.05 -6.749013364214136
    endloop
  endfacet
  facet normal -0.8443279255020119 0 -0.5358267949790017
    outer loop
      vertex -14.663153340021932 -3.05 -6.490876837050857
      vertex -14.663153340021932 3.05 -6.490876837050857
      vertex -14.629508497187473 3.05 -6.543892626146237
    endloop
  endfacet
  facet normal -0.9048270524660215 0 -0.42577929156506844
    outer loop
      vertex -14.663153340021932 -3.05 -6.490876837050857
      vertex -14.689888242944125 3.05 -6.434062276342339
      vertex -14.663153340021932 3.05 -6.490876837050857
    endloop
  endfacet
  facet normal -0.949358552100814 0.059728577409817955 -0.30846529236470926
    outer loop
      vertex -14.689888242944125 3.05 -6.434062276342339
      vertex -14.709291580564315 3.05 -6.374344943582427
      vertex -14.705472796800683 3.1106978297800936 -6.374344943582427
    endloop
  endfacet
  facet normal -0.9493585521008123 0.05972857740982236 -0.30846529236471326
    outer loop
      vertex -14.689888242944125 3.05 -6.434062276342339
      vertex -14.705472796800683 3.1106978297800936 -6.374344943582427
      vertex -14.686222460293124 3.108265946734215 -6.434062276342339
    endloop
  endfacet
  facet normal -0.980416794758908 0.06168259641213469 -0.18702450602668869
    outer loop
      vertex -14.709291580564315 3.05 -6.374344943582427
      vertex -14.721057350657238 3.05 -6.312666616782153
      vertex -14.705472796800683 3.1106978297800936 -6.374344943582427
    endloop
  endfacet
  facet normal -0.9804167947589076 0.06168259641213053 -0.18702450602669266
    outer loop
      vertex -14.705472796800683 3.1106978297800936 -6.374344943582427
      vertex -14.721057350657238 3.05 -6.312666616782153
      vertex -14.717145790282158 3.1121724717912134 -6.312666616782153
    endloop
  endfacet
  facet normal -0.9343866006148762 0.1782437768836363 -0.30846529236468767
    outer loop
      vertex -14.705472796800683 3.1106978297800936 -6.374344943582427
      vertex -14.694076670010965 3.1704384185254284 -6.374344943582427
      vertex -14.675282923922357 3.165613004682042 -6.434062276342339
    endloop
  endfacet
  facet normal -0.9649550362329536 0.1840750178436255 -0.18702450602669185
    outer loop
      vertex -14.705472796800683 3.1106978297800936 -6.374344943582427
      vertex -14.717145790282158 3.1121724717912134 -6.312666616782153
      vertex -14.705472796800683 3.1733644465622453 -6.312666616782153
    endloop
  endfacet
  facet normal -0.9649550362329459 0.18407501784364527 -0.18702450602671197
    outer loop
      vertex -14.705472796800683 3.1106978297800936 -6.374344943582427
      vertex -14.705472796800683 3.1733644465622453 -6.312666616782153
      vertex -14.694076670010965 3.1704384185254284 -6.374344943582427
    endloop
  endfacet
  facet normal -0.9342753603494135 0.3035644662825969 -0.18702450602671153
    outer loop
      vertex -14.694076670010965 3.1704384185254284 -6.374344943582427
      vertex -14.705472796800683 3.1733644465622453 -6.312666616782153
      vertex -14.675282923922357 3.2282796214641944 -6.374344943582427
    endloop
  endfacet
  facet normal -0.9960650923461908 0.06266710384792029 -0.06266710384793835
    outer loop
      vertex -14.721057350657238 3.05 -6.312666616782153
      vertex -14.725 3.05 -6.25
      vertex -14.717145790282158 3.1121724717912134 -6.312666616782153
    endloop
  endfacet
  facet normal -0.9960650923461907 0.06266710384793923 -0.06266710384791956
    outer loop
      vertex -14.725 3.05 -6.25
      vertex -14.721057350657238 3.1126666167821515 -6.25
      vertex -14.717145790282158 3.1121724717912134 -6.312666616782153
    endloop
  endfacet
  facet normal -0.9803565508194467 0.18701301388061717 -0.06266710384791924
    outer loop
      vertex -14.717145790282158 3.1121724717912134 -6.312666616782153
      vertex -14.721057350657238 3.1126666167821515 -6.25
      vertex -14.705472796800683 3.1733644465622453 -6.312666616782153
    endloop
  endfacet
  facet normal -0.9803565508194472 0.187013013880612 -0.06266710384792434
    outer loop
      vertex -14.721057350657238 3.1126666167821515 -6.25
      vertex -14.709291580564315 3.174344943582427 -6.25
      vertex -14.705472796800683 3.1733644465622453 -6.312666616782153
    endloop
  endfacet
  facet normal -0.9491872008496633 0.3084096169682363 -0.06266710384792436
    outer loop
      vertex -14.705472796800683 3.1733644465622453 -6.312666616782153
      vertex -14.709291580564315 3.174344943582427 -6.25
      vertex -14.689888242944125 3.234062276342339 -6.25
    endloop
  endfacet
  facet normal -0.9491872008496605 0.3084096169682439 -0.06266710384793239
    outer loop
      vertex -14.705472796800683 3.1733644465622453 -6.312666616782153
      vertex -14.689888242944125 3.234062276342339 -6.25
      vertex -14.686222460293124 3.232610890316642 -6.312666616782153
    endloop
  endfacet
  facet normal -0.36802586033472434 0.023154224543683592 -0.9295272174663132
    outer loop
      vertex -14.3782901515377 3.0693650495656675 -6.725528258147577
      vertex -14.437889645782535 3.05 -6.70241352623301
      vertex -14.436210947338486 3.0766821476982846 -6.70241352623301
    endloop
  endfacet
  facet normal -0.36802586033472284 0.023154224543678197 -0.9295272174663138
    outer loop
      vertex -14.379508497187473 3.05 -6.725528258147577
      vertex -14.437889645782535 3.05 -6.70241352623301
      vertex -14.3782901515377 3.0693650495656675 -6.725528258147577
    endloop
  endfacet
  facet normal -0.3622218726692501 0.06909751767838657 -0.9295272174663133
    outer loop
      vertex -14.3782901515377 3.0693650495656675 -6.725528258147577
      vertex -14.436210947338486 3.0766821476982846 -6.70241352623301
      vertex -14.431201326083603 3.102943501988225 -6.70241352623301
    endloop
  endfacet
  facet normal -0.36222187266925093 0.0690975176783851 -0.9295272174663128
    outer loop
      vertex -14.3782901515377 3.0693650495656675 -6.725528258147577
      vertex -14.431201326083603 3.102943501988225 -6.70241352623301
      vertex -14.374654328627077 3.088424700731564 -6.725528258147577
    endloop
  endfacet
  facet normal -0.3507054296909282 0.11395110168241335 -0.9295272174663125
    outer loop
      vertex -14.374654328627077 3.088424700731564 -6.725528258147577
      vertex -14.431201326083603 3.102943501988225 -6.70241352623301
      vertex -14.368658367554843 3.1068783714131207 -6.725528258147577
    endloop
  endfacet
  facet normal -0.4815325430055771 0.030295459714981734 -0.8759044440732334
    outer loop
      vertex -14.437889645782535 3.05 -6.70241352623301
      vertex -14.492913397489499 3.05 -6.672163962751007
      vertex -14.436210947338486 3.0766821476982846 -6.70241352623301
    endloop
  endfacet
  facet normal -0.4815325430055892 0.030295459715016553 -0.8759044440732253
    outer loop
      vertex -14.436210947338486 3.0766821476982846 -6.70241352623301
      vertex -14.492913397489499 3.05 -6.672163962751007
      vertex -14.49080082032844 3.0835784524225573 -6.672163962751007
    endloop
  endfacet
  facet normal -0.5873837530688995 0.0369550533745494 -0.8084643781025718
    outer loop
      vertex -14.492913397489499 3.05 -6.672163962751007
      vertex -14.541198855600102 3.089945204893332 -6.635256621387895
      vertex -14.49080082032844 3.0835784524225573 -6.672163962751007
    endloop
  endfacet
  facet normal -0.5873837530689141 0.03695505337452339 -0.8084643781025626
    outer loop
      vertex -14.492913397489499 3.05 -6.672163962751007
      vertex -14.543711994874345 3.05 -6.635256621387895
      vertex -14.541198855600102 3.089945204893332 -6.635256621387895
    endloop
  endfacet
  facet normal -0.47393848714879266 0.09040860164768165 -0.8759044440732245
    outer loop
      vertex -14.436210947338486 3.0766821476982846 -6.70241352623301
      vertex -14.49080082032844 3.0835784524225573 -6.672163962751007
      vertex -14.431201326083603 3.102943501988225 -6.70241352623301
    endloop
  endfacet
  facet normal -0.47393848714878817 0.09040860164766037 -0.8759044440732292
    outer loop
      vertex -14.49080082032844 3.0835784524225573 -6.672163962751007
      vertex -14.48449640544909 3.1166273525916157 -6.672163962751007
      vertex -14.431201326083603 3.102943501988225 -6.70241352623301
    endloop
  endfacet
  facet normal -0.5781203603969595 0.11028235685598974 -0.8084643781025715
    outer loop
      vertex -14.49080082032844 3.0835784524225573 -6.672163962751007
      vertex -14.541198855600102 3.089945204893332 -6.635256621387895
      vertex -14.48449640544909 3.1166273525916157 -6.672163962751007
    endloop
  endfacet
  facet normal -0.6839131191867961 0.04302816632403451 -0.728293500113092
    outer loop
      vertex -14.543711994874345 3.05 -6.635256621387895
      vertex -14.589484313710706 3.05 -6.592273552964344
      vertex -14.541198855600102 3.089945204893332 -6.635256621387895
    endloop
  endfacet
  facet normal -0.6839131191867985 0.04302816632404011 -0.7282935001130896
    outer loop
      vertex -14.589484313710706 3.05 -6.592273552964344
      vertex -14.58661024603091 3.0956819976208285 -6.592273552964344
      vertex -14.541198855600102 3.089945204893332 -6.635256621387895
    endloop
  endfacet
  facet normal -0.7696094902578605 0.04841972499481079 -0.6366763406444935
    outer loop
      vertex -14.589484313710706 3.05 -6.592273552964344
      vertex -14.629508497187473 3.05 -6.543892626146237
      vertex -14.626318826866319 3.100698357956743 -6.543892626146237
    endloop
  endfacet
  facet normal -0.7696094902578549 0.048419724994820536 -0.6366763406444994
    outer loop
      vertex -14.589484313710706 3.05 -6.592273552964344
      vertex -14.626318826866319 3.100698357956743 -6.543892626146237
      vertex -14.58661024603091 3.0956819976208285 -6.592273552964344
    endloop
  endfacet
  facet normal -0.24865945250451715 0.015644326713811926 -0.9684646259527632
    outer loop
      vertex -14.3782901515377 3.0693650495656675 -6.725528258147577
      vertex -14.317951878476064 3.0617425530332794 -6.741143625364344
      vertex -14.318690657292862 3.05 -6.741143625364344
    endloop
  endfacet
  facet normal -0.2486594525045257 0.015644326713784077 -0.9684646259527613
    outer loop
      vertex -14.379508497187473 3.05 -6.725528258147577
      vertex -14.3782901515377 3.0693650495656675 -6.725528258147577
      vertex -14.318690657292862 3.05 -6.741143625364344
    endloop
  endfacet
  facet normal -0.24473794439657023 0.046686259763611716 -0.9684646259527634
    outer loop
      vertex -14.3782901515377 3.0693650495656675 -6.725528258147577
      vertex -14.31574719300894 3.073299918990563 -6.741143625364344
      vertex -14.317951878476064 3.0617425530332794 -6.741143625364344
    endloop
  endfacet
  facet normal -0.12532933726515544 0.007885053551165486 -0.9920838589308729
    outer loop
      vertex -14.318690657292862 3.05 -6.741143625364344
      vertex -14.317951878476064 3.0617425530332794 -6.741143625364344
      vertex -14.256147698764103 3.0539348694248956 -6.749013364214136
    endloop
  endfacet
  facet normal -0.12335281874836991 0.023530808648651938 -0.992083858930873
    outer loop
      vertex -14.317951878476064 3.0617425530332794 -6.741143625364344
      vertex -14.31574719300894 3.073299918990563 -6.741143625364344
      vertex -14.256147698764103 3.0539348694248956 -6.749013364214136
    endloop
  endfacet
  facet normal -0.11943095259251163 0.038805468837171925 -0.9920838589308731
    outer loop
      vertex -14.31574719300894 3.073299918990563 -6.741143625364344
      vertex -14.312111370098318 3.0844898313066684 -6.741143625364344
      vertex -14.254190574297532 3.0615573659572837 -6.749013364214136
    endloop
  endfacet
  facet normal -0.23695677270611998 0.07699192260801505 -0.9684646259527613
    outer loop
      vertex -14.31574719300894 3.073299918990563 -6.741143625364344
      vertex -14.368658367554843 3.1068783714131207 -6.725528258147577
      vertex -14.312111370098318 3.0844898313066684 -6.741143625364344
    endloop
  endfacet
  facet normal -0.24473794439657226 0.0466862597636538 -0.9684646259527608
    outer loop
      vertex -14.3782901515377 3.0693650495656675 -6.725528258147577
      vertex -14.374654328627077 3.088424700731564 -6.725528258147577
      vertex -14.31574719300894 3.073299918990563 -6.741143625364344
    endloop
  endfacet
  facet normal -0.2369567727061243 0.07699192260800784 -0.9684646259527606
    outer loop
      vertex -14.374654328627077 3.088424700731564 -6.725528258147577
      vertex -14.368658367554843 3.1068783714131207 -6.725528258147577
      vertex -14.31574719300894 3.073299918990563 -6.741143625364344
    endloop
  endfacet
  facet normal -0.11362558896968142 0.053468143600846375 -0.992083858930873
    outer loop
      vertex -14.312111370098318 3.0844898313066684 -6.741143625364344
      vertex -14.307101748843435 3.095135818379841 -6.741143625364344
      vertex -14.254190574297532 3.0615573659572837 -6.749013364214136
    endloop
  endfacet
  facet normal -0.22543865115897888 0.10608337684010327 -0.9684646259527607
    outer loop
      vertex -14.312111370098318 3.0844898313066684 -6.741143625364344
      vertex -14.368658367554843 3.1068783714131207 -6.725528258147577
      vertex -14.307101748843435 3.095135818379841 -6.741143625364344
    endloop
  endfacet
  facet normal -0.12532933726515239 0.007885053551115797 -0.9920838589308736
    outer loop
      vertex -14.318690657292862 3.05 -6.741143625364344
      vertex -14.256147698764103 3.0539348694248956 -6.749013364214136
      vertex -14.256395259764655 3.05 -6.749013364214136
    endloop
  endfacet
  facet normal -0.12335281874835764 0.023530808648690064 -0.9920838589308737
    outer loop
      vertex -14.31574719300894 3.073299918990563 -6.741143625364344
      vertex -14.255408919947305 3.0578076836083836 -6.749013364214136
      vertex -14.256147698764103 3.0539348694248956 -6.749013364214136
    endloop
  endfacet
  facet normal -0.11943095259251904 0.03880546883713351 -0.9920838589308737
    outer loop
      vertex -14.31574719300894 3.073299918990563 -6.741143625364344
      vertex -14.254190574297532 3.0615573659572837 -6.749013364214136
      vertex -14.255408919947305 3.0578076836083836 -6.749013364214136
    endloop
  endfacet
  facet normal -0.11362558896967002 0.053468143600864305 -0.9920838589308733
    outer loop
      vertex -14.307101748843435 3.095135818379841 -6.741143625364344
      vertex -14.25251187585348 3.065124781741001 -6.749013364214136
      vertex -14.254190574297532 3.0615573659572837 -6.749013364214136
    endloop
  endfacet
  facet normal -0.10602828193217695 0.06728759379958474 -0.9920838589308731
    outer loop
      vertex -14.307101748843435 3.095135818379841 -6.741143625364344
      vertex -14.250399298692423 3.0684536706815564 -6.749013364214136
      vertex -14.25251187585348 3.065124781741001 -6.749013364214136
    endloop
  endfacet
  facet normal -0.09675884555033622 0.08004587844851407 -0.9920838589308727
    outer loop
      vertex -14.250399298692423 3.0684536706815564 -6.749013364214136
      vertex -14.300797333964084 3.1050699866343328 -6.741143625364344
      vertex -14.24788615941818 3.0714915342117752 -6.749013364214136
    endloop
  endfacet
  facet normal -0.10602828193216857 0.06728759379960259 -0.9920838589308729
    outer loop
      vertex -14.307101748843435 3.095135818379841 -6.741143625364344
      vertex -14.300797333964084 3.1050699866343328 -6.741143625364344
      vertex -14.250399298692423 3.0684536706815564 -6.749013364214136
    endloop
  endfacet
  facet normal -0.09675884555034822 0.08004587844849526 -0.992083858930873
    outer loop
      vertex -14.24788615941818 3.0714915342117752 -6.749013364214136
      vertex -14.300797333964084 3.1050699866343328 -6.741143625364344
      vertex -14.293297549848987 3.114135668302385 -6.741143625364344
    endloop
  endfacet
  facet normal -0.08596346437328 0.09154179177714906 -0.9920838589308734
    outer loop
      vertex -14.24788615941818 3.0714915342117752 -6.749013364214136
      vertex -14.284720672573794 3.1221898921685183 -6.741143625364344
      vertex -14.245012091738383 3.074190463409054 -6.749013364214136
    endloop
  endfacet
  facet normal -0.0738123880109631 0.10159403636506358 -0.9920838589308734
    outer loop
      vertex -14.245012091738383 3.074190463409054 -6.749013364214136
      vertex -14.284720672573794 3.1221898921685183 -6.741143625364344
      vertex -14.241822421417229 3.0765078945476896 -6.749013364214136
    endloop
  endfacet
  facet normal -0.06049724619629285 0.11004408231019103 -0.9920838589308733
    outer loop
      vertex -14.241822421417229 3.0765078945476896 -6.749013364214136
      vertex -14.26489154168842 3.1347738412819046 -6.741143625364344
      vertex -14.238367451461096 3.0784072803542593 -6.749013364214136
    endloop
  endfacet
  facet normal -0.04622802666984263 0.11675866734011343 -0.9920838589308734
    outer loop
      vertex -14.238367451461096 3.0784072803542593 -6.749013364214136
      vertex -14.253952005317654 3.139105110134353 -6.741143625364344
      vertex -14.234701668810095 3.0798586663799554 -6.749013364214136
    endloop
  endfacet
  facet normal -0.031229763547516956 0.1216318984378408 -0.9920838589308734
    outer loop
      vertex -14.230882885046462 3.080839163400137 -6.749013364214136
      vertex -14.234701668810095 3.0798586663799554 -6.749013364214136
      vertex -14.253952005317654 3.139105110134353 -6.741143625364344
    endloop
  endfacet
  facet normal -0.015738988398302924 0.12458692183782905 -0.9920838589308734
    outer loop
      vertex -14.22697132467138 3.081333308391076 -6.749013364214136
      vertex -14.230882885046462 3.080839163400137 -6.749013364214136
      vertex -14.242555878527936 3.142031138171169 -6.741143625364344
    endloop
  endfacet
  facet normal -0.843139178757753 0.05304582088004475 -0.5350723933552022
    outer loop
      vertex -14.629508497187473 3.05 -6.543892626146237
      vertex -14.663153340021932 3.05 -6.490876837050857
      vertex -14.626318826866319 3.100698357956743 -6.543892626146237
    endloop
  endfacet
  facet normal -0.8431391787577631 0.05304582088007182 -0.5350723933551834
    outer loop
      vertex -14.626318826866319 3.100698357956743 -6.543892626146237
      vertex -14.663153340021932 3.05 -6.490876837050857
      vertex -14.659698370065799 3.104915174901948 -6.490876837050857
    endloop
  endfacet
  facet normal -0.9033644828308867 0.056834875846064004 -0.4250910585359884
    outer loop
      vertex -14.689888242944125 3.05 -6.434062276342339
      vertex -14.686222460293124 3.108265946734215 -6.434062276342339
      vertex -14.663153340021932 3.05 -6.490876837050857
    endloop
  endfacet
  facet normal -0.9033644828308782 0.05683487584608257 -0.425091058536004
    outer loop
      vertex -14.663153340021932 3.05 -6.490876837050857
      vertex -14.686222460293124 3.108265946734215 -6.434062276342339
      vertex -14.659698370065799 3.104915174901948 -6.490876837050857
    endloop
  endfacet
  facet normal -0.35070542969092805 0.11395110168240186 -0.9295272174663142
    outer loop
      vertex -14.431201326083603 3.102943501988225 -6.70241352623301
      vertex -14.42293978673768 3.1283699056248953 -6.70241352623301
      vertex -14.368658367554843 3.1068783714131207 -6.725528258147577
    endloop
  endfacet
  facet normal -0.3336581525851099 0.1570076087418144 -0.9295272174663144
    outer loop
      vertex -14.411556618711408 3.1525603690339494 -6.70241352623301
      vertex -14.360396828208922 3.1244350361999995 -6.725528258147577
      vertex -14.368658367554843 3.1068783714131207 -6.725528258147577
    endloop
  endfacet
  facet normal -0.3113488870953025 0.1975880120195745 -0.9295272174663145
    outer loop
      vertex -14.411556618711408 3.1525603690339494 -6.70241352623301
      vertex -14.35 3.14081781600067 -6.725528258147577
      vertex -14.360396828208922 3.1244350361999995 -6.725528258147577
    endloop
  endfacet
  facet normal -0.33365815258511067 0.15700760874181377 -0.9295272174663142
    outer loop
      vertex -14.42293978673768 3.1283699056248953 -6.70241352623301
      vertex -14.411556618711408 3.1525603690339494 -6.70241352623301
      vertex -14.368658367554843 3.1068783714131207 -6.725528258147577
    endloop
  endfacet
  facet normal -0.4588701382325257 0.149095945924866 -0.8759044440732289
    outer loop
      vertex -14.431201326083603 3.102943501988225 -6.70241352623301
      vertex -14.48449640544909 3.1166273525916157 -6.672163962751007
      vertex -14.474099577240167 3.1486254996090537 -6.672163962751007
    endloop
  endfacet
  facet normal -0.5781203603969631 0.11028235685600371 -0.8084643781025671
    outer loop
      vertex -14.541198855600102 3.089945204893332 -6.635256621387895
      vertex -14.533699071485005 3.129260450043386 -6.635256621387895
      vertex -14.48449640544909 3.1166273525916157 -6.672163962751007
    endloop
  endfacet
  facet normal -0.5597396642891984 0.18187044169035682 -0.8084643781025668
    outer loop
      vertex -14.48449640544909 3.1166273525916157 -6.672163962751007
      vertex -14.533699071485005 3.129260450043386 -6.635256621387895
      vertex -14.521330918604702 3.1673257105483597 -6.635256621387895
    endloop
  endfacet
  facet normal -0.5597396642891979 0.1818704416903575 -0.808464378102567
    outer loop
      vertex -14.48449640544909 3.1166273525916157 -6.672163962751007
      vertex -14.521330918604702 3.1673257105483597 -6.635256621387895
      vertex -14.474099577240167 3.1486254996090537 -6.672163962751007
    endloop
  endfacet
  facet normal -0.4588701382325319 0.14909594592485897 -0.875904444073227
    outer loop
      vertex -14.431201326083603 3.102943501988225 -6.70241352623301
      vertex -14.474099577240167 3.1486254996090537 -6.672163962751007
      vertex -14.42293978673768 3.1283699056248953 -6.70241352623301
    endloop
  endfacet
  facet normal -0.4365651331206099 0.20543195806922207 -0.8759044440732273
    outer loop
      vertex -14.42293978673768 3.1283699056248953 -6.70241352623301
      vertex -14.474099577240167 3.1486254996090537 -6.672163962751007
      vertex -14.411556618711408 3.1525603690339494 -6.70241352623301
    endloop
  endfacet
  facet normal -0.3113488870953031 0.19758801201957193 -0.9295272174663148
    outer loop
      vertex -14.411556618711408 3.1525603690339494 -6.70241352623301
      vertex -14.397231341364535 3.1751333941567434 -6.70241352623301
      vertex -14.35 3.14081781600067 -6.725528258147577
    endloop
  endfacet
  facet normal -0.28412946366519115 0.23505233431442837 -0.9295272174663144
    outer loop
      vertex -14.397231341364535 3.1751333941567434 -6.70241352623301
      vertex -14.380189872878326 3.195732990902618 -6.70241352623301
      vertex -14.337631847119697 3.155768344591076 -6.725528258147577
    endloop
  endfacet
  facet normal -0.5325315393033242 0.2505903210151211 -0.8084643781025671
    outer loop
      vertex -14.474099577240167 3.1486254996090537 -6.672163962751007
      vertex -14.521330918604702 3.1673257105483597 -6.635256621387895
      vertex -14.459774299893294 3.179068263581639 -6.672163962751007
    endloop
  endfacet
  facet normal -0.5325315393033243 0.25059032101512263 -0.8084643781025667
    outer loop
      vertex -14.459774299893294 3.179068263581639 -6.672163962751007
      vertex -14.521330918604702 3.1673257105483597 -6.635256621387895
      vertex -14.504289450118494 3.203540674511003 -6.635256621387895
    endloop
  endfacet
  facet normal -0.4969250738237186 0.3153582412820719 -0.8084643781025669
    outer loop
      vertex -14.459774299893294 3.179068263581639 -6.672163962751007
      vertex -14.504289450118494 3.203540674511003 -6.635256621387895
      vertex -14.441746491589734 3.2074755439358986 -6.672163962751007
    endloop
  endfacet
  facet normal -0.43656513312060957 0.20543195806922934 -0.8759044440732258
    outer loop
      vertex -14.411556618711408 3.1525603690339494 -6.70241352623301
      vertex -14.474099577240167 3.1486254996090537 -6.672163962751007
      vertex -14.459774299893294 3.179068263581639 -6.672163962751007
    endloop
  endfacet
  facet normal -0.4073752350680056 0.2585281855157378 -0.8759044440732262
    outer loop
      vertex -14.411556618711408 3.1525603690339494 -6.70241352623301
      vertex -14.459774299893294 3.179068263581639 -6.672163962751007
      vertex -14.397231341364535 3.1751333941567434 -6.70241352623301
    endloop
  endfacet
  facet normal -0.4073752350680066 0.2585281855157321 -0.8759044440732274
    outer loop
      vertex -14.397231341364535 3.1751333941567434 -6.70241352623301
      vertex -14.459774299893294 3.179068263581639 -6.672163962751007
      vertex -14.441746491589734 3.2074755439358986 -6.672163962751007
    endloop
  endfacet
  facet normal -0.3717607862042033 0.30754726903941626 -0.8759044440732273
    outer loop
      vertex -14.397231341364535 3.1751333941567434 -6.70241352623301
      vertex -14.441746491589734 3.2074755439358986 -6.672163962751007
      vertex -14.420300461635726 3.2333993408909585 -6.672163962751007
    endloop
  endfacet
  facet normal -0.3717607862041993 0.3075472690394184 -0.8759044440732284
    outer loop
      vertex -14.397231341364535 3.1751333941567434 -6.70241352623301
      vertex -14.420300461635726 3.2333993408909585 -6.672163962751007
      vertex -14.380189872878326 3.195732990902618 -6.70241352623301
    endloop
  endfacet
  facet normal -0.673127400747323 0.12840591908542728 -0.7282935001130928
    outer loop
      vertex -14.541198855600102 3.089945204893332 -6.635256621387895
      vertex -14.578033368755715 3.140643562850075 -6.592273552964344
      vertex -14.533699071485005 3.129260450043386 -6.635256621387895
    endloop
  endfacet
  facet normal -0.6731274007473286 0.1284059190854201 -0.728293500113089
    outer loop
      vertex -14.541198855600102 3.089945204893332 -6.635256621387895
      vertex -14.58661024603091 3.0956819976208285 -6.592273552964344
      vertex -14.578033368755715 3.140643562850075 -6.592273552964344
    endloop
  endfacet
  facet normal -0.6517260610912508 0.2117586337968395 -0.7282935001130928
    outer loop
      vertex -14.533699071485005 3.129260450043386 -6.635256621387895
      vertex -14.578033368755715 3.140643562850075 -6.592273552964344
      vertex -14.521330918604702 3.1673257105483597 -6.635256621387895
    endloop
  endfacet
  facet normal -0.7574722888540631 0.1444955669967633 -0.6366763406444996
    outer loop
      vertex -14.58661024603091 3.0956819976208285 -6.592273552964344
      vertex -14.626318826866319 3.100698357956743 -6.543892626146237
      vertex -14.578033368755715 3.140643562850075 -6.592273552964344
    endloop
  endfacet
  facet normal -0.7574722888540605 0.14449556699675395 -0.6366763406445047
    outer loop
      vertex -14.626318826866319 3.100698357956743 -6.543892626146237
      vertex -14.616800118909236 3.1505971725227777 -6.543892626146237
      vertex -14.578033368755715 3.140643562850075 -6.592273552964344
    endloop
  endfacet
  facet normal -0.651726061091251 0.21175863379684168 -0.7282935001130917
    outer loop
      vertex -14.578033368755715 3.140643562850075 -6.592273552964344
      vertex -14.563888944363331 3.1841756249453352 -6.592273552964344
      vertex -14.521330918604702 3.1673257105483597 -6.635256621387895
    endloop
  endfacet
  facet normal -0.6200466121294923 0.29177178835481427 -0.7282935001130878
    outer loop
      vertex -14.563888944363331 3.1841756249453352 -6.592273552964344
      vertex -14.544400038875894 3.2255916572825747 -6.592273552964344
      vertex -14.504289450118494 3.203540674511003 -6.635256621387895
    endloop
  endfacet
  facet normal -0.7333892969630258 0.23829262758969544 -0.6366763406445047
    outer loop
      vertex -14.578033368755715 3.140643562850075 -6.592273552964344
      vertex -14.616800118909236 3.1505971725227777 -6.543892626146237
      vertex -14.563888944363331 3.1841756249453352 -6.592273552964344
    endloop
  endfacet
  facet normal -0.7333892969630262 0.23829262758969874 -0.636676340644503
    outer loop
      vertex -14.616800118909236 3.1505971725227777 -6.543892626146237
      vertex -14.601102489026907 3.19890950958429 -6.543892626146237
      vertex -14.563888944363331 3.1841756249453352 -6.592273552964344
    endloop
  endfacet
  facet normal -0.6200466121294922 0.29177178835480616 -0.7282935001130914
    outer loop
      vertex -14.563888944363331 3.1841756249453352 -6.592273552964344
      vertex -14.504289450118494 3.203540674511003 -6.635256621387895
      vertex -14.521330918604702 3.1673257105483597 -6.635256621387895
    endloop
  endfacet
  facet normal -0.4969250738237166 0.31535824128208784 -0.8084643781025619
    outer loop
      vertex -14.504289450118494 3.203540674511003 -6.635256621387895
      vertex -14.482843420164485 3.237334210315854 -6.635256621387895
      vertex -14.441746491589734 3.2074755439358986 -6.672163962751007
    endloop
  endfacet
  facet normal -0.45348180308125535 0.37515277369814337 -0.8084643781025624
    outer loop
      vertex -14.420300461635726 3.2333993408909585 -6.672163962751007
      vertex -14.482843420164485 3.237334210315854 -6.635256621387895
      vertex -14.45733104544629 3.2681733737159915 -6.635256621387895
    endloop
  endfacet
  facet normal -0.3302834476628386 0.3517161484105013 -0.8759044440732284
    outer loop
      vertex -14.380189872878326 3.195732990902618 -6.70241352623301
      vertex -14.420300461635726 3.2333993408909585 -6.672163962751007
      vertex -14.360700967390889 3.214034291325291 -6.70241352623301
    endloop
  endfacet
  facet normal -0.45348180308125474 0.3751527736981458 -0.8084643781025618
    outer loop
      vertex -14.441746491589734 3.2074755439358986 -6.672163962751007
      vertex -14.482843420164485 3.237334210315854 -6.635256621387895
      vertex -14.420300461635726 3.2333993408909585 -6.672163962751007
    endloop
  endfacet
  facet normal -0.330283447662835 0.35171614841050935 -0.8759044440732265
    outer loop
      vertex -14.420300461635726 3.2333993408909585 -6.672163962751007
      vertex -14.395774426734882 3.256430820682712 -6.672163962751007
      vertex -14.360700967390889 3.214034291325291 -6.70241352623301
    endloop
  endfacet
  facet normal -0.28359734185007307 0.3903382540161095 -0.8759044440732264
    outer loop
      vertex -14.395774426734882 3.256430820682712 -6.672163962751007
      vertex -14.368555177108732 3.2762067631165044 -6.672163962751007
      vertex -14.360700967390889 3.214034291325291 -6.70241352623301
    endloop
  endfacet
  facet normal -0.40288685340729474 0.4290309227675781 -0.8084643781025663
    outer loop
      vertex -14.420300461635726 3.2333993408909585 -6.672163962751007
      vertex -14.428154671353568 3.295571812682172 -6.635256621387895
      vertex -14.395774426734882 3.256430820682712 -6.672163962751007
    endloop
  endfacet
  facet normal -0.40288685340730696 0.42903092276757426 -0.8084643781025624
    outer loop
      vertex -14.420300461635726 3.2333993408909585 -6.672163962751007
      vertex -14.45733104544629 3.2681733737159915 -6.635256621387895
      vertex -14.428154671353568 3.295571812682172 -6.635256621387895
    endloop
  endfacet
  facet normal -0.34593813738219076 0.4761429978943033 -0.8084643781025642
    outer loop
      vertex -14.395774426734882 3.256430820682712 -6.672163962751007
      vertex -14.395774426734882 3.3190974374648645 -6.635256621387895
      vertex -14.368555177108732 3.2762067631165044 -6.672163962751007
    endloop
  endfacet
  facet normal -0.34593813738218443 0.4761429978943045 -0.8084643781025662
    outer loop
      vertex -14.395774426734882 3.256430820682712 -6.672163962751007
      vertex -14.428154671353568 3.295571812682172 -6.635256621387895
      vertex -14.395774426734882 3.3190974374648645 -6.635256621387895
    endloop
  endfacet
  facet normal -0.6977403177533569 0.32833167109642536 -0.6366763406445014
    outer loop
      vertex -14.563888944363331 3.1841756249453352 -6.592273552964344
      vertex -14.579473498219887 3.244873454725429 -6.543892626146237
      vertex -14.544400038875894 3.2255916572825747 -6.592273552964344
    endloop
  endfacet
  facet normal -0.6977403177533555 0.32833167109642636 -0.6366763406445024
    outer loop
      vertex -14.563888944363331 3.1841756249453352 -6.592273552964344
      vertex -14.601102489026907 3.19890950958429 -6.543892626146237
      vertex -14.579473498219887 3.244873454725429 -6.543892626146237
    endloop
  endfacet
  facet normal -0.6510875569228646 0.41319272801410933 -0.6366763406445018
    outer loop
      vertex -14.544400038875894 3.2255916572825747 -6.592273552964344
      vertex -14.579473498219887 3.244873454725429 -6.543892626146237
      vertex -14.519874003975051 3.2642385042910957 -6.592273552964344
    endloop
  endfacet
  facet normal -0.6510875569228647 0.41319272801410983 -0.6366763406445016
    outer loop
      vertex -14.579473498219887 3.244873454725429 -6.543892626146237
      vertex -14.552254248593737 3.2877641290737882 -6.543892626146237
      vertex -14.519874003975051 3.2642385042910957 -6.592273552964344
    endloop
  endfacet
  facet normal -0.5941667563788313 0.4915374887816636 -0.6366763406445025
    outer loop
      vertex -14.552254248593737 3.2877641290737882 -6.543892626146237
      vertex -14.519874003975051 3.3269051210732483 -6.543892626146237
      vertex -14.519874003975051 3.2642385042910957 -6.592273552964344
    endloop
  endfacet
  facet normal -0.5785886576965572 0.3671835275144087 -0.7282935001130875
    outer loop
      vertex -14.504289450118494 3.203540674511003 -6.635256621387895
      vertex -14.544400038875894 3.2255916572825747 -6.592273552964344
      vertex -14.482843420164485 3.237334210315854 -6.635256621387895
    endloop
  endfacet
  facet normal -0.5785886576965592 0.36718352751438904 -0.7282935001130956
    outer loop
      vertex -14.544400038875894 3.2255916572825747 -6.592273552964344
      vertex -14.519874003975051 3.2642385042910957 -6.592273552964344
      vertex -14.482843420164485 3.237334210315854 -6.635256621387895
    endloop
  endfacet
  facet normal -0.5280060144996294 0.4368045631002867 -0.7282935001130965
    outer loop
      vertex -14.482843420164485 3.237334210315854 -6.635256621387895
      vertex -14.490697629882328 3.2995066821070678 -6.592273552964344
      vertex -14.45733104544629 3.2681733737159915 -6.635256621387895
    endloop
  endfacet
  facet normal -0.5280060144996327 0.4368045631002852 -0.7282935001130949
    outer loop
      vertex -14.482843420164485 3.237334210315854 -6.635256621387895
      vertex -14.519874003975051 3.2642385042910957 -6.592273552964344
      vertex -14.490697629882328 3.2995066821070678 -6.592273552964344
    endloop
  endfacet
  facet normal -0.46909640103854866 0.49953692979167963 -0.7282935001130958
    outer loop
      vertex -14.45733104544629 3.2681733737159915 -6.635256621387895
      vertex -14.490697629882328 3.2995066821070678 -6.592273552964344
      vertex -14.428154671353568 3.295571812682172 -6.635256621387895
    endloop
  endfacet
  facet normal -0.46909640103854633 0.49953692979168574 -0.7282935001130929
    outer loop
      vertex -14.490697629882328 3.2995066821070678 -6.592273552964344
      vertex -14.45733104544629 3.330839990498144 -6.592273552964344
      vertex -14.428154671353568 3.295571812682172 -6.635256621387895
    endloop
  endfacet
  facet normal -0.594166756378824 0.4915374887816669 -0.6366763406445067
    outer loop
      vertex -14.519874003975051 3.2642385042910957 -6.592273552964344
      vertex -14.519874003975051 3.3269051210732483 -6.543892626146237
      vertex -14.490697629882328 3.2995066821070678 -6.592273552964344
    endloop
  endfacet
  facet normal -0.22543865115898312 0.10608337684008269 -0.968464625952762
    outer loop
      vertex -14.307101748843435 3.095135818379841 -6.741143625364344
      vertex -14.368658367554843 3.1068783714131207 -6.725528258147577
      vertex -14.360396828208922 3.1244350361999995 -6.725528258147577
    endloop
  endfacet
  facet normal -0.2103652274125432 0.133501832848264 -0.9684646259527621
    outer loop
      vertex -14.307101748843435 3.095135818379841 -6.741143625364344
      vertex -14.360396828208922 3.1244350361999995 -6.725528258147577
      vertex -14.35 3.14081781600067 -6.725528258147577
    endloop
  endfacet
  facet normal -0.21036522741254754 0.1335018328482597 -0.9684646259527616
    outer loop
      vertex -14.307101748843435 3.095135818379841 -6.741143625364344
      vertex -14.35 3.14081781600067 -6.725528258147577
      vertex -14.300797333964084 3.1050699866343328 -6.741143625364344
    endloop
  endfacet
  facet normal -0.1919742183637049 0.1588148852023039 -0.9684646259527622
    outer loop
      vertex -14.300797333964084 3.1050699866343328 -6.741143625364344
      vertex -14.337631847119697 3.155768344591076 -6.725528258147577
      vertex -14.293297549848987 3.114135668302385 -6.741143625364344
    endloop
  endfacet
  facet normal -0.17055566121146692 0.1816233319452525 -0.9684646259527623
    outer loop
      vertex -14.293297549848987 3.114135668302385 -6.741143625364344
      vertex -14.337631847119697 3.155768344591076 -6.725528258147577
      vertex -14.284720672573794 3.1221898921685183 -6.741143625364344
    endloop
  endfacet
  facet normal -0.146447339396853 0.2015674702469681 -0.9684646259527606
    outer loop
      vertex -14.284720672573794 3.1221898921685183 -6.741143625364344
      vertex -14.323487422727313 3.1690508432043343 -6.725528258147577
      vertex -14.27520196461671 3.1291056383110023 -6.741143625364344
    endloop
  endfacet
  facet normal -0.1919742183637128 0.15881488520229806 -0.9684646259527616
    outer loop
      vertex -14.300797333964084 3.1050699866343328 -6.741143625364344
      vertex -14.35 3.14081781600067 -6.725528258147577
      vertex -14.337631847119697 3.155768344591076 -6.725528258147577
    endloop
  endfacet
  facet normal -0.17055566121145235 0.18162333194527483 -0.9684646259527607
    outer loop
      vertex -14.284720672573794 3.1221898921685183 -6.741143625364344
      vertex -14.337631847119697 3.155768344591076 -6.725528258147577
      vertex -14.323487422727313 3.1690508432043343 -6.725528258147577
    endloop
  endfacet
  facet normal -0.08596346437328643 0.0915417917771444 -0.9920838589308731
    outer loop
      vertex -14.24788615941818 3.0714915342117752 -6.749013364214136
      vertex -14.293297549848987 3.114135668302385 -6.741143625364344
      vertex -14.284720672573794 3.1221898921685183 -6.741143625364344
    endloop
  endfacet
  facet normal -0.07381238801094307 0.10159403636508231 -0.992083858930873
    outer loop
      vertex -14.241822421417229 3.0765078945476896 -6.749013364214136
      vertex -14.284720672573794 3.1221898921685183 -6.741143625364344
      vertex -14.27520196461671 3.1291056383110023 -6.741143625364344
    endloop
  endfacet
  facet normal -0.06049724619631481 0.11004408231018233 -0.9920838589308729
    outer loop
      vertex -14.241822421417229 3.0765078945476896 -6.749013364214136
      vertex -14.27520196461671 3.1291056383110023 -6.741143625364344
      vertex -14.26489154168842 3.1347738412819046 -6.741143625364344
    endloop
  endfacet
  facet normal -0.04622802666985001 0.11675866734011155 -0.9920838589308733
    outer loop
      vertex -14.238367451461096 3.0784072803542593 -6.749013364214136
      vertex -14.26489154168842 3.1347738412819046 -6.741143625364344
      vertex -14.253952005317654 3.139105110134353 -6.741143625364344
    endloop
  endfacet
  facet normal -0.031229763547506107 0.12163189843784505 -0.9920838589308731
    outer loop
      vertex -14.230882885046462 3.080839163400137 -6.749013364214136
      vertex -14.253952005317654 3.139105110134353 -6.741143625364344
      vertex -14.242555878527936 3.142031138171169 -6.741143625364344
    endloop
  endfacet
  facet normal -0.015738988398293702 0.12458692183783134 -0.9920838589308731
    outer loop
      vertex -14.22697132467138 3.081333308391076 -6.749013364214136
      vertex -14.242555878527936 3.142031138171169 -6.741143625364344
      vertex -14.230882885046462 3.1435057801822897 -6.741143625364344
    endloop
  endfacet
  facet normal -0.12002945555660566 0.21833276913225985 -0.9684646259527625
    outer loop
      vertex -14.27520196461671 3.1291056383110023 -6.741143625364344
      vertex -14.307789792844986 3.1804558389027333 -6.725528258147577
      vertex -14.26489154168842 3.1347738412819046 -6.741143625364344
    endloop
  endfacet
  facet normal -0.14644733939687085 0.2015674702469473 -0.9684646259527623
    outer loop
      vertex -14.27520196461671 3.1291056383110023 -6.741143625364344
      vertex -14.323487422727313 3.1690508432043343 -6.725528258147577
      vertex -14.307789792844986 3.1804558389027333 -6.725528258147577
    endloop
  endfacet
  facet normal -0.28412946366519204 0.23505233431442588 -0.9295272174663148
    outer loop
      vertex -14.397231341364535 3.1751333941567434 -6.70241352623301
      vertex -14.337631847119697 3.155768344591076 -6.725528258147577
      vertex -14.35 3.14081781600067 -6.725528258147577
    endloop
  endfacet
  facet normal -0.2524291488623752 0.26880974088367493 -0.9295272174663142
    outer loop
      vertex -14.380189872878326 3.195732990902618 -6.70241352623301
      vertex -14.323487422727313 3.1690508432043343 -6.725528258147577
      vertex -14.337631847119697 3.155768344591076 -6.725528258147577
    endloop
  endfacet
  facet normal -0.25242914886237394 0.2688097408836773 -0.9295272174663137
    outer loop
      vertex -14.380189872878326 3.195732990902618 -6.70241352623301
      vertex -14.360700967390889 3.214034291325291 -6.70241352623301
      vertex -14.323487422727313 3.1690508432043343 -6.725528258147577
    endloop
  endfacet
  facet normal -0.21674787558813358 0.298327857260034 -0.9295272174663137
    outer loop
      vertex -14.323487422727313 3.1690508432043343 -6.725528258147577
      vertex -14.360700967390889 3.214034291325291 -6.70241352623301
      vertex -14.33907197658387 3.229748672984427 -6.70241352623301
    endloop
  endfacet
  facet normal -0.2167478755881388 0.29832785726003236 -0.9295272174663131
    outer loop
      vertex -14.323487422727313 3.1690508432043343 -6.725528258147577
      vertex -14.33907197658387 3.229748672984427 -6.70241352623301
      vertex -14.307789792844986 3.1804558389027333 -6.725528258147577
    endloop
  endfacet
  facet normal -0.1776483588369564 0.32314116511498336 -0.9295272174663133
    outer loop
      vertex -14.307789792844986 3.1804558389027333 -6.725528258147577
      vertex -14.33907197658387 3.229748672984427 -6.70241352623301
      vertex -14.290786518473267 3.189803468091096 -6.725528258147577
    endloop
  endfacet
  facet normal -0.09171863550008148 0.23165482982269195 -0.9684646259527617
    outer loop
      vertex -14.26489154168842 3.1347738412819046 -6.741143625364344
      vertex -14.290786518473267 3.189803468091096 -6.725528258147577
      vertex -14.253952005317654 3.139105110134353 -6.741143625364344
    endloop
  endfacet
  facet normal -0.12002945555659608 0.21833276913226854 -0.9684646259527617
    outer loop
      vertex -14.26489154168842 3.1347738412819046 -6.741143625364344
      vertex -14.307789792844986 3.1804558389027333 -6.725528258147577
      vertex -14.290786518473267 3.189803468091096 -6.725528258147577
    endloop
  endfacet
  facet normal -0.09171863550006969 0.23165482982270022 -0.968464625952761
    outer loop
      vertex -14.253952005317654 3.139105110134353 -6.741143625364344
      vertex -14.290786518473267 3.189803468091096 -6.725528258147577
      vertex -14.272745751406262 3.196946313073118 -6.725528258147577
    endloop
  endfacet
  facet normal -0.06196135777166478 0.2413235554629312 -0.968464625952761
    outer loop
      vertex -14.253952005317654 3.139105110134353 -6.741143625364344
      vertex -14.272745751406262 3.196946313073118 -6.725528258147577
      vertex -14.253952005317654 3.2017717269165047 -6.725528258147577
    endloop
  endfacet
  facet normal -0.031226912417279876 0.247186464473805 -0.9684646259527623
    outer loop
      vertex -14.242555878527936 3.142031138171169 -6.741143625364344
      vertex -14.253952005317654 3.2017717269165047 -6.725528258147577
      vertex -14.230882885046462 3.1435057801822897 -6.741143625364344
    endloop
  endfacet
  facet normal -0.06196135777163776 0.24132355546293158 -0.9684646259527627
    outer loop
      vertex -14.253952005317654 3.139105110134353 -6.741143625364344
      vertex -14.253952005317654 3.2017717269165047 -6.725528258147577
      vertex -14.242555878527936 3.142031138171169 -6.741143625364344
    endloop
  endfacet
  facet normal -0.031226912417271494 0.2471864644738081 -0.9684646259527617
    outer loop
      vertex -14.230882885046462 3.1435057801822897 -6.741143625364344
      vertex -14.253952005317654 3.2017717269165047 -6.725528258147577
      vertex -14.234701668810095 3.2042036099623834 -6.725528258147577
    endloop
  endfacet
  facet normal -0.17764835883695373 0.32314116511498636 -0.9295272174663128
    outer loop
      vertex -14.290786518473267 3.189803468091096 -6.725528258147577
      vertex -14.33907197658387 3.229748672984427 -6.70241352623301
      vertex -14.315644002562827 3.242628310693947 -6.70241352623301
    endloop
  endfacet
  facet normal -0.13574722134493766 0.34285834376089236 -0.929527217466313
    outer loop
      vertex -14.290786518473267 3.189803468091096 -6.725528258147577
      vertex -14.315644002562827 3.242628310693947 -6.70241352623301
      vertex -14.290786518473267 3.2524700848732477 -6.70241352623301
    endloop
  endfacet
  facet normal -0.1357472213449247 0.34285834376089297 -0.9295272174663146
    outer loop
      vertex -14.290786518473267 3.189803468091096 -6.725528258147577
      vertex -14.290786518473267 3.2524700848732477 -6.70241352623301
      vertex -14.272745751406262 3.196946313073118 -6.725528258147577
    endloop
  endfacet
  facet normal -0.04621706994128574 0.36584577957846387 -0.9295272174663142
    outer loop
      vertex -14.253952005317654 3.2017717269165047 -6.725528258147577
      vertex -14.26489154168842 3.2591187848643317 -6.70241352623301
      vertex -14.234701668810095 3.2042036099623834 -6.725528258147577
    endloop
  endfacet
  facet normal -0.09170526908085026 0.35716844151204225 -0.9295272174663136
    outer loop
      vertex -14.272745751406262 3.196946313073118 -6.725528258147577
      vertex -14.26489154168842 3.2591187848643317 -6.70241352623301
      vertex -14.253952005317654 3.2017717269165047 -6.725528258147577
    endloop
  endfacet
  facet normal -0.09170526908084713 0.357168441512042 -0.9295272174663142
    outer loop
      vertex -14.272745751406262 3.196946313073118 -6.725528258147577
      vertex -14.290786518473267 3.2524700848732477 -6.70241352623301
      vertex -14.26489154168842 3.2591187848643317 -6.70241352623301
    endloop
  endfacet
  facet normal -0.04621706994128391 0.3658457795784647 -0.9295272174663138
    outer loop
      vertex -14.234701668810095 3.2042036099623834 -6.725528258147577
      vertex -14.26489154168842 3.2591187848643317 -6.70241352623301
      vertex -14.238367451461096 3.2624695566965984 -6.70241352623301
    endloop
  endfacet
  facet normal -0.28359734185007107 0.39033825401611005 -0.8759044440732269
    outer loop
      vertex -14.360700967390889 3.214034291325291 -6.70241352623301
      vertex -14.368555177108732 3.2762067631165044 -6.672163962751007
      vertex -14.33907197658387 3.229748672984427 -6.70241352623301
    endloop
  endfacet
  facet normal -0.23243873654346978 0.42280449217911964 -0.8759044440732289
    outer loop
      vertex -14.33907197658387 3.229748672984427 -6.70241352623301
      vertex -14.33907197658387 3.2924152897665797 -6.672163962751007
      vertex -14.315644002562827 3.242628310693947 -6.70241352623301
    endloop
  endfacet
  facet normal -0.23243873654347777 0.4228044921791188 -0.8759044440732272
    outer loop
      vertex -14.33907197658387 3.229748672984427 -6.70241352623301
      vertex -14.368555177108732 3.2762067631165044 -6.672163962751007
      vertex -14.33907197658387 3.2924152897665797 -6.672163962751007
    endloop
  endfacet
  facet normal -0.1776144335094216 0.4486028509292975 -0.8759044440732298
    outer loop
      vertex -14.315644002562827 3.242628310693947 -6.70241352623301
      vertex -14.307789792844986 3.3048007824851613 -6.672163962751007
      vertex -14.290786518473267 3.2524700848732477 -6.70241352623301
    endloop
  endfacet
  facet normal -0.1776144335094257 0.44860285092929764 -0.8759044440732289
    outer loop
      vertex -14.315644002562827 3.242628310693947 -6.70241352623301
      vertex -14.33907197658387 3.2924152897665797 -6.672163962751007
      vertex -14.307789792844986 3.3048007824851613 -6.672163962751007
    endloop
  endfacet
  facet normal -0.2835337702771197 0.5157460135102097 -0.8084643781025654
    outer loop
      vertex -14.368555177108732 3.2762067631165044 -6.672163962751007
      vertex -14.395774426734882 3.3190974374648645 -6.635256621387895
      vertex -14.33907197658387 3.2924152897665797 -6.672163962751007
    endloop
  endfacet
  facet normal -0.11998904475720441 0.4673264747379712 -0.87590444407323
    outer loop
      vertex -14.290786518473267 3.2524700848732477 -6.70241352623301
      vertex -14.307789792844986 3.3048007824851613 -6.672163962751007
      vertex -14.26489154168842 3.2591187848643317 -6.70241352623301
    endloop
  endfacet
  facet normal -0.060471357091190475 0.4786800808727273 -0.8759044440732271
    outer loop
      vertex -14.26489154168842 3.2591187848643317 -6.70241352623301
      vertex -14.27520196461671 3.3131679146533415 -6.672163962751007
      vertex -14.238367451461096 3.2624695566965984 -6.70241352623301
    endloop
  endfacet
  facet normal -0.1199890447571932 0.4673264747379796 -0.8759044440732269
    outer loop
      vertex -14.26489154168842 3.2591187848643317 -6.70241352623301
      vertex -14.307789792844986 3.3048007824851613 -6.672163962751007
      vertex -14.27520196461671 3.3131679146533415 -6.672163962751007
    endloop
  endfacet
  facet normal -0.06047135709118386 0.4786800808727312 -0.8759044440732254
    outer loop
      vertex -14.238367451461096 3.2624695566965984 -6.70241352623301
      vertex -14.27520196461671 3.3131679146533415 -6.672163962751007
      vertex -14.241822421417229 3.3173847315985467 -6.672163962751007
    endloop
  endfacet
  facet normal -0.8298423702418238 0.15830089835685712 -0.5350723933551831
    outer loop
      vertex -14.626318826866319 3.100698357956743 -6.543892626146237
      vertex -14.659698370065799 3.104915174901948 -6.490876837050857
      vertex -14.616800118909236 3.1505971725227777 -6.543892626146237
    endloop
  endfacet
  facet normal -0.8298423702418234 0.15830089835685526 -0.5350723933551844
    outer loop
      vertex -14.616800118909236 3.1505971725227777 -6.543892626146237
      vertex -14.659698370065799 3.104915174901948 -6.490876837050857
      vertex -14.64938794713751 3.158964304690958 -6.490876837050857
    endloop
  endfacet
  facet normal -0.8891178852928532 0.1696083075945987 -0.4250910585360045
    outer loop
      vertex -14.659698370065799 3.104915174901948 -6.490876837050857
      vertex -14.686222460293124 3.108265946734215 -6.434062276342339
      vertex -14.64938794713751 3.158964304690958 -6.490876837050857
    endloop
  endfacet
  facet normal -0.8891178852928538 0.169608307594603 -0.42509105853600115
    outer loop
      vertex -14.686222460293124 3.108265946734215 -6.434062276342339
      vertex -14.675282923922357 3.165613004682042 -6.434062276342339
      vertex -14.64938794713751 3.158964304690958 -6.490876837050857
    endloop
  endfacet
  facet normal -0.8034584518233633 0.261059476102208 -0.5350723933551842
    outer loop
      vertex -14.616800118909236 3.1505971725227777 -6.543892626146237
      vertex -14.64938794713751 3.158964304690958 -6.490876837050857
      vertex -14.632384672765792 3.2112950023028715 -6.490876837050857
    endloop
  endfacet
  facet normal -0.8034584518233572 0.26105947610221464 -0.5350723933551901
    outer loop
      vertex -14.616800118909236 3.1505971725227777 -6.543892626146237
      vertex -14.632384672765792 3.2112950023028715 -6.490876837050857
      vertex -14.601102489026907 3.19890950958429 -6.543892626146237
    endloop
  endfacet
  facet normal -0.8608493675704773 0.27970691501328854 -0.42509105853600154
    outer loop
      vertex -14.64938794713751 3.158964304690958 -6.490876837050857
      vertex -14.675282923922357 3.165613004682042 -6.434062276342339
      vertex -14.632384672765792 3.2112950023028715 -6.490876837050857
    endloop
  endfacet
  facet normal -0.8608493675704781 0.2797069150133054 -0.42509105853598866
    outer loop
      vertex -14.675282923922357 3.165613004682042 -6.434062276342339
      vertex -14.657242156855352 3.2211367764821723 -6.434062276342339
      vertex -14.632384672765792 3.2112950023028715 -6.490876837050857
    endloop
  endfacet
  facet normal -0.9343866006148733 0.17824377688360588 -0.3084652923647142
    outer loop
      vertex -14.705472796800683 3.1106978297800936 -6.374344943582427
      vertex -14.675282923922357 3.165613004682042 -6.434062276342339
      vertex -14.686222460293124 3.108265946734215 -6.434062276342339
    endloop
  endfacet
  facet normal -0.9046788142617399 0.29394796551828734 -0.3084652923646874
    outer loop
      vertex -14.694076670010965 3.1704384185254284 -6.374344943582427
      vertex -14.657242156855352 3.2211367764821723 -6.434062276342339
      vertex -14.675282923922357 3.165613004682042 -6.434062276342339
    endloop
  endfacet
  facet normal -0.7644035136568277 0.3597009899600563 -0.5350723933551903
    outer loop
      vertex -14.601102489026907 3.19890950958429 -6.543892626146237
      vertex -14.632384672765792 3.2112950023028715 -6.490876837050857
      vertex -14.579473498219887 3.244873454725429 -6.543892626146237
    endloop
  endfacet
  facet normal -0.7644035136568276 0.35970098996005645 -0.5350723933551902
    outer loop
      vertex -14.579473498219887 3.244873454725429 -6.543892626146237
      vertex -14.632384672765792 3.2112950023028715 -6.490876837050857
      vertex -14.608956698744748 3.2610819813755034 -6.490876837050857
    endloop
  endfacet
  facet normal -0.8190047410750239 0.3853943772934075 -0.42509105853600354
    outer loop
      vertex -14.632384672765792 3.2112950023028715 -6.490876837050857
      vertex -14.632384672765792 3.273961619085023 -6.434062276342339
      vertex -14.608956698744748 3.2610819813755034 -6.490876837050857
    endloop
  endfacet
  facet normal -0.8190047410750377 0.3853943772933941 -0.42509105853598883
    outer loop
      vertex -14.632384672765792 3.2112950023028715 -6.490876837050857
      vertex -14.657242156855352 3.2211367764821723 -6.434062276342339
      vertex -14.632384672765792 3.273961619085023 -6.434062276342339
    endloop
  endfacet
  facet normal -0.7132934754474237 0.4526698043312527 -0.5350723933551805
    outer loop
      vertex -14.579473498219887 3.244873454725429 -6.543892626146237
      vertex -14.579473498219887 3.3075400715075807 -6.490876837050857
      vertex -14.552254248593737 3.2877641290737882 -6.543892626146237
    endloop
  endfacet
  facet normal -0.7132934754474123 0.45266980433126014 -0.5350723933551893
    outer loop
      vertex -14.579473498219887 3.244873454725429 -6.543892626146237
      vertex -14.608956698744748 3.2610819813755034 -6.490876837050857
      vertex -14.579473498219887 3.3075400715075807 -6.490876837050857
    endloop
  endfacet
  facet normal -0.650934373029324 0.5384997454763357 -0.5350723933551819
    outer loop
      vertex -14.552254248593737 3.2877641290737882 -6.543892626146237
      vertex -14.579473498219887 3.3075400715075807 -6.490876837050857
      vertex -14.519874003975051 3.3269051210732483 -6.543892626146237
    endloop
  endfacet
  facet normal -0.7642439205631109 0.48500394002014635 -0.42509105853600304
    outer loop
      vertex -14.608956698744748 3.2610819813755034 -6.490876837050857
      vertex -14.632384672765792 3.273961619085023 -6.434062276342339
      vertex -14.579473498219887 3.3075400715075807 -6.490876837050857
    endloop
  endfacet
  facet normal -0.7642439205631113 0.48500394002014446 -0.4250910585360046
    outer loop
      vertex -14.579473498219887 3.3075400715075807 -6.490876837050857
      vertex -14.632384672765792 3.273961619085023 -6.434062276342339
      vertex -14.601102489026907 3.323254453166717 -6.434062276342339
    endloop
  endfacet
  facet normal -0.904678814261741 0.29394796551824787 -0.3084652923647216
    outer loop
      vertex -14.694076670010965 3.1704384185254284 -6.374344943582427
      vertex -14.675282923922357 3.2282796214641944 -6.374344943582427
      vertex -14.657242156855352 3.2211367764821723 -6.434062276342339
    endloop
  endfacet
  facet normal -0.8607037025787613 0.4050164191407041 -0.308465292364721
    outer loop
      vertex -14.657242156855352 3.2211367764821723 -6.434062276342339
      vertex -14.675282923922357 3.2282796214641944 -6.374344943582427
      vertex -14.64938794713751 3.283309248273386 -6.374344943582427
    endloop
  endfacet
  facet normal -0.9342753603494094 0.3035644662826286 -0.1870245060266812
    outer loop
      vertex -14.705472796800683 3.1733644465622453 -6.312666616782153
      vertex -14.686222460293124 3.232610890316642 -6.312666616782153
      vertex -14.675282923922357 3.2282796214641944 -6.374344943582427
    endloop
  endfacet
  facet normal -0.8888616039241075 0.41826652174772416 -0.18702450602668014
    outer loop
      vertex -14.675282923922357 3.2282796214641944 -6.374344943582427
      vertex -14.686222460293124 3.232610890316642 -6.312666616782153
      vertex -14.659698370065799 3.2889774512442873 -6.312666616782153
    endloop
  endfacet
  facet normal -0.8607037025787697 0.40501641914069464 -0.3084652923647101
    outer loop
      vertex -14.657242156855352 3.2211367764821723 -6.434062276342339
      vertex -14.64938794713751 3.283309248273386 -6.374344943582427
      vertex -14.632384672765792 3.273961619085023 -6.434062276342339
    endloop
  endfacet
  facet normal -0.8031547793466631 0.5096975218881944 -0.30846529236471054
    outer loop
      vertex -14.632384672765792 3.273961619085023 -6.434062276342339
      vertex -14.64938794713751 3.283309248273386 -6.374344943582427
      vertex -14.616800118909236 3.334659448865117 -6.374344943582427
    endloop
  endfacet
  facet normal -0.8888616039241083 0.41826652174772294 -0.1870245060266788
    outer loop
      vertex -14.675282923922357 3.2282796214641944 -6.374344943582427
      vertex -14.659698370065799 3.2889774512442873 -6.312666616782153
      vertex -14.64938794713751 3.283309248273386 -6.374344943582427
    endloop
  endfacet
  facet normal -0.8294299690247485 0.5263722643045335 -0.18702450602667867
    outer loop
      vertex -14.64938794713751 3.283309248273386 -6.374344943582427
      vertex -14.659698370065799 3.2889774512442873 -6.312666616782153
      vertex -14.626318826866319 3.341575195007601 -6.312666616782153
    endloop
  endfacet
  facet normal -0.903048601705536 0.42494241616128264 -0.06266710384793382
    outer loop
      vertex -14.689888242944125 3.234062276342339 -6.25
      vertex -14.663153340021932 3.290876837050858 -6.25
      vertex -14.686222460293124 3.232610890316642 -6.312666616782153
    endloop
  endfacet
  facet normal -0.9030486017055276 0.424942416161298 -0.0626671038479512
    outer loop
      vertex -14.686222460293124 3.232610890316642 -6.312666616782153
      vertex -14.663153340021932 3.290876837050858 -6.25
      vertex -14.659698370065799 3.2889774512442873 -6.312666616782153
    endloop
  endfacet
  facet normal -0.8426683866574239 0.5347736196031779 -0.06266710384795175
    outer loop
      vertex -14.659698370065799 3.2889774512442873 -6.312666616782153
      vertex -14.663153340021932 3.290876837050858 -6.25
      vertex -14.626318826866319 3.341575195007601 -6.312666616782153
    endloop
  endfacet
  facet normal -0.40278885710848744 0.554391300691361 -0.7282935001130927
    outer loop
      vertex -14.428154671353568 3.295571812682172 -6.635256621387895
      vertex -14.45733104544629 3.330839990498144 -6.592273552964344
      vertex -14.395774426734882 3.3190974374648645 -6.635256621387895
    endloop
  endfacet
  facet normal -0.3301290922874195 0.6005025896018347 -0.7282935001130896
    outer loop
      vertex -14.395774426734882 3.3190974374648645 -6.635256621387895
      vertex -14.420300461635726 3.3577442844733856 -6.592273552964344
      vertex -14.360700967390889 3.338379234907719 -6.635256621387895
    endloop
  endfacet
  facet normal -0.4027888571084848 0.5543913006913663 -0.7282935001130904
    outer loop
      vertex -14.45733104544629 3.330839990498144 -6.592273552964344
      vertex -14.420300461635726 3.3577442844733856 -6.592273552964344
      vertex -14.395774426734882 3.3190974374648645 -6.635256621387895
    endloop
  endfacet
  facet normal -0.33012909228741555 0.6005025896018403 -0.7282935001130867
    outer loop
      vertex -14.420300461635726 3.3577442844733856 -6.592273552964344
      vertex -14.380189872878326 3.3797952672449574 -6.592273552964344
      vertex -14.360700967390889 3.338379234907719 -6.635256621387895
    endloop
  endfacet
  facet normal -0.5278755911486804 0.5621304097208688 -0.6366763406445062
    outer loop
      vertex -14.490697629882328 3.2995066821070678 -6.592273552964344
      vertex -14.519874003975051 3.3269051210732483 -6.543892626146237
      vertex -14.45733104544629 3.330839990498144 -6.592273552964344
    endloop
  endfacet
  facet normal -0.5278755911486772 0.5621304097208778 -0.6366763406445012
    outer loop
      vertex -14.45733104544629 3.330839990498144 -6.592273552964344
      vertex -14.519874003975051 3.3269051210732483 -6.543892626146237
      vertex -14.482843420164485 3.3616791538982813 -6.543892626146237
    endloop
  endfacet
  facet normal -0.453259512508541 0.6238581982983347 -0.6366763406445031
    outer loop
      vertex -14.45733104544629 3.330839990498144 -6.592273552964344
      vertex -14.441746491589734 3.391537820278237 -6.543892626146237
      vertex -14.420300461635726 3.3577442844733856 -6.592273552964344
    endloop
  endfacet
  facet normal -0.4532595125085462 0.6238581982983338 -0.6366763406445003
    outer loop
      vertex -14.45733104544629 3.330839990498144 -6.592273552964344
      vertex -14.482843420164485 3.3616791538982813 -6.543892626146237
      vertex -14.441746491589734 3.391537820278237 -6.543892626146237
    endloop
  endfacet
  facet normal -0.3714952605920244 0.6757473704138165 -0.6366763406445038
    outer loop
      vertex -14.420300461635726 3.3577442844733856 -6.592273552964344
      vertex -14.397231341364535 3.4160102312076006 -6.543892626146237
      vertex -14.380189872878326 3.3797952672449574 -6.592273552964344
    endloop
  endfacet
  facet normal -0.28387230649547013 0.7169796028259557 -0.6366763406445041
    outer loop
      vertex -14.380189872878326 3.3797952672449574 -6.592273552964344
      vertex -14.397231341364535 3.4160102312076006 -6.543892626146237
      vertex -14.337631847119697 3.396645181641934 -6.592273552964344
    endloop
  endfacet
  facet normal -0.3714952605920267 0.6757473704138163 -0.6366763406445027
    outer loop
      vertex -14.420300461635726 3.3577442844733856 -6.592273552964344
      vertex -14.441746491589734 3.391537820278237 -6.543892626146237
      vertex -14.397231341364535 3.4160102312076006 -6.543892626146237
    endloop
  endfacet
  facet normal -0.2166579062399212 0.5472154064013227 -0.808464378102566
    outer loop
      vertex -14.33907197658387 3.2924152897665797 -6.672163962751007
      vertex -14.360700967390889 3.338379234907719 -6.635256621387895
      vertex -14.307789792844986 3.3048007824851613 -6.672163962751007
    endloop
  endfacet
  facet normal -0.2835337702771185 0.5157460135102115 -0.8084643781025649
    outer loop
      vertex -14.33907197658387 3.2924152897665797 -6.672163962751007
      vertex -14.395774426734882 3.3190974374648645 -6.635256621387895
      vertex -14.360700967390889 3.338379234907719 -6.635256621387895
    endloop
  endfacet
  facet normal -0.21665790623990472 0.5472154064013405 -0.8084643781025584
    outer loop
      vertex -14.307789792844986 3.3048007824851613 -6.672163962751007
      vertex -14.360700967390889 3.338379234907719 -6.635256621387895
      vertex -14.323487422727313 3.3531131195466726 -6.635256621387895
    endloop
  endfacet
  facet normal -0.146365217596162 0.5700548854428586 -0.808464378102559
    outer loop
      vertex -14.307789792844986 3.3048007824851613 -6.672163962751007
      vertex -14.323487422727313 3.3531131195466726 -6.635256621387895
      vertex -14.284720672573792 3.3630667292193763 -6.635256621387895
    endloop
  endfacet
  facet normal -0.14636521759613516 0.5700548854428533 -0.8084643781025675
    outer loop
      vertex -14.307789792844986 3.3048007824851613 -6.672163962751007
      vertex -14.284720672573792 3.3630667292193763 -6.635256621387895
      vertex -14.27520196461671 3.3131679146533415 -6.672163962751007
    endloop
  endfacet
  facet normal -0.07376426203654762 0.5839042584066596 -0.8084643781025683
    outer loop
      vertex -14.27520196461671 3.3131679146533415 -6.672163962751007
      vertex -14.245012091738383 3.3680830895552907 -6.635256621387895
      vertex -14.241822421417229 3.3173847315985467 -6.672163962751007
    endloop
  endfacet
  facet normal -0.07376426203655004 0.5839042584066604 -0.8084643781025675
    outer loop
      vertex -14.27520196461671 3.3131679146533415 -6.672163962751007
      vertex -14.284720672573792 3.3630667292193763 -6.635256621387895
      vertex -14.245012091738383 3.3680830895552907 -6.635256621387895
    endloop
  endfacet
  facet normal -0.2522629944713959 0.6371435939514262 -0.7282935001130963
    outer loop
      vertex -14.360700967390889 3.338379234907719 -6.635256621387895
      vertex -14.337631847119697 3.396645181641934 -6.592273552964344
      vertex -14.323487422727313 3.3531131195466726 -6.635256621387895
    endloop
  endfacet
  facet normal -0.1704185585379981 0.6637364632132593 -0.7282935001130962
    outer loop
      vertex -14.323487422727313 3.3531131195466726 -6.635256621387895
      vertex -14.337631847119697 3.396645181641934 -6.592273552964344
      vertex -14.284720672573792 3.3630667292193763 -6.635256621387895
    endloop
  endfacet
  facet normal -0.25226299447142025 0.6371435939514282 -0.7282935001130861
    outer loop
      vertex -14.380189872878326 3.3797952672449574 -6.592273552964344
      vertex -14.337631847119697 3.396645181641934 -6.592273552964344
      vertex -14.360700967390889 3.338379234907719 -6.635256621387895
    endloop
  endfacet
  facet normal -0.17041855853798016 0.6637364632132748 -0.7282935001130865
    outer loop
      vertex -14.337631847119697 3.396645181641934 -6.592273552964344
      vertex -14.293297549848987 3.4080282944486218 -6.592273552964344
      vertex -14.284720672573792 3.3630667292193763 -6.635256621387895
    endloop
  endfacet
  facet normal -0.08588652013330603 0.6798618119532973 -0.7282935001130866
    outer loop
      vertex -14.284720672573792 3.3630667292193763 -6.635256621387895
      vertex -14.24788615941818 3.4137650871761194 -6.592273552964344
      vertex -14.245012091738383 3.3680830895552907 -6.635256621387895
    endloop
  endfacet
  facet normal -0.08588652013330761 0.679861811953298 -0.7282935001130859
    outer loop
      vertex -14.293297549848987 3.4080282944486218 -6.592273552964344
      vertex -14.24788615941818 3.4137650871761194 -6.592273552964344
      vertex -14.284720672573792 3.3630667292193763 -6.635256621387895
    endloop
  endfacet
  facet normal -0.19177251654836158 0.7469046385986838 -0.636676340644505
    outer loop
      vertex -14.337631847119697 3.396645181641934 -6.592273552964344
      vertex -14.300797333964084 3.447343539598677 -6.543892626146237
      vertex -14.293297549848987 3.4080282944486218 -6.592273552964344
    endloop
  endfacet
  facet normal -0.2838723064954666 0.7169796028259597 -0.6366763406445012
    outer loop
      vertex -14.397231341364535 3.4160102312076006 -6.543892626146237
      vertex -14.35 3.4347104421469066 -6.543892626146237
      vertex -14.337631847119697 3.396645181641934 -6.592273552964344
    endloop
  endfacet
  facet normal -0.1917725165483692 0.7469046385986854 -0.6366763406445008
    outer loop
      vertex -14.337631847119697 3.396645181641934 -6.592273552964344
      vertex -14.35 3.4347104421469066 -6.543892626146237
      vertex -14.300797333964084 3.447343539598677 -6.543892626146237
    endloop
  endfacet
  facet normal -0.0966483594559635 0.7650505420414979 -0.6366763406445074
    outer loop
      vertex -14.293297549848987 3.4080282944486218 -6.592273552964344
      vertex -14.250399298692423 3.4537102920694513 -6.543892626146237
      vertex -14.24788615941818 3.4137650871761194 -6.592273552964344
    endloop
  endfacet
  facet normal -0.09664835945596875 0.7650505420414998 -0.6366763406445046
    outer loop
      vertex -14.293297549848987 3.4080282944486218 -6.592273552964344
      vertex -14.300797333964084 3.447343539598677 -6.543892626146237
      vertex -14.250399298692423 3.4537102920694513 -6.543892626146237
    endloop
  endfacet
  facet normal -0.6509343730293233 0.5384997454763386 -0.53507239335518
    outer loop
      vertex -14.579473498219887 3.3075400715075807 -6.490876837050857
      vertex -14.544400038875894 3.349936600865002 -6.490876837050857
      vertex -14.519874003975051 3.3269051210732483 -6.543892626146237
    endloop
  endfacet
  facet normal -0.697430516886726 0.576964700885465 -0.42509105853600365
    outer loop
      vertex -14.579473498219887 3.3075400715075807 -6.490876837050857
      vertex -14.601102489026907 3.323254453166717 -6.434062276342339
      vertex -14.563888944363331 3.3682379012876744 -6.434062276342339
    endloop
  endfacet
  facet normal -0.6974305168867238 0.5769647008854663 -0.42509105853600554
    outer loop
      vertex -14.579473498219887 3.3075400715075807 -6.490876837050857
      vertex -14.563888944363331 3.3682379012876744 -6.434062276342339
      vertex -14.544400038875894 3.349936600865002 -6.490876837050857
    endloop
  endfacet
  facet normal -0.6196182173342346 0.6598263837558206 -0.4250910585360053
    outer loop
      vertex -14.544400038875894 3.349936600865002 -6.490876837050857
      vertex -14.563888944363331 3.3682379012876744 -6.434062276342339
      vertex -14.504289450118494 3.387602950853341 -6.490876837050857
    endloop
  endfacet
  facet normal -0.5783096466991878 0.6158372239511063 -0.535072393355194
    outer loop
      vertex -14.519874003975051 3.3269051210732483 -6.543892626146237
      vertex -14.504289450118494 3.387602950853341 -6.490876837050857
      vertex -14.482843420164485 3.3616791538982813 -6.543892626146237
    endloop
  endfacet
  facet normal -0.5783096466992074 0.6158372239510995 -0.5350723933551806
    outer loop
      vertex -14.519874003975051 3.3269051210732483 -6.543892626146237
      vertex -14.544400038875894 3.349936600865002 -6.490876837050857
      vertex -14.504289450118494 3.387602950853341 -6.490876837050857
    endloop
  endfacet
  facet normal -0.49656463177520993 0.683462581520817 -0.5350723933551897
    outer loop
      vertex -14.482843420164485 3.3616791538982813 -6.543892626146237
      vertex -14.459774299893294 3.4199451006324963 -6.490876837050857
      vertex -14.441746491589734 3.391537820278237 -6.543892626146237
    endloop
  endfacet
  facet normal -0.49656463177520527 0.6834625815208177 -0.5350723933551929
    outer loop
      vertex -14.482843420164485 3.3616791538982813 -6.543892626146237
      vertex -14.504289450118494 3.387602950853341 -6.490876837050857
      vertex -14.459774299893294 3.4199451006324963 -6.490876837050857
    endloop
  endfacet
  facet normal -0.6196182173342306 0.6598263837558292 -0.4250910585359981
    outer loop
      vertex -14.563888944363331 3.3682379012876744 -6.434062276342339
      vertex -14.521330918604702 3.408202547599217 -6.434062276342339
      vertex -14.504289450118494 3.387602950853341 -6.490876837050857
    endloop
  endfacet
  facet normal -0.5320341683524096 0.7322822103931685 -0.425091058535998
    outer loop
      vertex -14.504289450118494 3.387602950853341 -6.490876837050857
      vertex -14.521330918604702 3.408202547599217 -6.434062276342339
      vertex -14.474099577240167 3.4425181257552904 -6.434062276342339
    endloop
  endfacet
  facet normal -0.8031547793466586 0.5096975218881985 -0.30846529236471604
    outer loop
      vertex -14.632384672765792 3.273961619085023 -6.434062276342339
      vertex -14.616800118909236 3.334659448865117 -6.374344943582427
      vertex -14.601102489026907 3.323254453166717 -6.434062276342339
    endloop
  endfacet
  facet normal -0.7329396254628463 0.6063403902369796 -0.3084652923647165
    outer loop
      vertex -14.601102489026907 3.323254453166717 -6.434062276342339
      vertex -14.616800118909236 3.334659448865117 -6.374344943582427
      vertex -14.563888944363331 3.3682379012876744 -6.434062276342339
    endloop
  endfacet
  facet normal -0.8294299690247448 0.5263722643045374 -0.18702450602668372
    outer loop
      vertex -14.64938794713751 3.283309248273386 -6.374344943582427
      vertex -14.626318826866319 3.341575195007601 -6.312666616782153
      vertex -14.616800118909236 3.334659448865117 -6.374344943582427
    endloop
  endfacet
  facet normal -0.7569177280364036 0.6261768018137399 -0.18702450602668405
    outer loop
      vertex -14.616800118909236 3.334659448865117 -6.374344943582427
      vertex -14.626318826866319 3.341575195007601 -6.312666616782153
      vertex -14.58661024603091 3.389574623767065 -6.312666616782153
    endloop
  endfacet
  facet normal -0.7329396254628401 0.6063403902369939 -0.3084652923647029
    outer loop
      vertex -14.563888944363331 3.3682379012876744 -6.434062276342339
      vertex -14.616800118909236 3.334659448865117 -6.374344943582427
      vertex -14.578033368755715 3.381520399900932 -6.374344943582427
    endloop
  endfacet
  facet normal -0.651165575848565 0.6934209084215456 -0.3084652923647085
    outer loop
      vertex -14.563888944363331 3.3682379012876744 -6.434062276342339
      vertex -14.533699071485005 3.4231530761896227 -6.374344943582427
      vertex -14.521330918604702 3.408202547599217 -6.434062276342339
    endloop
  endfacet
  facet normal -0.6511655758485723 0.6934209084215419 -0.3084652923647015
    outer loop
      vertex -14.563888944363331 3.3682379012876744 -6.434062276342339
      vertex -14.578033368755715 3.381520399900932 -6.374344943582427
      vertex -14.533699071485005 3.4231530761896227 -6.374344943582427
    endloop
  endfacet
  facet normal -0.7569177280363952 0.626176801813747 -0.1870245060266945
    outer loop
      vertex -14.616800118909236 3.334659448865117 -6.374344943582427
      vertex -14.58661024603091 3.389574623767065 -6.312666616782153
      vertex -14.578033368755715 3.381520399900932 -6.374344943582427
    endloop
  endfacet
  facet normal -0.6724684423161953 0.7161061570984423 -0.18702450602669993
    outer loop
      vertex -14.578033368755715 3.381520399900932 -6.374344943582427
      vertex -14.541198855600102 3.432218757857676 -6.312666616782153
      vertex -14.533699071485005 3.4231530761896227 -6.374344943582427
    endloop
  endfacet
  facet normal -0.6724684423162002 0.7161061570984393 -0.18702450602669443
    outer loop
      vertex -14.578033368755715 3.381520399900932 -6.374344943582427
      vertex -14.58661024603091 3.389574623767065 -6.312666616782153
      vertex -14.541198855600102 3.432218757857676 -6.312666616782153
    endloop
  endfacet
  facet normal -0.4069884959747795 0.7403093258992011 -0.5350723933551959
    outer loop
      vertex -14.441746491589734 3.391537820278237 -6.543892626146237
      vertex -14.411556618711408 3.446452995180186 -6.490876837050857
      vertex -14.397231341364535 3.4160102312076006 -6.543892626146237
    endloop
  endfacet
  facet normal -0.3109939084696927 0.7854809499687988 -0.5350723933551961
    outer loop
      vertex -14.397231341364535 3.4160102312076006 -6.543892626146237
      vertex -14.411556618711408 3.446452995180186 -6.490876837050857
      vertex -14.35 3.4347104421469066 -6.543892626146237
    endloop
  endfacet
  facet normal -0.40698849597478715 0.7403093258992005 -0.5350723933551909
    outer loop
      vertex -14.441746491589734 3.391537820278237 -6.543892626146237
      vertex -14.459774299893294 3.4199451006324963 -6.490876837050857
      vertex -14.411556618711408 3.446452995180186 -6.490876837050857
    endloop
  endfacet
  facet normal -0.3109939084696932 0.7854809499687984 -0.5350723933551965
    outer loop
      vertex -14.35 3.4347104421469066 -6.543892626146237
      vertex -14.411556618711408 3.446452995180186 -6.490876837050857
      vertex -14.360396828208922 3.4667085891643445 -6.490876837050857
    endloop
  endfacet
  facet normal -0.5320341683524069 0.7322822103931692 -0.4250910585359999
    outer loop
      vertex -14.504289450118494 3.387602950853341 -6.490876837050857
      vertex -14.474099577240167 3.4425181257552904 -6.434062276342339
      vertex -14.459774299893294 3.4199451006324963 -6.490876837050857
    endloop
  endfacet
  facet normal -0.4360596227138564 0.7931895091284251 -0.42509105853600027
    outer loop
      vertex -14.459774299893294 3.4199451006324963 -6.490876837050857
      vertex -14.474099577240167 3.4425181257552904 -6.434062276342339
      vertex -14.42293978673768 3.4706434585892403 -6.434062276342339
    endloop
  endfacet
  facet normal -0.43605962271385984 0.7931895091284247 -0.4250910585359976
    outer loop
      vertex -14.459774299893294 3.4199451006324963 -6.490876837050857
      vertex -14.42293978673768 3.4706434585892403 -6.434062276342339
      vertex -14.411556618711408 3.446452995180186 -6.490876837050857
    endloop
  endfacet
  facet normal -0.33320815633571305 0.8415877354762837 -0.42509105853599854
    outer loop
      vertex -14.411556618711408 3.446452995180186 -6.490876837050857
      vertex -14.42293978673768 3.4706434585892403 -6.434062276342339
      vertex -14.360396828208922 3.4667085891643445 -6.490876837050857
    endloop
  endfacet
  facet normal -0.3332081563357016 0.8415877354762942 -0.42509105853598667
    outer loop
      vertex -14.42293978673768 3.4706434585892403 -6.434062276342339
      vertex -14.368658367554843 3.492134992801015 -6.434062276342339
      vertex -14.360396828208922 3.4667085891643445 -6.490876837050857
    endloop
  endfacet
  facet normal -0.5591222561157099 0.7695657646507112 -0.30846529236470793
    outer loop
      vertex -14.521330918604702 3.408202547599217 -6.434062276342339
      vertex -14.533699071485005 3.4231530761896227 -6.374344943582427
      vertex -14.474099577240167 3.4425181257552904 -6.434062276342339
    endloop
  endfacet
  facet normal -0.4582612444004573 0.8335741090550406 -0.30846529236469966
    outer loop
      vertex -14.474099577240167 3.4425181257552904 -6.434062276342339
      vertex -14.48449640544909 3.45890090555596 -6.374344943582427
      vertex -14.42293978673768 3.4706434585892403 -6.434062276342339
    endloop
  endfacet
  facet normal -0.5591222561157047 0.7695657646507179 -0.30846529236470066
    outer loop
      vertex -14.474099577240167 3.4425181257552904 -6.434062276342339
      vertex -14.533699071485005 3.4231530761896227 -6.374344943582427
      vertex -14.48449640544909 3.45890090555596 -6.374344943582427
    endloop
  endfacet
  facet normal -0.5774139275474862 0.7947420905046215 -0.18702450602669762
    outer loop
      vertex -14.533699071485005 3.4231530761896227 -6.374344943582427
      vertex -14.49080082032844 3.4688350738104523 -6.312666616782153
      vertex -14.48449640544909 3.45890090555596 -6.374344943582427
    endloop
  endfacet
  facet normal -0.5774139275474844 0.7947420905046225 -0.18702450602669968
    outer loop
      vertex -14.533699071485005 3.4231530761896227 -6.374344943582427
      vertex -14.541198855600102 3.432218757857676 -6.312666616782153
      vertex -14.49080082032844 3.4688350738104523 -6.312666616782153
    endloop
  endfacet
  facet normal -0.3501731791089931 0.8844364918065376 -0.3084652923647092
    outer loop
      vertex -14.42293978673768 3.4706434585892403 -6.434062276342339
      vertex -14.374654328627077 3.5105886634825714 -6.374344943582427
      vertex -14.368658367554843 3.492134992801015 -6.434062276342339
    endloop
  endfacet
  facet normal -0.45826124440045246 0.8335741090550455 -0.30846529236469367
    outer loop
      vertex -14.42293978673768 3.4706434585892403 -6.434062276342339
      vertex -14.48449640544909 3.45890090555596 -6.374344943582427
      vertex -14.431201326083603 3.488200123376119 -6.374344943582427
    endloop
  endfacet
  facet normal -0.35017317910901025 0.8844364918065359 -0.30846529236469433
    outer loop
      vertex -14.42293978673768 3.4706434585892403 -6.434062276342339
      vertex -14.431201326083603 3.488200123376119 -6.374344943582427
      vertex -14.374654328627077 3.5105886634825714 -6.374344943582427
    endloop
  endfacet
  facet normal -0.4732532502109976 0.8608444663876257 -0.18702450602669896
    outer loop
      vertex -14.48449640544909 3.45890090555596 -6.374344943582427
      vertex -14.49080082032844 3.4688350738104523 -6.312666616782153
      vertex -14.431201326083603 3.488200123376119 -6.374344943582427
    endloop
  endfacet
  facet normal -0.4732532502109973 0.8608444663876261 -0.18702450602669848
    outer loop
      vertex -14.431201326083603 3.488200123376119 -6.374344943582427
      vertex -14.49080082032844 3.4688350738104523 -6.312666616782153
      vertex -14.436210947338486 3.498846110449292 -6.312666616782153
    endloop
  endfacet
  facet normal -0.3616290864108983 0.9133708107921388 -0.18702450602669696
    outer loop
      vertex -14.431201326083603 3.488200123376119 -6.374344943582427
      vertex -14.436210947338486 3.498846110449292 -6.312666616782153
      vertex -14.374654328627077 3.5105886634825714 -6.374344943582427
    endloop
  endfacet
  facet normal -0.36162908641089303 0.9133708107921421 -0.18702450602669107
    outer loop
      vertex -14.374654328627077 3.5105886634825714 -6.374344943582427
      vertex -14.436210947338486 3.498846110449292 -6.312666616782153
      vertex -14.3782901515377 3.5217785757986766 -6.312666616782153
    endloop
  endfacet
  facet normal -0.21009476124927517 0.818265070233816 -0.5350723933551964
    outer loop
      vertex -14.35 3.4347104421469066 -6.543892626146237
      vertex -14.360396828208922 3.4667085891643445 -6.490876837050857
      vertex -14.300797333964084 3.447343539598677 -6.543892626146237
    endloop
  endfacet
  facet normal -0.21009476124926596 0.8182650702338236 -0.5350723933551887
    outer loop
      vertex -14.300797333964084 3.447343539598677 -6.543892626146237
      vertex -14.360396828208922 3.4667085891643445 -6.490876837050857
      vertex -14.307101748843435 3.4803924397677353 -6.490876837050857
    endloop
  endfacet
  facet normal -0.10588229413944523 0.8381446615333872 -0.5350723933551906
    outer loop
      vertex -14.300797333964084 3.447343539598677 -6.543892626146237
      vertex -14.25251187585348 3.487288744492009 -6.490876837050857
      vertex -14.250399298692423 3.4537102920694513 -6.543892626146237
    endloop
  endfacet
  facet normal -0.10588229413944754 0.8381446615333878 -0.5350723933551891
    outer loop
      vertex -14.300797333964084 3.447343539598677 -6.543892626146237
      vertex -14.307101748843435 3.4803924397677353 -6.490876837050857
      vertex -14.25251187585348 3.487288744492009 -6.490876837050857
    endloop
  endfacet
  facet normal -0.2251017982832333 0.8767136204955392 -0.42509105853600154
    outer loop
      vertex -14.360396828208922 3.4667085891643445 -6.490876837050857
      vertex -14.312111370098318 3.5066537940576756 -6.434062276342339
      vertex -14.307101748843435 3.4803924397677353 -6.490876837050857
    endloop
  endfacet
  facet normal -0.2251017982832519 0.8767136204955414 -0.42509105853598717
    outer loop
      vertex -14.360396828208922 3.4667085891643445 -6.490876837050857
      vertex -14.368658367554843 3.492134992801015 -6.434062276342339
      vertex -14.312111370098318 3.5066537940576756 -6.434062276342339
    endloop
  endfacet
  facet normal -0.11344545040257259 0.8980132079962413 -0.42509105853600004
    outer loop
      vertex -14.307101748843435 3.4803924397677353 -6.490876837050857
      vertex -14.312111370098318 3.5066537940576756 -6.434062276342339
      vertex -14.25251187585348 3.487288744492009 -6.490876837050857
    endloop
  endfacet
  facet normal -0.11344545040255967 0.8980132079962482 -0.4250910585359888
    outer loop
      vertex -14.25251187585348 3.487288744492009 -6.490876837050857
      vertex -14.312111370098318 3.5066537940576756 -6.434062276342339
      vertex -14.254190574297532 3.513970892190293 -6.434062276342339
    endloop
  endfacet
  facet normal -0.2365626735996917 0.9213507827454864 -0.3084652923647086
    outer loop
      vertex -14.374654328627077 3.5105886634825714 -6.374344943582427
      vertex -14.312111370098318 3.5066537940576756 -6.434062276342339
      vertex -14.368658367554843 3.492134992801015 -6.434062276342339
    endloop
  endfacet
  facet normal -0.2365626735996828 0.9213507827454918 -0.30846529236469955
    outer loop
      vertex -14.374654328627077 3.5105886634825714 -6.374344943582427
      vertex -14.315747193008939 3.5257134452235723 -6.374344943582427
      vertex -14.312111370098318 3.5066537940576756 -6.434062276342339
    endloop
  endfacet
  facet normal -0.11922143341201996 0.9437348214522671 -0.3084652923647017
    outer loop
      vertex -14.312111370098318 3.5066537940576756 -6.434062276342339
      vertex -14.315747193008939 3.5257134452235723 -6.374344943582427
      vertex -14.255408919947305 3.5333359417559604 -6.374344943582427
    endloop
  endfacet
  facet normal -0.11922143341201147 0.9437348214522657 -0.30846529236470915
    outer loop
      vertex -14.312111370098318 3.5066537940576756 -6.434062276342339
      vertex -14.255408919947305 3.5333359417559604 -6.374344943582427
      vertex -14.254190574297532 3.513970892190293 -6.434062276342339
    endloop
  endfacet
  facet normal -0.24430181589133526 0.9514927518891915 -0.18702450602669637
    outer loop
      vertex -14.374654328627077 3.5105886634825714 -6.374344943582427
      vertex -14.317951878476064 3.537270811180856 -6.312666616782153
      vertex -14.315747193008939 3.5257134452235723 -6.374344943582427
    endloop
  endfacet
  facet normal -0.24430181589134198 0.951492751889191 -0.18702450602669
    outer loop
      vertex -14.374654328627077 3.5105886634825714 -6.374344943582427
      vertex -14.3782901515377 3.5217785757986766 -6.312666616782153
      vertex -14.317951878476064 3.537270811180856 -6.312666616782153
    endloop
  endfacet
  facet normal -0.12312175979635809 0.9746090838947266 -0.18702450602669607
    outer loop
      vertex -14.315747193008939 3.5257134452235723 -6.374344943582427
      vertex -14.317951878476064 3.537270811180856 -6.312666616782153
      vertex -14.255408919947305 3.5333359417559604 -6.374344943582427
    endloop
  endfacet
  facet normal -0.12312175979635437 0.9746090838947278 -0.18702450602669238
    outer loop
      vertex -14.255408919947305 3.5333359417559604 -6.374344943582427
      vertex -14.317951878476064 3.537270811180856 -6.312666616782153
      vertex -14.256147698764103 3.54507849478924 -6.312666616782153
    endloop
  endfacet
  facet normal -0.8426683866574104 0.5347736196032024 -0.06266710384792394
    outer loop
      vertex -14.663153340021932 3.290876837050858 -6.25
      vertex -14.629508497187473 3.3438926261462365 -6.25
      vertex -14.626318826866319 3.341575195007601 -6.312666616782153
    endloop
  endfacet
  facet normal -0.7689987877660275 0.6361711236056645 -0.06266710384792501
    outer loop
      vertex -14.626318826866319 3.341575195007601 -6.312666616782153
      vertex -14.629508497187473 3.3438926261462365 -6.25
      vertex -14.589484313710706 3.392273552964344 -6.25
    endloop
  endfacet
  facet normal -0.7689987877660217 0.6361711236056707 -0.06266710384793352
    outer loop
      vertex -14.626318826866319 3.341575195007601 -6.312666616782153
      vertex -14.589484313710706 3.392273552964344 -6.25
      vertex -14.58661024603091 3.389574623767065 -6.312666616782153
    endloop
  endfacet
  facet normal -0.6832016186139482 0.72753582895868 -0.06266710384793382
    outer loop
      vertex -14.58661024603091 3.389574623767065 -6.312666616782153
      vertex -14.589484313710706 3.392273552964344 -6.25
      vertex -14.543711994874345 3.435256621387895 -6.25
    endloop
  endfacet
  facet normal -0.683201618613949 0.7275358289586793 -0.06266710384793285
    outer loop
      vertex -14.58661024603091 3.389574623767065 -6.312666616782153
      vertex -14.543711994874345 3.435256621387895 -6.25
      vertex -14.541198855600102 3.432218757857676 -6.312666616782153
    endloop
  endfacet
  facet normal -0.5866299518114587 0.8074268596801806 -0.06266710384793371
    outer loop
      vertex -14.541198855600102 3.432218757857676 -6.312666616782153
      vertex -14.543711994874345 3.435256621387895 -6.25
      vertex -14.49080082032844 3.4688350738104523 -6.312666616782153
    endloop
  endfacet
  facet normal -0.5866299518114623 0.8074268596801776 -0.06266710384793833
    outer loop
      vertex -14.543711994874345 3.435256621387895 -6.25
      vertex -14.492913397489499 3.472163962751007 -6.25
      vertex -14.49080082032844 3.4688350738104523 -6.312666616782153
    endloop
  endfacet
  facet normal -0.4808067802331675 0.8745842864910887 -0.06266710384793402
    outer loop
      vertex -14.49080082032844 3.4688350738104523 -6.312666616782153
      vertex -14.437889645782535 3.50241352623301 -6.25
      vertex -14.436210947338486 3.498846110449292 -6.312666616782153
    endloop
  endfacet
  facet normal -0.36740099851054914 0.9279489966527059 -0.06266710384793611
    outer loop
      vertex -14.436210947338486 3.498846110449292 -6.312666616782153
      vertex -14.437889645782535 3.50241352623301 -6.25
      vertex -14.3782901515377 3.5217785757986766 -6.312666616782153
    endloop
  endfacet
  facet normal -0.48080678023316586 0.8745842864910894 -0.06266710384793577
    outer loop
      vertex -14.49080082032844 3.4688350738104523 -6.312666616782153
      vertex -14.492913397489499 3.472163962751007 -6.25
      vertex -14.437889645782535 3.50241352623301 -6.25
    endloop
  endfacet
  facet normal -0.3674009985105481 0.9279489966527064 -0.06266710384793493
    outer loop
      vertex -14.437889645782535 3.50241352623301 -6.25
      vertex -14.379508497187473 3.5255282581475766 -6.25
      vertex -14.3782901515377 3.5217785757986766 -6.312666616782153
    endloop
  endfacet
  facet normal -0.24820108356669976 0.9666793968072498 -0.06266710384793703
    outer loop
      vertex -14.3782901515377 3.5217785757986766 -6.312666616782153
      vertex -14.379508497187473 3.5255282581475766 -6.25
      vertex -14.317951878476064 3.537270811180856 -6.312666616782153
    endloop
  endfacet
  facet normal -0.12508688926686407 0.9901646854078626 -0.06266710384793367
    outer loop
      vertex -14.317951878476064 3.537270811180856 -6.312666616782153
      vertex -14.256395259764655 3.5490133642141357 -6.25
      vertex -14.256147698764103 3.54507849478924 -6.312666616782153
    endloop
  endfacet
  facet normal -0.24820108356670154 0.966679396807249 -0.06266710384793894
    outer loop
      vertex -14.379508497187473 3.5255282581475766 -6.25
      vertex -14.318690657292862 3.5411436253643442 -6.25
      vertex -14.317951878476064 3.537270811180856 -6.312666616782153
    endloop
  endfacet
  facet normal -0.1250868892668602 0.9901646854078628 -0.06266710384793751
    outer loop
      vertex -14.317951878476064 3.537270811180856 -6.312666616782153
      vertex -14.318690657292862 3.5411436253643442 -6.25
      vertex -14.256395259764655 3.5490133642141357 -6.25
    endloop
  endfacet
  facet normal -0.9980267284282714 0.0627905195293161 0
    outer loop
      vertex -14.725 3.05 -6.25
      vertex -14.725 3.05 6.25
      vertex -14.721057350657238 3.1126666167821515 -6.25
    endloop
  endfacet
  facet normal -0.982287250728689 0.18738131458572235 0
    outer loop
      vertex -14.721057350657238 3.1126666167821515 -6.25
      vertex -14.709291580564315 3.174344943582427 6.25
      vertex -14.709291580564315 3.174344943582427 -6.25
    endloop
  endfacet
  facet normal -0.9510565162951532 0.30901699437494834 0
    outer loop
      vertex -14.709291580564315 3.174344943582427 -6.25
      vertex -14.689888242944125 3.234062276342339 6.25
      vertex -14.689888242944125 3.234062276342339 -6.25
    endloop
  endfacet
  facet normal -0.9048270524660241 0.42577929156506306 0
    outer loop
      vertex -14.689888242944125 3.234062276342339 -6.25
      vertex -14.689888242944125 3.234062276342339 6.25
      vertex -14.663153340021932 3.290876837050858 -6.25
    endloop
  endfacet
  facet normal -0.8443279255020079 0.5358267949790081 0
    outer loop
      vertex -14.663153340021932 3.290876837050858 -6.25
      vertex -14.663153340021932 3.290876837050858 6.25
      vertex -14.629508497187473 3.3438926261462365 -6.25
    endloop
  endfacet
  facet normal -0.7705132427757951 0.6374239897486828 0
    outer loop
      vertex -14.629508497187473 3.3438926261462365 -6.25
      vertex -14.629508497187473 3.3438926261462365 6.25
      vertex -14.589484313710706 3.392273552964344 -6.25
    endloop
  endfacet
  facet normal -0.6845471059286906 0.7289686274214097 0
    outer loop
      vertex -14.589484313710706 3.392273552964344 -6.25
      vertex -14.543711994874345 3.435256621387895 6.25
      vertex -14.543711994874345 3.435256621387895 -6.25
    endloop
  endfacet
  facet normal -0.5877852522924707 0.8090169943749491 0
    outer loop
      vertex -14.543711994874345 3.435256621387895 -6.25
      vertex -14.543711994874345 3.435256621387895 6.25
      vertex -14.492913397489499 3.472163962751007 -6.25
    endloop
  endfacet
  facet normal -0.4817536741017115 0.8763066800438657 0
    outer loop
      vertex -14.492913397489499 3.472163962751007 -6.25
      vertex -14.437889645782535 3.50241352623301 6.25
      vertex -14.437889645782535 3.50241352623301 -6.25
    endloop
  endfacet
  facet normal -0.3681245526846769 0.9297764858882518 0
    outer loop
      vertex -14.437889645782535 3.50241352623301 -6.25
      vertex -14.437889645782535 3.50241352623301 6.25
      vertex -14.379508497187473 3.5255282581475766 -6.25
    endloop
  endfacet
  facet normal -0.2486898871648574 0.9685831611286304 0
    outer loop
      vertex -14.379508497187473 3.5255282581475766 -6.25
      vertex -14.318690657292862 3.5411436253643442 6.25
      vertex -14.318690657292862 3.5411436253643442 -6.25
    endloop
  endfacet
  facet normal -0.12533323356430293 0.9921147013144781 0
    outer loop
      vertex -14.318690657292862 3.5411436253643442 -6.25
      vertex -14.256395259764655 3.5490133642141357 6.25
      vertex -14.256395259764655 3.5490133642141357 -6.25
    endloop
  endfacet
  facet normal -1 0 0
    outer loop
      vertex -14.725 -3.05 6.25
      vertex -14.725 3.05 6.25
      vertex -14.725 3.05 -6.25
    endloop
  endfacet
  facet normal -0.9980267284282714 0.0627905195293161 0
    outer loop
      vertex -14.721057350657238 3.1126666167821515 -6.25
      vertex -14.725 3.05 6.25
      vertex -14.721057350657238 3.1126666167821515 6.25
    endloop
  endfacet
  facet normal -0.982287250728689 0.18738131458572235 0
    outer loop
      vertex -14.721057350657238 3.1126666167821515 -6.25
      vertex -14.721057350657238 3.1126666167821515 6.25
      vertex -14.709291580564315 3.174344943582427 6.25
    endloop
  endfacet
  facet normal -0.9510565162951532 0.30901699437494834 0
    outer loop
      vertex -14.709291580564315 3.174344943582427 -6.25
      vertex -14.709291580564315 3.174344943582427 6.25
      vertex -14.689888242944125 3.234062276342339 6.25
    endloop
  endfacet
  facet normal -0.9048270524660241 0.42577929156506306 0
    outer loop
      vertex -14.663153340021932 3.290876837050858 -6.25
      vertex -14.689888242944125 3.234062276342339 6.25
      vertex -14.663153340021932 3.290876837050858 6.25
    endloop
  endfacet
  facet normal -0.8443279255020079 0.5358267949790081 0
    outer loop
      vertex -14.629508497187473 3.3438926261462365 -6.25
      vertex -14.663153340021932 3.290876837050858 6.25
      vertex -14.629508497187473 3.3438926261462365 6.25
    endloop
  endfacet
  facet normal -0.7705132427757951 0.6374239897486828 0
    outer loop
      vertex -14.589484313710706 3.392273552964344 -6.25
      vertex -14.629508497187473 3.3438926261462365 6.25
      vertex -14.589484313710706 3.392273552964344 6.25
    endloop
  endfacet
  facet normal -0.6845471059286906 0.7289686274214097 0
    outer loop
      vertex -14.589484313710706 3.392273552964344 -6.25
      vertex -14.589484313710706 3.392273552964344 6.25
      vertex -14.543711994874345 3.435256621387895 6.25
    endloop
  endfacet
  facet normal -0.5877852522924707 0.8090169943749491 0
    outer loop
      vertex -14.492913397489499 3.472163962751007 -6.25
      vertex -14.543711994874345 3.435256621387895 6.25
      vertex -14.492913397489499 3.472163962751007 6.25
    endloop
  endfacet
  facet normal -0.4817536741017115 0.8763066800438657 0
    outer loop
      vertex -14.492913397489499 3.472163962751007 -6.25
      vertex -14.492913397489499 3.472163962751007 6.25
      vertex -14.437889645782535 3.50241352623301 6.25
    endloop
  endfacet
  facet normal -0.3681245526846769 0.9297764858882518 0
    outer loop
      vertex -14.379508497187473 3.5255282581475766 -6.25
      vertex -14.437889645782535 3.50241352623301 6.25
      vertex -14.379508497187473 3.5255282581475766 6.25
    endloop
  endfacet
  facet normal -0.2486898871648574 0.9685831611286304 0
    outer loop
      vertex -14.379508497187473 3.5255282581475766 -6.25
      vertex -14.379508497187473 3.5255282581475766 6.25
      vertex -14.318690657292862 3.5411436253643442 6.25
    endloop
  endfacet
  facet normal -0.12533323356430293 0.9921147013144781 0
    outer loop
      vertex -14.318690657292862 3.5411436253643442 -6.25
      vertex -14.318690657292862 3.5411436253643442 6.25
      vertex -14.256395259764655 3.5490133642141357 6.25
    endloop
  endfacet
  facet normal -0.9980267284282713 0 0.0627905195293152
    outer loop
      vertex -14.725 -3.05 6.25
      vertex -14.721057350657238 3.05 6.312666616782153
      vertex -14.725 3.05 6.25
    endloop
  endfacet
  facet normal -0.9822872507286887 0 0.18738131458572496
    outer loop
      vertex -14.709291580564315 -3.05 6.374344943582427
      vertex -14.709291580564315 3.05 6.374344943582427
      vertex -14.721057350657238 3.05 6.312666616782153
    endloop
  endfacet
  facet normal -0.951056516295152 0 0.30901699437495256
    outer loop
      vertex -14.709291580564315 -3.05 6.374344943582427
      vertex -14.689888242944125 3.05 6.434062276342338
      vertex -14.709291580564315 3.05 6.374344943582427
    endloop
  endfacet
  facet normal -0.9048270524660241 0 0.42577929156506306
    outer loop
      vertex -14.663153340021932 -3.05 6.490876837050857
      vertex -14.663153340021932 3.05 6.490876837050857
      vertex -14.689888242944125 3.05 6.434062276342338
    endloop
  endfacet
  facet normal -0.8443279255020119 0 0.5358267949790017
    outer loop
      vertex -14.663153340021932 -3.05 6.490876837050857
      vertex -14.629508497187473 3.05 6.543892626146237
      vertex -14.663153340021932 3.05 6.490876837050857
    endloop
  endfacet
  facet normal -0.7705132427758008 0 0.6374239897486758
    outer loop
      vertex -14.629508497187473 -3.05 6.543892626146237
      vertex -14.589484313710706 3.05 6.592273552964345
      vertex -14.629508497187473 3.05 6.543892626146237
    endloop
  endfacet
  facet normal -0.6845471059286756 0 0.7289686274214239
    outer loop
      vertex -14.543711994874345 -3.05 6.635256621387894
      vertex -14.543711994874345 3.05 6.635256621387894
      vertex -14.589484313710706 3.05 6.592273552964345
    endloop
  endfacet
  facet normal -0.5877852522924799 0 0.8090169943749425
    outer loop
      vertex -14.543711994874345 -3.05 6.635256621387894
      vertex -14.492913397489499 3.05 6.672163962751007
      vertex -14.543711994874345 3.05 6.635256621387894
    endloop
  endfacet
  facet normal -0.4817536741017006 0 0.8763066800438716
    outer loop
      vertex -14.492913397489499 -3.05 6.672163962751007
      vertex -14.437889645782535 3.05 6.702413526233009
      vertex -14.492913397489499 3.05 6.672163962751007
    endloop
  endfacet
  facet normal -0.3681245526846892 0 0.9297764858882469
    outer loop
      vertex -14.379508497187473 -3.05 6.725528258147577
      vertex -14.379508497187473 3.05 6.725528258147577
      vertex -14.437889645782535 3.05 6.702413526233009
    endloop
  endfacet
  facet normal -0.24868988716485738 0 0.9685831611286304
    outer loop
      vertex -14.379508497187473 -3.05 6.725528258147577
      vertex -14.318690657292862 3.05 6.741143625364344
      vertex -14.379508497187473 3.05 6.725528258147577
    endloop
  endfacet
  facet normal -0.12533323356430293 0 0.9921147013144781
    outer loop
      vertex -14.256395259764655 -3.05 6.749013364214136
      vertex -14.256395259764655 3.05 6.749013364214136
      vertex -14.318690657292862 3.05 6.741143625364344
    endloop
  endfacet
  facet normal -0.9960650923461907 0.06266710384793923 0.06266710384791956
    outer loop
      vertex -14.725 3.05 6.25
      vertex -14.717145790282158 3.1121724717912134 6.312666616782153
      vertex -14.721057350657238 3.1126666167821515 6.25
    endloop
  endfacet
  facet normal -0.9960650923461908 0.06266710384792029 0.06266710384793835
    outer loop
      vertex -14.725 3.05 6.25
      vertex -14.721057350657238 3.05 6.312666616782153
      vertex -14.717145790282158 3.1121724717912134 6.312666616782153
    endloop
  endfacet
  facet normal -0.9803565508194472 0.187013013880612 0.06266710384792434
    outer loop
      vertex -14.721057350657238 3.1126666167821515 6.25
      vertex -14.705472796800683 3.1733644465622453 6.312666616782153
      vertex -14.709291580564315 3.174344943582427 6.25
    endloop
  endfacet
  facet normal -0.9803565508194467 0.18701301388061717 0.06266710384791924
    outer loop
      vertex -14.721057350657238 3.1126666167821515 6.25
      vertex -14.717145790282158 3.1121724717912134 6.312666616782153
      vertex -14.705472796800683 3.1733644465622453 6.312666616782153
    endloop
  endfacet
  facet normal -0.9491872008496635 0.3084096169682363 0.06266710384792436
    outer loop
      vertex -14.709291580564315 3.174344943582427 6.25
      vertex -14.705472796800683 3.1733644465622453 6.312666616782153
      vertex -14.689888242944125 3.234062276342339 6.25
    endloop
  endfacet
  facet normal -0.9491872008496605 0.3084096169682439 0.06266710384793239
    outer loop
      vertex -14.705472796800683 3.1733644465622453 6.312666616782153
      vertex -14.686222460293124 3.232610890316642 6.312666616782153
      vertex -14.689888242944125 3.234062276342339 6.25
    endloop
  endfacet
  facet normal -0.980416794758908 0.061682596412134694 0.18702450602668869
    outer loop
      vertex -14.721057350657238 3.05 6.312666616782153
      vertex -14.709291580564315 3.05 6.374344943582427
      vertex -14.705472796800683 3.1106978297800936 6.374344943582427
    endloop
  endfacet
  facet normal -0.9804167947589076 0.061682596412130544 0.18702450602669268
    outer loop
      vertex -14.721057350657238 3.05 6.312666616782153
      vertex -14.705472796800683 3.1106978297800936 6.374344943582427
      vertex -14.717145790282158 3.1121724717912134 6.312666616782153
    endloop
  endfacet
  facet normal -0.9493585521008125 0.05972857740981787 0.3084652923647134
    outer loop
      vertex -14.709291580564315 3.05 6.374344943582427
      vertex -14.689888242944125 3.05 6.434062276342338
      vertex -14.705472796800683 3.1106978297800936 6.374344943582427
    endloop
  endfacet
  facet normal -0.949358552100811 0.05972857740982228 0.3084652923647174
    outer loop
      vertex -14.689888242944125 3.05 6.434062276342338
      vertex -14.686222460293124 3.108265946734215 6.434062276342338
      vertex -14.705472796800683 3.1106978297800936 6.374344943582427
    endloop
  endfacet
  facet normal -0.9649550362329538 0.1840750178436255 0.18702450602669185
    outer loop
      vertex -14.717145790282158 3.1121724717912134 6.312666616782153
      vertex -14.705472796800683 3.1106978297800936 6.374344943582427
      vertex -14.705472796800683 3.1733644465622453 6.312666616782153
    endloop
  endfacet
  facet normal -0.9649550362329459 0.18407501784364527 0.18702450602671197
    outer loop
      vertex -14.705472796800683 3.1733644465622453 6.312666616782153
      vertex -14.705472796800683 3.1106978297800936 6.374344943582427
      vertex -14.694076670010965 3.1704384185254284 6.374344943582427
    endloop
  endfacet
  facet normal -0.9343866006148749 0.17824377688363605 0.30846529236469183
    outer loop
      vertex -14.705472796800683 3.1106978297800936 6.374344943582427
      vertex -14.675282923922357 3.165613004682042 6.434062276342338
      vertex -14.694076670010965 3.1704384185254284 6.374344943582427
    endloop
  endfacet
  facet normal -0.9342753603494136 0.3035644662825969 0.18702450602671153
    outer loop
      vertex -14.705472796800683 3.1733644465622453 6.312666616782153
      vertex -14.694076670010965 3.1704384185254284 6.374344943582427
      vertex -14.675282923922357 3.2282796214641944 6.374344943582427
    endloop
  endfacet
  facet normal -0.903048601705536 0.42494241616128264 0.06266710384793382
    outer loop
      vertex -14.689888242944125 3.234062276342339 6.25
      vertex -14.686222460293124 3.232610890316642 6.312666616782153
      vertex -14.663153340021932 3.290876837050858 6.25
    endloop
  endfacet
  facet normal -0.9030486017055276 0.424942416161298 0.0626671038479512
    outer loop
      vertex -14.686222460293124 3.232610890316642 6.312666616782153
      vertex -14.659698370065799 3.2889774512442873 6.312666616782153
      vertex -14.663153340021932 3.290876837050858 6.25
    endloop
  endfacet
  facet normal -0.8426683866574239 0.5347736196031778 0.06266710384795175
    outer loop
      vertex -14.663153340021932 3.290876837050858 6.25
      vertex -14.659698370065799 3.2889774512442873 6.312666616782153
      vertex -14.626318826866319 3.341575195007601 6.312666616782153
    endloop
  endfacet
  facet normal -0.9033644828308892 0.05683487584606416 0.42509105853598295
    outer loop
      vertex -14.689888242944125 3.05 6.434062276342338
      vertex -14.663153340021932 3.05 6.490876837050857
      vertex -14.686222460293124 3.108265946734215 6.434062276342338
    endloop
  endfacet
  facet normal -0.9033644828308808 0.056834875846082725 0.4250910585359985
    outer loop
      vertex -14.663153340021932 3.05 6.490876837050857
      vertex -14.659698370065799 3.104915174901948 6.490876837050857
      vertex -14.686222460293124 3.108265946734215 6.434062276342338
    endloop
  endfacet
  facet normal -0.843139178757753 0.05304582088004481 0.5350723933552022
    outer loop
      vertex -14.663153340021932 3.05 6.490876837050857
      vertex -14.629508497187473 3.05 6.543892626146237
      vertex -14.626318826866319 3.100698357956743 6.543892626146237
    endloop
  endfacet
  facet normal -0.8431391787577632 0.053045820880071835 0.5350723933551834
    outer loop
      vertex -14.663153340021932 3.05 6.490876837050857
      vertex -14.626318826866319 3.100698357956743 6.543892626146237
      vertex -14.659698370065799 3.104915174901948 6.490876837050857
    endloop
  endfacet
  facet normal -0.7696094902578662 0.04841972499481115 0.6366763406444864
    outer loop
      vertex -14.629508497187473 3.05 6.543892626146237
      vertex -14.589484313710706 3.05 6.592273552964345
      vertex -14.626318826866319 3.100698357956743 6.543892626146237
    endloop
  endfacet
  facet normal -0.7696094902578606 0.04841972499482086 0.6366763406444925
    outer loop
      vertex -14.626318826866319 3.100698357956743 6.543892626146237
      vertex -14.589484313710706 3.05 6.592273552964345
      vertex -14.58661024603091 3.0956819976208285 6.592273552964345
    endloop
  endfacet
  facet normal -0.6839131191867811 0.04302816632403352 0.7282935001131062
    outer loop
      vertex -14.589484313710706 3.05 6.592273552964345
      vertex -14.543711994874345 3.05 6.635256621387894
      vertex -14.541198855600102 3.089945204893332 6.635256621387894
    endloop
  endfacet
  facet normal -0.6839131191867834 0.04302816632403916 0.7282935001131037
    outer loop
      vertex -14.589484313710706 3.05 6.592273552964345
      vertex -14.541198855600102 3.089945204893332 6.635256621387894
      vertex -14.58661024603091 3.0956819976208285 6.592273552964345
    endloop
  endfacet
  facet normal -0.5873837530689232 0.036955053374524004 0.8084643781025557
    outer loop
      vertex -14.543711994874345 3.05 6.635256621387894
      vertex -14.492913397489499 3.05 6.672163962751007
      vertex -14.541198855600102 3.089945204893332 6.635256621387894
    endloop
  endfacet
  facet normal -0.5873837530689089 0.03695505337454994 0.8084643781025651
    outer loop
      vertex -14.541198855600102 3.089945204893332 6.635256621387894
      vertex -14.492913397489499 3.05 6.672163962751007
      vertex -14.49080082032844 3.0835784524225573 6.672163962751007
    endloop
  endfacet
  facet normal -0.48153254300556625 0.03029545971498096 0.8759044440732394
    outer loop
      vertex -14.492913397489499 3.05 6.672163962751007
      vertex -14.437889645782535 3.05 6.702413526233009
      vertex -14.436210947338486 3.0766821476982846 6.702413526233009
    endloop
  endfacet
  facet normal -0.48153254300557835 0.03029545971501583 0.8759044440732314
    outer loop
      vertex -14.492913397489499 3.05 6.672163962751007
      vertex -14.436210947338486 3.0766821476982846 6.702413526233009
      vertex -14.49080082032844 3.0835784524225573 6.672163962751007
    endloop
  endfacet
  facet normal -0.5781203603969686 0.11028235685599148 0.8084643781025649
    outer loop
      vertex -14.541198855600102 3.089945204893332 6.635256621387894
      vertex -14.49080082032844 3.0835784524225573 6.672163962751007
      vertex -14.48449640544909 3.1166273525916157 6.672163962751007
    endloop
  endfacet
  facet normal -0.47393848714878195 0.09040860164767972 0.8759044440732305
    outer loop
      vertex -14.49080082032844 3.0835784524225573 6.672163962751007
      vertex -14.436210947338486 3.0766821476982846 6.702413526233009
      vertex -14.431201326083603 3.102943501988225 6.702413526233009
    endloop
  endfacet
  facet normal -0.4739384871487774 0.09040860164765833 0.8759044440732352
    outer loop
      vertex -14.49080082032844 3.0835784524225573 6.672163962751007
      vertex -14.431201326083603 3.102943501988225 6.702413526233009
      vertex -14.48449640544909 3.1166273525916157 6.672163962751007
    endloop
  endfacet
  facet normal -0.3680258603347366 0.02315422454368442 0.9295272174663084
    outer loop
      vertex -14.437889645782535 3.05 6.702413526233009
      vertex -14.3782901515377 3.0693650495656675 6.725528258147577
      vertex -14.436210947338486 3.0766821476982846 6.702413526233009
    endloop
  endfacet
  facet normal -0.36802586033473506 0.023154224543679037 0.9295272174663091
    outer loop
      vertex -14.437889645782535 3.05 6.702413526233009
      vertex -14.379508497187473 3.05 6.725528258147577
      vertex -14.3782901515377 3.0693650495656675 6.725528258147577
    endloop
  endfacet
  facet normal -0.3622218726692621 0.0690975176783888 0.9295272174663083
    outer loop
      vertex -14.3782901515377 3.0693650495656675 6.725528258147577
      vertex -14.431201326083603 3.102943501988225 6.702413526233009
      vertex -14.436210947338486 3.0766821476982846 6.702413526233009
    endloop
  endfacet
  facet normal -0.362221872669263 0.0690975176783874 0.9295272174663081
    outer loop
      vertex -14.3782901515377 3.0693650495656675 6.725528258147577
      vertex -14.374654328627077 3.088424700731564 6.725528258147577
      vertex -14.431201326083603 3.102943501988225 6.702413526233009
    endloop
  endfacet
  facet normal -0.3507054296909399 0.11395110168241715 0.9295272174663077
    outer loop
      vertex -14.374654328627077 3.088424700731564 6.725528258147577
      vertex -14.368658367554843 3.1068783714131207 6.725528258147577
      vertex -14.431201326083603 3.102943501988225 6.702413526233009
    endloop
  endfacet
  facet normal -0.2486594525045206 0.015644326713783758 0.9684646259527626
    outer loop
      vertex -14.379508497187473 3.05 6.725528258147577
      vertex -14.317951878476064 3.0617425530332794 6.741143625364344
      vertex -14.3782901515377 3.0693650495656675 6.725528258147577
    endloop
  endfacet
  facet normal -0.2486594525045256 0.015644326713812457 0.968464625952761
    outer loop
      vertex -14.379508497187473 3.05 6.725528258147577
      vertex -14.318690657292862 3.05 6.741143625364344
      vertex -14.317951878476064 3.0617425530332794 6.741143625364344
    endloop
  endfacet
  facet normal -0.24473794439656543 0.046686259763648444 0.9684646259527627
    outer loop
      vertex -14.3782901515377 3.0693650495656675 6.725528258147577
      vertex -14.317951878476064 3.0617425530332794 6.741143625364344
      vertex -14.315747193008939 3.073299918990563 6.741143625364344
    endloop
  endfacet
  facet normal -0.12532933726515544 0.007885053551165486 0.9920838589308729
    outer loop
      vertex -14.318690657292862 3.05 6.741143625364344
      vertex -14.256147698764103 3.0539348694248956 6.749013364214136
      vertex -14.317951878476064 3.0617425530332794 6.741143625364344
    endloop
  endfacet
  facet normal -0.12335281874836757 0.023530808648670447 0.9920838589308729
    outer loop
      vertex -14.317951878476064 3.0617425530332794 6.741143625364344
      vertex -14.256147698764103 3.0539348694248956 6.749013364214136
      vertex -14.315747193008939 3.073299918990563 6.741143625364344
    endloop
  endfacet
  facet normal -0.11943095259251825 0.03880546883715511 0.9920838589308729
    outer loop
      vertex -14.315747193008939 3.073299918990563 6.741143625364344
      vertex -14.254190574297532 3.0615573659572837 6.749013364214136
      vertex -14.312111370098318 3.0844898313066684 6.741143625364344
    endloop
  endfacet
  facet normal -0.24473794439656568 0.046686259763652545 0.9684646259527626
    outer loop
      vertex -14.3782901515377 3.0693650495656675 6.725528258147577
      vertex -14.315747193008939 3.073299918990563 6.741143625364344
      vertex -14.374654328627077 3.088424700731564 6.725528258147577
    endloop
  endfacet
  facet normal -0.23695677270613302 0.07699192260798166 0.9684646259527607
    outer loop
      vertex -14.315747193008939 3.073299918990563 6.741143625364344
      vertex -14.312111370098318 3.0844898313066684 6.741143625364344
      vertex -14.368658367554843 3.1068783714131207 6.725528258147577
    endloop
  endfacet
  facet normal -0.23695677270611812 0.07699192260800583 0.9684646259527624
    outer loop
      vertex -14.374654328627077 3.088424700731564 6.725528258147577
      vertex -14.315747193008939 3.073299918990563 6.741143625364344
      vertex -14.368658367554843 3.1068783714131207 6.725528258147577
    endloop
  endfacet
  facet normal -0.11362558896968142 0.053468143600846375 0.992083858930873
    outer loop
      vertex -14.312111370098318 3.0844898313066684 6.741143625364344
      vertex -14.254190574297532 3.0615573659572837 6.749013364214136
      vertex -14.307101748843435 3.095135818379841 6.741143625364344
    endloop
  endfacet
  facet normal -0.22543865115897888 0.10608337684010327 0.9684646259527607
    outer loop
      vertex -14.312111370098318 3.0844898313066684 6.741143625364344
      vertex -14.307101748843435 3.095135818379841 6.741143625364344
      vertex -14.368658367554843 3.1068783714131207 6.725528258147577
    endloop
  endfacet
  facet normal -0.12532933726515239 0.007885053551115797 0.9920838589308736
    outer loop
      vertex -14.318690657292862 3.05 6.741143625364344
      vertex -14.256395259764655 3.05 6.749013364214136
      vertex -14.256147698764103 3.0539348694248956 6.749013364214136
    endloop
  endfacet
  facet normal -0.12335281874836097 0.023530808648690917 0.9920838589308733
    outer loop
      vertex -14.315747193008939 3.073299918990563 6.741143625364344
      vertex -14.256147698764103 3.0539348694248956 6.749013364214136
      vertex -14.255408919947305 3.0578076836083836 6.749013364214136
    endloop
  endfacet
  facet normal -0.11943095259252227 0.03880546883713434 0.9920838589308733
    outer loop
      vertex -14.315747193008939 3.073299918990563 6.741143625364344
      vertex -14.255408919947305 3.0578076836083836 6.749013364214136
      vertex -14.254190574297532 3.0615573659572837 6.749013364214136
    endloop
  endfacet
  facet normal -0.11362558896967002 0.053468143600864305 0.9920838589308733
    outer loop
      vertex -14.307101748843435 3.095135818379841 6.741143625364344
      vertex -14.254190574297532 3.0615573659572837 6.749013364214136
      vertex -14.25251187585348 3.065124781741001 6.749013364214136
    endloop
  endfacet
  facet normal -0.10602828193217695 0.06728759379958474 0.9920838589308731
    outer loop
      vertex -14.307101748843435 3.095135818379841 6.741143625364344
      vertex -14.25251187585348 3.065124781741001 6.749013364214136
      vertex -14.250399298692423 3.0684536706815564 6.749013364214136
    endloop
  endfacet
  facet normal -0.09675884555033622 0.08004587844851407 0.9920838589308727
    outer loop
      vertex -14.250399298692423 3.0684536706815564 6.749013364214136
      vertex -14.24788615941818 3.0714915342117752 6.749013364214136
      vertex -14.300797333964084 3.1050699866343328 6.741143625364344
    endloop
  endfacet
  facet normal -0.10602828193216857 0.06728759379960259 0.9920838589308729
    outer loop
      vertex -14.307101748843435 3.095135818379841 6.741143625364344
      vertex -14.250399298692423 3.0684536706815564 6.749013364214136
      vertex -14.300797333964084 3.1050699866343328 6.741143625364344
    endloop
  endfacet
  facet normal -0.09675884555034822 0.08004587844849526 0.992083858930873
    outer loop
      vertex -14.24788615941818 3.0714915342117752 6.749013364214136
      vertex -14.293297549848987 3.114135668302385 6.741143625364344
      vertex -14.300797333964084 3.1050699866343328 6.741143625364344
    endloop
  endfacet
  facet normal -0.07381238801096432 0.10159403636506527 0.9920838589308733
    outer loop
      vertex -14.245012091738383 3.074190463409054 6.749013364214136
      vertex -14.241822421417229 3.0765078945476896 6.749013364214136
      vertex -14.284720672573792 3.1221898921685183 6.741143625364344
    endloop
  endfacet
  facet normal -0.08596346437328165 0.09154179177715083 0.992083858930873
    outer loop
      vertex -14.24788615941818 3.0714915342117752 6.749013364214136
      vertex -14.245012091738383 3.074190463409054 6.749013364214136
      vertex -14.284720672573792 3.1221898921685183 6.741143625364344
    endloop
  endfacet
  facet normal -0.06049724619629285 0.11004408231019103 0.9920838589308733
    outer loop
      vertex -14.241822421417229 3.0765078945476896 6.749013364214136
      vertex -14.238367451461096 3.0784072803542593 6.749013364214136
      vertex -14.26489154168842 3.1347738412819046 6.741143625364344
    endloop
  endfacet
  facet normal -0.04622802666984263 0.11675866734011343 0.9920838589308734
    outer loop
      vertex -14.238367451461096 3.0784072803542593 6.749013364214136
      vertex -14.234701668810095 3.0798586663799554 6.749013364214136
      vertex -14.253952005317654 3.139105110134353 6.741143625364344
    endloop
  endfacet
  facet normal -0.031229763547516956 0.1216318984378408 0.9920838589308734
    outer loop
      vertex -14.234701668810095 3.0798586663799554 6.749013364214136
      vertex -14.230882885046462 3.080839163400137 6.749013364214136
      vertex -14.253952005317654 3.139105110134353 6.741143625364344
    endloop
  endfacet
  facet normal -0.015738988398302924 0.12458692183782905 0.9920838589308734
    outer loop
      vertex -14.230882885046462 3.080839163400137 6.749013364214136
      vertex -14.22697132467138 3.081333308391076 6.749013364214136
      vertex -14.242555878527936 3.142031138171169 6.741143625364344
    endloop
  endfacet
  facet normal -0.934386600614872 0.1782437768836056 0.30846529236471837
    outer loop
      vertex -14.705472796800683 3.1106978297800936 6.374344943582427
      vertex -14.686222460293124 3.108265946734215 6.434062276342338
      vertex -14.675282923922357 3.165613004682042 6.434062276342338
    endloop
  endfacet
  facet normal -0.9046788142617387 0.2939479655182869 0.30846529236469156
    outer loop
      vertex -14.694076670010965 3.1704384185254284 6.374344943582427
      vertex -14.675282923922357 3.165613004682042 6.434062276342338
      vertex -14.657242156855352 3.2211367764821723 6.434062276342338
    endloop
  endfacet
  facet normal -0.8891178852928556 0.16960830759459916 0.4250910585359991
    outer loop
      vertex -14.686222460293124 3.108265946734215 6.434062276342338
      vertex -14.659698370065799 3.104915174901948 6.490876837050857
      vertex -14.64938794713751 3.158964304690958 6.490876837050857
    endloop
  endfacet
  facet normal -0.8891178852928564 0.1696083075946035 0.4250910585359957
    outer loop
      vertex -14.686222460293124 3.108265946734215 6.434062276342338
      vertex -14.64938794713751 3.158964304690958 6.490876837050857
      vertex -14.675282923922357 3.165613004682042 6.434062276342338
    endloop
  endfacet
  facet normal -0.8298423702418238 0.15830089835685712 0.5350723933551831
    outer loop
      vertex -14.626318826866319 3.100698357956743 6.543892626146237
      vertex -14.616800118909236 3.1505971725227777 6.543892626146237
      vertex -14.659698370065799 3.104915174901948 6.490876837050857
    endloop
  endfacet
  facet normal -0.8298423702418233 0.15830089835685526 0.5350723933551844
    outer loop
      vertex -14.659698370065799 3.104915174901948 6.490876837050857
      vertex -14.616800118909236 3.1505971725227777 6.543892626146237
      vertex -14.64938794713751 3.158964304690958 6.490876837050857
    endloop
  endfacet
  facet normal -0.8608493675704798 0.2797069150132893 0.4250910585359961
    outer loop
      vertex -14.675282923922357 3.165613004682042 6.434062276342338
      vertex -14.64938794713751 3.158964304690958 6.490876837050857
      vertex -14.632384672765792 3.2112950023028715 6.490876837050857
    endloop
  endfacet
  facet normal -0.8608493675704807 0.27970691501330613 0.4250910585359832
    outer loop
      vertex -14.675282923922357 3.165613004682042 6.434062276342338
      vertex -14.632384672765792 3.2112950023028715 6.490876837050857
      vertex -14.657242156855352 3.2211367764821723 6.434062276342338
    endloop
  endfacet
  facet normal -0.8034584518233632 0.2610594761022079 0.5350723933551842
    outer loop
      vertex -14.64938794713751 3.158964304690958 6.490876837050857
      vertex -14.616800118909236 3.1505971725227777 6.543892626146237
      vertex -14.632384672765792 3.2112950023028715 6.490876837050857
    endloop
  endfacet
  facet normal -0.8034584518233572 0.26105947610221464 0.5350723933551901
    outer loop
      vertex -14.632384672765792 3.2112950023028715 6.490876837050857
      vertex -14.616800118909236 3.1505971725227777 6.543892626146237
      vertex -14.601102489026907 3.19890950958429 6.543892626146237
    endloop
  endfacet
  facet normal -0.9342753603494094 0.3035644662826286 0.1870245060266812
    outer loop
      vertex -14.705472796800683 3.1733644465622453 6.312666616782153
      vertex -14.675282923922357 3.2282796214641944 6.374344943582427
      vertex -14.686222460293124 3.232610890316642 6.312666616782153
    endloop
  endfacet
  facet normal -0.8888616039241076 0.41826652174772416 0.18702450602668017
    outer loop
      vertex -14.686222460293124 3.232610890316642 6.312666616782153
      vertex -14.675282923922357 3.2282796214641944 6.374344943582427
      vertex -14.659698370065799 3.2889774512442873 6.312666616782153
    endloop
  endfacet
  facet normal -0.9046788142617398 0.2939479655182475 0.30846529236472575
    outer loop
      vertex -14.694076670010965 3.1704384185254284 6.374344943582427
      vertex -14.657242156855352 3.2211367764821723 6.434062276342338
      vertex -14.675282923922357 3.2282796214641944 6.374344943582427
    endloop
  endfacet
  facet normal -0.86070370257876 0.40501641914070347 0.3084652923647251
    outer loop
      vertex -14.675282923922357 3.2282796214641944 6.374344943582427
      vertex -14.657242156855352 3.2211367764821723 6.434062276342338
      vertex -14.64938794713751 3.283309248273386 6.374344943582427
    endloop
  endfacet
  facet normal -0.8888616039241083 0.41826652174772294 0.1870245060266788
    outer loop
      vertex -14.659698370065799 3.2889774512442873 6.312666616782153
      vertex -14.675282923922357 3.2282796214641944 6.374344943582427
      vertex -14.64938794713751 3.283309248273386 6.374344943582427
    endloop
  endfacet
  facet normal -0.8294299690247485 0.5263722643045335 0.18702450602667867
    outer loop
      vertex -14.659698370065799 3.2889774512442873 6.312666616782153
      vertex -14.64938794713751 3.283309248273386 6.374344943582427
      vertex -14.626318826866319 3.341575195007601 6.312666616782153
    endloop
  endfacet
  facet normal -0.8607037025787684 0.4050164191406941 0.30846529236471426
    outer loop
      vertex -14.64938794713751 3.283309248273386 6.374344943582427
      vertex -14.657242156855352 3.2211367764821723 6.434062276342338
      vertex -14.632384672765792 3.273961619085023 6.434062276342338
    endloop
  endfacet
  facet normal -0.8031547793466621 0.5096975218881937 0.30846529236471476
    outer loop
      vertex -14.64938794713751 3.283309248273386 6.374344943582427
      vertex -14.632384672765792 3.273961619085023 6.434062276342338
      vertex -14.616800118909236 3.334659448865117 6.374344943582427
    endloop
  endfacet
  facet normal -0.81900474107504 0.38539437729339515 0.42509105853598333
    outer loop
      vertex -14.657242156855352 3.2211367764821723 6.434062276342338
      vertex -14.632384672765792 3.2112950023028715 6.490876837050857
      vertex -14.632384672765792 3.273961619085023 6.434062276342338
    endloop
  endfacet
  facet normal -0.8190047410750261 0.38539437729340853 0.42509105853599805
    outer loop
      vertex -14.632384672765792 3.2112950023028715 6.490876837050857
      vertex -14.608956698744748 3.2610819813755034 6.490876837050857
      vertex -14.632384672765792 3.273961619085023 6.434062276342338
    endloop
  endfacet
  facet normal -0.7644035136568277 0.35970098996005634 0.5350723933551903
    outer loop
      vertex -14.632384672765792 3.2112950023028715 6.490876837050857
      vertex -14.601102489026907 3.19890950958429 6.543892626146237
      vertex -14.579473498219887 3.244873454725429 6.543892626146237
    endloop
  endfacet
  facet normal -0.7644035136568276 0.35970098996005645 0.5350723933551902
    outer loop
      vertex -14.632384672765792 3.2112950023028715 6.490876837050857
      vertex -14.579473498219887 3.244873454725429 6.543892626146237
      vertex -14.608956698744748 3.2610819813755034 6.490876837050857
    endloop
  endfacet
  facet normal -0.7642439205631132 0.48500394002014774 0.4250910585359976
    outer loop
      vertex -14.632384672765792 3.273961619085023 6.434062276342338
      vertex -14.608956698744748 3.2610819813755034 6.490876837050857
      vertex -14.579473498219887 3.3075400715075807 6.490876837050857
    endloop
  endfacet
  facet normal -0.7642439205631135 0.4850039400201458 0.42509105853599916
    outer loop
      vertex -14.632384672765792 3.273961619085023 6.434062276342338
      vertex -14.579473498219887 3.3075400715075807 6.490876837050857
      vertex -14.601102489026907 3.323254453166717 6.434062276342338
    endloop
  endfacet
  facet normal -0.7132934754474124 0.4526698043312601 0.5350723933551893
    outer loop
      vertex -14.608956698744748 3.2610819813755034 6.490876837050857
      vertex -14.579473498219887 3.244873454725429 6.543892626146237
      vertex -14.579473498219887 3.3075400715075807 6.490876837050857
    endloop
  endfacet
  facet normal -0.7132934754474237 0.4526698043312527 0.5350723933551805
    outer loop
      vertex -14.579473498219887 3.3075400715075807 6.490876837050857
      vertex -14.579473498219887 3.244873454725429 6.543892626146237
      vertex -14.552254248593737 3.2877641290737882 6.543892626146237
    endloop
  endfacet
  facet normal -0.650934373029324 0.5384997454763357 0.5350723933551819
    outer loop
      vertex -14.579473498219887 3.3075400715075807 6.490876837050857
      vertex -14.552254248593737 3.2877641290737882 6.543892626146237
      vertex -14.519874003975051 3.3269051210732483 6.543892626146237
    endloop
  endfacet
  facet normal -0.7574722888540686 0.14449556699676433 0.6366763406444925
    outer loop
      vertex -14.626318826866319 3.100698357956743 6.543892626146237
      vertex -14.58661024603091 3.0956819976208285 6.592273552964345
      vertex -14.578033368755715 3.140643562850075 6.592273552964345
    endloop
  endfacet
  facet normal -0.7574722888540661 0.14449556699675503 0.6366763406444977
    outer loop
      vertex -14.626318826866319 3.100698357956743 6.543892626146237
      vertex -14.578033368755715 3.140643562850075 6.592273552964345
      vertex -14.616800118909236 3.1505971725227777 6.543892626146237
    endloop
  endfacet
  facet normal -0.6731274007473138 0.12840591908541724 0.728293500113103
    outer loop
      vertex -14.58661024603091 3.0956819976208285 6.592273552964345
      vertex -14.541198855600102 3.089945204893332 6.635256621387894
      vertex -14.578033368755715 3.140643562850075 6.592273552964345
    endloop
  endfacet
  facet normal -0.6731274007473083 0.12840591908542445 0.7282935001131069
    outer loop
      vertex -14.541198855600102 3.089945204893332 6.635256621387894
      vertex -14.533699071485005 3.129260450043386 6.635256621387894
      vertex -14.578033368755715 3.140643562850075 6.592273552964345
    endloop
  endfacet
  facet normal -0.6517260610912364 0.21175863379683488 0.7282935001131069
    outer loop
      vertex -14.578033368755715 3.140643562850075 6.592273552964345
      vertex -14.533699071485005 3.129260450043386 6.635256621387894
      vertex -14.521330918604702 3.1673257105483597 6.635256621387894
    endloop
  endfacet
  facet normal -0.7333892969630317 0.23829262758970052 0.6366763406444961
    outer loop
      vertex -14.616800118909236 3.1505971725227777 6.543892626146237
      vertex -14.563888944363331 3.1841756249453352 6.592273552964345
      vertex -14.601102489026907 3.19890950958429 6.543892626146237
    endloop
  endfacet
  facet normal -0.7333892969630312 0.23829262758969727 0.6366763406444979
    outer loop
      vertex -14.616800118909236 3.1505971725227777 6.543892626146237
      vertex -14.578033368755715 3.140643562850075 6.592273552964345
      vertex -14.563888944363331 3.1841756249453352 6.592273552964345
    endloop
  endfacet
  facet normal -0.6517260610912368 0.21175863379683704 0.7282935001131059
    outer loop
      vertex -14.578033368755715 3.140643562850075 6.592273552964345
      vertex -14.521330918604702 3.1673257105483597 6.635256621387894
      vertex -14.563888944363331 3.1841756249453352 6.592273552964345
    endloop
  endfacet
  facet normal -0.6200466121294756 0.29177178835480644 0.7282935001131053
    outer loop
      vertex -14.563888944363331 3.1841756249453352 6.592273552964345
      vertex -14.521330918604702 3.1673257105483597 6.635256621387894
      vertex -14.544400038875894 3.2255916572825747 6.592273552964345
    endloop
  endfacet
  facet normal -0.6200466121294821 0.29177178835480133 0.7282935001131018
    outer loop
      vertex -14.521330918604702 3.1673257105483597 6.635256621387894
      vertex -14.504289450118494 3.203540674511003 6.635256621387894
      vertex -14.544400038875894 3.2255916572825747 6.592273552964345
    endloop
  endfacet
  facet normal -0.5781203603969722 0.11028235685600545 0.8084643781025603
    outer loop
      vertex -14.541198855600102 3.089945204893332 6.635256621387894
      vertex -14.48449640544909 3.1166273525916157 6.672163962751007
      vertex -14.533699071485005 3.129260450043386 6.635256621387894
    endloop
  endfacet
  facet normal -0.45887013823251543 0.1490959459248626 0.875904444073235
    outer loop
      vertex -14.48449640544909 3.1166273525916157 6.672163962751007
      vertex -14.431201326083603 3.102943501988225 6.702413526233009
      vertex -14.474099577240167 3.1486254996090537 6.672163962751007
    endloop
  endfacet
  facet normal -0.5597396642892072 0.18187044169035968 0.80846437810256
    outer loop
      vertex -14.533699071485005 3.129260450043386 6.635256621387894
      vertex -14.48449640544909 3.1166273525916157 6.672163962751007
      vertex -14.521330918604702 3.1673257105483597 6.635256621387894
    endloop
  endfacet
  facet normal -0.5597396642892067 0.18187044169036043 0.8084643781025603
    outer loop
      vertex -14.521330918604702 3.1673257105483597 6.635256621387894
      vertex -14.48449640544909 3.1166273525916157 6.672163962751007
      vertex -14.474099577240167 3.1486254996090537 6.672163962751007
    endloop
  endfacet
  facet normal -0.45887013823252143 0.14909594592485556 0.8759044440732329
    outer loop
      vertex -14.474099577240167 3.1486254996090537 6.672163962751007
      vertex -14.431201326083603 3.102943501988225 6.702413526233009
      vertex -14.42293978673768 3.1283699056248953 6.702413526233009
    endloop
  endfacet
  facet normal -0.4365651331206 0.2054319580692175 0.8759044440732334
    outer loop
      vertex -14.474099577240167 3.1486254996090537 6.672163962751007
      vertex -14.42293978673768 3.1283699056248953 6.702413526233009
      vertex -14.411556618711408 3.1525603690339494 6.702413526233009
    endloop
  endfacet
  facet normal -0.3507054296909397 0.11395110168240564 0.9295272174663094
    outer loop
      vertex -14.431201326083603 3.102943501988225 6.702413526233009
      vertex -14.368658367554843 3.1068783714131207 6.725528258147577
      vertex -14.42293978673768 3.1283699056248953 6.702413526233009
    endloop
  endfacet
  facet normal -0.33365815258512094 0.15700760874181982 0.9295272174663094
    outer loop
      vertex -14.411556618711408 3.1525603690339494 6.702413526233009
      vertex -14.368658367554843 3.1068783714131207 6.725528258147577
      vertex -14.360396828208922 3.1244350361999995 6.725528258147577
    endloop
  endfacet
  facet normal -0.33365815258512177 0.15700760874181896 0.9295272174663094
    outer loop
      vertex -14.42293978673768 3.1283699056248953 6.702413526233009
      vertex -14.368658367554843 3.1068783714131207 6.725528258147577
      vertex -14.411556618711408 3.1525603690339494 6.702413526233009
    endloop
  endfacet
  facet normal -0.3113488870953128 0.1975880120195809 0.9295272174663095
    outer loop
      vertex -14.411556618711408 3.1525603690339494 6.702413526233009
      vertex -14.360396828208922 3.1244350361999995 6.725528258147577
      vertex -14.35 3.14081781600067 6.725528258147577
    endloop
  endfacet
  facet normal -0.5325315393033326 0.250590321015125 0.8084643781025603
    outer loop
      vertex -14.521330918604702 3.1673257105483597 6.635256621387894
      vertex -14.474099577240167 3.1486254996090537 6.672163962751007
      vertex -14.459774299893294 3.179068263581639 6.672163962751007
    endloop
  endfacet
  facet normal -0.5325315393033326 0.2505903210151265 0.8084643781025599
    outer loop
      vertex -14.521330918604702 3.1673257105483597 6.635256621387894
      vertex -14.459774299893294 3.179068263581639 6.672163962751007
      vertex -14.504289450118494 3.203540674511003 6.635256621387894
    endloop
  endfacet
  facet normal -0.4969250738237264 0.315358241282077 0.8084643781025602
    outer loop
      vertex -14.504289450118494 3.203540674511003 6.635256621387894
      vertex -14.459774299893294 3.179068263581639 6.672163962751007
      vertex -14.441746491589734 3.2074755439358986 6.672163962751007
    endloop
  endfacet
  facet normal -0.4365651331205998 0.20543195806922468 0.8759044440732319
    outer loop
      vertex -14.474099577240167 3.1486254996090537 6.672163962751007
      vertex -14.411556618711408 3.1525603690339494 6.702413526233009
      vertex -14.459774299893294 3.179068263581639 6.672163962751007
    endloop
  endfacet
  facet normal -0.40737523506799644 0.258528185515732 0.8759044440732321
    outer loop
      vertex -14.411556618711408 3.1525603690339494 6.702413526233009
      vertex -14.397231341364535 3.1751333941567434 6.702413526233009
      vertex -14.459774299893294 3.179068263581639 6.672163962751007
    endloop
  endfacet
  facet normal -0.4073752350679975 0.2585281855157263 0.8759044440732334
    outer loop
      vertex -14.459774299893294 3.179068263581639 6.672163962751007
      vertex -14.397231341364535 3.1751333941567434 6.702413526233009
      vertex -14.441746491589734 3.2074755439358986 6.672163962751007
    endloop
  endfacet
  facet normal -0.3717607862041985 0.30754726903940444 0.8759044440732335
    outer loop
      vertex -14.397231341364535 3.1751333941567434 6.702413526233009
      vertex -14.380189872878326 3.195732990902619 6.702413526233009
      vertex -14.441746491589734 3.2074755439358986 6.672163962751007
    endloop
  endfacet
  facet normal -0.31134888709531344 0.19758801201957849 0.9295272174663101
    outer loop
      vertex -14.411556618711408 3.1525603690339494 6.702413526233009
      vertex -14.35 3.14081781600067 6.725528258147577
      vertex -14.397231341364535 3.1751333941567434 6.702413526233009
    endloop
  endfacet
  facet normal -0.28412946366520464 0.23505233431442948 0.9295272174663101
    outer loop
      vertex -14.397231341364535 3.1751333941567434 6.702413526233009
      vertex -14.35 3.14081781600067 6.725528258147577
      vertex -14.380189872878326 3.195732990902619 6.702413526233009
    endloop
  endfacet
  facet normal -0.6977403177533608 0.32833167109642886 0.6366763406444954
    outer loop
      vertex -14.601102489026907 3.19890950958429 6.543892626146237
      vertex -14.563888944363331 3.1841756249453352 6.592273552964345
      vertex -14.579473498219887 3.244873454725429 6.543892626146237
    endloop
  endfacet
  facet normal -0.6977403177533622 0.3283316710964278 0.6366763406444945
    outer loop
      vertex -14.563888944363331 3.1841756249453352 6.592273552964345
      vertex -14.544400038875894 3.2255916572825747 6.592273552964345
      vertex -14.579473498219887 3.244873454725429 6.543892626146237
    endloop
  endfacet
  facet normal -0.6510875569228692 0.4131927280141127 0.6366763406444949
    outer loop
      vertex -14.579473498219887 3.244873454725429 6.543892626146237
      vertex -14.544400038875894 3.2255916572825747 6.592273552964345
      vertex -14.552254248593737 3.2877641290737882 6.543892626146237
    endloop
  endfacet
  facet normal -0.6510875569228697 0.4131927280141125 0.6366763406444946
    outer loop
      vertex -14.544400038875894 3.2255916572825747 6.592273552964345
      vertex -14.519874003975051 3.2642385042910957 6.592273552964345
      vertex -14.552254248593737 3.2877641290737882 6.543892626146237
    endloop
  endfacet
  facet normal -0.5941667563788356 0.49153748878166725 0.6366763406444955
    outer loop
      vertex -14.552254248593737 3.2877641290737882 6.543892626146237
      vertex -14.519874003975051 3.2642385042910957 6.592273552964345
      vertex -14.519874003975051 3.3269051210732483 6.543892626146237
    endloop
  endfacet
  facet normal -0.5785886576965447 0.36718352751440064 0.7282935001131016
    outer loop
      vertex -14.504289450118494 3.203540674511003 6.635256621387894
      vertex -14.482843420164485 3.237334210315854 6.635256621387894
      vertex -14.544400038875894 3.2255916572825747 6.592273552964345
    endloop
  endfacet
  facet normal -0.5785886576965465 0.367183527514381 0.7282935001131098
    outer loop
      vertex -14.544400038875894 3.2255916572825747 6.592273552964345
      vertex -14.482843420164485 3.237334210315854 6.635256621387894
      vertex -14.519874003975051 3.2642385042910957 6.592273552964345
    endloop
  endfacet
  facet normal -0.5941667563788284 0.4915374887816705 0.6366763406444997
    outer loop
      vertex -14.519874003975051 3.2642385042910957 6.592273552964345
      vertex -14.490697629882328 3.2995066821070678 6.592273552964345
      vertex -14.519874003975051 3.3269051210732483 6.543892626146237
    endloop
  endfacet
  facet normal -0.5280060144996211 0.4368045631002757 0.7282935001131091
    outer loop
      vertex -14.482843420164485 3.237334210315854 6.635256621387894
      vertex -14.490697629882328 3.2995066821070678 6.592273552964345
      vertex -14.519874003975051 3.2642385042910957 6.592273552964345
    endloop
  endfacet
  facet normal -0.5280060144996178 0.4368045631002771 0.7282935001131106
    outer loop
      vertex -14.482843420164485 3.237334210315854 6.635256621387894
      vertex -14.45733104544629 3.2681733737159915 6.635256621387894
      vertex -14.490697629882328 3.2995066821070678 6.592273552964345
    endloop
  endfacet
  facet normal -0.4690964010385341 0.49953692979167275 0.7282935001131096
    outer loop
      vertex -14.45733104544629 3.2681733737159915 6.635256621387894
      vertex -14.45733104544629 3.330839990498144 6.592273552964345
      vertex -14.490697629882328 3.2995066821070678 6.592273552964345
    endloop
  endfacet
  facet normal -0.46909640103854044 0.4995369297916709 0.7282935001131069
    outer loop
      vertex -14.45733104544629 3.2681733737159915 6.635256621387894
      vertex -14.428154671353568 3.295571812682172 6.635256621387894
      vertex -14.45733104544629 3.330839990498144 6.592273552964345
    endloop
  endfacet
  facet normal -0.4969250738237245 0.3153582412820928 0.8084643781025552
    outer loop
      vertex -14.504289450118494 3.203540674511003 6.635256621387894
      vertex -14.441746491589734 3.2074755439358986 6.672163962751007
      vertex -14.482843420164485 3.237334210315854 6.635256621387894
    endloop
  endfacet
  facet normal -0.45348180308126257 0.3751527736981492 0.8084643781025558
    outer loop
      vertex -14.482843420164485 3.237334210315854 6.635256621387894
      vertex -14.420300461635726 3.2333993408909585 6.672163962751007
      vertex -14.45733104544629 3.2681733737159915 6.635256621387894
    endloop
  endfacet
  facet normal -0.4534818030812619 0.37515277369815175 0.8084643781025549
    outer loop
      vertex -14.482843420164485 3.237334210315854 6.635256621387894
      vertex -14.441746491589734 3.2074755439358986 6.672163962751007
      vertex -14.420300461635726 3.2333993408909585 6.672163962751007
    endloop
  endfacet
  facet normal -0.3717607862041966 0.30754726903941076 0.8759044440732321
    outer loop
      vertex -14.380189872878326 3.195732990902619 6.702413526233009
      vertex -14.420300461635726 3.2333993408909585 6.672163962751007
      vertex -14.441746491589734 3.2074755439358986 6.672163962751007
    endloop
  endfacet
  facet normal -0.3302834476628284 0.35171614841050236 0.8759044440732319
    outer loop
      vertex -14.380189872878326 3.195732990902619 6.702413526233009
      vertex -14.395774426734882 3.256430820682712 6.672163962751007
      vertex -14.420300461635726 3.2333993408909585 6.672163962751007
    endloop
  endfacet
  facet normal -0.33028344766282486 0.35171614841050375 0.8759044440732325
    outer loop
      vertex -14.380189872878326 3.195732990902619 6.702413526233009
      vertex -14.360700967390889 3.214034291325291 6.702413526233009
      vertex -14.395774426734882 3.256430820682712 6.672163962751007
    endloop
  endfacet
  facet normal -0.28359734185006674 0.3903382540161008 0.8759044440732325
    outer loop
      vertex -14.395774426734882 3.256430820682712 6.672163962751007
      vertex -14.360700967390889 3.214034291325291 6.702413526233009
      vertex -14.368555177108732 3.2762067631165044 6.672163962751007
    endloop
  endfacet
  facet normal -0.4028868534073133 0.42903092276758104 0.8084643781025557
    outer loop
      vertex -14.45733104544629 3.2681733737159915 6.635256621387894
      vertex -14.420300461635726 3.2333993408909585 6.672163962751007
      vertex -14.428154671353568 3.295571812682172 6.635256621387894
    endloop
  endfacet
  facet normal -0.402886853407301 0.4290309227675849 0.8084643781025597
    outer loop
      vertex -14.428154671353568 3.295571812682172 6.635256621387894
      vertex -14.420300461635726 3.2333993408909585 6.672163962751007
      vertex -14.395774426734882 3.256430820682712 6.672163962751007
    endloop
  endfacet
  facet normal -0.34593813738218976 0.476142997894312 0.8084643781025596
    outer loop
      vertex -14.428154671353568 3.295571812682172 6.635256621387894
      vertex -14.395774426734882 3.256430820682712 6.672163962751007
      vertex -14.395774426734882 3.3190974374648645 6.635256621387894
    endloop
  endfacet
  facet normal -0.3459381373821962 0.4761429978943108 0.8084643781025576
    outer loop
      vertex -14.395774426734882 3.256430820682712 6.672163962751007
      vertex -14.368555177108732 3.2762067631165044 6.672163962751007
      vertex -14.395774426734882 3.3190974374648645 6.635256621387894
    endloop
  endfacet
  facet normal -0.22543865115898312 0.10608337684008269 0.968464625952762
    outer loop
      vertex -14.307101748843435 3.095135818379841 6.741143625364344
      vertex -14.360396828208922 3.1244350361999995 6.725528258147577
      vertex -14.368658367554843 3.1068783714131207 6.725528258147577
    endloop
  endfacet
  facet normal -0.2103652274125432 0.133501832848264 0.9684646259527621
    outer loop
      vertex -14.307101748843435 3.095135818379841 6.741143625364344
      vertex -14.35 3.14081781600067 6.725528258147577
      vertex -14.360396828208922 3.1244350361999995 6.725528258147577
    endloop
  endfacet
  facet normal -0.21036522741254754 0.1335018328482597 0.9684646259527616
    outer loop
      vertex -14.307101748843435 3.095135818379841 6.741143625364344
      vertex -14.300797333964084 3.1050699866343328 6.741143625364344
      vertex -14.35 3.14081781600067 6.725528258147577
    endloop
  endfacet
  facet normal -0.1919742183637049 0.1588148852023039 0.9684646259527622
    outer loop
      vertex -14.300797333964084 3.1050699866343328 6.741143625364344
      vertex -14.293297549848987 3.114135668302385 6.741143625364344
      vertex -14.337631847119697 3.155768344591076 6.725528258147577
    endloop
  endfacet
  facet normal -0.1919742183637128 0.15881488520229806 0.9684646259527616
    outer loop
      vertex -14.300797333964084 3.1050699866343328 6.741143625364344
      vertex -14.337631847119697 3.155768344591076 6.725528258147577
      vertex -14.35 3.14081781600067 6.725528258147577
    endloop
  endfacet
  facet normal -0.17055566121144924 0.18162333194527128 0.9684646259527621
    outer loop
      vertex -14.293297549848987 3.114135668302385 6.741143625364344
      vertex -14.284720672573792 3.1221898921685183 6.741143625364344
      vertex -14.323487422727313 3.1690508432043343 6.725528258147577
    endloop
  endfacet
  facet normal -0.14644733939686774 0.20156747024695082 0.9684646259527621
    outer loop
      vertex -14.284720672573792 3.1221898921685183 6.741143625364344
      vertex -14.27520196461671 3.1291056383110023 6.741143625364344
      vertex -14.323487422727313 3.1690508432043343 6.725528258147577
    endloop
  endfacet
  facet normal -0.17055566121144902 0.1816233319452713 0.9684646259527621
    outer loop
      vertex -14.293297549848987 3.114135668302385 6.741143625364344
      vertex -14.323487422727313 3.1690508432043343 6.725528258147577
      vertex -14.337631847119697 3.155768344591076 6.725528258147577
    endloop
  endfacet
  facet normal -0.08596346437327751 0.09154179177715387 0.9920838589308731
    outer loop
      vertex -14.24788615941818 3.0714915342117752 6.749013364214136
      vertex -14.284720672573792 3.1221898921685183 6.741143625364344
      vertex -14.293297549848987 3.114135668302385 6.741143625364344
    endloop
  endfacet
  facet normal -0.07381238801095252 0.10159403636507633 0.9920838589308729
    outer loop
      vertex -14.241822421417229 3.0765078945476896 6.749013364214136
      vertex -14.27520196461671 3.1291056383110023 6.741143625364344
      vertex -14.284720672573792 3.1221898921685183 6.741143625364344
    endloop
  endfacet
  facet normal -0.06049724619631481 0.11004408231018233 0.9920838589308729
    outer loop
      vertex -14.241822421417229 3.0765078945476896 6.749013364214136
      vertex -14.26489154168842 3.1347738412819046 6.741143625364344
      vertex -14.27520196461671 3.1291056383110023 6.741143625364344
    endloop
  endfacet
  facet normal -0.04622802666985001 0.11675866734011155 0.9920838589308733
    outer loop
      vertex -14.238367451461096 3.0784072803542593 6.749013364214136
      vertex -14.253952005317654 3.139105110134353 6.741143625364344
      vertex -14.26489154168842 3.1347738412819046 6.741143625364344
    endloop
  endfacet
  facet normal -0.031229763547506107 0.12163189843784505 0.9920838589308731
    outer loop
      vertex -14.230882885046462 3.080839163400137 6.749013364214136
      vertex -14.242555878527936 3.142031138171169 6.741143625364344
      vertex -14.253952005317654 3.139105110134353 6.741143625364344
    endloop
  endfacet
  facet normal -0.015738988398293702 0.12458692183783134 0.9920838589308731
    outer loop
      vertex -14.22697132467138 3.081333308391076 6.749013364214136
      vertex -14.230882885046462 3.1435057801822897 6.741143625364344
      vertex -14.242555878527936 3.142031138171169 6.741143625364344
    endloop
  endfacet
  facet normal -0.12002945555660566 0.21833276913225985 0.9684646259527625
    outer loop
      vertex -14.27520196461671 3.1291056383110023 6.741143625364344
      vertex -14.26489154168842 3.1347738412819046 6.741143625364344
      vertex -14.307789792844986 3.1804558389027333 6.725528258147577
    endloop
  endfacet
  facet normal -0.2841294636651999 0.23505233431443237 0.9295272174663108
    outer loop
      vertex -14.380189872878326 3.195732990902619 6.702413526233009
      vertex -14.35 3.14081781600067 6.725528258147577
      vertex -14.337631847119697 3.155768344591076 6.725528258147577
    endloop
  endfacet
  facet normal -0.25242914886238116 0.26880974088368126 0.9295272174663105
    outer loop
      vertex -14.380189872878326 3.195732990902619 6.702413526233009
      vertex -14.337631847119697 3.155768344591076 6.725528258147577
      vertex -14.323487422727313 3.1690508432043343 6.725528258147577
    endloop
  endfacet
  facet normal -0.14644733939687085 0.2015674702469473 0.9684646259527623
    outer loop
      vertex -14.27520196461671 3.1291056383110023 6.741143625364344
      vertex -14.307789792844986 3.1804558389027333 6.725528258147577
      vertex -14.323487422727313 3.1690508432043343 6.725528258147577
    endloop
  endfacet
  facet normal -0.25242914886237544 0.26880974088369197 0.9295272174663092
    outer loop
      vertex -14.380189872878326 3.195732990902619 6.702413526233009
      vertex -14.323487422727313 3.1690508432043343 6.725528258147577
      vertex -14.360700967390889 3.214034291325291 6.702413526233009
    endloop
  endfacet
  facet normal -0.21674787558814074 0.2983278572600439 0.9295272174663088
    outer loop
      vertex -14.323487422727313 3.1690508432043343 6.725528258147577
      vertex -14.33907197658387 3.229748672984427 6.702413526233009
      vertex -14.360700967390889 3.214034291325291 6.702413526233009
    endloop
  endfacet
  facet normal -0.216747875588146 0.29832785726004224 0.9295272174663083
    outer loop
      vertex -14.323487422727313 3.1690508432043343 6.725528258147577
      vertex -14.307789792844986 3.1804558389027333 6.725528258147577
      vertex -14.33907197658387 3.229748672984427 6.702413526233009
    endloop
  endfacet
  facet normal -0.1776483588369623 0.32314116511499413 0.9295272174663085
    outer loop
      vertex -14.307789792844986 3.1804558389027333 6.725528258147577
      vertex -14.290786518473267 3.189803468091096 6.725528258147577
      vertex -14.33907197658387 3.229748672984427 6.702413526233009
    endloop
  endfacet
  facet normal -0.09171863550008148 0.23165482982269195 0.9684646259527617
    outer loop
      vertex -14.26489154168842 3.1347738412819046 6.741143625364344
      vertex -14.253952005317654 3.139105110134353 6.741143625364344
      vertex -14.290786518473267 3.189803468091096 6.725528258147577
    endloop
  endfacet
  facet normal -0.12002945555659608 0.21833276913226854 0.9684646259527617
    outer loop
      vertex -14.26489154168842 3.1347738412819046 6.741143625364344
      vertex -14.290786518473267 3.189803468091096 6.725528258147577
      vertex -14.307789792844986 3.1804558389027333 6.725528258147577
    endloop
  endfacet
  facet normal -0.09171863550006969 0.23165482982270022 0.968464625952761
    outer loop
      vertex -14.253952005317654 3.139105110134353 6.741143625364344
      vertex -14.272745751406262 3.196946313073118 6.725528258147577
      vertex -14.290786518473267 3.189803468091096 6.725528258147577
    endloop
  endfacet
  facet normal -0.06196135777166478 0.2413235554629312 0.968464625952761
    outer loop
      vertex -14.253952005317654 3.139105110134353 6.741143625364344
      vertex -14.253952005317654 3.2017717269165047 6.725528258147577
      vertex -14.272745751406262 3.196946313073118 6.725528258147577
    endloop
  endfacet
  facet normal -0.031226912417279876 0.247186464473805 0.9684646259527623
    outer loop
      vertex -14.242555878527936 3.142031138171169 6.741143625364344
      vertex -14.230882885046462 3.1435057801822897 6.741143625364344
      vertex -14.253952005317654 3.2017717269165047 6.725528258147577
    endloop
  endfacet
  facet normal -0.06196135777163776 0.24132355546293158 0.9684646259527627
    outer loop
      vertex -14.253952005317654 3.139105110134353 6.741143625364344
      vertex -14.242555878527936 3.142031138171169 6.741143625364344
      vertex -14.253952005317654 3.2017717269165047 6.725528258147577
    endloop
  endfacet
  facet normal -0.031226912417271494 0.2471864644738081 0.9684646259527617
    outer loop
      vertex -14.230882885046462 3.1435057801822897 6.741143625364344
      vertex -14.234701668810095 3.2042036099623834 6.725528258147577
      vertex -14.253952005317654 3.2017717269165047 6.725528258147577
    endloop
  endfacet
  facet normal -0.28359734185006474 0.3903382540161013 0.8759044440732329
    outer loop
      vertex -14.360700967390889 3.214034291325291 6.702413526233009
      vertex -14.33907197658387 3.229748672984427 6.702413526233009
      vertex -14.368555177108732 3.2762067631165044 6.672163962751007
    endloop
  endfacet
  facet normal -0.23243873654346456 0.4228044921791101 0.8759044440732349
    outer loop
      vertex -14.33907197658387 3.229748672984427 6.702413526233009
      vertex -14.315644002562827 3.242628310693947 6.702413526233009
      vertex -14.33907197658387 3.2924152897665797 6.672163962751007
    endloop
  endfacet
  facet normal -0.1776483588369595 0.32314116511499713 0.929527217466308
    outer loop
      vertex -14.290786518473267 3.189803468091096 6.725528258147577
      vertex -14.315644002562827 3.242628310693947 6.702413526233009
      vertex -14.33907197658387 3.229748672984427 6.702413526233009
    endloop
  endfacet
  facet normal -0.13574722134494213 0.34285834376090374 0.9295272174663081
    outer loop
      vertex -14.290786518473267 3.189803468091096 6.725528258147577
      vertex -14.290786518473267 3.2524700848732477 6.702413526233009
      vertex -14.315644002562827 3.242628310693947 6.702413526233009
    endloop
  endfacet
  facet normal -0.1357472213449292 0.34285834376090435 0.9295272174663097
    outer loop
      vertex -14.290786518473267 3.189803468091096 6.725528258147577
      vertex -14.272745751406262 3.196946313073118 6.725528258147577
      vertex -14.290786518473267 3.2524700848732477 6.702413526233009
    endloop
  endfacet
  facet normal -0.04621706994128728 0.365845779578476 0.9295272174663093
    outer loop
      vertex -14.253952005317654 3.2017717269165047 6.725528258147577
      vertex -14.234701668810095 3.2042036099623834 6.725528258147577
      vertex -14.26489154168842 3.2591187848643317 6.702413526233009
    endloop
  endfacet
  facet normal -0.09170526908085332 0.3571684415120541 0.9295272174663087
    outer loop
      vertex -14.272745751406262 3.196946313073118 6.725528258147577
      vertex -14.253952005317654 3.2017717269165047 6.725528258147577
      vertex -14.26489154168842 3.2591187848643317 6.702413526233009
    endloop
  endfacet
  facet normal -0.09170526908085015 0.35716844151205396 0.9295272174663093
    outer loop
      vertex -14.272745751406262 3.196946313073118 6.725528258147577
      vertex -14.26489154168842 3.2591187848643317 6.702413526233009
      vertex -14.290786518473267 3.2524700848732477 6.702413526233009
    endloop
  endfacet
  facet normal -0.04621706994128547 0.36584577957847686 0.929527217466309
    outer loop
      vertex -14.234701668810095 3.2042036099623834 6.725528258147577
      vertex -14.238367451461096 3.2624695566965984 6.702413526233009
      vertex -14.26489154168842 3.2591187848643317 6.702413526233009
    endloop
  endfacet
  facet normal -0.23243873654347244 0.42280449217910926 0.8759044440732332
    outer loop
      vertex -14.33907197658387 3.229748672984427 6.702413526233009
      vertex -14.33907197658387 3.2924152897665797 6.672163962751007
      vertex -14.368555177108732 3.2762067631165044 6.672163962751007
    endloop
  endfacet
  facet normal -0.17761443350941825 0.4486028509292891 0.8759044440732348
    outer loop
      vertex -14.315644002562827 3.242628310693947 6.702413526233009
      vertex -14.290786518473267 3.2524700848732477 6.702413526233009
      vertex -14.33907197658387 3.2924152897665797 6.672163962751007
    endloop
  endfacet
  facet normal -0.17761443350941208 0.4486028509292952 0.875904444073233
    outer loop
      vertex -14.290786518473267 3.2524700848732477 6.702413526233009
      vertex -14.307789792844986 3.3048007824851604 6.672163962751007
      vertex -14.33907197658387 3.2924152897665797 6.672163962751007
    endloop
  endfacet
  facet normal -0.2835337702771242 0.5157460135102178 0.8084643781025588
    outer loop
      vertex -14.368555177108732 3.2762067631165044 6.672163962751007
      vertex -14.33907197658387 3.2924152897665797 6.672163962751007
      vertex -14.395774426734882 3.3190974374648645 6.635256621387894
    endloop
  endfacet
  facet normal -0.11998904475720247 0.4673264747379665 0.8759044440732328
    outer loop
      vertex -14.290786518473267 3.2524700848732477 6.702413526233009
      vertex -14.27520196461671 3.3131679146533415 6.672163962751007
      vertex -14.307789792844986 3.3048007824851604 6.672163962751007
    endloop
  endfacet
  facet normal -0.11998904475720322 0.4673264747379665 0.8759044440732325
    outer loop
      vertex -14.290786518473267 3.2524700848732477 6.702413526233009
      vertex -14.26489154168842 3.2591187848643317 6.702413526233009
      vertex -14.27520196461671 3.3131679146533415 6.672163962751007
    endloop
  endfacet
  facet normal -0.060471357091189115 0.4786800808727165 0.8759044440732331
    outer loop
      vertex -14.26489154168842 3.2591187848643317 6.702413526233009
      vertex -14.238367451461096 3.2624695566965984 6.702413526233009
      vertex -14.27520196461671 3.3131679146533415 6.672163962751007
    endloop
  endfacet
  facet normal -0.06047135709118242 0.47868008087272035 0.8759044440732314
    outer loop
      vertex -14.238367451461096 3.2624695566965984 6.702413526233009
      vertex -14.241822421417229 3.3173847315985467 6.672163962751007
      vertex -14.27520196461671 3.3131679146533415 6.672163962751007
    endloop
  endfacet
  facet normal -0.8426683866574104 0.5347736196032024 0.06266710384792394
    outer loop
      vertex -14.663153340021932 3.290876837050858 6.25
      vertex -14.626318826866319 3.341575195007601 6.312666616782153
      vertex -14.629508497187473 3.3438926261462365 6.25
    endloop
  endfacet
  facet normal -0.7689987877660275 0.6361711236056645 0.06266710384792501
    outer loop
      vertex -14.629508497187473 3.3438926261462365 6.25
      vertex -14.626318826866319 3.341575195007601 6.312666616782153
      vertex -14.589484313710706 3.392273552964344 6.25
    endloop
  endfacet
  facet normal -0.6832016186139482 0.72753582895868 0.06266710384793382
    outer loop
      vertex -14.589484313710706 3.392273552964344 6.25
      vertex -14.58661024603091 3.389574623767065 6.312666616782153
      vertex -14.543711994874345 3.435256621387895 6.25
    endloop
  endfacet
  facet normal -0.7689987877660217 0.6361711236056707 0.06266710384793352
    outer loop
      vertex -14.626318826866319 3.341575195007601 6.312666616782153
      vertex -14.58661024603091 3.389574623767065 6.312666616782153
      vertex -14.589484313710706 3.392273552964344 6.25
    endloop
  endfacet
  facet normal -0.683201618613949 0.7275358289586793 0.06266710384793285
    outer loop
      vertex -14.58661024603091 3.389574623767065 6.312666616782153
      vertex -14.541198855600102 3.432218757857676 6.312666616782153
      vertex -14.543711994874345 3.435256621387895 6.25
    endloop
  endfacet
  facet normal -0.5866299518114623 0.8074268596801776 0.06266710384793833
    outer loop
      vertex -14.543711994874345 3.435256621387895 6.25
      vertex -14.49080082032844 3.4688350738104523 6.312666616782153
      vertex -14.492913397489499 3.472163962751007 6.25
    endloop
  endfacet
  facet normal -0.5866299518114587 0.8074268596801806 0.06266710384793371
    outer loop
      vertex -14.543711994874345 3.435256621387895 6.25
      vertex -14.541198855600102 3.432218757857676 6.312666616782153
      vertex -14.49080082032844 3.4688350738104523 6.312666616782153
    endloop
  endfacet
  facet normal -0.480806780233166 0.8745842864910894 0.06266710384793578
    outer loop
      vertex -14.492913397489499 3.472163962751007 6.25
      vertex -14.49080082032844 3.4688350738104523 6.312666616782153
      vertex -14.437889645782535 3.50241352623301 6.25
    endloop
  endfacet
  facet normal -0.3674009985105481 0.9279489966527064 0.06266710384793493
    outer loop
      vertex -14.437889645782535 3.50241352623301 6.25
      vertex -14.3782901515377 3.5217785757986766 6.312666616782153
      vertex -14.379508497187473 3.5255282581475766 6.25
    endloop
  endfacet
  facet normal -0.4808067802331675 0.8745842864910887 0.06266710384793402
    outer loop
      vertex -14.437889645782535 3.50241352623301 6.25
      vertex -14.49080082032844 3.4688350738104523 6.312666616782153
      vertex -14.436210947338486 3.498846110449292 6.312666616782153
    endloop
  endfacet
  facet normal -0.36740099851054914 0.9279489966527059 0.06266710384793611
    outer loop
      vertex -14.437889645782535 3.50241352623301 6.25
      vertex -14.436210947338486 3.498846110449292 6.312666616782153
      vertex -14.3782901515377 3.5217785757986766 6.312666616782153
    endloop
  endfacet
  facet normal -0.24820108356670154 0.966679396807249 0.06266710384793894
    outer loop
      vertex -14.379508497187473 3.5255282581475766 6.25
      vertex -14.317951878476064 3.537270811180856 6.312666616782153
      vertex -14.318690657292862 3.5411436253643442 6.25
    endloop
  endfacet
  facet normal -0.1250868892668602 0.9901646854078628 0.06266710384793751
    outer loop
      vertex -14.318690657292862 3.5411436253643442 6.25
      vertex -14.317951878476064 3.537270811180856 6.312666616782153
      vertex -14.256395259764655 3.5490133642141357 6.25
    endloop
  endfacet
  facet normal -0.24820108356669976 0.9666793968072498 0.06266710384793704
    outer loop
      vertex -14.379508497187473 3.5255282581475766 6.25
      vertex -14.3782901515377 3.5217785757986766 6.312666616782153
      vertex -14.317951878476064 3.537270811180856 6.312666616782153
    endloop
  endfacet
  facet normal -0.12508688926686407 0.9901646854078626 0.06266710384793367
    outer loop
      vertex -14.256395259764655 3.5490133642141357 6.25
      vertex -14.317951878476064 3.537270811180856 6.312666616782153
      vertex -14.256147698764103 3.54507849478924 6.312666616782153
    endloop
  endfacet
  facet normal -0.8294299690247448 0.5263722643045374 0.18702450602668372
    outer loop
      vertex -14.64938794713751 3.283309248273386 6.374344943582427
      vertex -14.616800118909236 3.334659448865117 6.374344943582427
      vertex -14.626318826866319 3.341575195007601 6.312666616782153
    endloop
  endfacet
  facet normal -0.7569177280364036 0.62617680181374 0.18702450602668405
    outer loop
      vertex -14.626318826866319 3.341575195007601 6.312666616782153
      vertex -14.616800118909236 3.334659448865117 6.374344943582427
      vertex -14.58661024603091 3.389574623767065 6.312666616782153
    endloop
  endfacet
  facet normal -0.8031547793466574 0.5096975218881977 0.30846529236472015
    outer loop
      vertex -14.632384672765792 3.273961619085023 6.434062276342338
      vertex -14.601102489026907 3.323254453166717 6.434062276342338
      vertex -14.616800118909236 3.334659448865117 6.374344943582427
    endloop
  endfacet
  facet normal -0.7329396254628452 0.6063403902369787 0.3084652923647206
    outer loop
      vertex -14.616800118909236 3.334659448865117 6.374344943582427
      vertex -14.601102489026907 3.323254453166717 6.434062276342338
      vertex -14.563888944363331 3.3682379012876744 6.434062276342338
    endloop
  endfacet
  facet normal -0.7569177280363952 0.626176801813747 0.18702450602669446
    outer loop
      vertex -14.58661024603091 3.389574623767065 6.312666616782153
      vertex -14.616800118909236 3.334659448865117 6.374344943582427
      vertex -14.578033368755715 3.381520399900932 6.374344943582427
    endloop
  endfacet
  facet normal -0.6724684423162002 0.7161061570984393 0.18702450602669443
    outer loop
      vertex -14.58661024603091 3.389574623767065 6.312666616782153
      vertex -14.578033368755715 3.381520399900932 6.374344943582427
      vertex -14.541198855600102 3.432218757857676 6.312666616782153
    endloop
  endfacet
  facet normal -0.6724684423161953 0.7161061570984423 0.1870245060266999
    outer loop
      vertex -14.541198855600102 3.432218757857676 6.312666616782153
      vertex -14.578033368755715 3.381520399900932 6.374344943582427
      vertex -14.533699071485005 3.4231530761896227 6.374344943582427
    endloop
  endfacet
  facet normal -0.732939625462839 0.6063403902369932 0.30846529236470704
    outer loop
      vertex -14.616800118909236 3.334659448865117 6.374344943582427
      vertex -14.563888944363331 3.3682379012876744 6.434062276342338
      vertex -14.578033368755715 3.381520399900932 6.374344943582427
    endloop
  endfacet
  facet normal -0.6511655758485714 0.6934209084215409 0.3084652923647056
    outer loop
      vertex -14.578033368755715 3.381520399900932 6.374344943582427
      vertex -14.563888944363331 3.3682379012876744 6.434062276342338
      vertex -14.533699071485005 3.4231530761896227 6.374344943582427
    endloop
  endfacet
  facet normal -0.6511655758485642 0.6934209084215446 0.30846529236471265
    outer loop
      vertex -14.563888944363331 3.3682379012876744 6.434062276342338
      vertex -14.521330918604702 3.408202547599217 6.434062276342338
      vertex -14.533699071485005 3.4231530761896227 6.374344943582427
    endloop
  endfacet
  facet normal -0.6974305168867281 0.5769647008854667 0.42509105853599816
    outer loop
      vertex -14.579473498219887 3.3075400715075807 6.490876837050857
      vertex -14.563888944363331 3.3682379012876744 6.434062276342338
      vertex -14.601102489026907 3.323254453166717 6.434062276342338
    endloop
  endfacet
  facet normal -0.6974305168867257 0.5769647008854679 0.4250910585360001
    outer loop
      vertex -14.579473498219887 3.3075400715075807 6.490876837050857
      vertex -14.544400038875894 3.349936600865002 6.490876837050857
      vertex -14.563888944363331 3.3682379012876744 6.434062276342338
    endloop
  endfacet
  facet normal -0.6509343730293233 0.5384997454763386 0.53507239335518
    outer loop
      vertex -14.579473498219887 3.3075400715075807 6.490876837050857
      vertex -14.519874003975051 3.3269051210732483 6.543892626146237
      vertex -14.544400038875894 3.349936600865002 6.490876837050857
    endloop
  endfacet
  facet normal -0.6196182173342365 0.6598263837558225 0.4250910585359999
    outer loop
      vertex -14.544400038875894 3.349936600865002 6.490876837050857
      vertex -14.504289450118494 3.387602950853341 6.490876837050857
      vertex -14.563888944363331 3.3682379012876744 6.434062276342338
    endloop
  endfacet
  facet normal -0.5783096466992074 0.6158372239510996 0.5350723933551806
    outer loop
      vertex -14.544400038875894 3.349936600865002 6.490876837050857
      vertex -14.519874003975051 3.3269051210732483 6.543892626146237
      vertex -14.504289450118494 3.387602950853341 6.490876837050857
    endloop
  endfacet
  facet normal -0.5783096466991879 0.6158372239511062 0.5350723933551941
    outer loop
      vertex -14.504289450118494 3.387602950853341 6.490876837050857
      vertex -14.519874003975051 3.3269051210732483 6.543892626146237
      vertex -14.482843420164485 3.3616791538982813 6.543892626146237
    endloop
  endfacet
  facet normal -0.6196182173342324 0.6598263837558311 0.42509105853599266
    outer loop
      vertex -14.563888944363331 3.3682379012876744 6.434062276342338
      vertex -14.504289450118494 3.387602950853341 6.490876837050857
      vertex -14.521330918604702 3.408202547599217 6.434062276342338
    endloop
  endfacet
  facet normal -0.532034168352411 0.7322822103931705 0.4250910585359925
    outer loop
      vertex -14.521330918604702 3.408202547599217 6.434062276342338
      vertex -14.504289450118494 3.387602950853341 6.490876837050857
      vertex -14.474099577240167 3.4425181257552904 6.434062276342338
    endloop
  endfacet
  facet normal -0.49656463177520527 0.6834625815208178 0.5350723933551929
    outer loop
      vertex -14.504289450118494 3.387602950853341 6.490876837050857
      vertex -14.482843420164485 3.3616791538982813 6.543892626146237
      vertex -14.459774299893294 3.4199451006324963 6.490876837050857
    endloop
  endfacet
  facet normal -0.49656463177521 0.683462581520817 0.5350723933551899
    outer loop
      vertex -14.459774299893294 3.4199451006324963 6.490876837050857
      vertex -14.482843420164485 3.3616791538982813 6.543892626146237
      vertex -14.441746491589734 3.391537820278237 6.543892626146237
    endloop
  endfacet
  facet normal -0.5774139275474844 0.7947420905046225 0.18702450602669968
    outer loop
      vertex -14.541198855600102 3.432218757857676 6.312666616782153
      vertex -14.533699071485005 3.4231530761896227 6.374344943582427
      vertex -14.49080082032844 3.4688350738104523 6.312666616782153
    endloop
  endfacet
  facet normal -0.5774139275474862 0.7947420905046215 0.18702450602669765
    outer loop
      vertex -14.49080082032844 3.4688350738104523 6.312666616782153
      vertex -14.533699071485005 3.4231530761896227 6.374344943582427
      vertex -14.48449640544909 3.45890090555596 6.374344943582427
    endloop
  endfacet
  facet normal -0.5591222561157091 0.7695657646507102 0.30846529236471215
    outer loop
      vertex -14.521330918604702 3.408202547599217 6.434062276342338
      vertex -14.474099577240167 3.4425181257552904 6.434062276342338
      vertex -14.533699071485005 3.4231530761896227 6.374344943582427
    endloop
  endfacet
  facet normal -0.5591222561157039 0.7695657646507168 0.30846529236470477
    outer loop
      vertex -14.533699071485005 3.4231530761896227 6.374344943582427
      vertex -14.474099577240167 3.4425181257552904 6.434062276342338
      vertex -14.48449640544909 3.45890090555596 6.374344943582427
    endloop
  endfacet
  facet normal -0.4582612444004567 0.8335741090550394 0.3084652923647038
    outer loop
      vertex -14.48449640544909 3.45890090555596 6.374344943582427
      vertex -14.474099577240167 3.4425181257552904 6.434062276342338
      vertex -14.42293978673768 3.4706434585892403 6.434062276342338
    endloop
  endfacet
  facet normal -0.4732532502109971 0.860844466387626 0.18702450602669846
    outer loop
      vertex -14.49080082032844 3.4688350738104523 6.312666616782153
      vertex -14.431201326083603 3.488200123376119 6.374344943582427
      vertex -14.436210947338486 3.498846110449292 6.312666616782153
    endloop
  endfacet
  facet normal -0.4732532502109976 0.8608444663876257 0.18702450602669896
    outer loop
      vertex -14.49080082032844 3.4688350738104523 6.312666616782153
      vertex -14.48449640544909 3.45890090555596 6.374344943582427
      vertex -14.431201326083603 3.488200123376119 6.374344943582427
    endloop
  endfacet
  facet normal -0.3616290864108931 0.9133708107921421 0.18702450602669107
    outer loop
      vertex -14.436210947338486 3.498846110449292 6.312666616782153
      vertex -14.374654328627077 3.5105886634825714 6.374344943582427
      vertex -14.3782901515377 3.5217785757986766 6.312666616782153
    endloop
  endfacet
  facet normal -0.3616290864108983 0.9133708107921388 0.18702450602669696
    outer loop
      vertex -14.436210947338486 3.498846110449292 6.312666616782153
      vertex -14.431201326083603 3.488200123376119 6.374344943582427
      vertex -14.374654328627077 3.5105886634825714 6.374344943582427
    endloop
  endfacet
  facet normal -0.4582612444004518 0.8335741090550444 0.3084652923646979
    outer loop
      vertex -14.48449640544909 3.45890090555596 6.374344943582427
      vertex -14.42293978673768 3.4706434585892403 6.434062276342338
      vertex -14.431201326083603 3.488200123376119 6.374344943582427
    endloop
  endfacet
  facet normal -0.3501731791090098 0.8844364918065346 0.30846529236469844
    outer loop
      vertex -14.431201326083603 3.488200123376119 6.374344943582427
      vertex -14.42293978673768 3.4706434585892403 6.434062276342338
      vertex -14.374654328627077 3.5105886634825714 6.374344943582427
    endloop
  endfacet
  facet normal -0.3501731791089925 0.8844364918065363 0.3084652923647134
    outer loop
      vertex -14.374654328627077 3.5105886634825714 6.374344943582427
      vertex -14.42293978673768 3.4706434585892403 6.434062276342338
      vertex -14.368658367554843 3.492134992801015 6.434062276342338
    endloop
  endfacet
  facet normal -0.5320341683524085 0.7322822103931714 0.4250910585359945
    outer loop
      vertex -14.504289450118494 3.387602950853341 6.490876837050857
      vertex -14.459774299893294 3.4199451006324963 6.490876837050857
      vertex -14.474099577240167 3.4425181257552904 6.434062276342338
    endloop
  endfacet
  facet normal -0.4360596227138576 0.7931895091284273 0.42509105853599477
    outer loop
      vertex -14.474099577240167 3.4425181257552904 6.434062276342338
      vertex -14.459774299893294 3.4199451006324963 6.490876837050857
      vertex -14.42293978673768 3.4706434585892403 6.434062276342338
    endloop
  endfacet
  facet normal -0.4360596227138611 0.7931895091284268 0.4250910585359921
    outer loop
      vertex -14.459774299893294 3.4199451006324963 6.490876837050857
      vertex -14.411556618711408 3.446452995180186 6.490876837050857
      vertex -14.42293978673768 3.4706434585892403 6.434062276342338
    endloop
  endfacet
  facet normal -0.333208156335714 0.8415877354762861 0.4250910585359931
    outer loop
      vertex -14.411556618711408 3.446452995180186 6.490876837050857
      vertex -14.360396828208922 3.4667085891643445 6.490876837050857
      vertex -14.42293978673768 3.4706434585892403 6.434062276342338
    endloop
  endfacet
  facet normal -0.4069884959747872 0.7403093258992005 0.5350723933551907
    outer loop
      vertex -14.459774299893294 3.4199451006324963 6.490876837050857
      vertex -14.441746491589734 3.391537820278237 6.543892626146237
      vertex -14.411556618711408 3.446452995180186 6.490876837050857
    endloop
  endfacet
  facet normal -0.40698849597477943 0.7403093258992011 0.535072393355196
    outer loop
      vertex -14.411556618711408 3.446452995180186 6.490876837050857
      vertex -14.441746491589734 3.391537820278237 6.543892626146237
      vertex -14.397231341364535 3.4160102312076006 6.543892626146237
    endloop
  endfacet
  facet normal -0.3109939084696926 0.7854809499687989 0.5350723933551961
    outer loop
      vertex -14.411556618711408 3.446452995180186 6.490876837050857
      vertex -14.397231341364535 3.4160102312076006 6.543892626146237
      vertex -14.35 3.4347104421469066 6.543892626146237
    endloop
  endfacet
  facet normal -0.3109939084696932 0.7854809499687984 0.5350723933551965
    outer loop
      vertex -14.411556618711408 3.446452995180186 6.490876837050857
      vertex -14.35 3.4347104421469066 6.543892626146237
      vertex -14.360396828208922 3.4667085891643445 6.490876837050857
    endloop
  endfacet
  facet normal -0.3332081563357026 0.8415877354762966 0.4250910585359813
    outer loop
      vertex -14.42293978673768 3.4706434585892403 6.434062276342338
      vertex -14.360396828208922 3.4667085891643445 6.490876837050857
      vertex -14.368658367554843 3.492134992801015 6.434062276342338
    endloop
  endfacet
  facet normal -0.23656267359968244 0.9213507827454904 0.3084652923647037
    outer loop
      vertex -14.374654328627077 3.5105886634825714 6.374344943582427
      vertex -14.312111370098318 3.5066537940576756 6.434062276342338
      vertex -14.315747193008939 3.5257134452235723 6.374344943582427
    endloop
  endfacet
  facet normal -0.23656267359969144 0.9213507827454851 0.30846529236471276
    outer loop
      vertex -14.374654328627077 3.5105886634825714 6.374344943582427
      vertex -14.368658367554843 3.492134992801015 6.434062276342338
      vertex -14.312111370098318 3.5066537940576756 6.434062276342338
    endloop
  endfacet
  facet normal -0.21009476124926596 0.8182650702338236 0.5350723933551887
    outer loop
      vertex -14.360396828208922 3.4667085891643445 6.490876837050857
      vertex -14.300797333964084 3.447343539598677 6.543892626146237
      vertex -14.307101748843435 3.4803924397677353 6.490876837050857
    endloop
  endfacet
  facet normal -0.2100947612492752 0.8182650702338161 0.5350723933551964
    outer loop
      vertex -14.360396828208922 3.4667085891643445 6.490876837050857
      vertex -14.35 3.4347104421469066 6.543892626146237
      vertex -14.300797333964084 3.447343539598677 6.543892626146237
    endloop
  endfacet
  facet normal -0.1058822941394452 0.8381446615333871 0.5350723933551907
    outer loop
      vertex -14.25251187585348 3.487288744492009 6.490876837050857
      vertex -14.300797333964084 3.447343539598677 6.543892626146237
      vertex -14.250399298692423 3.4537102920694513 6.543892626146237
    endloop
  endfacet
  facet normal -0.22510179828325255 0.8767136204955438 0.42509105853598167
    outer loop
      vertex -14.368658367554843 3.492134992801015 6.434062276342338
      vertex -14.360396828208922 3.4667085891643445 6.490876837050857
      vertex -14.312111370098318 3.5066537940576756 6.434062276342338
    endloop
  endfacet
  facet normal -0.22510179828323387 0.8767136204955417 0.42509105853599594
    outer loop
      vertex -14.312111370098318 3.5066537940576756 6.434062276342338
      vertex -14.360396828208922 3.4667085891643445 6.490876837050857
      vertex -14.307101748843435 3.4803924397677353 6.490876837050857
    endloop
  endfacet
  facet normal -0.1134454504025729 0.8980132079962438 0.42509105853599455
    outer loop
      vertex -14.312111370098318 3.5066537940576756 6.434062276342338
      vertex -14.307101748843435 3.4803924397677353 6.490876837050857
      vertex -14.25251187585348 3.487288744492009 6.490876837050857
    endloop
  endfacet
  facet normal -0.11344545040255999 0.8980132079962507 0.42509105853598333
    outer loop
      vertex -14.312111370098318 3.5066537940576756 6.434062276342338
      vertex -14.25251187585348 3.487288744492009 6.490876837050857
      vertex -14.254190574297532 3.513970892190293 6.434062276342338
    endloop
  endfacet
  facet normal -0.10588229413944757 0.8381446615333878 0.5350723933551891
    outer loop
      vertex -14.307101748843435 3.4803924397677353 6.490876837050857
      vertex -14.300797333964084 3.447343539598677 6.543892626146237
      vertex -14.25251187585348 3.487288744492009 6.490876837050857
    endloop
  endfacet
  facet normal -0.5278755911486844 0.5621304097208729 0.6366763406444993
    outer loop
      vertex -14.490697629882328 3.2995066821070678 6.592273552964345
      vertex -14.45733104544629 3.330839990498144 6.592273552964345
      vertex -14.519874003975051 3.3269051210732483 6.543892626146237
    endloop
  endfacet
  facet normal -0.5278755911486811 0.5621304097208819 0.6366763406444943
    outer loop
      vertex -14.519874003975051 3.3269051210732483 6.543892626146237
      vertex -14.45733104544629 3.330839990498144 6.592273552964345
      vertex -14.482843420164485 3.3616791538982813 6.543892626146237
    endloop
  endfacet
  facet normal -0.45325951250854446 0.6238581982983393 0.6366763406444962
    outer loop
      vertex -14.45733104544629 3.330839990498144 6.592273552964345
      vertex -14.420300461635726 3.3577442844733856 6.592273552964345
      vertex -14.441746491589734 3.391537820278237 6.543892626146237
    endloop
  endfacet
  facet normal -0.4027888571084786 0.5543913006913488 0.7282935001131069
    outer loop
      vertex -14.428154671353568 3.295571812682172 6.635256621387894
      vertex -14.395774426734882 3.3190974374648645 6.635256621387894
      vertex -14.45733104544629 3.330839990498144 6.592273552964345
    endloop
  endfacet
  facet normal -0.40278885710847595 0.5543913006913541 0.7282935001131045
    outer loop
      vertex -14.45733104544629 3.330839990498144 6.592273552964345
      vertex -14.395774426734882 3.3190974374648645 6.635256621387894
      vertex -14.420300461635726 3.3577442844733856 6.592273552964345
    endloop
  endfacet
  facet normal -0.3301290922874084 0.6005025896018273 0.728293500113101
    outer loop
      vertex -14.420300461635726 3.3577442844733856 6.592273552964345
      vertex -14.360700967390889 3.338379234907719 6.635256621387894
      vertex -14.380189872878326 3.3797952672449574 6.592273552964345
    endloop
  endfacet
  facet normal -0.33012909228741233 0.6005025896018216 0.7282935001131038
    outer loop
      vertex -14.395774426734882 3.3190974374648645 6.635256621387894
      vertex -14.360700967390889 3.338379234907719 6.635256621387894
      vertex -14.420300461635726 3.3577442844733856 6.592273552964345
    endloop
  endfacet
  facet normal -0.4532595125085496 0.6238581982983383 0.6366763406444934
    outer loop
      vertex -14.45733104544629 3.330839990498144 6.592273552964345
      vertex -14.441746491589734 3.391537820278237 6.543892626146237
      vertex -14.482843420164485 3.3616791538982813 6.543892626146237
    endloop
  endfacet
  facet normal -0.37149526059202714 0.6757473704138215 0.6366763406444969
    outer loop
      vertex -14.420300461635726 3.3577442844733856 6.592273552964345
      vertex -14.380189872878326 3.3797952672449574 6.592273552964345
      vertex -14.397231341364535 3.4160102312076006 6.543892626146237
    endloop
  endfacet
  facet normal -0.37149526059202936 0.6757473704138214 0.6366763406444957
    outer loop
      vertex -14.420300461635726 3.3577442844733856 6.592273552964345
      vertex -14.397231341364535 3.4160102312076006 6.543892626146237
      vertex -14.441746491589734 3.391537820278237 6.543892626146237
    endloop
  endfacet
  facet normal -0.28387230649547224 0.7169796028259612 0.6366763406444971
    outer loop
      vertex -14.380189872878326 3.3797952672449574 6.592273552964345
      vertex -14.337631847119697 3.396645181641934 6.592273552964345
      vertex -14.397231341364535 3.4160102312076006 6.543892626146237
    endloop
  endfacet
  facet normal -0.2522629944714147 0.6371435939514143 0.7282935001131002
    outer loop
      vertex -14.380189872878326 3.3797952672449574 6.592273552964345
      vertex -14.360700967390889 3.338379234907719 6.635256621387894
      vertex -14.337631847119697 3.396645181641934 6.592273552964345
    endloop
  endfacet
  facet normal -0.25226299447140604 0.6371435939514134 0.7282935001131038
    outer loop
      vertex -14.360700967390889 3.338379234907719 6.635256621387894
      vertex -14.323487422727313 3.3531131195466735 6.635256621387894
      vertex -14.337631847119697 3.396645181641934 6.592273552964345
    endloop
  endfacet
  facet normal -0.1704185585379819 0.6637364632132554 0.7282935001131036
    outer loop
      vertex -14.323487422727313 3.3531131195466735 6.635256621387894
      vertex -14.284720672573792 3.3630667292193763 6.635256621387894
      vertex -14.337631847119697 3.396645181641934 6.592273552964345
    endloop
  endfacet
  facet normal -0.1704185585379764 0.6637364632132602 0.7282935001131005
    outer loop
      vertex -14.337631847119697 3.396645181641934 6.592273552964345
      vertex -14.284720672573792 3.3630667292193763 6.635256621387894
      vertex -14.293297549848987 3.4080282944486218 6.592273552964345
    endloop
  endfacet
  facet normal -0.08588652013330417 0.6798618119532825 0.7282935001131009
    outer loop
      vertex -14.284720672573792 3.3630667292193763 6.635256621387894
      vertex -14.245012091738383 3.3680830895552907 6.635256621387894
      vertex -14.24788615941818 3.4137650871761194 6.592273552964345
    endloop
  endfacet
  facet normal -0.08588652013330574 0.6798618119532831 0.7282935001131001
    outer loop
      vertex -14.293297549848987 3.4080282944486218 6.592273552964345
      vertex -14.284720672573792 3.3630667292193763 6.635256621387894
      vertex -14.24788615941818 3.4137650871761194 6.592273552964345
    endloop
  endfacet
  facet normal -0.2835337702771229 0.5157460135102196 0.8084643781025581
    outer loop
      vertex -14.33907197658387 3.2924152897665797 6.672163962751007
      vertex -14.360700967390889 3.338379234907719 6.635256621387894
      vertex -14.395774426734882 3.3190974374648645 6.635256621387894
    endloop
  endfacet
  facet normal -0.21665790623991574 0.5472154064013351 0.8084643781025589
    outer loop
      vertex -14.33907197658387 3.2924152897665797 6.672163962751007
      vertex -14.323487422727313 3.3531131195466735 6.635256621387894
      vertex -14.360700967390889 3.338379234907719 6.635256621387894
    endloop
  endfacet
  facet normal -0.21665790623991046 0.5472154064013349 0.8084643781025606
    outer loop
      vertex -14.33907197658387 3.2924152897665797 6.672163962751007
      vertex -14.307789792844986 3.3048007824851604 6.672163962751007
      vertex -14.323487422727313 3.3531131195466735 6.635256621387894
    endloop
  endfacet
  facet normal -0.1463652175961518 0.5700548854428577 0.8084643781025614
    outer loop
      vertex -14.307789792844986 3.3048007824851604 6.672163962751007
      vertex -14.27520196461671 3.3131679146533415 6.672163962751007
      vertex -14.323487422727313 3.3531131195466735 6.635256621387894
    endloop
  endfacet
  facet normal -0.14636521759614918 0.57005488544286 0.8084643781025604
    outer loop
      vertex -14.323487422727313 3.3531131195466735 6.635256621387894
      vertex -14.27520196461671 3.3131679146533415 6.672163962751007
      vertex -14.284720672573792 3.3630667292193763 6.635256621387894
    endloop
  endfacet
  facet normal -0.07376426203654886 0.5839042584066686 0.8084643781025614
    outer loop
      vertex -14.245012091738383 3.3680830895552907 6.635256621387894
      vertex -14.27520196461671 3.3131679146533415 6.672163962751007
      vertex -14.241822421417229 3.3173847315985467 6.672163962751007
    endloop
  endfacet
  facet normal -0.07376426203655125 0.5839042584066695 0.8084643781025609
    outer loop
      vertex -14.284720672573792 3.3630667292193763 6.635256621387894
      vertex -14.27520196461671 3.3131679146533415 6.672163962751007
      vertex -14.245012091738383 3.3680830895552907 6.635256621387894
    endloop
  endfacet
  facet normal -0.2838723064954687 0.7169796028259651 0.6366763406444943
    outer loop
      vertex -14.397231341364535 3.4160102312076006 6.543892626146237
      vertex -14.337631847119697 3.396645181641934 6.592273552964345
      vertex -14.35 3.4347104421469066 6.543892626146237
    endloop
  endfacet
  facet normal -0.19177251654837066 0.7469046385986912 0.636676340644494
    outer loop
      vertex -14.337631847119697 3.396645181641934 6.592273552964345
      vertex -14.300797333964084 3.447343539598677 6.543892626146237
      vertex -14.35 3.4347104421469066 6.543892626146237
    endloop
  endfacet
  facet normal -0.191772516548363 0.7469046385986894 0.6366763406444981
    outer loop
      vertex -14.337631847119697 3.396645181641934 6.592273552964345
      vertex -14.293297549848987 3.4080282944486218 6.592273552964345
      vertex -14.300797333964084 3.447343539598677 6.543892626146237
    endloop
  endfacet
  facet normal -0.09664835945596953 0.7650505420415055 0.6366763406444975
    outer loop
      vertex -14.293297549848987 3.4080282944486218 6.592273552964345
      vertex -14.250399298692423 3.4537102920694513 6.543892626146237
      vertex -14.300797333964084 3.447343539598677 6.543892626146237
    endloop
  endfacet
  facet normal -0.09664835945596423 0.7650505420415037 0.6366763406445005
    outer loop
      vertex -14.293297549848987 3.4080282944486218 6.592273552964345
      vertex -14.24788615941818 3.4137650871761194 6.592273552964345
      vertex -14.250399298692423 3.4537102920694513 6.543892626146237
    endloop
  endfacet
  facet normal -0.24430181589134198 0.951492751889191 0.18702450602669
    outer loop
      vertex -14.3782901515377 3.5217785757986766 6.312666616782153
      vertex -14.374654328627077 3.5105886634825714 6.374344943582427
      vertex -14.317951878476064 3.537270811180856 6.312666616782153
    endloop
  endfacet
  facet normal -0.24430181589133523 0.9514927518891915 0.1870245060266964
    outer loop
      vertex -14.317951878476064 3.537270811180856 6.312666616782153
      vertex -14.374654328627077 3.5105886634825714 6.374344943582427
      vertex -14.315747193008939 3.5257134452235723 6.374344943582427
    endloop
  endfacet
  facet normal -0.12312175979635809 0.9746090838947266 0.18702450602669607
    outer loop
      vertex -14.317951878476064 3.537270811180856 6.312666616782153
      vertex -14.315747193008939 3.5257134452235723 6.374344943582427
      vertex -14.255408919947305 3.5333359417559604 6.374344943582427
    endloop
  endfacet
  facet normal -0.12312175979635437 0.9746090838947278 0.18702450602669238
    outer loop
      vertex -14.317951878476064 3.537270811180856 6.312666616782153
      vertex -14.255408919947305 3.5333359417559604 6.374344943582427
      vertex -14.256147698764103 3.54507849478924 6.312666616782153
    endloop
  endfacet
  facet normal -0.11922143341201981 0.9437348214522657 0.3084652923647059
    outer loop
      vertex -14.312111370098318 3.5066537940576756 6.434062276342338
      vertex -14.255408919947305 3.5333359417559604 6.374344943582427
      vertex -14.315747193008939 3.5257134452235723 6.374344943582427
    endloop
  endfacet
  facet normal -0.11922143341201129 0.9437348214522643 0.3084652923647133
    outer loop
      vertex -14.312111370098318 3.5066537940576756 6.434062276342338
      vertex -14.254190574297532 3.513970892190293 6.434062276342338
      vertex -14.255408919947305 3.5333359417559604 6.374344943582427
    endloop
  endfacet
  facet normal 0 -0.6852653337890544 -0.7282935001130902
    outer loop
      vertex -14.24788615941818 -3.4137650871761194 -6.592273552964344
      vertex -14.245012091738383 -3.3680830895552902 -6.635256621387895
      vertex 14.247886159418181 -3.4137650871761194 -6.592273552964344
    endloop
  endfacet
  facet normal 0 -0.7711311414172859 -0.636676340644502
    outer loop
      vertex -14.250399298692423 -3.453710292069451 -6.543892626146237
      vertex -14.24788615941818 -3.4137650871761194 -6.592273552964344
      vertex 14.247886159418181 -3.4137650871761194 -6.592273552964344
    endloop
  endfacet
  facet normal 0 -0.9051505907597607 -0.425091058535999
    outer loop
      vertex -14.254190574297532 -3.5139708921902932 -6.434062276342339
      vertex -14.25251187585348 -3.4872887444920084 -6.490876837050857
      vertex 14.25419057429753 -3.5139708921902932 -6.434062276342339
    endloop
  endfacet
  facet normal 0 -0.8448062108372232 -0.5350723933551919
    outer loop
      vertex -14.250399298692423 -3.453710292069451 -6.543892626146237
      vertex 14.250399298692423 -3.453710292069451 -6.543892626146237
      vertex -14.25251187585348 -3.4872887444920084 -6.490876837050857
    endloop
  endfacet
  facet normal 0 -0.9512355982648869 -0.3084652923647045
    outer loop
      vertex -14.254190574297532 -3.5139708921902932 -6.434062276342339
      vertex 14.25419057429753 -3.5139708921902932 -6.434062276342339
      vertex -14.255408919947305 -3.5333359417559604 -6.374344943582427
    endloop
  endfacet
  facet normal 0 -0.9823552484439997 -0.18702450602669102
    outer loop
      vertex -14.255408919947305 -3.5333359417559604 -6.374344943582427
      vertex 14.256147698764101 -3.54507849478924 -6.312666616782153
      vertex -14.256147698764103 -3.54507849478924 -6.312666616782153
    endloop
  endfacet
  facet normal 0 -0.9980344854238815 -0.06266710384793628
    outer loop
      vertex -14.256395259764657 -3.5490133642141357 -6.25
      vertex -14.256147698764103 -3.54507849478924 -6.312666616782153
      vertex 14.256147698764101 -3.54507849478924 -6.312666616782153
    endloop
  endfacet
  facet normal 0 -0.5885451124079057 -0.808464378102564
    outer loop
      vertex -14.245012091738383 -3.3680830895552902 -6.635256621387895
      vertex -14.241822421417229 -3.317384731598547 -6.672163962751007
      vertex 14.241822421417227 -3.317384731598547 -6.672163962751007
    endloop
  endfacet
  facet normal 0 -0.4824846161824942 -0.8759044440732283
    outer loop
      vertex -14.241822421417229 -3.317384731598547 -6.672163962751007
      vertex -14.238367451461096 -3.262469556696598 -6.70241352623301
      vertex 14.241822421417227 -3.317384731598547 -6.672163962751007
    endloop
  endfacet
  facet normal 0 -0.368753511155259 -0.9295272174663141
    outer loop
      vertex -14.238367451461096 -3.262469556696598 -6.70241352623301
      vertex -14.234701668810095 -3.204203609962383 -6.725528258147577
      vertex 14.234701668810095 -3.204203609962383 -6.725528258147577
    endloop
  endfacet
  facet normal 0 -0.249151095277901 -0.9684646259527615
    outer loop
      vertex -14.234701668810095 -3.204203609962383 -6.725528258147577
      vertex -14.230882885046462 -3.1435057801822897 -6.741143625364344
      vertex 14.234701668810095 -3.204203609962383 -6.725528258147577
    endloop
  endfacet
  facet normal 0 -0.12557713505581838 -0.9920838589308731
    outer loop
      vertex -14.230882885046462 -3.1435057801822897 -6.741143625364344
      vertex -14.22697132467138 -3.0813333083910757 -6.749013364214136
      vertex 14.22697132467138 -3.0813333083910757 -6.749013364214136
    endloop
  endfacet
  facet normal 0 0 -1
    outer loop
      vertex -14.241822421417229 -3.076507894547689 -6.749013364214136
      vertex -14.245012091738383 -3.0741904634090536 -6.749013364214136
      vertex 14.250399298692423 -3.0684536706815564 -6.749013364214136
    endloop
  endfacet
  facet normal 0 0 -1
    outer loop
      vertex -14.245012091738383 -3.0741904634090536 -6.749013364214136
      vertex -14.24788615941818 -3.071491534211775 -6.749013364214136
      vertex 14.250399298692423 -3.0684536706815564 -6.749013364214136
    endloop
  endfacet
  facet normal 0 0 -1
    outer loop
      vertex -14.250399298692423 -3.0684536706815564 -6.749013364214136
      vertex 14.250399298692423 -3.0684536706815564 -6.749013364214136
      vertex -14.24788615941818 -3.071491534211775 -6.749013364214136
    endloop
  endfacet
  facet normal 0 0 -1
    outer loop
      vertex -14.234701668810095 -3.0798586663799554 -6.749013364214136
      vertex 14.250399298692423 -3.0684536706815564 -6.749013364214136
      vertex -14.230882885046462 -3.0808391634001375 -6.749013364214136
    endloop
  endfacet
  facet normal 0 0 -1
    outer loop
      vertex -14.238367451461096 -3.0784072803542593 -6.749013364214136
      vertex 14.250399298692423 -3.0684536706815564 -6.749013364214136
      vertex -14.234701668810095 -3.0798586663799554 -6.749013364214136
    endloop
  endfacet
  facet normal 0 0 -1
    outer loop
      vertex -14.238367451461096 -3.0784072803542593 -6.749013364214136
      vertex -14.241822421417229 -3.076507894547689 -6.749013364214136
      vertex 14.250399298692423 -3.0684536706815564 -6.749013364214136
    endloop
  endfacet
  facet normal 0 0 -1
    outer loop
      vertex -14.250399298692423 -3.0684536706815564 -6.749013364214136
      vertex -14.25251187585348 -3.065124781741001 -6.749013364214136
      vertex 14.250399298692423 -3.0684536706815564 -6.749013364214136
    endloop
  endfacet
  facet normal 0 0 -1
    outer loop
      vertex -14.25251187585348 -3.065124781741001 -6.749013364214136
      vertex -14.254190574297532 -3.0615573659572832 -6.749013364214136
      vertex 14.250399298692423 -3.0684536706815564 -6.749013364214136
    endloop
  endfacet
  facet normal 0 0 -1
    outer loop
      vertex -14.254190574297532 -3.0615573659572832 -6.749013364214136
      vertex -14.255408919947305 -3.0578076836083836 -6.749013364214136
      vertex 14.250399298692423 -3.0684536706815564 -6.749013364214136
    endloop
  endfacet
  facet normal 0 0 -1
    outer loop
      vertex -14.255408919947305 -3.0578076836083836 -6.749013364214136
      vertex -14.256147698764103 -3.0539348694248956 -6.749013364214136
      vertex 14.250399298692423 -3.0684536706815564 -6.749013364214136
    endloop
  endfacet
  facet normal 0 0 -1
    outer loop
      vertex -14.256147698764103 -3.0539348694248956 -6.749013364214136
      vertex -14.256395259764655 -3.05 -6.749013364214136
      vertex 14.250399298692423 -3.0684536706815564 -6.749013364214136
    endloop
  endfacet
  facet normal 0 0 -1
    outer loop
      vertex -14.22697132467138 -3.0813333083910757 -6.749013364214136
      vertex -14.230882885046462 -3.0808391634001375 -6.749013364214136
      vertex 14.250399298692423 -3.0684536706815564 -6.749013364214136
    endloop
  endfacet
  facet normal 0 -1 0
    outer loop
      vertex -14.256395259764657 -3.5490133642141357 -6.25
      vertex 14.256395259764657 -3.5490133642141357 -6.25
      vertex -14.256395259764657 -3.5490133642141357 6.25
    endloop
  endfacet
  facet normal 0 0 -1
    outer loop
      vertex -14.256395259764655 -3.05 -6.749013364214136
      vertex -14.256395259764655 3.05 -6.749013364214136
      vertex 14.250399298692423 -3.0684536706815564 -6.749013364214136
    endloop
  endfacet
  facet normal 0 -0.5885451124079057 -0.808464378102564
    outer loop
      vertex -14.245012091738383 -3.3680830895552902 -6.635256621387895
      vertex 14.241822421417227 -3.317384731598547 -6.672163962751007
      vertex 14.245012091738383 -3.3680830895552902 -6.635256621387895
    endloop
  endfacet
  facet normal 0 -0.7711311414172859 -0.6366763406445018
    outer loop
      vertex -14.250399298692423 -3.453710292069451 -6.543892626146237
      vertex 14.247886159418181 -3.4137650871761194 -6.592273552964344
      vertex 14.250399298692423 -3.453710292069451 -6.543892626146237
    endloop
  endfacet
  facet normal 0 -0.6852653337890544 -0.7282935001130901
    outer loop
      vertex -14.245012091738383 -3.3680830895552902 -6.635256621387895
      vertex 14.245012091738383 -3.3680830895552902 -6.635256621387895
      vertex 14.247886159418181 -3.4137650871761194 -6.592273552964344
    endloop
  endfacet
  facet normal 0 -0.8448062108372232 -0.5350723933551919
    outer loop
      vertex -14.25251187585348 -3.4872887444920084 -6.490876837050857
      vertex 14.250399298692423 -3.453710292069451 -6.543892626146237
      vertex 14.25251187585348 -3.4872887444920084 -6.490876837050857
    endloop
  endfacet
  facet normal 0 -0.9051505907597607 -0.42509105853599893
    outer loop
      vertex -14.25251187585348 -3.4872887444920084 -6.490876837050857
      vertex 14.25251187585348 -3.4872887444920084 -6.490876837050857
      vertex 14.25419057429753 -3.5139708921902932 -6.434062276342339
    endloop
  endfacet
  facet normal 0 -0.951235598264887 -0.30846529236470455
    outer loop
      vertex -14.255408919947305 -3.5333359417559604 -6.374344943582427
      vertex 14.25419057429753 -3.5139708921902932 -6.434062276342339
      vertex 14.255408919947305 -3.5333359417559604 -6.374344943582427
    endloop
  endfacet
  facet normal 0 -0.9823552484439997 -0.187024506026691
    outer loop
      vertex -14.255408919947305 -3.5333359417559604 -6.374344943582427
      vertex 14.255408919947305 -3.5333359417559604 -6.374344943582427
      vertex 14.256147698764101 -3.54507849478924 -6.312666616782153
    endloop
  endfacet
  facet normal 0 -0.9980344854238816 -0.06266710384793628
    outer loop
      vertex -14.256395259764657 -3.5490133642141357 -6.25
      vertex 14.256147698764101 -3.54507849478924 -6.312666616782153
      vertex 14.256395259764657 -3.5490133642141357 -6.25
    endloop
  endfacet
  facet normal 0 -0.368753511155259 -0.9295272174663141
    outer loop
      vertex -14.238367451461096 -3.262469556696598 -6.70241352623301
      vertex 14.234701668810095 -3.204203609962383 -6.725528258147577
      vertex 14.238367451461096 -3.262469556696598 -6.70241352623301
    endloop
  endfacet
  facet normal 0 -0.4824846161824942 -0.8759044440732284
    outer loop
      vertex -14.238367451461096 -3.262469556696598 -6.70241352623301
      vertex 14.238367451461096 -3.262469556696598 -6.70241352623301
      vertex 14.241822421417227 -3.317384731598547 -6.672163962751007
    endloop
  endfacet
  facet normal 0 -0.24915109527790102 -0.9684646259527616
    outer loop
      vertex -14.230882885046462 -3.1435057801822897 -6.741143625364344
      vertex 14.23088288504646 -3.1435057801822897 -6.741143625364344
      vertex 14.234701668810095 -3.204203609962383 -6.725528258147577
    endloop
  endfacet
  facet normal 0 -0.12557713505581838 -0.9920838589308733
    outer loop
      vertex -14.230882885046462 -3.1435057801822897 -6.741143625364344
      vertex 14.22697132467138 -3.0813333083910757 -6.749013364214136
      vertex 14.23088288504646 -3.1435057801822897 -6.741143625364344
    endloop
  endfacet
  facet normal 0 0 -1
    outer loop
      vertex -14.22697132467138 -3.0813333083910757 -6.749013364214136
      vertex 14.250399298692423 -3.0684536706815564 -6.749013364214136
      vertex 14.22697132467138 -3.0813333083910757 -6.749013364214136
    endloop
  endfacet
  facet normal 0.07376426203655073 -0.5839042584066654 -0.8084643781025638
    outer loop
      vertex 14.245012091738383 -3.3680830895552902 -6.635256621387895
      vertex 14.275201964616711 -3.3131679146533415 -6.672163962751007
      vertex 14.284720672573792 -3.363066729219376 -6.635256621387895
    endloop
  endfacet
  facet normal 0.1463652175961485 -0.5700548854428573 -0.8084643781025624
    outer loop
      vertex 14.284720672573792 -3.363066729219376 -6.635256621387895
      vertex 14.275201964616711 -3.3131679146533415 -6.672163962751007
      vertex 14.323487422727313 -3.353113119546673 -6.635256621387895
    endloop
  endfacet
  facet normal 0.08588652013330682 -0.679861811953292 -0.7282935001130916
    outer loop
      vertex 14.245012091738383 -3.3680830895552902 -6.635256621387895
      vertex 14.293297549848988 -3.4080282944486218 -6.592273552964344
      vertex 14.247886159418181 -3.4137650871761194 -6.592273552964344
    endloop
  endfacet
  facet normal 0.09664835945596388 -0.7650505420415006 -0.6366763406445044
    outer loop
      vertex 14.300797333964086 -3.447343539598677 -6.543892626146237
      vertex 14.247886159418181 -3.4137650871761194 -6.592273552964344
      vertex 14.293297549848988 -3.4080282944486218 -6.592273552964344
    endloop
  endfacet
  facet normal 0.09664835945595912 -0.7650505420415037 -0.6366763406445013
    outer loop
      vertex 14.250399298692423 -3.453710292069451 -6.543892626146237
      vertex 14.247886159418181 -3.4137650871761194 -6.592273552964344
      vertex 14.300797333964086 -3.447343539598677 -6.543892626146237
    endloop
  endfacet
  facet normal 0.19177251654837496 -0.7469046385986808 -0.6366763406445046
    outer loop
      vertex 14.300797333964086 -3.447343539598677 -6.543892626146237
      vertex 14.293297549848988 -3.4080282944486218 -6.592273552964344
      vertex 14.35 -3.4347104421469066 -6.543892626146237
    endloop
  endfacet
  facet normal 0.1917725165483758 -0.7469046385986802 -0.6366763406445052
    outer loop
      vertex 14.293297549848988 -3.4080282944486218 -6.592273552964344
      vertex 14.337631847119697 -3.3966451816419334 -6.592273552964344
      vertex 14.35 -3.4347104421469066 -6.543892626146237
    endloop
  endfacet
  facet normal 0.2838723064954671 -0.7169796028259561 -0.6366763406445051
    outer loop
      vertex 14.337631847119697 -3.3966451816419334 -6.592273552964344
      vertex 14.380189872878324 -3.379795267244958 -6.592273552964344
      vertex 14.35 -3.4347104421469066 -6.543892626146237
    endloop
  endfacet
  facet normal 0.2838723064954761 -0.7169796028259567 -0.6366763406445003
    outer loop
      vertex 14.35 -3.4347104421469066 -6.543892626146237
      vertex 14.380189872878324 -3.379795267244958 -6.592273552964344
      vertex 14.397231341364533 -3.4160102312076006 -6.543892626146237
    endloop
  endfacet
  facet normal 0.08588652013330547 -0.679861811953293 -0.7282935001130909
    outer loop
      vertex 14.245012091738383 -3.3680830895552902 -6.635256621387895
      vertex 14.284720672573792 -3.363066729219376 -6.635256621387895
      vertex 14.293297549848988 -3.4080282944486218 -6.592273552964344
    endloop
  endfacet
  facet normal 0.17041855853798474 -0.6637364632132667 -0.7282935001130927
    outer loop
      vertex 14.293297549848988 -3.4080282944486218 -6.592273552964344
      vertex 14.284720672573792 -3.363066729219376 -6.635256621387895
      vertex 14.323487422727313 -3.353113119546673 -6.635256621387895
    endloop
  endfacet
  facet normal 0.17041855853799195 -0.6637364632132682 -0.7282935001130896
    outer loop
      vertex 14.293297549848988 -3.4080282944486218 -6.592273552964344
      vertex 14.323487422727313 -3.353113119546673 -6.635256621387895
      vertex 14.337631847119697 -3.3966451816419334 -6.592273552964344
    endloop
  endfacet
  facet normal 0.2522629944714174 -0.637143593951428 -0.7282935001130872
    outer loop
      vertex 14.337631847119697 -3.3966451816419334 -6.592273552964344
      vertex 14.360700967390889 -3.3383792349077184 -6.635256621387895
      vertex 14.380189872878324 -3.379795267244958 -6.592273552964344
    endloop
  endfacet
  facet normal 0.2522629944714116 -0.6371435939514276 -0.7282935001130898
    outer loop
      vertex 14.337631847119697 -3.3966451816419334 -6.592273552964344
      vertex 14.323487422727313 -3.353113119546673 -6.635256621387895
      vertex 14.360700967390889 -3.3383792349077184 -6.635256621387895
    endloop
  endfacet
  facet normal 0.33012909228740245 -0.6005025896018478 -0.7282935001130867
    outer loop
      vertex 14.380189872878324 -3.379795267244958 -6.592273552964344
      vertex 14.360700967390889 -3.3383792349077184 -6.635256621387895
      vertex 14.395774426734883 -3.3190974374648645 -6.635256621387895
    endloop
  endfacet
  facet normal 0.3301290922874192 -0.6005025896018471 -0.7282935001130796
    outer loop
      vertex 14.380189872878324 -3.379795267244958 -6.592273552964344
      vertex 14.395774426734883 -3.3190974374648645 -6.635256621387895
      vertex 14.420300461635724 -3.357744284473386 -6.592273552964344
    endloop
  endfacet
  facet normal 0.3714952605920109 -0.6757473704138269 -0.6366763406445007
    outer loop
      vertex 14.397231341364533 -3.4160102312076006 -6.543892626146237
      vertex 14.380189872878324 -3.379795267244958 -6.592273552964344
      vertex 14.441746491589734 -3.3915378202782374 -6.543892626146237
    endloop
  endfacet
  facet normal 0.3714952605920217 -0.6757473704138115 -0.6366763406445107
    outer loop
      vertex 14.380189872878324 -3.379795267244958 -6.592273552964344
      vertex 14.420300461635724 -3.357744284473386 -6.592273552964344
      vertex 14.441746491589734 -3.3915378202782374 -6.543892626146237
    endloop
  endfacet
  facet normal 0.45325951250853175 -0.6238581982983311 -0.6366763406445132
    outer loop
      vertex 14.420300461635724 -3.357744284473386 -6.592273552964344
      vertex 14.45733104544629 -3.3308399904981436 -6.592273552964344
      vertex 14.441746491589734 -3.3915378202782374 -6.543892626146237
    endloop
  endfacet
  facet normal 0.4532595125085316 -0.6238581982983313 -0.6366763406445133
    outer loop
      vertex 14.441746491589734 -3.3915378202782374 -6.543892626146237
      vertex 14.45733104544629 -3.3308399904981436 -6.592273552964344
      vertex 14.482843420164487 -3.3616791538982813 -6.543892626146237
    endloop
  endfacet
  facet normal 0.11344545040256596 -0.8980132079962434 -0.42509105853599727
    outer loop
      vertex 14.25419057429753 -3.5139708921902932 -6.434062276342339
      vertex 14.25251187585348 -3.4872887444920084 -6.490876837050857
      vertex 14.312111370098316 -3.5066537940576756 -6.434062276342339
    endloop
  endfacet
  facet normal 0.10588229413944109 -0.8381446615333905 -0.5350723933551864
    outer loop
      vertex 14.300797333964086 -3.447343539598677 -6.543892626146237
      vertex 14.307101748843435 -3.4803924397677353 -6.490876837050857
      vertex 14.25251187585348 -3.4872887444920084 -6.490876837050857
    endloop
  endfacet
  facet normal 0.10588229413943424 -0.8381446615333883 -0.535072393355191
    outer loop
      vertex 14.250399298692423 -3.453710292069451 -6.543892626146237
      vertex 14.300797333964086 -3.447343539598677 -6.543892626146237
      vertex 14.25251187585348 -3.4872887444920084 -6.490876837050857
    endloop
  endfacet
  facet normal 0.21009476124927312 -0.8182650702338251 -0.5350723933551835
    outer loop
      vertex 14.300797333964086 -3.447343539598677 -6.543892626146237
      vertex 14.360396828208922 -3.466708589164344 -6.490876837050857
      vertex 14.307101748843435 -3.4803924397677353 -6.490876837050857
    endloop
  endfacet
  facet normal 0.21009476124928303 -0.8182650702338171 -0.5350723933551917
    outer loop
      vertex 14.300797333964086 -3.447343539598677 -6.543892626146237
      vertex 14.35 -3.4347104421469066 -6.543892626146237
      vertex 14.360396828208922 -3.466708589164344 -6.490876837050857
    endloop
  endfacet
  facet normal 0.11344545040256554 -0.8980132079962436 -0.42509105853599694
    outer loop
      vertex 14.312111370098316 -3.5066537940576756 -6.434062276342339
      vertex 14.25251187585348 -3.4872887444920084 -6.490876837050857
      vertex 14.307101748843435 -3.4803924397677353 -6.490876837050857
    endloop
  endfacet
  facet normal 0.2251017982832405 -0.8767136204955388 -0.4250910585359983
    outer loop
      vertex 14.307101748843435 -3.4803924397677353 -6.490876837050857
      vertex 14.360396828208922 -3.466708589164344 -6.490876837050857
      vertex 14.368658367554845 -3.492134992801015 -6.434062276342339
    endloop
  endfacet
  facet normal 0.22510179828323768 -0.8767136204955409 -0.42509105853599566
    outer loop
      vertex 14.312111370098316 -3.5066537940576756 -6.434062276342339
      vertex 14.307101748843435 -3.4803924397677353 -6.490876837050857
      vertex 14.368658367554845 -3.492134992801015 -6.434062276342339
    endloop
  endfacet
  facet normal 0.33320815633571477 -0.8415877354762822 -0.42509105853600027
    outer loop
      vertex 14.360396828208922 -3.466708589164344 -6.490876837050857
      vertex 14.42293978673768 -3.47064345858924 -6.434062276342339
      vertex 14.368658367554845 -3.492134992801015 -6.434062276342339
    endloop
  endfacet
  facet normal 0.33320815633571615 -0.8415877354762809 -0.42509105853600176
    outer loop
      vertex 14.360396828208922 -3.466708589164344 -6.490876837050857
      vertex 14.411556618711407 -3.446452995180186 -6.490876837050857
      vertex 14.42293978673768 -3.47064345858924 -6.434062276342339
    endloop
  endfacet
  facet normal 0.11922143341201637 -0.9437348214522662 -0.308465292364706
    outer loop
      vertex 14.25419057429753 -3.5139708921902932 -6.434062276342339
      vertex 14.31574719300894 -3.5257134452235723 -6.374344943582427
      vertex 14.255408919947305 -3.5333359417559604 -6.374344943582427
    endloop
  endfacet
  facet normal 0.11922143341201863 -0.9437348214522652 -0.3084652923647081
    outer loop
      vertex 14.25419057429753 -3.5139708921902932 -6.434062276342339
      vertex 14.312111370098316 -3.5066537940576756 -6.434062276342339
      vertex 14.31574719300894 -3.5257134452235723 -6.374344943582427
    endloop
  endfacet
  facet normal 0.23656267359967748 -0.9213507827454888 -0.3084652923647123
    outer loop
      vertex 14.312111370098316 -3.5066537940576756 -6.434062276342339
      vertex 14.368658367554845 -3.492134992801015 -6.434062276342339
      vertex 14.31574719300894 -3.5257134452235723 -6.374344943582427
    endloop
  endfacet
  facet normal 0.23656267359969643 -0.9213507827454894 -0.30846529236469594
    outer loop
      vertex 14.368658367554845 -3.492134992801015 -6.434062276342339
      vertex 14.374654328627075 -3.5105886634825714 -6.374344943582427
      vertex 14.31574719300894 -3.5257134452235723 -6.374344943582427
    endloop
  endfacet
  facet normal 0.3501731791089917 -0.8844364918065446 -0.3084652923646905
    outer loop
      vertex 14.368658367554845 -3.492134992801015 -6.434062276342339
      vertex 14.431201326083604 -3.488200123376119 -6.374344943582427
      vertex 14.374654328627075 -3.5105886634825714 -6.374344943582427
    endloop
  endfacet
  facet normal 0.12312175979635472 -0.9746090838947284 -0.18702450602668894
    outer loop
      vertex 14.255408919947305 -3.5333359417559604 -6.374344943582427
      vertex 14.31574719300894 -3.5257134452235723 -6.374344943582427
      vertex 14.256147698764101 -3.54507849478924 -6.312666616782153
    endloop
  endfacet
  facet normal 0.12312175979635089 -0.9746090838947282 -0.1870245060266926
    outer loop
      vertex 14.31574719300894 -3.5257134452235723 -6.374344943582427
      vertex 14.317951878476064 -3.537270811180856 -6.312666616782153
      vertex 14.256147698764101 -3.54507849478924 -6.312666616782153
    endloop
  endfacet
  facet normal 0.24430181589133543 -0.9514927518891928 -0.18702450602668957
    outer loop
      vertex 14.31574719300894 -3.5257134452235723 -6.374344943582427
      vertex 14.3782901515377 -3.521778575798677 -6.312666616782153
      vertex 14.317951878476064 -3.537270811180856 -6.312666616782153
    endloop
  endfacet
  facet normal 0.24430181589134872 -0.9514927518891865 -0.18702450602670348
    outer loop
      vertex 14.31574719300894 -3.5257134452235723 -6.374344943582427
      vertex 14.374654328627075 -3.5105886634825714 -6.374344943582427
      vertex 14.3782901515377 -3.521778575798677 -6.312666616782153
    endloop
  endfacet
  facet normal 0.3616290864108779 -0.9133708107921447 -0.18702450602670762
    outer loop
      vertex 14.374654328627075 -3.5105886634825714 -6.374344943582427
      vertex 14.431201326083604 -3.488200123376119 -6.374344943582427
      vertex 14.3782901515377 -3.521778575798677 -6.312666616782153
    endloop
  endfacet
  facet normal 0.3109939084697039 -0.7854809499687975 -0.5350723933551916
    outer loop
      vertex 14.35 -3.4347104421469066 -6.543892626146237
      vertex 14.397231341364533 -3.4160102312076006 -6.543892626146237
      vertex 14.360396828208922 -3.466708589164344 -6.490876837050857
    endloop
  endfacet
  facet normal 0.3109939084696968 -0.7854809499687972 -0.5350723933551963
    outer loop
      vertex 14.397231341364533 -3.4160102312076006 -6.543892626146237
      vertex 14.411556618711407 -3.446452995180186 -6.490876837050857
      vertex 14.360396828208922 -3.466708589164344 -6.490876837050857
    endloop
  endfacet
  facet normal 0.43605962271382803 -0.7931895091284384 -0.42509105853600443
    outer loop
      vertex 14.411556618711407 -3.446452995180186 -6.490876837050857
      vertex 14.459774299893295 -3.419945100632497 -6.490876837050857
      vertex 14.42293978673768 -3.47064345858924 -6.434062276342339
    endloop
  endfacet
  facet normal 0.36162908641089936 -0.9133708107921403 -0.1870245060266869
    outer loop
      vertex 14.431201326083604 -3.488200123376119 -6.374344943582427
      vertex 14.436210947338486 -3.498846110449292 -6.312666616782153
      vertex 14.3782901515377 -3.521778575798677 -6.312666616782153
    endloop
  endfacet
  facet normal 0.35017317910900914 -0.8844364918065309 -0.3084652923647096
    outer loop
      vertex 14.368658367554845 -3.492134992801015 -6.434062276342339
      vertex 14.42293978673768 -3.47064345858924 -6.434062276342339
      vertex 14.431201326083604 -3.488200123376119 -6.374344943582427
    endloop
  endfacet
  facet normal 0.4582612444004376 -0.8335741090550468 -0.3084652923647119
    outer loop
      vertex 14.42293978673768 -3.47064345858924 -6.434062276342339
      vertex 14.47409957724017 -3.4425181257552904 -6.434062276342339
      vertex 14.431201326083604 -3.488200123376119 -6.374344943582427
    endloop
  endfacet
  facet normal 0.4582612444004726 -0.8335741090550393 -0.3084652923646808
    outer loop
      vertex 14.431201326083604 -3.488200123376119 -6.374344943582427
      vertex 14.47409957724017 -3.4425181257552904 -6.434062276342339
      vertex 14.484496405449088 -3.4589009055559603 -6.374344943582427
    endloop
  endfacet
  facet normal 0.47325325021099846 -0.8608444663876283 -0.18702450602668533
    outer loop
      vertex 14.431201326083604 -3.488200123376119 -6.374344943582427
      vertex 14.49080082032844 -3.4688350738104523 -6.312666616782153
      vertex 14.436210947338486 -3.498846110449292 -6.312666616782153
    endloop
  endfacet
  facet normal 0.47325325021101566 -0.8608444663876142 -0.18702450602670637
    outer loop
      vertex 14.431201326083604 -3.488200123376119 -6.374344943582427
      vertex 14.484496405449088 -3.4589009055559603 -6.374344943582427
      vertex 14.49080082032844 -3.4688350738104523 -6.312666616782153
    endloop
  endfacet
  facet normal 0.5774139275474761 -0.7947420905046264 -0.1870245060267083
    outer loop
      vertex 14.484496405449088 -3.4589009055559603 -6.374344943582427
      vertex 14.533699071485005 -3.4231530761896227 -6.374344943582427
      vertex 14.49080082032844 -3.4688350738104523 -6.312666616782153
    endloop
  endfacet
  facet normal 0.4069884959747571 -0.7403093258992128 -0.5350723933551965
    outer loop
      vertex 14.397231341364533 -3.4160102312076006 -6.543892626146237
      vertex 14.459774299893295 -3.419945100632497 -6.490876837050857
      vertex 14.411556618711407 -3.446452995180186 -6.490876837050857
    endloop
  endfacet
  facet normal 0.4069884959747601 -0.7403093258992088 -0.5350723933551998
    outer loop
      vertex 14.397231341364533 -3.4160102312076006 -6.543892626146237
      vertex 14.441746491589734 -3.3915378202782374 -6.543892626146237
      vertex 14.459774299893295 -3.419945100632497 -6.490876837050857
    endloop
  endfacet
  facet normal 0.4360596227138408 -0.7931895091284368 -0.4250910585359947
    outer loop
      vertex 14.42293978673768 -3.47064345858924 -6.434062276342339
      vertex 14.459774299893295 -3.419945100632497 -6.490876837050857
      vertex 14.47409957724017 -3.4425181257552904 -6.434062276342339
    endloop
  endfacet
  facet normal 0.5320341683524235 -0.7322822103931602 -0.4250910585359948
    outer loop
      vertex 14.459774299893295 -3.419945100632497 -6.490876837050857
      vertex 14.521330918604702 -3.408202547599217 -6.434062276342339
      vertex 14.47409957724017 -3.4425181257552904 -6.434062276342339
    endloop
  endfacet
  facet normal 0.532034168352426 -0.7322822103931562 -0.4250910585359985
    outer loop
      vertex 14.459774299893295 -3.419945100632497 -6.490876837050857
      vertex 14.504289450118494 -3.387602950853341 -6.490876837050857
      vertex 14.521330918604702 -3.408202547599217 -6.434062276342339
    endloop
  endfacet
  facet normal 0.49656463177519616 -0.6834625815208172 -0.535072393355202
    outer loop
      vertex 14.441746491589734 -3.3915378202782374 -6.543892626146237
      vertex 14.482843420164487 -3.3616791538982813 -6.543892626146237
      vertex 14.459774299893295 -3.419945100632497 -6.490876837050857
    endloop
  endfacet
  facet normal 0.49656463177522686 -0.683462581520811 -0.5350723933551815
    outer loop
      vertex 14.482843420164487 -3.3616791538982813 -6.543892626146237
      vertex 14.504289450118494 -3.387602950853341 -6.490876837050857
      vertex 14.459774299893295 -3.419945100632497 -6.490876837050857
    endloop
  endfacet
  facet normal 0.5783096466992191 -0.6158372239510725 -0.535072393355199
    outer loop
      vertex 14.482843420164487 -3.3616791538982813 -6.543892626146237
      vertex 14.51987400397505 -3.326905121073248 -6.543892626146237
      vertex 14.544400038875894 -3.349936600865002 -6.490876837050857
    endloop
  endfacet
  facet normal 0.5783096466992078 -0.6158372239511001 -0.5350723933551795
    outer loop
      vertex 14.482843420164487 -3.3616791538982813 -6.543892626146237
      vertex 14.544400038875894 -3.349936600865002 -6.490876837050857
      vertex 14.504289450118494 -3.387602950853341 -6.490876837050857
    endloop
  endfacet
  facet normal 0.6196182173342372 -0.6598263837558233 -0.4250910585359979
    outer loop
      vertex 14.521330918604702 -3.408202547599217 -6.434062276342339
      vertex 14.504289450118494 -3.387602950853341 -6.490876837050857
      vertex 14.544400038875894 -3.349936600865002 -6.490876837050857
    endloop
  endfacet
  facet normal 0.619618217334252 -0.6598263837558171 -0.42509105853598556
    outer loop
      vertex 14.521330918604702 -3.408202547599217 -6.434062276342339
      vertex 14.544400038875894 -3.349936600865002 -6.490876837050857
      vertex 14.56388894436333 -3.368237901287674 -6.434062276342339
    endloop
  endfacet
  facet normal 0.6974305168867171 -0.5769647008854899 -0.42509105853598456
    outer loop
      vertex 14.544400038875894 -3.349936600865002 -6.490876837050857
      vertex 14.579473498219889 -3.3075400715075807 -6.490876837050857
      vertex 14.56388894436333 -3.368237901287674 -6.434062276342339
    endloop
  endfacet
  facet normal 0.5591222561157235 -0.7695657646507011 -0.30846529236470827
    outer loop
      vertex 14.47409957724017 -3.4425181257552904 -6.434062276342339
      vertex 14.521330918604702 -3.408202547599217 -6.434062276342339
      vertex 14.533699071485005 -3.4231530761896227 -6.374344943582427
    endloop
  endfacet
  facet normal 0.5591222561157007 -0.7695657646507307 -0.3084652923646759
    outer loop
      vertex 14.484496405449088 -3.4589009055559603 -6.374344943582427
      vertex 14.47409957724017 -3.4425181257552904 -6.434062276342339
      vertex 14.533699071485005 -3.4231530761896227 -6.374344943582427
    endloop
  endfacet
  facet normal 0.651165575848581 -0.6934209084215308 -0.30846529236470815
    outer loop
      vertex 14.521330918604702 -3.408202547599217 -6.434062276342339
      vertex 14.578033368755714 -3.3815203999009324 -6.374344943582427
      vertex 14.533699071485005 -3.4231530761896227 -6.374344943582427
    endloop
  endfacet
  facet normal 0.5774139275474897 -0.79474209050462 -0.18702450602669424
    outer loop
      vertex 14.533699071485005 -3.4231530761896227 -6.374344943582427
      vertex 14.541198855600102 -3.4322187578576755 -6.312666616782153
      vertex 14.49080082032844 -3.4688350738104523 -6.312666616782153
    endloop
  endfacet
  facet normal 0.6724684423161963 -0.7161061570984426 -0.18702450602669488
    outer loop
      vertex 14.533699071485005 -3.4231530761896227 -6.374344943582427
      vertex 14.58661024603091 -3.389574623767065 -6.312666616782153
      vertex 14.541198855600102 -3.4322187578576755 -6.312666616782153
    endloop
  endfacet
  facet normal 0.6511655758485828 -0.6934209084215278 -0.3084652923647112
    outer loop
      vertex 14.521330918604702 -3.408202547599217 -6.434062276342339
      vertex 14.56388894436333 -3.368237901287674 -6.434062276342339
      vertex 14.578033368755714 -3.3815203999009324 -6.374344943582427
    endloop
  endfacet
  facet normal 0.6724684423162047 -0.7161061570984313 -0.18702450602670823
    outer loop
      vertex 14.533699071485005 -3.4231530761896227 -6.374344943582427
      vertex 14.578033368755714 -3.3815203999009324 -6.374344943582427
      vertex 14.58661024603091 -3.389574623767065 -6.312666616782153
    endloop
  endfacet
  facet normal 0.7329396254628424 -0.6063403902369884 -0.3084652923647081
    outer loop
      vertex 14.56388894436333 -3.368237901287674 -6.434062276342339
      vertex 14.601102489026905 -3.3232544531667174 -6.434062276342339
      vertex 14.616800118909234 -3.3346594488651164 -6.374344943582427
    endloop
  endfacet
  facet normal 0.7329396254628437 -0.6063403902369855 -0.3084652923647109
    outer loop
      vertex 14.56388894436333 -3.368237901287674 -6.434062276342339
      vertex 14.616800118909234 -3.3346594488651164 -6.374344943582427
      vertex 14.578033368755714 -3.3815203999009324 -6.374344943582427
    endloop
  endfacet
  facet normal 0.7569177280363986 -0.626176801813738 -0.18702450602671106
    outer loop
      vertex 14.578033368755714 -3.3815203999009324 -6.374344943582427
      vertex 14.616800118909234 -3.3346594488651164 -6.374344943582427
      vertex 14.58661024603091 -3.389574623767065 -6.312666616782153
    endloop
  endfacet
  facet normal 0.7569177280363999 -0.6261768018137369 -0.1870245060267094
    outer loop
      vertex 14.58661024603091 -3.389574623767065 -6.312666616782153
      vertex 14.616800118909234 -3.3346594488651164 -6.374344943582427
      vertex 14.626318826866319 -3.341575195007601 -6.312666616782153
    endloop
  endfacet
  facet normal 0.12508688926686048 -0.9901646854078627 -0.06266710384794105
    outer loop
      vertex 14.256147698764101 -3.54507849478924 -6.312666616782153
      vertex 14.317951878476064 -3.537270811180856 -6.312666616782153
      vertex 14.318690657292864 -3.5411436253643442 -6.25
    endloop
  endfacet
  facet normal 0.24820108356669296 -0.9666793968072508 -0.06266710384794598
    outer loop
      vertex 14.317951878476064 -3.537270811180856 -6.312666616782153
      vertex 14.3782901515377 -3.521778575798677 -6.312666616782153
      vertex 14.318690657292864 -3.5411436253643442 -6.25
    endloop
  endfacet
  facet normal 0.3674009985105552 -0.9279489966527033 -0.06266710384793876
    outer loop
      vertex 14.3782901515377 -3.521778575798677 -6.312666616782153
      vertex 14.436210947338486 -3.498846110449292 -6.312666616782153
      vertex 14.379508497187475 -3.5255282581475766 -6.25
    endloop
  endfacet
  facet normal 0.12508688926686018 -0.9901646854078626 -0.06266710384794075
    outer loop
      vertex 14.256395259764657 -3.5490133642141357 -6.25
      vertex 14.256147698764101 -3.54507849478924 -6.312666616782153
      vertex 14.318690657292864 -3.5411436253643442 -6.25
    endloop
  endfacet
  facet normal 0.2482010835667016 -0.9666793968072492 -0.06266710384793722
    outer loop
      vertex 14.3782901515377 -3.521778575798677 -6.312666616782153
      vertex 14.379508497187475 -3.5255282581475766 -6.25
      vertex 14.318690657292864 -3.5411436253643442 -6.25
    endloop
  endfacet
  facet normal 0.36740099851055774 -0.9279489966527024 -0.06266710384793613
    outer loop
      vertex 14.379508497187475 -3.5255282581475766 -6.25
      vertex 14.436210947338486 -3.498846110449292 -6.312666616782153
      vertex 14.437889645782535 -3.50241352623301 -6.25
    endloop
  endfacet
  facet normal 0.4808067802331677 -0.874584286491089 -0.06266710384792838
    outer loop
      vertex 14.436210947338486 -3.498846110449292 -6.312666616782153
      vertex 14.49080082032844 -3.4688350738104523 -6.312666616782153
      vertex 14.492913397489497 -3.4721639627510075 -6.25
    endloop
  endfacet
  facet normal 0.5866299518114633 -0.8074268596801771 -0.06266710384793375
    outer loop
      vertex 14.49080082032844 -3.4688350738104523 -6.312666616782153
      vertex 14.541198855600102 -3.4322187578576755 -6.312666616782153
      vertex 14.543711994874345 -3.4352566213878943 -6.25
    endloop
  endfacet
  facet normal 0.4808067802331724 -0.874584286491086 -0.06266710384793399
    outer loop
      vertex 14.436210947338486 -3.498846110449292 -6.312666616782153
      vertex 14.492913397489497 -3.4721639627510075 -6.25
      vertex 14.437889645782535 -3.50241352623301 -6.25
    endloop
  endfacet
  facet normal 0.5866299518114586 -0.8074268596801812 -0.06266710384792752
    outer loop
      vertex 14.49080082032844 -3.4688350738104523 -6.312666616782153
      vertex 14.543711994874345 -3.4352566213878943 -6.25
      vertex 14.492913397489497 -3.4721639627510075 -6.25
    endloop
  endfacet
  facet normal 0.6832016186139452 -0.7275358289586829 -0.06266710384793282
    outer loop
      vertex 14.541198855600102 -3.4322187578576755 -6.312666616782153
      vertex 14.58661024603091 -3.389574623767065 -6.312666616782153
      vertex 14.543711994874345 -3.4352566213878943 -6.25
    endloop
  endfacet
  facet normal 0.6832016186139593 -0.7275358289586711 -0.06266710384791455
    outer loop
      vertex 14.543711994874345 -3.4352566213878943 -6.25
      vertex 14.58661024603091 -3.389574623767065 -6.312666616782153
      vertex 14.589484313710704 -3.392273552964344 -6.25
    endloop
  endfacet
  facet normal 0.7689987877660209 -0.6361711236056702 -0.0626671038479467
    outer loop
      vertex 14.58661024603091 -3.389574623767065 -6.312666616782153
      vertex 14.626318826866319 -3.341575195007601 -6.312666616782153
      vertex 14.629508497187475 -3.3438926261462365 -6.25
    endloop
  endfacet
  facet normal 0.7689987877660004 -0.6361711236056987 -0.06266710384791191
    outer loop
      vertex 14.58661024603091 -3.389574623767065 -6.312666616782153
      vertex 14.629508497187475 -3.3438926261462365 -6.25
      vertex 14.589484313710704 -3.392273552964344 -6.25
    endloop
  endfacet
  facet normal 0.07376426203654811 -0.5839042584066644 -0.8084643781025646
    outer loop
      vertex 14.245012091738383 -3.3680830895552902 -6.635256621387895
      vertex 14.241822421417227 -3.317384731598547 -6.672163962751007
      vertex 14.275201964616711 -3.3131679146533415 -6.672163962751007
    endloop
  endfacet
  facet normal 0.14636521759615798 -0.5700548854428495 -0.8084643781025661
    outer loop
      vertex 14.323487422727313 -3.353113119546673 -6.635256621387895
      vertex 14.275201964616711 -3.3131679146533415 -6.672163962751007
      vertex 14.307789792844984 -3.304800782485161 -6.672163962751007
    endloop
  endfacet
  facet normal 0.06047135709118316 -0.47868008087272673 -0.8759044440732279
    outer loop
      vertex 14.241822421417227 -3.317384731598547 -6.672163962751007
      vertex 14.238367451461096 -3.262469556696598 -6.70241352623301
      vertex 14.275201964616711 -3.3131679146533415 -6.672163962751007
    endloop
  endfacet
  facet normal 0.11998904475721144 -0.4673264747379751 -0.8759044440732269
    outer loop
      vertex 14.275201964616711 -3.3131679146533415 -6.672163962751007
      vertex 14.290786518473267 -3.2524700848732477 -6.70241352623301
      vertex 14.307789792844984 -3.304800782485161 -6.672163962751007
    endloop
  endfacet
  facet normal 0.21665790623991202 -0.547215406401326 -0.8084643781025663
    outer loop
      vertex 14.323487422727313 -3.353113119546673 -6.635256621387895
      vertex 14.307789792844984 -3.304800782485161 -6.672163962751007
      vertex 14.360700967390889 -3.3383792349077184 -6.635256621387895
    endloop
  endfacet
  facet normal 0.2835337702771003 -0.5157460135102164 -0.808464378102568
    outer loop
      vertex 14.339071976583869 -3.2924152897665797 -6.672163962751007
      vertex 14.395774426734883 -3.3190974374648645 -6.635256621387895
      vertex 14.360700967390889 -3.3383792349077184 -6.635256621387895
    endloop
  endfacet
  facet normal 0.2166579062399139 -0.5472154064013239 -0.8084643781025672
    outer loop
      vertex 14.307789792844984 -3.304800782485161 -6.672163962751007
      vertex 14.339071976583869 -3.2924152897665797 -6.672163962751007
      vertex 14.360700967390889 -3.3383792349077184 -6.635256621387895
    endloop
  endfacet
  facet normal 0.283533770277109 -0.5157460135102044 -0.8084643781025728
    outer loop
      vertex 14.339071976583869 -3.2924152897665797 -6.672163962751007
      vertex 14.36855517710873 -3.276206763116505 -6.672163962751007
      vertex 14.395774426734883 -3.3190974374648645 -6.635256621387895
    endloop
  endfacet
  facet normal 0.04621706994128096 -0.365845779578465 -0.929527217466314
    outer loop
      vertex 14.238367451461096 -3.262469556696598 -6.70241352623301
      vertex 14.234701668810095 -3.204203609962383 -6.725528258147577
      vertex 14.264891541688419 -3.2591187848643317 -6.70241352623301
    endloop
  endfacet
  facet normal 0.060471357091186215 -0.47868008087272496 -0.8759044440732286
    outer loop
      vertex 14.238367451461096 -3.262469556696598 -6.70241352623301
      vertex 14.264891541688419 -3.2591187848643317 -6.70241352623301
      vertex 14.275201964616711 -3.3131679146533415 -6.672163962751007
    endloop
  endfacet
  facet normal 0.11998904475719659 -0.46732647473797284 -0.8759044440732301
    outer loop
      vertex 14.275201964616711 -3.3131679146533415 -6.672163962751007
      vertex 14.264891541688419 -3.2591187848643317 -6.70241352623301
      vertex 14.290786518473267 -3.2524700848732477 -6.70241352623301
    endloop
  endfacet
  facet normal 0.1776144335094236 -0.4486028509293083 -0.875904444073224
    outer loop
      vertex 14.307789792844984 -3.304800782485161 -6.672163962751007
      vertex 14.315644002562829 -3.242628310693947 -6.70241352623301
      vertex 14.339071976583869 -3.2924152897665797 -6.672163962751007
    endloop
  endfacet
  facet normal 0.17761443350941306 -0.4486028509293081 -0.8759044440732262
    outer loop
      vertex 14.307789792844984 -3.304800782485161 -6.672163962751007
      vertex 14.290786518473267 -3.2524700848732477 -6.70241352623301
      vertex 14.315644002562829 -3.242628310693947 -6.70241352623301
    endloop
  endfacet
  facet normal 0.23243873654347694 -0.42280449217912897 -0.8759044440732225
    outer loop
      vertex 14.339071976583869 -3.2924152897665797 -6.672163962751007
      vertex 14.315644002562829 -3.242628310693947 -6.70241352623301
      vertex 14.36855517710873 -3.276206763116505 -6.672163962751007
    endloop
  endfacet
  facet normal 0.34593813738215784 -0.4761429978943095 -0.8084643781025747
    outer loop
      vertex 14.36855517710873 -3.276206763116505 -6.672163962751007
      vertex 14.395774426734883 -3.256430820682712 -6.672163962751007
      vertex 14.395774426734883 -3.3190974374648645 -6.635256621387895
    endloop
  endfacet
  facet normal 0.23243873654349181 -0.4228044921791101 -0.8759044440732275
    outer loop
      vertex 14.315644002562829 -3.242628310693947 -6.70241352623301
      vertex 14.339071976583869 -3.2297486729844276 -6.70241352623301
      vertex 14.36855517710873 -3.276206763116505 -6.672163962751007
    endloop
  endfacet
  facet normal 0.2835973418500519 -0.3903382540161226 -0.8759044440732274
    outer loop
      vertex 14.36855517710873 -3.276206763116505 -6.672163962751007
      vertex 14.339071976583869 -3.2297486729844276 -6.70241352623301
      vertex 14.395774426734883 -3.256430820682712 -6.672163962751007
    endloop
  endfacet
  facet normal 0.031226912417268944 -0.24718646447380963 -0.9684646259527615
    outer loop
      vertex 14.234701668810095 -3.204203609962383 -6.725528258147577
      vertex 14.242555878527936 -3.1420311381711694 -6.741143625364344
      vertex 14.253952005317652 -3.2017717269165047 -6.725528258147577
    endloop
  endfacet
  facet normal 0.031226912417266193 -0.24718646447380926 -0.9684646259527616
    outer loop
      vertex 14.234701668810095 -3.204203609962383 -6.725528258147577
      vertex 14.23088288504646 -3.1435057801822897 -6.741143625364344
      vertex 14.242555878527936 -3.1420311381711694 -6.741143625364344
    endloop
  endfacet
  facet normal 0.09170526908084191 -0.3571684415120462 -0.929527217466313
    outer loop
      vertex 14.264891541688419 -3.2591187848643317 -6.70241352623301
      vertex 14.272745751406264 -3.196946313073118 -6.725528258147577
      vertex 14.290786518473267 -3.2524700848732477 -6.70241352623301
    endloop
  endfacet
  facet normal 0.04621706994128162 -0.36584577957846465 -0.929527217466314
    outer loop
      vertex 14.264891541688419 -3.2591187848643317 -6.70241352623301
      vertex 14.234701668810095 -3.204203609962383 -6.725528258147577
      vertex 14.253952005317652 -3.2017717269165047 -6.725528258147577
    endloop
  endfacet
  facet normal 0.09170526908083379 -0.35716844151204563 -0.9295272174663142
    outer loop
      vertex 14.264891541688419 -3.2591187848643317 -6.70241352623301
      vertex 14.253952005317652 -3.2017717269165047 -6.725528258147577
      vertex 14.272745751406264 -3.196946313073118 -6.725528258147577
    endloop
  endfacet
  facet normal 0.13574722134492911 -0.34285834376089525 -0.9295272174663132
    outer loop
      vertex 14.290786518473267 -3.2524700848732477 -6.70241352623301
      vertex 14.272745751406264 -3.196946313073118 -6.725528258147577
      vertex 14.315644002562829 -3.242628310693947 -6.70241352623301
    endloop
  endfacet
  facet normal 0.17764835883696758 -0.3231411651149739 -0.9295272174663145
    outer loop
      vertex 14.315644002562829 -3.242628310693947 -6.70241352623301
      vertex 14.307789792844984 -3.1804558389027333 -6.725528258147577
      vertex 14.339071976583869 -3.2297486729844276 -6.70241352623301
    endloop
  endfacet
  facet normal 0.13574722134493658 -0.34285834376088903 -0.9295272174663144
    outer loop
      vertex 14.315644002562829 -3.242628310693947 -6.70241352623301
      vertex 14.272745751406264 -3.196946313073118 -6.725528258147577
      vertex 14.290786518473267 -3.189803468091096 -6.725528258147577
    endloop
  endfacet
  facet normal 0.17764835883696947 -0.32314116511497365 -0.9295272174663143
    outer loop
      vertex 14.315644002562829 -3.242628310693947 -6.70241352623301
      vertex 14.290786518473267 -3.189803468091096 -6.725528258147577
      vertex 14.307789792844984 -3.1804558389027333 -6.725528258147577
    endloop
  endfacet
  facet normal 0.21674787558812533 -0.29832785726003874 -0.9295272174663141
    outer loop
      vertex 14.339071976583869 -3.2297486729844276 -6.70241352623301
      vertex 14.307789792844984 -3.1804558389027333 -6.725528258147577
      vertex 14.360700967390889 -3.214034291325291 -6.70241352623301
    endloop
  endfacet
  facet normal 0.21674787558812217 -0.2983278572600433 -0.9295272174663134
    outer loop
      vertex 14.360700967390889 -3.214034291325291 -6.70241352623301
      vertex 14.307789792844984 -3.1804558389027333 -6.725528258147577
      vertex 14.323487422727313 -3.1690508432043343 -6.725528258147577
    endloop
  endfacet
  facet normal 0.25242914886238527 -0.2688097408836714 -0.9295272174663124
    outer loop
      vertex 14.360700967390889 -3.214034291325291 -6.70241352623301
      vertex 14.337631847119697 -3.155768344591076 -6.725528258147577
      vertex 14.380189872878324 -3.1957329909026186 -6.70241352623301
    endloop
  endfacet
  facet normal 0.28359734185005786 -0.3903382540161128 -0.87590444407323
    outer loop
      vertex 14.395774426734883 -3.256430820682712 -6.672163962751007
      vertex 14.339071976583869 -3.2297486729844276 -6.70241352623301
      vertex 14.360700967390889 -3.214034291325291 -6.70241352623301
    endloop
  endfacet
  facet normal 0.3302834476628294 -0.35171614841050336 -0.875904444073231
    outer loop
      vertex 14.395774426734883 -3.256430820682712 -6.672163962751007
      vertex 14.360700967390889 -3.214034291325291 -6.70241352623301
      vertex 14.420300461635728 -3.2333993408909585 -6.672163962751007
    endloop
  endfacet
  facet normal 0.33028344766284007 -0.3517161484104793 -0.8759044440732366
    outer loop
      vertex 14.360700967390889 -3.214034291325291 -6.70241352623301
      vertex 14.380189872878324 -3.1957329909026186 -6.70241352623301
      vertex 14.420300461635728 -3.2333993408909585 -6.672163962751007
    endloop
  endfacet
  facet normal 0.3717607862041933 -0.3075472690394002 -0.8759044440732372
    outer loop
      vertex 14.380189872878324 -3.1957329909026186 -6.70241352623301
      vertex 14.397231341364533 -3.175133394156743 -6.70241352623301
      vertex 14.420300461635728 -3.2333993408909585 -6.672163962751007
    endloop
  endfacet
  facet normal 0.06196135777165327 -0.2413235554629319 -0.9684646259527616
    outer loop
      vertex 14.242555878527936 -3.1420311381711694 -6.741143625364344
      vertex 14.272745751406264 -3.196946313073118 -6.725528258147577
      vertex 14.253952005317652 -3.2017717269165047 -6.725528258147577
    endloop
  endfacet
  facet normal 0.09171863550007528 -0.23165482982269142 -0.9684646259527625
    outer loop
      vertex 14.272745751406264 -3.196946313073118 -6.725528258147577
      vertex 14.253952005317652 -3.1391051101343526 -6.741143625364344
      vertex 14.290786518473267 -3.189803468091096 -6.725528258147577
    endloop
  endfacet
  facet normal 0.06196135777166477 -0.24132355546292591 -0.9684646259527624
    outer loop
      vertex 14.242555878527936 -3.1420311381711694 -6.741143625364344
      vertex 14.253952005317652 -3.1391051101343526 -6.741143625364344
      vertex 14.272745751406264 -3.196946313073118 -6.725528258147577
    endloop
  endfacet
  facet normal 0.12002945555660828 -0.2183327691322678 -0.9684646259527605
    outer loop
      vertex 14.290786518473267 -3.189803468091096 -6.725528258147577
      vertex 14.275201964616711 -3.1291056383110027 -6.741143625364344
      vertex 14.307789792844984 -3.1804558389027333 -6.725528258147577
    endloop
  endfacet
  facet normal 0.14644733939686502 -0.2015674702469621 -0.96846462595276
    outer loop
      vertex 14.307789792844984 -3.1804558389027333 -6.725528258147577
      vertex 14.275201964616711 -3.1291056383110027 -6.741143625364344
      vertex 14.323487422727313 -3.1690508432043343 -6.725528258147577
    endloop
  endfacet
  facet normal 0.09171863550007249 -0.23165482982269323 -0.9684646259527624
    outer loop
      vertex 14.290786518473267 -3.189803468091096 -6.725528258147577
      vertex 14.253952005317652 -3.1391051101343526 -6.741143625364344
      vertex 14.264891541688419 -3.1347738412819046 -6.741143625364344
    endloop
  endfacet
  facet normal 0.12002945555656576 -0.2183327691322794 -0.9684646259527631
    outer loop
      vertex 14.290786518473267 -3.189803468091096 -6.725528258147577
      vertex 14.264891541688419 -3.1347738412819046 -6.741143625364344
      vertex 14.275201964616711 -3.1291056383110027 -6.741143625364344
    endloop
  endfacet
  facet normal 0.17055566121145316 -0.18162333194527566 -0.9684646259527604
    outer loop
      vertex 14.323487422727313 -3.1690508432043343 -6.725528258147577
      vertex 14.293297549848988 -3.1141356683023855 -6.741143625364344
      vertex 14.337631847119697 -3.155768344591076 -6.725528258147577
    endloop
  endfacet
  facet normal 0.14644733939689075 -0.20156747024693195 -0.9684646259527625
    outer loop
      vertex 14.323487422727313 -3.1690508432043343 -6.725528258147577
      vertex 14.275201964616711 -3.1291056383110027 -6.741143625364344
      vertex 14.284720672573792 -3.1221898921685183 -6.741143625364344
    endloop
  endfacet
  facet normal 0.17055566121142426 -0.18162333194529215 -0.9684646259527623
    outer loop
      vertex 14.323487422727313 -3.1690508432043343 -6.725528258147577
      vertex 14.284720672573792 -3.1221898921685183 -6.741143625364344
      vertex 14.293297549848988 -3.1141356683023855 -6.741143625364344
    endloop
  endfacet
  facet normal 0.25242914886237583 -0.2688097408836756 -0.9295272174663137
    outer loop
      vertex 14.360700967390889 -3.214034291325291 -6.70241352623301
      vertex 14.323487422727313 -3.1690508432043343 -6.725528258147577
      vertex 14.337631847119697 -3.155768344591076 -6.725528258147577
    endloop
  endfacet
  facet normal 0.2841294636651974 -0.23505233431443023 -0.9295272174663121
    outer loop
      vertex 14.380189872878324 -3.1957329909026186 -6.70241352623301
      vertex 14.337631847119697 -3.155768344591076 -6.725528258147577
      vertex 14.35 -3.14081781600067 -6.725528258147577
    endloop
  endfacet
  facet normal 0.2841294636652022 -0.2350523343144274 -0.9295272174663113
    outer loop
      vertex 14.380189872878324 -3.1957329909026186 -6.70241352623301
      vertex 14.35 -3.14081781600067 -6.725528258147577
      vertex 14.397231341364533 -3.175133394156743 -6.70241352623301
    endloop
  endfacet
  facet normal 0.1919742183637168 -0.1588148852023014 -0.9684646259527602
    outer loop
      vertex 14.337631847119697 -3.155768344591076 -6.725528258147577
      vertex 14.300797333964086 -3.1050699866343328 -6.741143625364344
      vertex 14.35 -3.14081781600067 -6.725528258147577
    endloop
  endfacet
  facet normal 0.3113488870953071 -0.1975880120195828 -0.9295272174663112
    outer loop
      vertex 14.397231341364533 -3.175133394156743 -6.70241352623301
      vertex 14.35 -3.14081781600067 -6.725528258147577
      vertex 14.360396828208922 -3.1244350362 -6.725528258147577
    endloop
  endfacet
  facet normal 0.31134888709531006 -0.19758801201958023 -0.9295272174663107
    outer loop
      vertex 14.397231341364533 -3.175133394156743 -6.70241352623301
      vertex 14.360396828208922 -3.1244350362 -6.725528258147577
      vertex 14.411556618711407 -3.1525603690339494 -6.70241352623301
    endloop
  endfacet
  facet normal 0.34593813738218443 -0.4761429978943045 -0.8084643781025662
    outer loop
      vertex 14.395774426734883 -3.256430820682712 -6.672163962751007
      vertex 14.42815467135357 -3.295571812682172 -6.635256621387895
      vertex 14.395774426734883 -3.3190974374648645 -6.635256621387895
    endloop
  endfacet
  facet normal 0.40288685340732583 -0.4290309227675682 -0.8084643781025562
    outer loop
      vertex 14.42815467135357 -3.295571812682172 -6.635256621387895
      vertex 14.420300461635728 -3.2333993408909585 -6.672163962751007
      vertex 14.45733104544629 -3.2681733737159915 -6.635256621387895
    endloop
  endfacet
  facet normal 0.40288685340729474 -0.4290309227675781 -0.8084643781025663
    outer loop
      vertex 14.395774426734883 -3.256430820682712 -6.672163962751007
      vertex 14.420300461635728 -3.2333993408909585 -6.672163962751007
      vertex 14.42815467135357 -3.295571812682172 -6.635256621387895
    endloop
  endfacet
  facet normal 0.45348180308124986 -0.3751527736981649 -0.8084643781025554
    outer loop
      vertex 14.45733104544629 -3.2681733737159915 -6.635256621387895
      vertex 14.420300461635728 -3.2333993408909585 -6.672163962751007
      vertex 14.482843420164487 -3.237334210315854 -6.635256621387895
    endloop
  endfacet
  facet normal 0.40278885710849405 -0.5543913006913701 -0.7282935001130822
    outer loop
      vertex 14.395774426734883 -3.3190974374648645 -6.635256621387895
      vertex 14.42815467135357 -3.295571812682172 -6.635256621387895
      vertex 14.45733104544629 -3.3308399904981436 -6.592273552964344
    endloop
  endfacet
  facet normal 0.4027888571084887 -0.5543913006913801 -0.7282935001130775
    outer loop
      vertex 14.420300461635724 -3.357744284473386 -6.592273552964344
      vertex 14.395774426734883 -3.3190974374648645 -6.635256621387895
      vertex 14.45733104544629 -3.3308399904981436 -6.592273552964344
    endloop
  endfacet
  facet normal 0.4690964010385511 -0.4995369297916979 -0.7282935001130817
    outer loop
      vertex 14.45733104544629 -3.3308399904981436 -6.592273552964344
      vertex 14.42815467135357 -3.295571812682172 -6.635256621387895
      vertex 14.490697629882328 -3.2995066821070678 -6.592273552964344
    endloop
  endfacet
  facet normal 0.5278755911486711 -0.5621304097208668 -0.6366763406445155
    outer loop
      vertex 14.482843420164487 -3.3616791538982813 -6.543892626146237
      vertex 14.45733104544629 -3.3308399904981436 -6.592273552964344
      vertex 14.490697629882328 -3.2995066821070678 -6.592273552964344
    endloop
  endfacet
  facet normal 0.5278755911487124 -0.5621304097208542 -0.6366763406444927
    outer loop
      vertex 14.482843420164487 -3.3616791538982813 -6.543892626146237
      vertex 14.490697629882328 -3.2995066821070678 -6.592273552964344
      vertex 14.51987400397505 -3.326905121073248 -6.543892626146237
    endloop
  endfacet
  facet normal 0.5941667563788358 -0.4915374887816729 -0.6366763406444909
    outer loop
      vertex 14.490697629882328 -3.2995066821070678 -6.592273552964344
      vertex 14.552254248593735 -3.2877641290737882 -6.543892626146237
      vertex 14.51987400397505 -3.326905121073248 -6.543892626146237
    endloop
  endfacet
  facet normal 0.4690964010385633 -0.49953692979166486 -0.7282935001130963
    outer loop
      vertex 14.42815467135357 -3.295571812682172 -6.635256621387895
      vertex 14.45733104544629 -3.2681733737159915 -6.635256621387895
      vertex 14.490697629882328 -3.2995066821070678 -6.592273552964344
    endloop
  endfacet
  facet normal 0.5280060144996138 -0.4368045631003044 -0.7282935001130971
    outer loop
      vertex 14.490697629882328 -3.2995066821070678 -6.592273552964344
      vertex 14.45733104544629 -3.2681733737159915 -6.635256621387895
      vertex 14.482843420164487 -3.237334210315854 -6.635256621387895
    endloop
  endfacet
  facet normal 0.528006014499662 -0.4368045631002829 -0.728293500113075
    outer loop
      vertex 14.490697629882328 -3.2995066821070678 -6.592273552964344
      vertex 14.482843420164487 -3.237334210315854 -6.635256621387895
      vertex 14.51987400397505 -3.2642385042910957 -6.592273552964344
    endloop
  endfacet
  facet normal 0.5785886576965666 -0.3671835275144203 -0.7282935001130739
    outer loop
      vertex 14.482843420164487 -3.237334210315854 -6.635256621387895
      vertex 14.544400038875894 -3.2255916572825747 -6.592273552964344
      vertex 14.51987400397505 -3.2642385042910957 -6.592273552964344
    endloop
  endfacet
  facet normal 0.5941667563788411 -0.4915374887816511 -0.636676340644503
    outer loop
      vertex 14.490697629882328 -3.2995066821070678 -6.592273552964344
      vertex 14.51987400397505 -3.2642385042910957 -6.592273552964344
      vertex 14.552254248593735 -3.2877641290737882 -6.543892626146237
    endloop
  endfacet
  facet normal 0.6510875569228411 -0.4131927280141447 -0.636676340644503
    outer loop
      vertex 14.51987400397505 -3.2642385042910957 -6.592273552964344
      vertex 14.579473498219889 -3.2448734547254285 -6.543892626146237
      vertex 14.552254248593735 -3.2877641290737882 -6.543892626146237
    endloop
  endfacet
  facet normal 0.6510875569228433 -0.41319272801412565 -0.6366763406445131
    outer loop
      vertex 14.51987400397505 -3.2642385042910957 -6.592273552964344
      vertex 14.544400038875894 -3.2255916572825747 -6.592273552964344
      vertex 14.579473498219889 -3.2448734547254285 -6.543892626146237
    endloop
  endfacet
  facet normal 0.4534818030812626 -0.3751527736981149 -0.8084643781025718
    outer loop
      vertex 14.482843420164487 -3.237334210315854 -6.635256621387895
      vertex 14.420300461635728 -3.2333993408909585 -6.672163962751007
      vertex 14.441746491589734 -3.207475543935898 -6.672163962751007
    endloop
  endfacet
  facet normal 0.3717607862042104 -0.30754726903939134 -0.8759044440732332
    outer loop
      vertex 14.397231341364533 -3.175133394156743 -6.70241352623301
      vertex 14.441746491589734 -3.207475543935898 -6.672163962751007
      vertex 14.420300461635728 -3.2333993408909585 -6.672163962751007
    endloop
  endfacet
  facet normal 0.40737523506798373 -0.25852818551574713 -0.8759044440732338
    outer loop
      vertex 14.397231341364533 -3.175133394156743 -6.70241352623301
      vertex 14.459774299893295 -3.179068263581639 -6.672163962751007
      vertex 14.441746491589734 -3.207475543935898 -6.672163962751007
    endloop
  endfacet
  facet normal 0.49692507382369655 -0.31535824128209394 -0.808464378102572
    outer loop
      vertex 14.482843420164487 -3.237334210315854 -6.635256621387895
      vertex 14.441746491589734 -3.207475543935898 -6.672163962751007
      vertex 14.459774299893295 -3.179068263581639 -6.672163962751007
    endloop
  endfacet
  facet normal 0.49692507382373535 -0.31535824128206946 -0.8084643781025577
    outer loop
      vertex 14.482843420164487 -3.237334210315854 -6.635256621387895
      vertex 14.459774299893295 -3.179068263581639 -6.672163962751007
      vertex 14.504289450118494 -3.2035406745110024 -6.635256621387895
    endloop
  endfacet
  facet normal 0.4073752350679865 -0.25852818551573076 -0.8759044440732371
    outer loop
      vertex 14.397231341364533 -3.175133394156743 -6.70241352623301
      vertex 14.411556618711407 -3.1525603690339494 -6.70241352623301
      vertex 14.459774299893295 -3.179068263581639 -6.672163962751007
    endloop
  endfacet
  facet normal 0.5325315393033373 -0.2505903210151272 -0.8084643781025567
    outer loop
      vertex 14.459774299893295 -3.179068263581639 -6.672163962751007
      vertex 14.47409957724017 -3.1486254996090537 -6.672163962751007
      vertex 14.504289450118494 -3.2035406745110024 -6.635256621387895
    endloop
  endfacet
  facet normal 0.4365651331205779 -0.20543195806924286 -0.8759044440732384
    outer loop
      vertex 14.411556618711407 -3.1525603690339494 -6.70241352623301
      vertex 14.42293978673768 -3.1283699056248957 -6.70241352623301
      vertex 14.459774299893295 -3.179068263581639 -6.672163962751007
    endloop
  endfacet
  facet normal 0.4365651331205987 -0.20543195806922418 -0.8759044440732325
    outer loop
      vertex 14.459774299893295 -3.179068263581639 -6.672163962751007
      vertex 14.42293978673768 -3.1283699056248957 -6.70241352623301
      vertex 14.47409957724017 -3.1486254996090537 -6.672163962751007
    endloop
  endfacet
  facet normal 0.5325315393033336 -0.2505903210151301 -0.8084643781025582
    outer loop
      vertex 14.47409957724017 -3.1486254996090537 -6.672163962751007
      vertex 14.521330918604702 -3.1673257105483597 -6.635256621387895
      vertex 14.504289450118494 -3.2035406745110024 -6.635256621387895
    endloop
  endfacet
  facet normal 0.5597396642892103 -0.18187044169036073 -0.8084643781025576
    outer loop
      vertex 14.47409957724017 -3.1486254996090537 -6.672163962751007
      vertex 14.533699071485005 -3.129260450043386 -6.635256621387895
      vertex 14.521330918604702 -3.1673257105483597 -6.635256621387895
    endloop
  endfacet
  facet normal 0.5785886576965708 -0.36718352751438205 -0.72829350011309
    outer loop
      vertex 14.482843420164487 -3.237334210315854 -6.635256621387895
      vertex 14.504289450118494 -3.2035406745110024 -6.635256621387895
      vertex 14.544400038875894 -3.2255916572825747 -6.592273552964344
    endloop
  endfacet
  facet normal 0.6200466121294929 -0.29177178835481005 -0.7282935001130891
    outer loop
      vertex 14.544400038875894 -3.2255916572825747 -6.592273552964344
      vertex 14.504289450118494 -3.2035406745110024 -6.635256621387895
      vertex 14.521330918604702 -3.1673257105483597 -6.635256621387895
    endloop
  endfacet
  facet normal 0.6200466121295104 -0.2917717883547961 -0.7282935001130798
    outer loop
      vertex 14.544400038875894 -3.2255916572825747 -6.592273552964344
      vertex 14.521330918604702 -3.1673257105483597 -6.635256621387895
      vertex 14.56388894436333 -3.1841756249453352 -6.592273552964344
    endloop
  endfacet
  facet normal 0.697740317753359 -0.32833167109639644 -0.6366763406445141
    outer loop
      vertex 14.579473498219889 -3.2448734547254285 -6.543892626146237
      vertex 14.544400038875894 -3.2255916572825747 -6.592273552964344
      vertex 14.56388894436333 -3.1841756249453352 -6.592273552964344
    endloop
  endfacet
  facet normal 0.6517260610912645 -0.21175863379684395 -0.728293500113079
    outer loop
      vertex 14.521330918604702 -3.1673257105483597 -6.635256621387895
      vertex 14.533699071485005 -3.129260450043386 -6.635256621387895
      vertex 14.56388894436333 -3.1841756249453352 -6.592273552964344
    endloop
  endfacet
  facet normal 0.651726061091263 -0.21175863379684556 -0.72829350011308
    outer loop
      vertex 14.56388894436333 -3.1841756249453352 -6.592273552964344
      vertex 14.533699071485005 -3.129260450043386 -6.635256621387895
      vertex 14.578033368755714 -3.140643562850075 -6.592273552964344
    endloop
  endfacet
  facet normal 0.697740317753374 -0.32833167109638434 -0.6366763406445037
    outer loop
      vertex 14.579473498219889 -3.2448734547254285 -6.543892626146237
      vertex 14.56388894436333 -3.1841756249453352 -6.592273552964344
      vertex 14.601102489026905 -3.19890950958429 -6.543892626146237
    endloop
  endfacet
  facet normal 0.7333892969630263 -0.23829262758969869 -0.636676340644503
    outer loop
      vertex 14.56388894436333 -3.1841756249453352 -6.592273552964344
      vertex 14.616800118909234 -3.1505971725227777 -6.543892626146237
      vertex 14.601102489026905 -3.19890950958429 -6.543892626146237
    endloop
  endfacet
  facet normal 0.7333892969630258 -0.23829262758969544 -0.6366763406445047
    outer loop
      vertex 14.56388894436333 -3.1841756249453352 -6.592273552964344
      vertex 14.578033368755714 -3.140643562850075 -6.592273552964344
      vertex 14.616800118909234 -3.1505971725227777 -6.543892626146237
    endloop
  endfacet
  facet normal 0.6509343730293004 -0.5384997454763469 -0.5350723933551993
    outer loop
      vertex 14.544400038875894 -3.349936600865002 -6.490876837050857
      vertex 14.51987400397505 -3.326905121073248 -6.543892626146237
      vertex 14.579473498219889 -3.3075400715075807 -6.490876837050857
    endloop
  endfacet
  facet normal 0.650934373029306 -0.5384997454763268 -0.5350723933552128
    outer loop
      vertex 14.51987400397505 -3.326905121073248 -6.543892626146237
      vertex 14.552254248593735 -3.2877641290737882 -6.543892626146237
      vertex 14.579473498219889 -3.3075400715075807 -6.490876837050857
    endloop
  endfacet
  facet normal 0.6974305168867321 -0.5769647008854815 -0.4250910585359714
    outer loop
      vertex 14.56388894436333 -3.368237901287674 -6.434062276342339
      vertex 14.579473498219889 -3.3075400715075807 -6.490876837050857
      vertex 14.601102489026905 -3.3232544531667174 -6.434062276342339
    endloop
  endfacet
  facet normal 0.7642439205631246 -0.48500394002015507 -0.4250910585359685
    outer loop
      vertex 14.579473498219889 -3.3075400715075807 -6.490876837050857
      vertex 14.60895669874475 -3.2610819813755034 -6.490876837050857
      vertex 14.601102489026905 -3.3232544531667174 -6.434062276342339
    endloop
  endfacet
  facet normal 0.7132934754473801 -0.45266980433127946 -0.535072393355216
    outer loop
      vertex 14.552254248593735 -3.2877641290737882 -6.543892626146237
      vertex 14.579473498219889 -3.2448734547254285 -6.543892626146237
      vertex 14.579473498219889 -3.3075400715075807 -6.490876837050857
    endloop
  endfacet
  facet normal 0.7132934754474108 -0.45266980433125925 -0.5350723933551921
    outer loop
      vertex 14.579473498219889 -3.2448734547254285 -6.543892626146237
      vertex 14.60895669874475 -3.2610819813755034 -6.490876837050857
      vertex 14.579473498219889 -3.3075400715075807 -6.490876837050857
    endloop
  endfacet
  facet normal 0.7642439205631294 -0.4850039400201515 -0.425091058535964
    outer loop
      vertex 14.601102489026905 -3.3232544531667174 -6.434062276342339
      vertex 14.60895669874475 -3.2610819813755034 -6.490876837050857
      vertex 14.63238467276579 -3.273961619085023 -6.434062276342339
    endloop
  endfacet
  facet normal 0.8190047410750386 -0.385394377293422 -0.42509105853596174
    outer loop
      vertex 14.60895669874475 -3.2610819813755034 -6.490876837050857
      vertex 14.657242156855352 -3.2211367764821723 -6.434062276342339
      vertex 14.63238467276579 -3.273961619085023 -6.434062276342339
    endloop
  endfacet
  facet normal 0.8031547793466561 -0.5096975218881924 -0.3084652923647321
    outer loop
      vertex 14.601102489026905 -3.3232544531667174 -6.434062276342339
      vertex 14.63238467276579 -3.273961619085023 -6.434062276342339
      vertex 14.64938794713751 -3.283309248273386 -6.374344943582427
    endloop
  endfacet
  facet normal 0.8031547793466489 -0.5096975218882176 -0.3084652923647095
    outer loop
      vertex 14.601102489026905 -3.3232544531667174 -6.434062276342339
      vertex 14.64938794713751 -3.283309248273386 -6.374344943582427
      vertex 14.616800118909234 -3.3346594488651164 -6.374344943582427
    endloop
  endfacet
  facet normal 0.8294299690247254 -0.5263722643045584 -0.18702450602671075
    outer loop
      vertex 14.626318826866319 -3.341575195007601 -6.312666616782153
      vertex 14.616800118909234 -3.3346594488651164 -6.374344943582427
      vertex 14.64938794713751 -3.283309248273386 -6.374344943582427
    endloop
  endfacet
  facet normal 0.8294299690247458 -0.5263722643045362 -0.18702450602668222
    outer loop
      vertex 14.626318826866319 -3.341575195007601 -6.312666616782153
      vertex 14.64938794713751 -3.283309248273386 -6.374344943582427
      vertex 14.659698370065799 -3.2889774512442878 -6.312666616782153
    endloop
  endfacet
  facet normal 0.8607037025787516 -0.4050164191407151 -0.30846529236473375
    outer loop
      vertex 14.63238467276579 -3.273961619085023 -6.434062276342339
      vertex 14.657242156855352 -3.2211367764821723 -6.434062276342339
      vertex 14.64938794713751 -3.283309248273386 -6.374344943582427
    endloop
  endfacet
  facet normal 0.8607037025787787 -0.4050164191406845 -0.3084652923646983
    outer loop
      vertex 14.64938794713751 -3.283309248273386 -6.374344943582427
      vertex 14.657242156855352 -3.2211367764821723 -6.434062276342339
      vertex 14.675282923922355 -3.2282796214641944 -6.374344943582427
    endloop
  endfacet
  facet normal 0.8888616039241181 -0.41826652174770107 -0.18702450602668147
    outer loop
      vertex 14.64938794713751 -3.283309248273386 -6.374344943582427
      vertex 14.686222460293122 -3.2326108903166424 -6.312666616782153
      vertex 14.659698370065799 -3.2889774512442878 -6.312666616782153
    endloop
  endfacet
  facet normal 0.8888616039241186 -0.4182665217476991 -0.18702450602668338
    outer loop
      vertex 14.64938794713751 -3.283309248273386 -6.374344943582427
      vertex 14.675282923922355 -3.2282796214641944 -6.374344943582427
      vertex 14.686222460293122 -3.2326108903166424 -6.312666616782153
    endloop
  endfacet
  facet normal 0.7644035136568488 -0.35970098996001065 -0.535072393355191
    outer loop
      vertex 14.579473498219889 -3.2448734547254285 -6.543892626146237
      vertex 14.601102489026905 -3.19890950958429 -6.543892626146237
      vertex 14.60895669874475 -3.2610819813755034 -6.490876837050857
    endloop
  endfacet
  facet normal 0.7644035136568479 -0.3597009899600114 -0.5350723933551917
    outer loop
      vertex 14.601102489026905 -3.19890950958429 -6.543892626146237
      vertex 14.63238467276579 -3.2112950023028715 -6.490876837050857
      vertex 14.60895669874475 -3.2610819813755034 -6.490876837050857
    endloop
  endfacet
  facet normal 0.8034584518233514 -0.26105947610223146 -0.5350723933551906
    outer loop
      vertex 14.601102489026905 -3.19890950958429 -6.543892626146237
      vertex 14.64938794713751 -3.158964304690958 -6.490876837050857
      vertex 14.63238467276579 -3.2112950023028715 -6.490876837050857
    endloop
  endfacet
  facet normal 0.8190047410750433 -0.3853943772933582 -0.4250910585360106
    outer loop
      vertex 14.60895669874475 -3.2610819813755034 -6.490876837050857
      vertex 14.63238467276579 -3.2112950023028715 -6.490876837050857
      vertex 14.657242156855352 -3.2211367764821723 -6.434062276342339
    endloop
  endfacet
  facet normal 0.8608493675704644 -0.2797069150133136 -0.42509105853601103
    outer loop
      vertex 14.63238467276579 -3.2112950023028715 -6.490876837050857
      vertex 14.64938794713751 -3.158964304690958 -6.490876837050857
      vertex 14.657242156855352 -3.2211367764821723 -6.434062276342339
    endloop
  endfacet
  facet normal 0.8034584518233493 -0.2610594761022121 -0.5350723933552032
    outer loop
      vertex 14.601102489026905 -3.19890950958429 -6.543892626146237
      vertex 14.616800118909234 -3.1505971725227777 -6.543892626146237
      vertex 14.64938794713751 -3.158964304690958 -6.490876837050857
    endloop
  endfacet
  facet normal 0.8298423702418046 -0.15830089835688302 -0.5350723933552051
    outer loop
      vertex 14.616800118909234 -3.1505971725227777 -6.543892626146237
      vertex 14.626318826866319 -3.100698357956743 -6.543892626146237
      vertex 14.64938794713751 -3.158964304690958 -6.490876837050857
    endloop
  endfacet
  facet normal 0.8608493675704902 -0.2797069150132817 -0.4250910585359798
    outer loop
      vertex 14.657242156855352 -3.2211367764821723 -6.434062276342339
      vertex 14.64938794713751 -3.158964304690958 -6.490876837050857
      vertex 14.675282923922355 -3.165613004682042 -6.434062276342339
    endloop
  endfacet
  facet normal 0.8891178852928645 -0.16960830759460502 -0.42509105853597845
    outer loop
      vertex 14.64938794713751 -3.158964304690958 -6.490876837050857
      vertex 14.686222460293122 -3.108265946734215 -6.434062276342339
      vertex 14.675282923922355 -3.165613004682042 -6.434062276342339
    endloop
  endfacet
  facet normal 0.9046788142617332 -0.2939479655182562 -0.30846529236473663
    outer loop
      vertex 14.657242156855352 -3.2211367764821723 -6.434062276342339
      vertex 14.675282923922355 -3.165613004682042 -6.434062276342339
      vertex 14.694076670010967 -3.1704384185254284 -6.374344943582427
    endloop
  endfacet
  facet normal 0.9046788142617319 -0.29394796551830044 -0.3084652923646982
    outer loop
      vertex 14.657242156855352 -3.2211367764821723 -6.434062276342339
      vertex 14.694076670010967 -3.1704384185254284 -6.374344943582427
      vertex 14.675282923922355 -3.2282796214641944 -6.374344943582427
    endloop
  endfacet
  facet normal 0.9342753603494017 -0.30356446628265044 -0.1870245060266836
    outer loop
      vertex 14.675282923922355 -3.2282796214641944 -6.374344943582427
      vertex 14.694076670010967 -3.1704384185254284 -6.374344943582427
      vertex 14.686222460293122 -3.2326108903166424 -6.312666616782153
    endloop
  endfacet
  facet normal 0.9342753603494012 -0.3035644662826517 -0.1870245060266849
    outer loop
      vertex 14.694076670010967 -3.1704384185254284 -6.374344943582427
      vertex 14.705472796800683 -3.1733644465622453 -6.312666616782153
      vertex 14.686222460293122 -3.2326108903166424 -6.312666616782153
    endloop
  endfacet
  facet normal 0.9343866006148657 -0.17824377688360518 -0.3084652923647374
    outer loop
      vertex 14.675282923922355 -3.165613004682042 -6.434062276342339
      vertex 14.705472796800683 -3.110697829780093 -6.374344943582427
      vertex 14.694076670010967 -3.1704384185254284 -6.374344943582427
    endloop
  endfacet
  facet normal 0.964955036232955 -0.18407501784362573 -0.18702450602668494
    outer loop
      vertex 14.694076670010967 -3.1704384185254284 -6.374344943582427
      vertex 14.717145790282158 -3.1121724717912134 -6.312666616782153
      vertex 14.705472796800683 -3.1733644465622453 -6.312666616782153
    endloop
  endfacet
  facet normal 0.015738988398286562 -0.1245869218378314 -0.9920838589308733
    outer loop
      vertex 14.23088288504646 -3.1435057801822897 -6.741143625364344
      vertex 14.22697132467138 -3.0813333083910757 -6.749013364214136
      vertex 14.242555878527936 -3.1420311381711694 -6.741143625364344
    endloop
  endfacet
  facet normal 0.03122976354751959 -0.12163189843784174 -0.992083858930873
    outer loop
      vertex 14.242555878527936 -3.1420311381711694 -6.741143625364344
      vertex 14.234701668810095 -3.0798586663799554 -6.749013364214136
      vertex 14.253952005317652 -3.1391051101343526 -6.741143625364344
    endloop
  endfacet
  facet normal 0.03122976354751684 -0.12163189843784211 -0.9920838589308731
    outer loop
      vertex 14.242555878527936 -3.1420311381711694 -6.741143625364344
      vertex 14.23088288504646 -3.0808391634001375 -6.749013364214136
      vertex 14.234701668810095 -3.0798586663799554 -6.749013364214136
    endloop
  endfacet
  facet normal 0.015738988398282194 -0.12458692183783243 -0.9920838589308733
    outer loop
      vertex 14.242555878527936 -3.1420311381711694 -6.741143625364344
      vertex 14.22697132467138 -3.0813333083910757 -6.749013364214136
      vertex 14.23088288504646 -3.0808391634001375 -6.749013364214136
    endloop
  endfacet
  facet normal 0 0 -1
    outer loop
      vertex 14.23088288504646 -3.0808391634001375 -6.749013364214136
      vertex 14.250399298692423 -3.0684536706815564 -6.749013364214136
      vertex 14.234701668810095 -3.0798586663799554 -6.749013364214136
    endloop
  endfacet
  facet normal 0 0 -1
    outer loop
      vertex 14.238367451461096 -3.0784072803542593 -6.749013364214136
      vertex 14.250399298692423 -3.0684536706815564 -6.749013364214136
      vertex 14.241822421417227 -3.076507894547689 -6.749013364214136
    endloop
  endfacet
  facet normal 0 0 -1
    outer loop
      vertex 14.22697132467138 -3.0813333083910757 -6.749013364214136
      vertex 14.250399298692423 -3.0684536706815564 -6.749013364214136
      vertex 14.23088288504646 -3.0808391634001375 -6.749013364214136
    endloop
  endfacet
  facet normal 0 0 -1
    outer loop
      vertex 14.234701668810095 -3.0798586663799554 -6.749013364214136
      vertex 14.250399298692423 -3.0684536706815564 -6.749013364214136
      vertex 14.238367451461096 -3.0784072803542593 -6.749013364214136
    endloop
  endfacet
  facet normal 0.06049724619629458 -0.11004408231019208 -0.992083858930873
    outer loop
      vertex 14.264891541688419 -3.1347738412819046 -6.741143625364344
      vertex 14.238367451461096 -3.0784072803542593 -6.749013364214136
      vertex 14.275201964616711 -3.1291056383110027 -6.741143625364344
    endloop
  endfacet
  facet normal 0.046228026669846385 -0.11675866734011446 -0.992083858930873
    outer loop
      vertex 14.253952005317652 -3.1391051101343526 -6.741143625364344
      vertex 14.234701668810095 -3.0798586663799554 -6.749013364214136
      vertex 14.264891541688419 -3.1347738412819046 -6.741143625364344
    endloop
  endfacet
  facet normal 0.07381238801096306 -0.10159403636506538 -0.9920838589308733
    outer loop
      vertex 14.245012091738383 -3.0741904634090536 -6.749013364214136
      vertex 14.284720672573792 -3.1221898921685183 -6.741143625364344
      vertex 14.275201964616711 -3.1291056383110027 -6.741143625364344
    endloop
  endfacet
  facet normal 0.19197421836371392 -0.15881488520230355 -0.9684646259527605
    outer loop
      vertex 14.337631847119697 -3.155768344591076 -6.725528258147577
      vertex 14.293297549848988 -3.1141356683023855 -6.741143625364344
      vertex 14.300797333964086 -3.1050699866343328 -6.741143625364344
    endloop
  endfacet
  facet normal 0.21036522741256072 -0.13350183284823045 -0.9684646259527628
    outer loop
      vertex 14.300797333964086 -3.1050699866343328 -6.741143625364344
      vertex 14.307101748843435 -3.095135818379841 -6.741143625364344
      vertex 14.360396828208922 -3.1244350362 -6.725528258147577
    endloop
  endfacet
  facet normal 0.060497246196326133 -0.11004408231016925 -0.9920838589308736
    outer loop
      vertex 14.238367451461096 -3.0784072803542593 -6.749013364214136
      vertex 14.241822421417227 -3.076507894547689 -6.749013364214136
      vertex 14.275201964616711 -3.1291056383110027 -6.741143625364344
    endloop
  endfacet
  facet normal 0.046228026669843644 -0.11675866734011595 -0.9920838589308729
    outer loop
      vertex 14.264891541688419 -3.1347738412819046 -6.741143625364344
      vertex 14.234701668810095 -3.0798586663799554 -6.749013364214136
      vertex 14.238367451461096 -3.0784072803542593 -6.749013364214136
    endloop
  endfacet
  facet normal 0.08596346437326532 -0.09154179177716489 -0.992083858930873
    outer loop
      vertex 14.284720672573792 -3.1221898921685183 -6.741143625364344
      vertex 14.247886159418181 -3.071491534211775 -6.749013364214136
      vertex 14.293297549848988 -3.1141356683023855 -6.741143625364344
    endloop
  endfacet
  facet normal 0.09675884555034944 -0.08004587844849234 -0.9920838589308734
    outer loop
      vertex 14.293297549848988 -3.1141356683023855 -6.741143625364344
      vertex 14.247886159418181 -3.071491534211775 -6.749013364214136
      vertex 14.300797333964086 -3.1050699866343328 -6.741143625364344
    endloop
  endfacet
  facet normal 0.07381238801093468 -0.10159403636508103 -0.9920838589308738
    outer loop
      vertex 14.241822421417227 -3.076507894547689 -6.749013364214136
      vertex 14.245012091738383 -3.0741904634090536 -6.749013364214136
      vertex 14.275201964616711 -3.1291056383110027 -6.741143625364344
    endloop
  endfacet
  facet normal 0.08596346437325132 -0.09154179177717511 -0.9920838589308734
    outer loop
      vertex 14.245012091738383 -3.0741904634090536 -6.749013364214136
      vertex 14.247886159418181 -3.071491534211775 -6.749013364214136
      vertex 14.284720672573792 -3.1221898921685183 -6.741143625364344
    endloop
  endfacet
  facet normal 0.09675884555035433 -0.08004587844848424 -0.9920838589308734
    outer loop
      vertex 14.300797333964086 -3.1050699866343328 -6.741143625364344
      vertex 14.247886159418181 -3.071491534211775 -6.749013364214136
      vertex 14.250399298692423 -3.0684536706815564 -6.749013364214136
    endloop
  endfacet
  facet normal 0.10602828193217531 -0.0672875937995879 -0.9920838589308733
    outer loop
      vertex 14.300797333964086 -3.1050699866343328 -6.741143625364344
      vertex 14.25251187585348 -3.065124781741001 -6.749013364214136
      vertex 14.307101748843435 -3.095135818379841 -6.741143625364344
    endloop
  endfacet
  facet normal 0.1136255889696885 -0.05346814360083075 -0.992083858930873
    outer loop
      vertex 14.307101748843435 -3.095135818379841 -6.741143625364344
      vertex 14.25251187585348 -3.065124781741001 -6.749013364214136
      vertex 14.312111370098316 -3.0844898313066684 -6.741143625364344
    endloop
  endfacet
  facet normal 0.21036522741254715 -0.1335018328482701 -0.9684646259527603
    outer loop
      vertex 14.35 -3.14081781600067 -6.725528258147577
      vertex 14.300797333964086 -3.1050699866343328 -6.741143625364344
      vertex 14.360396828208922 -3.1244350362 -6.725528258147577
    endloop
  endfacet
  facet normal 0.22543865115897488 -0.10608337684009626 -0.9684646259527624
    outer loop
      vertex 14.307101748843435 -3.095135818379841 -6.741143625364344
      vertex 14.368658367554845 -3.1068783714131203 -6.725528258147577
      vertex 14.360396828208922 -3.1244350362 -6.725528258147577
    endloop
  endfacet
  facet normal 0.3336581525851077 -0.15700760874183928 -0.9295272174663108
    outer loop
      vertex 14.411556618711407 -3.1525603690339494 -6.70241352623301
      vertex 14.360396828208922 -3.1244350362 -6.725528258147577
      vertex 14.368658367554845 -3.1068783714131203 -6.725528258147577
    endloop
  endfacet
  facet normal 0.3336581525851074 -0.1570076087418396 -0.929527217466311
    outer loop
      vertex 14.411556618711407 -3.1525603690339494 -6.70241352623301
      vertex 14.368658367554845 -3.1068783714131203 -6.725528258147577
      vertex 14.42293978673768 -3.1283699056248957 -6.70241352623301
    endloop
  endfacet
  facet normal 0.22543865115898098 -0.10608337684006665 -0.9684646259527643
    outer loop
      vertex 14.307101748843435 -3.095135818379841 -6.741143625364344
      vertex 14.312111370098316 -3.0844898313066684 -6.741143625364344
      vertex 14.368658367554845 -3.1068783714131203 -6.725528258147577
    endloop
  endfacet
  facet normal 0.23695677270609605 -0.07699192260804183 -0.9684646259527648
    outer loop
      vertex 14.312111370098316 -3.0844898313066684 -6.741143625364344
      vertex 14.31574719300894 -3.0732999189905628 -6.741143625364344
      vertex 14.368658367554845 -3.1068783714131203 -6.725528258147577
    endloop
  endfacet
  facet normal 0.23695677270614146 -0.0769919226079678 -0.9684646259527596
    outer loop
      vertex 14.368658367554845 -3.1068783714131203 -6.725528258147577
      vertex 14.31574719300894 -3.0732999189905628 -6.741143625364344
      vertex 14.374654328627075 -3.0884247007315637 -6.725528258147577
    endloop
  endfacet
  facet normal 0.35070542969092716 -0.1139511016823455 -0.9295272174663213
    outer loop
      vertex 14.368658367554845 -3.1068783714131203 -6.725528258147577
      vertex 14.374654328627075 -3.0884247007315637 -6.725528258147577
      vertex 14.431201326083604 -3.1029435019882246 -6.70241352623301
    endloop
  endfacet
  facet normal 0.3622218726692243 -0.06909751767841377 -0.9295272174663213
    outer loop
      vertex 14.374654328627075 -3.0884247007315637 -6.725528258147577
      vertex 14.3782901515377 -3.069365049565667 -6.725528258147577
      vertex 14.431201326083604 -3.1029435019882246 -6.70241352623301
    endloop
  endfacet
  facet normal 0 0 -1
    outer loop
      vertex 14.241822421417227 -3.076507894547689 -6.749013364214136
      vertex 14.250399298692423 -3.0684536706815564 -6.749013364214136
      vertex 14.245012091738383 -3.0741904634090536 -6.749013364214136
    endloop
  endfacet
  facet normal 0 0 -1
    outer loop
      vertex 14.245012091738383 -3.0741904634090536 -6.749013364214136
      vertex 14.250399298692423 -3.0684536706815564 -6.749013364214136
      vertex 14.247886159418181 -3.071491534211775 -6.749013364214136
    endloop
  endfacet
  facet normal 0.10602828193217761 -0.06728759379958532 -0.9920838589308731
    outer loop
      vertex 14.300797333964086 -3.1050699866343328 -6.741143625364344
      vertex 14.250399298692423 -3.0684536706815564 -6.749013364214136
      vertex 14.25251187585348 -3.065124781741001 -6.749013364214136
    endloop
  endfacet
  facet normal 0.11943095259250426 -0.038805468837189695 -0.9920838589308733
    outer loop
      vertex 14.312111370098316 -3.0844898313066684 -6.741143625364344
      vertex 14.25419057429753 -3.0615573659572832 -6.749013364214136
      vertex 14.255408919947305 -3.0578076836083836 -6.749013364214136
    endloop
  endfacet
  facet normal 0.11362558896969442 -0.05346814360081252 -0.9920838589308733
    outer loop
      vertex 14.312111370098316 -3.0844898313066684 -6.741143625364344
      vertex 14.25251187585348 -3.065124781741001 -6.749013364214136
      vertex 14.25419057429753 -3.0615573659572832 -6.749013364214136
    endloop
  endfacet
  facet normal 0 0 -1
    outer loop
      vertex 14.250399298692423 -3.0684536706815564 -6.749013364214136
      vertex 14.25419057429753 -3.0615573659572832 -6.749013364214136
      vertex 14.25251187585348 -3.065124781741001 -6.749013364214136
    endloop
  endfacet
  facet normal 0 0 -1
    outer loop
      vertex 14.250399298692423 -3.0684536706815564 -6.749013364214136
      vertex 14.256395259764657 -3.05 -6.749013364214136
      vertex 14.256147698764101 -3.0539348694248956 -6.749013364214136
    endloop
  endfacet
  facet normal 0 0 -1
    outer loop
      vertex 14.250399298692423 -3.0684536706815564 -6.749013364214136
      vertex 14.256147698764101 -3.0539348694248956 -6.749013364214136
      vertex 14.255408919947305 -3.0578076836083836 -6.749013364214136
    endloop
  endfacet
  facet normal 0 0 -1
    outer loop
      vertex 14.250399298692423 -3.0684536706815564 -6.749013364214136
      vertex 14.255408919947305 -3.0578076836083836 -6.749013364214136
      vertex 14.25419057429753 -3.0615573659572832 -6.749013364214136
    endloop
  endfacet
  facet normal 0.1233528187483685 -0.0235308086486357 -0.9920838589308737
    outer loop
      vertex 14.255408919947305 -3.0578076836083836 -6.749013364214136
      vertex 14.256147698764101 -3.0539348694248956 -6.749013364214136
      vertex 14.317951878476064 -3.0617425530332794 -6.741143625364344
    endloop
  endfacet
  facet normal 0.12532933726514398 -0.00788505355122848 -0.9920838589308738
    outer loop
      vertex 14.317951878476064 -3.0617425530332794 -6.741143625364344
      vertex 14.256147698764101 -3.0539348694248956 -6.749013364214136
      vertex 14.256395259764657 -3.05 -6.749013364214136
    endloop
  endfacet
  facet normal 0.11943095259250544 -0.03880546883718733 -0.9920838589308733
    outer loop
      vertex 14.312111370098316 -3.0844898313066684 -6.741143625364344
      vertex 14.255408919947305 -3.0578076836083836 -6.749013364214136
      vertex 14.31574719300894 -3.0732999189905628 -6.741143625364344
    endloop
  endfacet
  facet normal 0.12335281874836738 -0.023530808648652358 -0.9920838589308733
    outer loop
      vertex 14.255408919947305 -3.0578076836083836 -6.749013364214136
      vertex 14.317951878476064 -3.0617425530332794 -6.741143625364344
      vertex 14.31574719300894 -3.0732999189905628 -6.741143625364344
    endloop
  endfacet
  facet normal 0.12532933726515233 -0.00788505355118425 -0.9920838589308731
    outer loop
      vertex 14.317951878476064 -3.0617425530332794 -6.741143625364344
      vertex 14.256395259764657 -3.05 -6.749013364214136
      vertex 14.318690657292864 -3.05 -6.741143625364344
    endloop
  endfacet
  facet normal 0.24473794439657032 -0.04668625976361353 -0.9684646259527633
    outer loop
      vertex 14.31574719300894 -3.0732999189905628 -6.741143625364344
      vertex 14.317951878476064 -3.0617425530332794 -6.741143625364344
      vertex 14.3782901515377 -3.069365049565667 -6.725528258147577
    endloop
  endfacet
  facet normal 0.24473794439657331 -0.04668625976367681 -0.9684646259527595
    outer loop
      vertex 14.374654328627075 -3.0884247007315637 -6.725528258147577
      vertex 14.31574719300894 -3.0732999189905628 -6.741143625364344
      vertex 14.3782901515377 -3.069365049565667 -6.725528258147577
    endloop
  endfacet
  facet normal 0.24865945250451268 -0.01564432671384921 -0.9684646259527637
    outer loop
      vertex 14.317951878476064 -3.0617425530332794 -6.741143625364344
      vertex 14.318690657292864 -3.05 -6.741143625364344
      vertex 14.3782901515377 -3.069365049565667 -6.725528258147577
    endloop
  endfacet
  facet normal 0.2486594525045256 -0.015644326713807184 -0.968464625952761
    outer loop
      vertex 14.318690657292864 -3.05 -6.741143625364344
      vertex 14.379508497187475 -3.05 -6.725528258147577
      vertex 14.3782901515377 -3.069365049565667 -6.725528258147577
    endloop
  endfacet
  facet normal 0.3680258603347208 -0.023154224543712357 -0.9295272174663138
    outer loop
      vertex 14.3782901515377 -3.069365049565667 -6.725528258147577
      vertex 14.379508497187475 -3.05 -6.725528258147577
      vertex 14.436210947338486 -3.0766821476982846 -6.70241352623301
    endloop
  endfacet
  facet normal 0.3507054296909283 -0.11395110168242246 -0.9295272174663115
    outer loop
      vertex 14.368658367554845 -3.1068783714131203 -6.725528258147577
      vertex 14.431201326083604 -3.1029435019882246 -6.70241352623301
      vertex 14.42293978673768 -3.1283699056248957 -6.70241352623301
    endloop
  endfacet
  facet normal 0.36222187266925265 -0.06909751767836378 -0.9295272174663138
    outer loop
      vertex 14.3782901515377 -3.069365049565667 -6.725528258147577
      vertex 14.436210947338486 -3.0766821476982846 -6.70241352623301
      vertex 14.431201326083604 -3.1029435019882246 -6.70241352623301
    endloop
  endfacet
  facet normal 0.45887013823251277 -0.14909594592487962 -0.8759044440732333
    outer loop
      vertex 14.47409957724017 -3.1486254996090537 -6.672163962751007
      vertex 14.42293978673768 -3.1283699056248957 -6.70241352623301
      vertex 14.431201326083604 -3.1029435019882246 -6.70241352623301
    endloop
  endfacet
  facet normal 0.45887013823255934 -0.14909594592482592 -0.8759044440732181
    outer loop
      vertex 14.47409957724017 -3.1486254996090537 -6.672163962751007
      vertex 14.431201326083604 -3.1029435019882246 -6.70241352623301
      vertex 14.484496405449088 -3.1166273525916157 -6.672163962751007
    endloop
  endfacet
  facet normal 0.4739384871488047 -0.09040860164768905 -0.8759044440732172
    outer loop
      vertex 14.431201326083604 -3.1029435019882246 -6.70241352623301
      vertex 14.49080082032844 -3.0835784524225573 -6.672163962751007
      vertex 14.484496405449088 -3.1166273525916157 -6.672163962751007
    endloop
  endfacet
  facet normal 0.4739384871487969 -0.09040860164765192 -0.8759044440732253
    outer loop
      vertex 14.431201326083604 -3.1029435019882246 -6.70241352623301
      vertex 14.436210947338486 -3.0766821476982846 -6.70241352623301
      vertex 14.49080082032844 -3.0835784524225573 -6.672163962751007
    endloop
  endfacet
  facet normal 0.5597396642892021 -0.18187044169029673 -0.8084643781025779
    outer loop
      vertex 14.47409957724017 -3.1486254996090537 -6.672163962751007
      vertex 14.484496405449088 -3.1166273525916157 -6.672163962751007
      vertex 14.533699071485005 -3.129260450043386 -6.635256621387895
    endloop
  endfacet
  facet normal 0.578120360396946 -0.11028235685601825 -0.8084643781025771
    outer loop
      vertex 14.484496405449088 -3.1166273525916157 -6.672163962751007
      vertex 14.49080082032844 -3.0835784524225573 -6.672163962751007
      vertex 14.533699071485005 -3.129260450043386 -6.635256621387895
    endloop
  endfacet
  facet normal 0.5781203603969584 -0.11028235685600155 -0.8084643781025708
    outer loop
      vertex 14.49080082032844 -3.0835784524225573 -6.672163962751007
      vertex 14.541198855600102 -3.0899452048933314 -6.635256621387895
      vertex 14.533699071485005 -3.129260450043386 -6.635256621387895
    endloop
  endfacet
  facet normal 0.36802586033473256 -0.02315422454368411 -0.92952721746631
    outer loop
      vertex 14.379508497187475 -3.05 -6.725528258147577
      vertex 14.437889645782535 -3.05 -6.70241352623301
      vertex 14.436210947338486 -3.0766821476982846 -6.70241352623301
    endloop
  endfacet
  facet normal 0.48153254300559206 -0.03029545971499122 -0.8759044440732247
    outer loop
      vertex 14.49080082032844 -3.0835784524225573 -6.672163962751007
      vertex 14.436210947338486 -3.0766821476982846 -6.70241352623301
      vertex 14.492913397489497 -3.05 -6.672163962751007
    endloop
  endfacet
  facet normal 0.481532543005589 -0.030295459714982483 -0.8759044440732268
    outer loop
      vertex 14.436210947338486 -3.0766821476982846 -6.70241352623301
      vertex 14.437889645782535 -3.05 -6.70241352623301
      vertex 14.492913397489497 -3.05 -6.672163962751007
    endloop
  endfacet
  facet normal 0.5873837530689007 -0.036955053374518404 -0.8084643781025725
    outer loop
      vertex 14.49080082032844 -3.0835784524225573 -6.672163962751007
      vertex 14.492913397489497 -3.05 -6.672163962751007
      vertex 14.543711994874345 -3.05 -6.635256621387895
    endloop
  endfacet
  facet normal 0.5873837530689026 -0.03695505337452308 -0.8084643781025709
    outer loop
      vertex 14.49080082032844 -3.0835784524225573 -6.672163962751007
      vertex 14.543711994874345 -3.05 -6.635256621387895
      vertex 14.541198855600102 -3.0899452048933314 -6.635256621387895
    endloop
  endfacet
  facet normal 0.6731274007473262 -0.12840591908542642 -0.7282935001130899
    outer loop
      vertex 14.533699071485005 -3.129260450043386 -6.635256621387895
      vertex 14.541198855600102 -3.0899452048933314 -6.635256621387895
      vertex 14.58661024603091 -3.095681997620829 -6.592273552964344
    endloop
  endfacet
  facet normal 0.6839131191867985 -0.04302816632403514 -0.7282935001130899
    outer loop
      vertex 14.541198855600102 -3.0899452048933314 -6.635256621387895
      vertex 14.543711994874345 -3.05 -6.635256621387895
      vertex 14.58661024603091 -3.095681997620829 -6.592273552964344
    endloop
  endfacet
  facet normal 0.6731274007473326 -0.12840591908544868 -0.7282935001130802
    outer loop
      vertex 14.578033368755714 -3.140643562850075 -6.592273552964344
      vertex 14.533699071485005 -3.129260450043386 -6.635256621387895
      vertex 14.58661024603091 -3.095681997620829 -6.592273552964344
    endloop
  endfacet
  facet normal 0.757472288854052 -0.14449556699679256 -0.636676340644506
    outer loop
      vertex 14.578033368755714 -3.140643562850075 -6.592273552964344
      vertex 14.58661024603091 -3.095681997620829 -6.592273552964344
      vertex 14.616800118909234 -3.1505971725227777 -6.543892626146237
    endloop
  endfacet
  facet normal 0.7574722888540607 -0.14449556699678096 -0.6366763406444982
    outer loop
      vertex 14.616800118909234 -3.1505971725227777 -6.543892626146237
      vertex 14.58661024603091 -3.095681997620829 -6.592273552964344
      vertex 14.626318826866319 -3.100698357956743 -6.543892626146237
    endloop
  endfacet
  facet normal 0.7696094902578537 -0.04841972499483724 -0.6366763406444996
    outer loop
      vertex 14.58661024603091 -3.095681997620829 -6.592273552964344
      vertex 14.629508497187475 -3.05 -6.543892626146237
      vertex 14.626318826866319 -3.100698357956743 -6.543892626146237
    endloop
  endfacet
  facet normal 0.6839131191868109 -0.04302816632401385 -0.7282935001130795
    outer loop
      vertex 14.543711994874345 -3.05 -6.635256621387895
      vertex 14.589484313710704 -3.05 -6.592273552964344
      vertex 14.58661024603091 -3.095681997620829 -6.592273552964344
    endloop
  endfacet
  facet normal 0.7696094902578335 -0.0484197249947888 -0.6366763406445276
    outer loop
      vertex 14.58661024603091 -3.095681997620829 -6.592273552964344
      vertex 14.589484313710704 -3.05 -6.592273552964344
      vertex 14.629508497187475 -3.05 -6.543892626146237
    endloop
  endfacet
  facet normal 0.8431391787577627 -0.053045820880074916 -0.5350723933551838
    outer loop
      vertex 14.626318826866319 -3.100698357956743 -6.543892626146237
      vertex 14.629508497187475 -3.05 -6.543892626146237
      vertex 14.659698370065799 -3.1049151749019486 -6.490876837050857
    endloop
  endfacet
  facet normal 0.8298423702418233 -0.15830089835685654 -0.5350723933551841
    outer loop
      vertex 14.64938794713751 -3.158964304690958 -6.490876837050857
      vertex 14.626318826866319 -3.100698357956743 -6.543892626146237
      vertex 14.659698370065799 -3.1049151749019486 -6.490876837050857
    endloop
  endfacet
  facet normal 0.8891178852928641 -0.16960830759460216 -0.4250910585359806
    outer loop
      vertex 14.64938794713751 -3.158964304690958 -6.490876837050857
      vertex 14.659698370065799 -3.1049151749019486 -6.490876837050857
      vertex 14.686222460293122 -3.108265946734215 -6.434062276342339
    endloop
  endfacet
  facet normal 0.9033644828308866 -0.05683487584611908 -0.42509105853598145
    outer loop
      vertex 14.659698370065799 -3.1049151749019486 -6.490876837050857
      vertex 14.689888242944127 -3.05 -6.434062276342339
      vertex 14.686222460293122 -3.108265946734215 -6.434062276342339
    endloop
  endfacet
  facet normal 0.8431391787577786 -0.05304582088004511 -0.5350723933551619
    outer loop
      vertex 14.629508497187475 -3.05 -6.543892626146237
      vertex 14.66315334002193 -3.05 -6.490876837050857
      vertex 14.659698370065799 -3.1049151749019486 -6.490876837050857
    endloop
  endfacet
  facet normal 0.9033644828308656 -0.05683487584605209 -0.42509105853603496
    outer loop
      vertex 14.659698370065799 -3.1049151749019486 -6.490876837050857
      vertex 14.66315334002193 -3.05 -6.490876837050857
      vertex 14.689888242944127 -3.05 -6.434062276342339
    endloop
  endfacet
  facet normal 0.9343866006148656 -0.17824377688360438 -0.30846529236473813
    outer loop
      vertex 14.675282923922355 -3.165613004682042 -6.434062276342339
      vertex 14.686222460293122 -3.108265946734215 -6.434062276342339
      vertex 14.705472796800683 -3.110697829780093 -6.374344943582427
    endloop
  endfacet
  facet normal 0.9493585521008001 -0.05972857740987948 -0.3084652923647396
    outer loop
      vertex 14.686222460293122 -3.108265946734215 -6.434062276342339
      vertex 14.689888242944127 -3.05 -6.434062276342339
      vertex 14.705472796800683 -3.110697829780093 -6.374344943582427
    endloop
  endfacet
  facet normal 0.964955036232955 -0.18407501784361696 -0.18702450602669324
    outer loop
      vertex 14.694076670010967 -3.1704384185254284 -6.374344943582427
      vertex 14.705472796800683 -3.110697829780093 -6.374344943582427
      vertex 14.717145790282158 -3.1121724717912134 -6.312666616782153
    endloop
  endfacet
  facet normal 0.9804167947589074 -0.061682596412130516 -0.18702450602669307
    outer loop
      vertex 14.705472796800683 -3.110697829780093 -6.374344943582427
      vertex 14.721057350657238 -3.05 -6.312666616782153
      vertex 14.717145790282158 -3.1121724717912134 -6.312666616782153
    endloop
  endfacet
  facet normal 0.949358552100832 -0.05972857740979178 -0.30846529236465864
    outer loop
      vertex 14.689888242944127 -3.05 -6.434062276342339
      vertex 14.709291580564313 -3.05 -6.374344943582427
      vertex 14.705472796800683 -3.110697829780093 -6.374344943582427
    endloop
  endfacet
  facet normal 0.9804167947589046 -0.06168259641210623 -0.18702450602671628
    outer loop
      vertex 14.705472796800683 -3.110697829780093 -6.374344943582427
      vertex 14.709291580564313 -3.05 -6.374344943582427
      vertex 14.721057350657238 -3.05 -6.312666616782153
    endloop
  endfacet
  facet normal 0.842668386657422 -0.5347736196031813 -0.06266710384794764
    outer loop
      vertex 14.626318826866319 -3.341575195007601 -6.312666616782153
      vertex 14.659698370065799 -3.2889774512442878 -6.312666616782153
      vertex 14.629508497187475 -3.3438926261462365 -6.25
    endloop
  endfacet
  facet normal 0.842668386657438 -0.534773619603159 -0.06266710384792047
    outer loop
      vertex 14.629508497187475 -3.3438926261462365 -6.25
      vertex 14.659698370065799 -3.2889774512442878 -6.312666616782153
      vertex 14.66315334002193 -3.2908768370508574 -6.25
    endloop
  endfacet
  facet normal 0.9030486017055366 -0.4249424161612738 -0.06266710384798181
    outer loop
      vertex 14.659698370065799 -3.2889774512442878 -6.312666616782153
      vertex 14.686222460293122 -3.2326108903166424 -6.312666616782153
      vertex 14.689888242944127 -3.234062276342339 -6.25
    endloop
  endfacet
  facet normal 0.9030486017055136 -0.4249424161613319 -0.06266710384791985
    outer loop
      vertex 14.659698370065799 -3.2889774512442878 -6.312666616782153
      vertex 14.689888242944127 -3.234062276342339 -6.25
      vertex 14.66315334002193 -3.2908768370508574 -6.25
    endloop
  endfacet
  facet normal 0.9491872008496497 -0.3084096169682665 -0.06266710384798395
    outer loop
      vertex 14.686222460293122 -3.2326108903166424 -6.312666616782153
      vertex 14.705472796800683 -3.1733644465622453 -6.312666616782153
      vertex 14.689888242944127 -3.234062276342339 -6.25
    endloop
  endfacet
  facet normal 0.9491872008496618 -0.30840961696823577 -0.06266710384795114
    outer loop
      vertex 14.689888242944127 -3.234062276342339 -6.25
      vertex 14.705472796800683 -3.1733644465622453 -6.312666616782153
      vertex 14.709291580564317 -3.174344943582427 -6.25
    endloop
  endfacet
  facet normal 0.9803565508194447 -0.18701301388061678 -0.06266710384795206
    outer loop
      vertex 14.705472796800683 -3.1733644465622453 -6.312666616782153
      vertex 14.717145790282158 -3.1121724717912134 -6.312666616782153
      vertex 14.709291580564317 -3.174344943582427 -6.25
    endloop
  endfacet
  facet normal 0.9803565508194524 -0.1870130138805861 -0.06266710384792065
    outer loop
      vertex 14.709291580564317 -3.174344943582427 -6.25
      vertex 14.717145790282158 -3.1121724717912134 -6.312666616782153
      vertex 14.721057350657238 -3.112666616782152 -6.25
    endloop
  endfacet
  facet normal 0.9960650923461908 -0.06266710384793879 -0.06266710384792
    outer loop
      vertex 14.717145790282158 -3.1121724717912134 -6.312666616782153
      vertex 14.725 -3.05 -6.25
      vertex 14.721057350657238 -3.112666616782152 -6.25
    endloop
  endfacet
  facet normal 0.9960650923461908 -0.06266710384792029 -0.06266710384793835
    outer loop
      vertex 14.717145790282158 -3.1121724717912134 -6.312666616782153
      vertex 14.721057350657238 -3.05 -6.312666616782153
      vertex 14.725 -3.05 -6.25
    endloop
  endfacet
  facet normal 0.12533323356430293 -0.9921147013144781 0
    outer loop
      vertex 14.256395259764657 -3.5490133642141357 -6.25
      vertex 14.318690657292864 -3.5411436253643442 -6.25
      vertex 14.318690657292864 -3.5411436253643442 6.25
    endloop
  endfacet
  facet normal 0.2486898871648574 -0.9685831611286304 0
    outer loop
      vertex 14.318690657292864 -3.5411436253643442 -6.25
      vertex 14.379508497187475 -3.5255282581475766 -6.25
      vertex 14.379508497187475 -3.5255282581475766 6.25
    endloop
  endfacet
  facet normal 0.3681245526846866 -0.929776485888248 0
    outer loop
      vertex 14.379508497187475 -3.5255282581475766 -6.25
      vertex 14.437889645782535 -3.50241352623301 -6.25
      vertex 14.437889645782535 -3.50241352623301 6.25
    endloop
  endfacet
  facet normal 0.48175367410171793 -0.876306680043862 0
    outer loop
      vertex 14.437889645782535 -3.50241352623301 -6.25
      vertex 14.492913397489497 -3.4721639627510075 -6.25
      vertex 14.437889645782535 -3.50241352623301 6.25
    endloop
  endfacet
  facet normal 0.5877852522924665 -0.8090169943749521 0
    outer loop
      vertex 14.492913397489497 -3.4721639627510075 -6.25
      vertex 14.543711994874345 -3.4352566213878943 -6.25
      vertex 14.492913397489497 -3.4721639627510075 6.25
    endloop
  endfacet
  facet normal 0.6845471059287009 -0.7289686274214 0
    outer loop
      vertex 14.543711994874345 -3.4352566213878943 -6.25
      vertex 14.589484313710704 -3.392273552964344 -6.25
      vertex 14.589484313710704 -3.392273552964344 6.25
    endloop
  endfacet
  facet normal 0.7705132427757673 -0.6374239897487163 0
    outer loop
      vertex 14.589484313710704 -3.392273552964344 -6.25
      vertex 14.629508497187475 -3.3438926261462365 -6.25
      vertex 14.589484313710704 -3.392273552964344 6.25
    endloop
  endfacet
  facet normal 0.8443279255020355 -0.5358267949789646 0
    outer loop
      vertex 14.629508497187475 -3.3438926261462365 -6.25
      vertex 14.66315334002193 -3.2908768370508574 -6.25
      vertex 14.66315334002193 -3.2908768370508574 6.25
    endloop
  endfacet
  facet normal 0.9048270524660009 -0.4257792915651121 0
    outer loop
      vertex 14.66315334002193 -3.2908768370508574 -6.25
      vertex 14.689888242944127 -3.234062276342339 -6.25
      vertex 14.66315334002193 -3.2908768370508574 6.25
    endloop
  endfacet
  facet normal 0.9510565162951532 -0.30901699437494834 0
    outer loop
      vertex 14.689888242944127 -3.234062276342339 -6.25
      vertex 14.709291580564317 -3.174344943582427 -6.25
      vertex 14.689888242944127 -3.234062276342339 6.25
    endloop
  endfacet
  facet normal 0.982287250728694 -0.18738131458569637 0
    outer loop
      vertex 14.709291580564317 -3.174344943582427 -6.25
      vertex 14.721057350657238 -3.112666616782152 -6.25
      vertex 14.721057350657238 -3.112666616782152 6.25
    endloop
  endfacet
  facet normal 0.9980267284282714 -0.06279051952931565 0
    outer loop
      vertex 14.721057350657238 -3.112666616782152 -6.25
      vertex 14.725 -3.05 -6.25
      vertex 14.721057350657238 -3.112666616782152 6.25
    endloop
  endfacet
  facet normal 0 0 -1
    outer loop
      vertex 14.250399298692423 -3.0684536706815564 -6.749013364214136
      vertex 14.256395259764657 3.05 -6.749013364214136
      vertex 14.256395259764657 -3.05 -6.749013364214136
    endloop
  endfacet
  facet normal 0.12533323356430293 0 -0.9921147013144781
    outer loop
      vertex 14.256395259764657 -3.05 -6.749013364214136
      vertex 14.318690657292864 3.05 -6.741143625364344
      vertex 14.318690657292864 -3.05 -6.741143625364344
    endloop
  endfacet
  facet normal 0.24868988716485738 0 -0.9685831611286304
    outer loop
      vertex 14.318690657292864 -3.05 -6.741143625364344
      vertex 14.379508497187475 3.05 -6.725528258147577
      vertex 14.379508497187475 -3.05 -6.725528258147577
    endloop
  endfacet
  facet normal 0.3681245526846865 0 -0.9297764858882479
    outer loop
      vertex 14.379508497187475 -3.05 -6.725528258147577
      vertex 14.437889645782535 3.05 -6.70241352623301
      vertex 14.437889645782535 -3.05 -6.70241352623301
    endloop
  endfacet
  facet normal 0.4817536741017234 0 -0.8763066800438591
    outer loop
      vertex 14.437889645782535 -3.05 -6.70241352623301
      vertex 14.437889645782535 3.05 -6.70241352623301
      vertex 14.492913397489497 -3.05 -6.672163962751007
    endloop
  endfacet
  facet normal 0.5877852522924573 0 -0.809016994374959
    outer loop
      vertex 14.492913397489497 -3.05 -6.672163962751007
      vertex 14.492913397489497 3.05 -6.672163962751007
      vertex 14.543711994874345 -3.05 -6.635256621387895
    endloop
  endfacet
  facet normal 0.6845471059287046 0 -0.7289686274213965
    outer loop
      vertex 14.543711994874345 -3.05 -6.635256621387895
      vertex 14.543711994874345 3.05 -6.635256621387895
      vertex 14.589484313710704 -3.05 -6.592273552964344
    endloop
  endfacet
  facet normal 0.7705132427757673 0 -0.6374239897487163
    outer loop
      vertex 14.589484313710704 -3.05 -6.592273552964344
      vertex 14.629508497187475 3.05 -6.543892626146237
      vertex 14.629508497187475 -3.05 -6.543892626146237
    endloop
  endfacet
  facet normal 0.8443279255020375 0 -0.5358267949789614
    outer loop
      vertex 14.629508497187475 -3.05 -6.543892626146237
      vertex 14.629508497187475 3.05 -6.543892626146237
      vertex 14.66315334002193 -3.05 -6.490876837050857
    endloop
  endfacet
  facet normal 0.9048270524659997 0 -0.4257792915651148
    outer loop
      vertex 14.66315334002193 -3.05 -6.490876837050857
      vertex 14.689888242944127 3.05 -6.434062276342339
      vertex 14.689888242944127 -3.05 -6.434062276342339
    endloop
  endfacet
  facet normal 0.9510565162951699 0 -0.30901699437489716
    outer loop
      vertex 14.689888242944127 -3.05 -6.434062276342339
      vertex 14.689888242944127 3.05 -6.434062276342339
      vertex 14.709291580564313 -3.05 -6.374344943582427
    endloop
  endfacet
  facet normal 0.9822872507286834 0 -0.18738131458575227
    outer loop
      vertex 14.709291580564313 -3.05 -6.374344943582427
      vertex 14.721057350657238 3.05 -6.312666616782153
      vertex 14.721057350657238 -3.05 -6.312666616782153
    endloop
  endfacet
  facet normal 0.9980267284282713 0 -0.0627905195293152
    outer loop
      vertex 14.721057350657238 -3.05 -6.312666616782153
      vertex 14.721057350657238 3.05 -6.312666616782153
      vertex 14.725 -3.05 -6.25
    endloop
  endfacet
  facet normal 0 -0.9980344854238816 0.06266710384793628
    outer loop
      vertex -14.256395259764657 -3.5490133642141357 6.25
      vertex 14.256395259764657 -3.5490133642141357 6.25
      vertex -14.256147698764103 -3.54507849478924 6.312666616782153
    endloop
  endfacet
  facet normal 0 -0.9823552484439996 0.187024506026691
    outer loop
      vertex -14.256147698764103 -3.54507849478924 6.312666616782153
      vertex 14.255408919947305 -3.5333359417559604 6.374344943582427
      vertex -14.255408919947305 -3.5333359417559604 6.374344943582427
    endloop
  endfacet
  facet normal 0 -0.9512355982648856 0.3084652923647087
    outer loop
      vertex -14.255408919947305 -3.5333359417559604 6.374344943582427
      vertex 14.255408919947305 -3.5333359417559604 6.374344943582427
      vertex -14.254190574297532 -3.5139708921902932 6.434062276342338
    endloop
  endfacet
  facet normal 0 -0.9051505907597632 0.42509105853599355
    outer loop
      vertex -14.254190574297532 -3.5139708921902932 6.434062276342338
      vertex 14.25251187585348 -3.4872887444920084 6.490876837050857
      vertex -14.25251187585348 -3.4872887444920084 6.490876837050857
    endloop
  endfacet
  facet normal 0 -0.8448062108372232 0.5350723933551919
    outer loop
      vertex -14.25251187585348 -3.4872887444920084 6.490876837050857
      vertex 14.250399298692423 -3.453710292069451 6.543892626146237
      vertex -14.250399298692423 -3.453710292069451 6.543892626146237
    endloop
  endfacet
  facet normal 0 -0.7711311414172917 0.6366763406444949
    outer loop
      vertex -14.250399298692423 -3.453710292069451 6.543892626146237
      vertex 14.250399298692423 -3.453710292069451 6.543892626146237
      vertex -14.24788615941818 -3.4137650871761194 6.592273552964345
    endloop
  endfacet
  facet normal 0 -0.6852653337890395 0.7282935001131043
    outer loop
      vertex -14.24788615941818 -3.4137650871761194 6.592273552964345
      vertex 14.245012091738383 -3.3680830895552902 6.635256621387894
      vertex -14.245012091738383 -3.3680830895552902 6.635256621387894
    endloop
  endfacet
  facet normal 0 -0.5885451124079117 0.8084643781025597
    outer loop
      vertex -14.245012091738383 -3.3680830895552902 6.635256621387894
      vertex 14.245012091738383 -3.3680830895552902 6.635256621387894
      vertex -14.241822421417229 -3.3173847315985467 6.672163962751007
    endloop
  endfacet
  facet normal 0 -0.48248461618248634 0.8759044440732328
    outer loop
      vertex -14.241822421417229 -3.3173847315985467 6.672163962751007
      vertex 14.238367451461096 -3.262469556696598 6.702413526233009
      vertex -14.238367451461096 -3.262469556696598 6.702413526233009
    endloop
  endfacet
  facet normal 0 -0.3687535111552713 0.9295272174663092
    outer loop
      vertex -14.238367451461096 -3.262469556696598 6.702413526233009
      vertex 14.238367451461096 -3.262469556696598 6.702413526233009
      vertex -14.234701668810095 -3.204203609962383 6.725528258147577
    endloop
  endfacet
  facet normal 0 -0.249151095277901 0.9684646259527615
    outer loop
      vertex -14.234701668810095 -3.204203609962383 6.725528258147577
      vertex 14.234701668810095 -3.204203609962383 6.725528258147577
      vertex -14.230882885046462 -3.1435057801822897 6.741143625364344
    endloop
  endfacet
  facet normal 0 -0.12557713505581924 0.9920838589308731
    outer loop
      vertex -14.230882885046462 -3.1435057801822897 6.741143625364344
      vertex 14.23088288504646 -3.1435057801822897 6.741143625364344
      vertex -14.22697132467138 -3.081333308391076 6.749013364214136
    endloop
  endfacet
  facet normal 0 0 1
    outer loop
      vertex -14.241822421417229 -3.076507894547689 6.749013364214136
      vertex 14.25419057429753 3.0615573659572837 6.749013364214136
      vertex -14.245012091738383 -3.0741904634090536 6.749013364214136
    endloop
  endfacet
  facet normal 0 0 1
    outer loop
      vertex -14.238367451461096 -3.0784072803542593 6.749013364214136
      vertex 14.25419057429753 3.0615573659572837 6.749013364214136
      vertex -14.241822421417229 -3.076507894547689 6.749013364214136
    endloop
  endfacet
  facet normal 0 0 1
    outer loop
      vertex -14.238367451461096 -3.0784072803542593 6.749013364214136
      vertex -14.234701668810095 -3.0798586663799554 6.749013364214136
      vertex 14.25419057429753 3.0615573659572837 6.749013364214136
    endloop
  endfacet
  facet normal 0 0 1
    outer loop
      vertex -14.230882885046462 -3.0808391634001375 6.749013364214136
      vertex 14.25419057429753 3.0615573659572837 6.749013364214136
      vertex -14.234701668810095 -3.0798586663799554 6.749013364214136
    endloop
  endfacet
  facet normal 0 0 1
    outer loop
      vertex -14.22697132467138 -3.081333308391076 6.749013364214136
      vertex 14.25419057429753 3.0615573659572837 6.749013364214136
      vertex -14.230882885046462 -3.0808391634001375 6.749013364214136
    endloop
  endfacet
  facet normal 0 0 1
    outer loop
      vertex -14.24788615941818 -3.071491534211775 6.749013364214136
      vertex -14.245012091738383 -3.0741904634090536 6.749013364214136
      vertex 14.25419057429753 3.0615573659572837 6.749013364214136
    endloop
  endfacet
  facet normal 0 0 1
    outer loop
      vertex -14.250399298692423 -3.0684536706815564 6.749013364214136
      vertex -14.24788615941818 -3.071491534211775 6.749013364214136
      vertex 14.25419057429753 3.0615573659572837 6.749013364214136
    endloop
  endfacet
  facet normal 0 0 1
    outer loop
      vertex -14.255408919947305 -3.0578076836083836 6.749013364214136
      vertex -14.254190574297532 -3.0615573659572832 6.749013364214136
      vertex 14.25419057429753 3.0615573659572837 6.749013364214136
    endloop
  endfacet
  facet normal 0 0 1
    outer loop
      vertex -14.25251187585348 -3.065124781741001 6.749013364214136
      vertex 14.25419057429753 3.0615573659572837 6.749013364214136
      vertex -14.254190574297532 -3.0615573659572832 6.749013364214136
    endloop
  endfacet
  facet normal 0 0 1
    outer loop
      vertex -14.250399298692423 -3.0684536706815564 6.749013364214136
      vertex 14.25419057429753 3.0615573659572837 6.749013364214136
      vertex -14.25251187585348 -3.065124781741001 6.749013364214136
    endloop
  endfacet
  facet normal 0 0 1
    outer loop
      vertex -14.255408919947305 -3.0578076836083836 6.749013364214136
      vertex 14.25419057429753 3.0615573659572837 6.749013364214136
      vertex -14.256147698764103 -3.0539348694248956 6.749013364214136
    endloop
  endfacet
  facet normal 0 0 1
    outer loop
      vertex -14.256395259764655 -3.05 6.749013364214136
      vertex -14.256147698764103 -3.0539348694248956 6.749013364214136
      vertex 14.25419057429753 3.0615573659572837 6.749013364214136
    endloop
  endfacet
  facet normal 0 -1 0
    outer loop
      vertex -14.256395259764657 -3.5490133642141357 6.25
      vertex 14.256395259764657 -3.5490133642141357 -6.25
      vertex 14.256395259764657 -3.5490133642141357 6.25
    endloop
  endfacet
  facet normal 0.12533323356430293 -0.9921147013144781 0
    outer loop
      vertex 14.256395259764657 -3.5490133642141357 -6.25
      vertex 14.318690657292864 -3.5411436253643442 6.25
      vertex 14.256395259764657 -3.5490133642141357 6.25
    endloop
  endfacet
  facet normal 0.2486898871648574 -0.9685831611286304 0
    outer loop
      vertex 14.318690657292864 -3.5411436253643442 -6.25
      vertex 14.379508497187475 -3.5255282581475766 6.25
      vertex 14.318690657292864 -3.5411436253643442 6.25
    endloop
  endfacet
  facet normal 0.3681245526846866 -0.929776485888248 0
    outer loop
      vertex 14.379508497187475 -3.5255282581475766 -6.25
      vertex 14.437889645782535 -3.50241352623301 6.25
      vertex 14.379508497187475 -3.5255282581475766 6.25
    endloop
  endfacet
  facet normal 0.48175367410171793 -0.876306680043862 0
    outer loop
      vertex 14.492913397489497 -3.4721639627510075 -6.25
      vertex 14.492913397489497 -3.4721639627510075 6.25
      vertex 14.437889645782535 -3.50241352623301 6.25
    endloop
  endfacet
  facet normal 0.5877852522924665 -0.8090169943749521 0
    outer loop
      vertex 14.543711994874345 -3.4352566213878943 -6.25
      vertex 14.543711994874345 -3.4352566213878943 6.25
      vertex 14.492913397489497 -3.4721639627510075 6.25
    endloop
  endfacet
  facet normal 0.6845471059287009 -0.7289686274214 0
    outer loop
      vertex 14.543711994874345 -3.4352566213878943 -6.25
      vertex 14.589484313710704 -3.392273552964344 6.25
      vertex 14.543711994874345 -3.4352566213878943 6.25
    endloop
  endfacet
  facet normal 0.7705132427757673 -0.6374239897487163 0
    outer loop
      vertex 14.629508497187475 -3.3438926261462365 -6.25
      vertex 14.629508497187475 -3.3438926261462365 6.25
      vertex 14.589484313710704 -3.392273552964344 6.25
    endloop
  endfacet
  facet normal 0.8443279255020355 -0.5358267949789646 0
    outer loop
      vertex 14.629508497187475 -3.3438926261462365 -6.25
      vertex 14.66315334002193 -3.2908768370508574 6.25
      vertex 14.629508497187475 -3.3438926261462365 6.25
    endloop
  endfacet
  facet normal 0.9048270524660009 -0.4257792915651121 0
    outer loop
      vertex 14.689888242944127 -3.234062276342339 -6.25
      vertex 14.689888242944127 -3.234062276342339 6.25
      vertex 14.66315334002193 -3.2908768370508574 6.25
    endloop
  endfacet
  facet normal 0.9510565162951532 -0.30901699437494834 0
    outer loop
      vertex 14.709291580564317 -3.174344943582427 -6.25
      vertex 14.709291580564317 -3.174344943582427 6.25
      vertex 14.689888242944127 -3.234062276342339 6.25
    endloop
  endfacet
  facet normal 0.982287250728694 -0.18738131458569637 0
    outer loop
      vertex 14.709291580564317 -3.174344943582427 -6.25
      vertex 14.721057350657238 -3.112666616782152 6.25
      vertex 14.709291580564317 -3.174344943582427 6.25
    endloop
  endfacet
  facet normal 0.9980267284282714 -0.06279051952931565 0
    outer loop
      vertex 14.725 -3.05 -6.25
      vertex 14.725 -3.05 6.25
      vertex 14.721057350657238 -3.112666616782152 6.25
    endloop
  endfacet
  facet normal 0 -0.9980344854238815 0.06266710384793628
    outer loop
      vertex -14.256147698764103 -3.54507849478924 6.312666616782153
      vertex 14.256395259764657 -3.5490133642141357 6.25
      vertex 14.256147698764101 -3.54507849478924 6.312666616782153
    endloop
  endfacet
  facet normal 0 -0.9823552484439997 0.18702450602669102
    outer loop
      vertex -14.256147698764103 -3.54507849478924 6.312666616782153
      vertex 14.256147698764101 -3.54507849478924 6.312666616782153
      vertex 14.255408919947305 -3.5333359417559604 6.374344943582427
    endloop
  endfacet
  facet normal 0 -0.9512355982648857 0.30846529236470865
    outer loop
      vertex -14.254190574297532 -3.5139708921902932 6.434062276342338
      vertex 14.255408919947305 -3.5333359417559604 6.374344943582427
      vertex 14.25419057429753 -3.5139708921902932 6.434062276342338
    endloop
  endfacet
  facet normal 0 -0.9051505907597633 0.42509105853599355
    outer loop
      vertex -14.254190574297532 -3.5139708921902932 6.434062276342338
      vertex 14.25419057429753 -3.5139708921902932 6.434062276342338
      vertex 14.25251187585348 -3.4872887444920084 6.490876837050857
    endloop
  endfacet
  facet normal 0 -0.8448062108372232 0.5350723933551919
    outer loop
      vertex -14.25251187585348 -3.4872887444920084 6.490876837050857
      vertex 14.25251187585348 -3.4872887444920084 6.490876837050857
      vertex 14.250399298692423 -3.453710292069451 6.543892626146237
    endloop
  endfacet
  facet normal 0 -0.7711311414172918 0.6366763406444949
    outer loop
      vertex -14.24788615941818 -3.4137650871761194 6.592273552964345
      vertex 14.250399298692423 -3.453710292069451 6.543892626146237
      vertex 14.247886159418181 -3.4137650871761194 6.592273552964345
    endloop
  endfacet
  facet normal 0 -0.6852653337890393 0.7282935001131043
    outer loop
      vertex -14.24788615941818 -3.4137650871761194 6.592273552964345
      vertex 14.247886159418181 -3.4137650871761194 6.592273552964345
      vertex 14.245012091738383 -3.3680830895552902 6.635256621387894
    endloop
  endfacet
  facet normal 0 -0.5885451124079116 0.8084643781025598
    outer loop
      vertex -14.241822421417229 -3.3173847315985467 6.672163962751007
      vertex 14.245012091738383 -3.3680830895552902 6.635256621387894
      vertex 14.241822421417227 -3.3173847315985467 6.672163962751007
    endloop
  endfacet
  facet normal 0 -0.4824846161824864 0.8759044440732328
    outer loop
      vertex -14.241822421417229 -3.3173847315985467 6.672163962751007
      vertex 14.241822421417227 -3.3173847315985467 6.672163962751007
      vertex 14.238367451461096 -3.262469556696598 6.702413526233009
    endloop
  endfacet
  facet normal 0 -0.3687535111552713 0.9295272174663092
    outer loop
      vertex -14.234701668810095 -3.204203609962383 6.725528258147577
      vertex 14.238367451461096 -3.262469556696598 6.702413526233009
      vertex 14.234701668810095 -3.204203609962383 6.725528258147577
    endloop
  endfacet
  facet normal 0 -0.24915109527790102 0.9684646259527616
    outer loop
      vertex -14.230882885046462 -3.1435057801822897 6.741143625364344
      vertex 14.234701668810095 -3.204203609962383 6.725528258147577
      vertex 14.23088288504646 -3.1435057801822897 6.741143625364344
    endloop
  endfacet
  facet normal 0 -0.12557713505581927 0.992083858930873
    outer loop
      vertex -14.22697132467138 -3.081333308391076 6.749013364214136
      vertex 14.23088288504646 -3.1435057801822897 6.741143625364344
      vertex 14.22697132467138 -3.081333308391076 6.749013364214136
    endloop
  endfacet
  facet normal 0.12508688926686018 -0.9901646854078626 0.06266710384794075
    outer loop
      vertex 14.256395259764657 -3.5490133642141357 6.25
      vertex 14.318690657292864 -3.5411436253643442 6.25
      vertex 14.256147698764101 -3.54507849478924 6.312666616782153
    endloop
  endfacet
  facet normal 0.2482010835667016 -0.9666793968072492 0.06266710384793722
    outer loop
      vertex 14.318690657292864 -3.5411436253643442 6.25
      vertex 14.379508497187475 -3.5255282581475766 6.25
      vertex 14.3782901515377 -3.521778575798677 6.312666616782153
    endloop
  endfacet
  facet normal 0.12508688926686048 -0.9901646854078627 0.06266710384794105
    outer loop
      vertex 14.318690657292864 -3.5411436253643442 6.25
      vertex 14.317951878476064 -3.537270811180856 6.312666616782153
      vertex 14.256147698764101 -3.54507849478924 6.312666616782153
    endloop
  endfacet
  facet normal 0.24820108356669293 -0.9666793968072508 0.06266710384794597
    outer loop
      vertex 14.318690657292864 -3.5411436253643442 6.25
      vertex 14.3782901515377 -3.521778575798677 6.312666616782153
      vertex 14.317951878476064 -3.537270811180856 6.312666616782153
    endloop
  endfacet
  facet normal 0.3674009985105552 -0.9279489966527033 0.06266710384793876
    outer loop
      vertex 14.379508497187475 -3.5255282581475766 6.25
      vertex 14.436210947338486 -3.498846110449292 6.312666616782153
      vertex 14.3782901515377 -3.521778575798677 6.312666616782153
    endloop
  endfacet
  facet normal 0.36740099851055774 -0.9279489966527024 0.06266710384793613
    outer loop
      vertex 14.379508497187475 -3.5255282581475766 6.25
      vertex 14.437889645782535 -3.50241352623301 6.25
      vertex 14.436210947338486 -3.498846110449292 6.312666616782153
    endloop
  endfacet
  facet normal 0.4808067802331724 -0.874584286491086 0.06266710384793399
    outer loop
      vertex 14.437889645782535 -3.50241352623301 6.25
      vertex 14.492913397489497 -3.4721639627510075 6.25
      vertex 14.436210947338486 -3.498846110449292 6.312666616782153
    endloop
  endfacet
  facet normal 0.5866299518114586 -0.8074268596801812 0.06266710384792752
    outer loop
      vertex 14.492913397489497 -3.4721639627510075 6.25
      vertex 14.543711994874345 -3.4352566213878943 6.25
      vertex 14.49080082032844 -3.4688350738104523 6.312666616782153
    endloop
  endfacet
  facet normal 0.4808067802331677 -0.874584286491089 0.06266710384792838
    outer loop
      vertex 14.436210947338486 -3.498846110449292 6.312666616782153
      vertex 14.492913397489497 -3.4721639627510075 6.25
      vertex 14.49080082032844 -3.4688350738104523 6.312666616782153
    endloop
  endfacet
  facet normal 0.5866299518114633 -0.8074268596801771 0.06266710384793375
    outer loop
      vertex 14.49080082032844 -3.4688350738104523 6.312666616782153
      vertex 14.543711994874345 -3.4352566213878943 6.25
      vertex 14.541198855600102 -3.4322187578576755 6.312666616782153
    endloop
  endfacet
  facet normal 0.6832016186139452 -0.7275358289586829 0.06266710384793282
    outer loop
      vertex 14.543711994874345 -3.4352566213878943 6.25
      vertex 14.58661024603091 -3.389574623767065 6.312666616782153
      vertex 14.541198855600102 -3.4322187578576755 6.312666616782153
    endloop
  endfacet
  facet normal 0.6832016186139593 -0.7275358289586711 0.06266710384791455
    outer loop
      vertex 14.543711994874345 -3.4352566213878943 6.25
      vertex 14.589484313710704 -3.392273552964344 6.25
      vertex 14.58661024603091 -3.389574623767065 6.312666616782153
    endloop
  endfacet
  facet normal 0.7689987877660004 -0.6361711236056986 0.06266710384791191
    outer loop
      vertex 14.589484313710704 -3.392273552964344 6.25
      vertex 14.629508497187475 -3.3438926261462365 6.25
      vertex 14.58661024603091 -3.389574623767065 6.312666616782153
    endloop
  endfacet
  facet normal 0.7689987877660209 -0.6361711236056702 0.06266710384794667
    outer loop
      vertex 14.629508497187475 -3.3438926261462365 6.25
      vertex 14.626318826866319 -3.341575195007601 6.312666616782153
      vertex 14.58661024603091 -3.389574623767065 6.312666616782153
    endloop
  endfacet
  facet normal 0.1231217597963509 -0.9746090838947282 0.1870245060266926
    outer loop
      vertex 14.256147698764101 -3.54507849478924 6.312666616782153
      vertex 14.317951878476064 -3.537270811180856 6.312666616782153
      vertex 14.31574719300894 -3.5257134452235723 6.374344943582427
    endloop
  endfacet
  facet normal 0.1231217597963547 -0.9746090838947284 0.18702450602668896
    outer loop
      vertex 14.256147698764101 -3.54507849478924 6.312666616782153
      vertex 14.31574719300894 -3.5257134452235723 6.374344943582427
      vertex 14.255408919947305 -3.5333359417559604 6.374344943582427
    endloop
  endfacet
  facet normal 0.24430181589133543 -0.9514927518891927 0.18702450602668957
    outer loop
      vertex 14.317951878476064 -3.537270811180856 6.312666616782153
      vertex 14.3782901515377 -3.521778575798677 6.312666616782153
      vertex 14.31574719300894 -3.5257134452235723 6.374344943582427
    endloop
  endfacet
  facet normal 0.2443018158913487 -0.9514927518891865 0.18702450602670345
    outer loop
      vertex 14.3782901515377 -3.521778575798677 6.312666616782153
      vertex 14.374654328627075 -3.5105886634825714 6.374344943582427
      vertex 14.31574719300894 -3.5257134452235723 6.374344943582427
    endloop
  endfacet
  facet normal 0.36162908641087793 -0.9133708107921447 0.18702450602670764
    outer loop
      vertex 14.3782901515377 -3.521778575798677 6.312666616782153
      vertex 14.431201326083604 -3.488200123376119 6.374344943582427
      vertex 14.374654328627075 -3.5105886634825714 6.374344943582427
    endloop
  endfacet
  facet normal 0.11922143341201617 -0.9437348214522648 0.3084652923647101
    outer loop
      vertex 14.255408919947305 -3.5333359417559604 6.374344943582427
      vertex 14.31574719300894 -3.5257134452235723 6.374344943582427
      vertex 14.25419057429753 -3.5139708921902932 6.434062276342338
    endloop
  endfacet
  facet normal 0.11922143341201849 -0.9437348214522637 0.30846529236471226
    outer loop
      vertex 14.31574719300894 -3.5257134452235723 6.374344943582427
      vertex 14.312111370098316 -3.5066537940576756 6.434062276342338
      vertex 14.25419057429753 -3.5139708921902932 6.434062276342338
    endloop
  endfacet
  facet normal 0.23656267359969615 -0.9213507827454882 0.3084652923647
    outer loop
      vertex 14.31574719300894 -3.5257134452235723 6.374344943582427
      vertex 14.374654328627075 -3.5105886634825714 6.374344943582427
      vertex 14.368658367554845 -3.492134992801015 6.434062276342338
    endloop
  endfacet
  facet normal 0.3501731791089912 -0.8844364918065434 0.30846529236469455
    outer loop
      vertex 14.374654328627075 -3.5105886634825714 6.374344943582427
      vertex 14.431201326083604 -3.488200123376119 6.374344943582427
      vertex 14.368658367554845 -3.492134992801015 6.434062276342338
    endloop
  endfacet
  facet normal 0.23656267359967714 -0.9213507827454875 0.3084652923647165
    outer loop
      vertex 14.31574719300894 -3.5257134452235723 6.374344943582427
      vertex 14.368658367554845 -3.492134992801015 6.434062276342338
      vertex 14.312111370098316 -3.5066537940576756 6.434062276342338
    endloop
  endfacet
  facet normal 0.11344545040256626 -0.898013207996246 0.4250910585359918
    outer loop
      vertex 14.25419057429753 -3.5139708921902932 6.434062276342338
      vertex 14.312111370098316 -3.5066537940576756 6.434062276342338
      vertex 14.25251187585348 -3.4872887444920084 6.490876837050857
    endloop
  endfacet
  facet normal 0.11344545040256589 -0.8980132079962461 0.42509105853599144
    outer loop
      vertex 14.312111370098316 -3.5066537940576756 6.434062276342338
      vertex 14.307101748843435 -3.4803924397677353 6.490876837050857
      vertex 14.25251187585348 -3.4872887444920084 6.490876837050857
    endloop
  endfacet
  facet normal 0.2251017982832383 -0.8767136204955435 0.4250910585359902
    outer loop
      vertex 14.312111370098316 -3.5066537940576756 6.434062276342338
      vertex 14.368658367554845 -3.492134992801015 6.434062276342338
      vertex 14.307101748843435 -3.4803924397677353 6.490876837050857
    endloop
  endfacet
  facet normal 0.3332081563357156 -0.8415877354762846 0.42509105853599477
    outer loop
      vertex 14.368658367554845 -3.492134992801015 6.434062276342338
      vertex 14.42293978673768 -3.47064345858924 6.434062276342338
      vertex 14.360396828208922 -3.466708589164344 6.490876837050857
    endloop
  endfacet
  facet normal 0.22510179828324117 -0.8767136204955414 0.4250910585359929
    outer loop
      vertex 14.368658367554845 -3.492134992801015 6.434062276342338
      vertex 14.360396828208922 -3.466708589164344 6.490876837050857
      vertex 14.307101748843435 -3.4803924397677353 6.490876837050857
    endloop
  endfacet
  facet normal 0.3332081563357171 -0.8415877354762833 0.4250910585359963
    outer loop
      vertex 14.360396828208922 -3.466708589164344 6.490876837050857
      vertex 14.42293978673768 -3.47064345858924 6.434062276342338
      vertex 14.411556618711407 -3.446452995180186 6.490876837050857
    endloop
  endfacet
  facet normal 0.10588229413944107 -0.8381446615333904 0.5350723933551864
    outer loop
      vertex 14.25251187585348 -3.4872887444920084 6.490876837050857
      vertex 14.307101748843435 -3.4803924397677353 6.490876837050857
      vertex 14.300797333964086 -3.447343539598677 6.543892626146237
    endloop
  endfacet
  facet normal 0.21009476124927315 -0.8182650702338249 0.5350723933551835
    outer loop
      vertex 14.307101748843435 -3.4803924397677353 6.490876837050857
      vertex 14.360396828208922 -3.466708589164344 6.490876837050857
      vertex 14.300797333964086 -3.447343539598677 6.543892626146237
    endloop
  endfacet
  facet normal 0.10588229413943424 -0.8381446615333883 0.535072393355191
    outer loop
      vertex 14.25251187585348 -3.4872887444920084 6.490876837050857
      vertex 14.300797333964086 -3.447343539598677 6.543892626146237
      vertex 14.250399298692423 -3.453710292069451 6.543892626146237
    endloop
  endfacet
  facet normal 0.21009476124928303 -0.8182650702338171 0.5350723933551917
    outer loop
      vertex 14.360396828208922 -3.466708589164344 6.490876837050857
      vertex 14.35 -3.4347104421469066 6.543892626146237
      vertex 14.300797333964086 -3.447343539598677 6.543892626146237
    endloop
  endfacet
  facet normal 0.31099390846969677 -0.7854809499687974 0.5350723933551962
    outer loop
      vertex 14.360396828208922 -3.466708589164344 6.490876837050857
      vertex 14.411556618711407 -3.446452995180186 6.490876837050857
      vertex 14.397231341364533 -3.4160102312076006 6.543892626146237
    endloop
  endfacet
  facet normal 0.3109939084697039 -0.7854809499687975 0.5350723933551916
    outer loop
      vertex 14.360396828208922 -3.466708589164344 6.490876837050857
      vertex 14.397231341364533 -3.4160102312076006 6.543892626146237
      vertex 14.35 -3.4347104421469066 6.543892626146237
    endloop
  endfacet
  facet normal 0.36162908641089936 -0.9133708107921403 0.18702450602668688
    outer loop
      vertex 14.3782901515377 -3.521778575798677 6.312666616782153
      vertex 14.436210947338486 -3.498846110449292 6.312666616782153
      vertex 14.431201326083604 -3.488200123376119 6.374344943582427
    endloop
  endfacet
  facet normal 0.4732532502109984 -0.8608444663876283 0.1870245060266853
    outer loop
      vertex 14.436210947338486 -3.498846110449292 6.312666616782153
      vertex 14.49080082032844 -3.4688350738104523 6.312666616782153
      vertex 14.431201326083604 -3.488200123376119 6.374344943582427
    endloop
  endfacet
  facet normal 0.47325325021101566 -0.8608444663876142 0.18702450602670637
    outer loop
      vertex 14.49080082032844 -3.4688350738104523 6.312666616782153
      vertex 14.484496405449088 -3.4589009055559603 6.374344943582427
      vertex 14.431201326083604 -3.488200123376119 6.374344943582427
    endloop
  endfacet
  facet normal 0.5774139275474761 -0.7947420905046264 0.18702450602670828
    outer loop
      vertex 14.49080082032844 -3.4688350738104523 6.312666616782153
      vertex 14.533699071485005 -3.4231530761896227 6.374344943582427
      vertex 14.484496405449088 -3.4589009055559603 6.374344943582427
    endloop
  endfacet
  facet normal 0.3501731791090087 -0.8844364918065298 0.30846529236471376
    outer loop
      vertex 14.368658367554845 -3.492134992801015 6.434062276342338
      vertex 14.431201326083604 -3.488200123376119 6.374344943582427
      vertex 14.42293978673768 -3.47064345858924 6.434062276342338
    endloop
  endfacet
  facet normal 0.45826124440047195 -0.833574109055038 0.30846529236468495
    outer loop
      vertex 14.431201326083604 -3.488200123376119 6.374344943582427
      vertex 14.484496405449088 -3.4589009055559603 6.374344943582427
      vertex 14.47409957724017 -3.4425181257552904 6.434062276342338
    endloop
  endfacet
  facet normal 0.45826124440043686 -0.8335741090550457 0.30846529236471604
    outer loop
      vertex 14.431201326083604 -3.488200123376119 6.374344943582427
      vertex 14.47409957724017 -3.4425181257552904 6.434062276342338
      vertex 14.42293978673768 -3.47064345858924 6.434062276342338
    endloop
  endfacet
  facet normal 0.43605962271382925 -0.7931895091284408 0.425091058535999
    outer loop
      vertex 14.42293978673768 -3.47064345858924 6.434062276342338
      vertex 14.459774299893295 -3.419945100632497 6.490876837050857
      vertex 14.411556618711407 -3.446452995180186 6.490876837050857
    endloop
  endfacet
  facet normal 0.5774139275474897 -0.79474209050462 0.18702450602669424
    outer loop
      vertex 14.49080082032844 -3.4688350738104523 6.312666616782153
      vertex 14.541198855600102 -3.4322187578576755 6.312666616782153
      vertex 14.533699071485005 -3.4231530761896227 6.374344943582427
    endloop
  endfacet
  facet normal 0.6724684423161963 -0.7161061570984426 0.18702450602669485
    outer loop
      vertex 14.541198855600102 -3.4322187578576755 6.312666616782153
      vertex 14.58661024603091 -3.389574623767065 6.312666616782153
      vertex 14.533699071485005 -3.4231530761896227 6.374344943582427
    endloop
  endfacet
  facet normal 0.5591222561156999 -0.7695657646507296 0.30846529236468
    outer loop
      vertex 14.484496405449088 -3.4589009055559603 6.374344943582427
      vertex 14.533699071485005 -3.4231530761896227 6.374344943582427
      vertex 14.47409957724017 -3.4425181257552904 6.434062276342338
    endloop
  endfacet
  facet normal 0.5591222561157226 -0.7695657646507001 0.30846529236471243
    outer loop
      vertex 14.533699071485005 -3.4231530761896227 6.374344943582427
      vertex 14.521330918604702 -3.408202547599217 6.434062276342338
      vertex 14.47409957724017 -3.4425181257552904 6.434062276342338
    endloop
  endfacet
  facet normal 0.65116557584858 -0.6934209084215297 0.30846529236471226
    outer loop
      vertex 14.533699071485005 -3.4231530761896227 6.374344943582427
      vertex 14.578033368755714 -3.3815203999009324 6.374344943582427
      vertex 14.521330918604702 -3.408202547599217 6.434062276342338
    endloop
  endfacet
  facet normal 0.6511655758485819 -0.6934209084215268 0.30846529236471537
    outer loop
      vertex 14.578033368755714 -3.3815203999009324 6.374344943582427
      vertex 14.56388894436333 -3.368237901287674 6.434062276342338
      vertex 14.521330918604702 -3.408202547599217 6.434062276342338
    endloop
  endfacet
  facet normal 0.6724684423162047 -0.7161061570984313 0.18702450602670823
    outer loop
      vertex 14.58661024603091 -3.389574623767065 6.312666616782153
      vertex 14.578033368755714 -3.3815203999009324 6.374344943582427
      vertex 14.533699071485005 -3.4231530761896227 6.374344943582427
    endloop
  endfacet
  facet normal 0.7569177280363986 -0.626176801813738 0.18702450602671106
    outer loop
      vertex 14.58661024603091 -3.389574623767065 6.312666616782153
      vertex 14.616800118909234 -3.3346594488651164 6.374344943582427
      vertex 14.578033368755714 -3.3815203999009324 6.374344943582427
    endloop
  endfacet
  facet normal 0.7569177280363999 -0.6261768018137369 0.1870245060267094
    outer loop
      vertex 14.58661024603091 -3.389574623767065 6.312666616782153
      vertex 14.626318826866319 -3.341575195007601 6.312666616782153
      vertex 14.616800118909234 -3.3346594488651164 6.374344943582427
    endloop
  endfacet
  facet normal 0.7329396254628427 -0.6063403902369847 0.30846529236471504
    outer loop
      vertex 14.578033368755714 -3.3815203999009324 6.374344943582427
      vertex 14.616800118909234 -3.3346594488651164 6.374344943582427
      vertex 14.56388894436333 -3.368237901287674 6.434062276342338
    endloop
  endfacet
  facet normal 0.7329396254628413 -0.6063403902369875 0.30846529236471226
    outer loop
      vertex 14.56388894436333 -3.368237901287674 6.434062276342338
      vertex 14.616800118909234 -3.3346594488651164 6.374344943582427
      vertex 14.601102489026905 -3.3232544531667174 6.434062276342338
    endloop
  endfacet
  facet normal 0.43605962271384197 -0.793189509128439 0.4250910585359892
    outer loop
      vertex 14.42293978673768 -3.47064345858924 6.434062276342338
      vertex 14.47409957724017 -3.4425181257552904 6.434062276342338
      vertex 14.459774299893295 -3.419945100632497 6.490876837050857
    endloop
  endfacet
  facet normal 0.532034168352425 -0.7322822103931623 0.4250910585359894
    outer loop
      vertex 14.47409957724017 -3.4425181257552904 6.434062276342338
      vertex 14.521330918604702 -3.408202547599217 6.434062276342338
      vertex 14.459774299893295 -3.419945100632497 6.490876837050857
    endloop
  endfacet
  facet normal 0.5320341683524276 -0.7322822103931584 0.425091058535993
    outer loop
      vertex 14.521330918604702 -3.408202547599217 6.434062276342338
      vertex 14.504289450118494 -3.387602950853341 6.490876837050857
      vertex 14.459774299893295 -3.419945100632497 6.490876837050857
    endloop
  endfacet
  facet normal 0.4069884959747571 -0.7403093258992127 0.5350723933551965
    outer loop
      vertex 14.411556618711407 -3.446452995180186 6.490876837050857
      vertex 14.459774299893295 -3.419945100632497 6.490876837050857
      vertex 14.397231341364533 -3.4160102312076006 6.543892626146237
    endloop
  endfacet
  facet normal 0.40698849597476006 -0.740309325899209 0.5350723933551997
    outer loop
      vertex 14.459774299893295 -3.419945100632497 6.490876837050857
      vertex 14.441746491589734 -3.3915378202782374 6.543892626146237
      vertex 14.397231341364533 -3.4160102312076006 6.543892626146237
    endloop
  endfacet
  facet normal 0.6196182173342537 -0.6598263837558189 0.4250910585359801
    outer loop
      vertex 14.521330918604702 -3.408202547599217 6.434062276342338
      vertex 14.56388894436333 -3.368237901287674 6.434062276342338
      vertex 14.544400038875894 -3.349936600865002 6.490876837050857
    endloop
  endfacet
  facet normal 0.6196182173342389 -0.6598263837558251 0.42509105853599244
    outer loop
      vertex 14.521330918604702 -3.408202547599217 6.434062276342338
      vertex 14.544400038875894 -3.349936600865002 6.490876837050857
      vertex 14.504289450118494 -3.387602950853341 6.490876837050857
    endloop
  endfacet
  facet normal 0.6974305168867191 -0.5769647008854916 0.4250910585359791
    outer loop
      vertex 14.56388894436333 -3.368237901287674 6.434062276342338
      vertex 14.579473498219889 -3.3075400715075807 6.490876837050857
      vertex 14.544400038875894 -3.349936600865002 6.490876837050857
    endloop
  endfacet
  facet normal 0.49656463177522686 -0.683462581520811 0.5350723933551815
    outer loop
      vertex 14.459774299893295 -3.419945100632497 6.490876837050857
      vertex 14.504289450118494 -3.387602950853341 6.490876837050857
      vertex 14.482843420164487 -3.3616791538982813 6.543892626146237
    endloop
  endfacet
  facet normal 0.49656463177519616 -0.6834625815208172 0.535072393355202
    outer loop
      vertex 14.459774299893295 -3.419945100632497 6.490876837050857
      vertex 14.482843420164487 -3.3616791538982813 6.543892626146237
      vertex 14.441746491589734 -3.3915378202782374 6.543892626146237
    endloop
  endfacet
  facet normal 0.5783096466992078 -0.6158372239511001 0.5350723933551795
    outer loop
      vertex 14.504289450118494 -3.387602950853341 6.490876837050857
      vertex 14.544400038875894 -3.349936600865002 6.490876837050857
      vertex 14.482843420164487 -3.3616791538982813 6.543892626146237
    endloop
  endfacet
  facet normal 0.5783096466992191 -0.6158372239510725 0.5350723933551988
    outer loop
      vertex 14.544400038875894 -3.349936600865002 6.490876837050857
      vertex 14.51987400397505 -3.326905121073248 6.543892626146237
      vertex 14.482843420164487 -3.3616791538982813 6.543892626146237
    endloop
  endfacet
  facet normal 0.09664835945595986 -0.7650505420415095 0.6366763406444945
    outer loop
      vertex 14.250399298692423 -3.453710292069451 6.543892626146237
      vertex 14.300797333964086 -3.447343539598677 6.543892626146237
      vertex 14.247886159418181 -3.4137650871761194 6.592273552964345
    endloop
  endfacet
  facet normal 0.19177251654837635 -0.7469046385986863 0.6366763406444976
    outer loop
      vertex 14.300797333964086 -3.447343539598677 6.543892626146237
      vertex 14.35 -3.4347104421469066 6.543892626146237
      vertex 14.293297549848988 -3.4080282944486218 6.592273552964345
    endloop
  endfacet
  facet normal 0.09664835945596456 -0.7650505420415064 0.6366763406444974
    outer loop
      vertex 14.300797333964086 -3.447343539598677 6.543892626146237
      vertex 14.293297549848988 -3.4080282944486218 6.592273552964345
      vertex 14.247886159418181 -3.4137650871761194 6.592273552964345
    endloop
  endfacet
  facet normal 0.2838723064954782 -0.7169796028259621 0.6366763406444933
    outer loop
      vertex 14.35 -3.4347104421469066 6.543892626146237
      vertex 14.397231341364533 -3.4160102312076006 6.543892626146237
      vertex 14.380189872878324 -3.379795267244958 6.592273552964345
    endloop
  endfacet
  facet normal 0.1917725165483772 -0.7469046385986856 0.6366763406444982
    outer loop
      vertex 14.35 -3.4347104421469066 6.543892626146237
      vertex 14.337631847119697 -3.3966451816419334 6.592273552964345
      vertex 14.293297549848988 -3.4080282944486218 6.592273552964345
    endloop
  endfacet
  facet normal 0.28387230649546924 -0.7169796028259614 0.6366763406444982
    outer loop
      vertex 14.35 -3.4347104421469066 6.543892626146237
      vertex 14.380189872878324 -3.379795267244958 6.592273552964345
      vertex 14.337631847119697 -3.3966451816419334 6.592273552964345
    endloop
  endfacet
  facet normal 0.08588652013330501 -0.679861811953277 0.7282935001131057
    outer loop
      vertex 14.245012091738383 -3.3680830895552902 6.635256621387894
      vertex 14.247886159418181 -3.4137650871761194 6.592273552964345
      vertex 14.293297549848988 -3.4080282944486218 6.592273552964345
    endloop
  endfacet
  facet normal 0.1704185585379882 -0.6637364632132537 0.7282935001131038
    outer loop
      vertex 14.293297549848988 -3.4080282944486218 6.592273552964345
      vertex 14.337631847119697 -3.3966451816419334 6.592273552964345
      vertex 14.323487422727313 -3.353113119546673 6.635256621387894
    endloop
  endfacet
  facet normal 0.0858865201333036 -0.679861811953278 0.728293500113105
    outer loop
      vertex 14.245012091738383 -3.3680830895552902 6.635256621387894
      vertex 14.293297549848988 -3.4080282944486218 6.592273552964345
      vertex 14.284720672573792 -3.363066729219376 6.635256621387894
    endloop
  endfacet
  facet normal 0.17041855853798105 -0.6637364632132521 0.7282935001131068
    outer loop
      vertex 14.293297549848988 -3.4080282944486218 6.592273552964345
      vertex 14.323487422727313 -3.353113119546673 6.635256621387894
      vertex 14.284720672573792 -3.363066729219376 6.635256621387894
    endloop
  endfacet
  facet normal 0.25226299447141187 -0.6371435939514141 0.7282935001131013
    outer loop
      vertex 14.337631847119697 -3.3966451816419334 6.592273552964345
      vertex 14.380189872878324 -3.379795267244958 6.592273552964345
      vertex 14.360700967390889 -3.3383792349077184 6.635256621387894
    endloop
  endfacet
  facet normal 0.3301290922874185 -0.6005025896018337 0.728293500113091
    outer loop
      vertex 14.380189872878324 -3.379795267244958 6.592273552964345
      vertex 14.420300461635724 -3.3577442844733856 6.592273552964345
      vertex 14.395774426734883 -3.3190974374648645 6.635256621387894
    endloop
  endfacet
  facet normal 0.25226299447140604 -0.6371435939514136 0.7282935001131039
    outer loop
      vertex 14.337631847119697 -3.3966451816419334 6.592273552964345
      vertex 14.360700967390889 -3.3383792349077184 6.635256621387894
      vertex 14.323487422727313 -3.353113119546673 6.635256621387894
    endloop
  endfacet
  facet normal 0.3301290922873952 -0.6005025896018347 0.7282935001131008
    outer loop
      vertex 14.380189872878324 -3.379795267244958 6.592273552964345
      vertex 14.395774426734883 -3.3190974374648645 6.635256621387894
      vertex 14.360700967390889 -3.3383792349077184 6.635256621387894
    endloop
  endfacet
  facet normal 0.07376426203655188 -0.5839042584066746 0.8084643781025571
    outer loop
      vertex 14.245012091738383 -3.3680830895552902 6.635256621387894
      vertex 14.284720672573792 -3.363066729219376 6.635256621387894
      vertex 14.275201964616711 -3.3131679146533415 6.672163962751007
    endloop
  endfacet
  facet normal 0.1463652175961508 -0.5700548854428663 0.8084643781025556
    outer loop
      vertex 14.284720672573792 -3.363066729219376 6.635256621387894
      vertex 14.323487422727313 -3.353113119546673 6.635256621387894
      vertex 14.275201964616711 -3.3131679146533415 6.672163962751007
    endloop
  endfacet
  facet normal 0.3714952605920136 -0.6757473704138318 0.6366763406444936
    outer loop
      vertex 14.397231341364533 -3.4160102312076006 6.543892626146237
      vertex 14.441746491589734 -3.3915378202782374 6.543892626146237
      vertex 14.380189872878324 -3.379795267244958 6.592273552964345
    endloop
  endfacet
  facet normal 0.3714952605920287 -0.6757473704138105 0.6366763406445076
    outer loop
      vertex 14.380189872878324 -3.379795267244958 6.592273552964345
      vertex 14.441746491589734 -3.3915378202782374 6.543892626146237
      vertex 14.420300461635724 -3.3577442844733856 6.592273552964345
    endloop
  endfacet
  facet normal 0.45325951250853497 -0.6238581982983359 0.6366763406445063
    outer loop
      vertex 14.441746491589734 -3.3915378202782374 6.543892626146237
      vertex 14.482843420164487 -3.3616791538982813 6.543892626146237
      vertex 14.45733104544629 -3.3308399904981436 6.592273552964345
    endloop
  endfacet
  facet normal 0.4532595125085285 -0.623858198298337 0.6366763406445098
    outer loop
      vertex 14.441746491589734 -3.3915378202782374 6.543892626146237
      vertex 14.45733104544629 -3.3308399904981436 6.592273552964345
      vertex 14.420300461635724 -3.3577442844733856 6.592273552964345
    endloop
  endfacet
  facet normal 0.842668386657438 -0.534773619603159 0.06266710384792047
    outer loop
      vertex 14.629508497187475 -3.3438926261462365 6.25
      vertex 14.66315334002193 -3.2908768370508574 6.25
      vertex 14.659698370065799 -3.2889774512442878 6.312666616782153
    endloop
  endfacet
  facet normal 0.842668386657422 -0.5347736196031813 0.06266710384794763
    outer loop
      vertex 14.629508497187475 -3.3438926261462365 6.25
      vertex 14.659698370065799 -3.2889774512442878 6.312666616782153
      vertex 14.626318826866319 -3.341575195007601 6.312666616782153
    endloop
  endfacet
  facet normal 0.9030486017055136 -0.42494241616133194 0.06266710384791985
    outer loop
      vertex 14.66315334002193 -3.2908768370508574 6.25
      vertex 14.689888242944127 -3.234062276342339 6.25
      vertex 14.659698370065799 -3.2889774512442878 6.312666616782153
    endloop
  endfacet
  facet normal 0.9030486017055366 -0.4249424161612738 0.06266710384798181
    outer loop
      vertex 14.659698370065799 -3.2889774512442878 6.312666616782153
      vertex 14.689888242944127 -3.234062276342339 6.25
      vertex 14.686222460293122 -3.2326108903166424 6.312666616782153
    endloop
  endfacet
  facet normal 0.9491872008496618 -0.30840961696823577 0.06266710384795114
    outer loop
      vertex 14.689888242944127 -3.234062276342339 6.25
      vertex 14.709291580564317 -3.174344943582427 6.25
      vertex 14.705472796800683 -3.1733644465622453 6.312666616782153
    endloop
  endfacet
  facet normal 0.9491872008496496 -0.3084096169682665 0.06266710384798393
    outer loop
      vertex 14.689888242944127 -3.234062276342339 6.25
      vertex 14.705472796800683 -3.1733644465622453 6.312666616782153
      vertex 14.686222460293122 -3.2326108903166424 6.312666616782153
    endloop
  endfacet
  facet normal 0.9803565508194524 -0.1870130138805861 0.06266710384792065
    outer loop
      vertex 14.709291580564317 -3.174344943582427 6.25
      vertex 14.721057350657238 -3.112666616782152 6.25
      vertex 14.717145790282158 -3.1121724717912134 6.312666616782153
    endloop
  endfacet
  facet normal 0.9803565508194447 -0.18701301388061678 0.06266710384795206
    outer loop
      vertex 14.709291580564317 -3.174344943582427 6.25
      vertex 14.717145790282158 -3.1121724717912134 6.312666616782153
      vertex 14.705472796800683 -3.1733644465622453 6.312666616782153
    endloop
  endfacet
  facet normal 0.9960650923461908 -0.06266710384793879 0.06266710384792
    outer loop
      vertex 14.721057350657238 -3.112666616782152 6.25
      vertex 14.725 -3.05 6.25
      vertex 14.717145790282158 -3.1121724717912134 6.312666616782153
    endloop
  endfacet
  facet normal 0.9960650923461908 -0.06266710384792029 0.06266710384793835
    outer loop
      vertex 14.717145790282158 -3.1121724717912134 6.312666616782153
      vertex 14.725 -3.05 6.25
      vertex 14.721057350657238 -3.05 6.312666616782153
    endloop
  endfacet
  facet normal 0.8294299690247254 -0.5263722643045584 0.18702450602671075
    outer loop
      vertex 14.626318826866319 -3.341575195007601 6.312666616782153
      vertex 14.64938794713751 -3.283309248273386 6.374344943582427
      vertex 14.616800118909234 -3.3346594488651164 6.374344943582427
    endloop
  endfacet
  facet normal 0.8294299690247458 -0.5263722643045362 0.18702450602668222
    outer loop
      vertex 14.626318826866319 -3.341575195007601 6.312666616782153
      vertex 14.659698370065799 -3.2889774512442878 6.312666616782153
      vertex 14.64938794713751 -3.283309248273386 6.374344943582427
    endloop
  endfacet
  facet normal 0.8031547793466478 -0.5096975218882168 0.30846529236471365
    outer loop
      vertex 14.616800118909234 -3.3346594488651164 6.374344943582427
      vertex 14.64938794713751 -3.283309248273386 6.374344943582427
      vertex 14.601102489026905 -3.3232544531667174 6.434062276342338
    endloop
  endfacet
  facet normal 0.803154779346655 -0.5096975218881916 0.30846529236473624
    outer loop
      vertex 14.64938794713751 -3.283309248273386 6.374344943582427
      vertex 14.63238467276579 -3.273961619085023 6.434062276342338
      vertex 14.601102489026905 -3.3232544531667174 6.434062276342338
    endloop
  endfacet
  facet normal 0.8888616039241181 -0.41826652174770107 0.18702450602668144
    outer loop
      vertex 14.659698370065799 -3.2889774512442878 6.312666616782153
      vertex 14.686222460293122 -3.2326108903166424 6.312666616782153
      vertex 14.64938794713751 -3.283309248273386 6.374344943582427
    endloop
  endfacet
  facet normal 0.8888616039241186 -0.41826652174769907 0.18702450602668338
    outer loop
      vertex 14.686222460293122 -3.2326108903166424 6.312666616782153
      vertex 14.675282923922355 -3.2282796214641944 6.374344943582427
      vertex 14.64938794713751 -3.283309248273386 6.374344943582427
    endloop
  endfacet
  facet normal 0.8607037025787774 -0.40501641914068387 0.30846529236470244
    outer loop
      vertex 14.64938794713751 -3.283309248273386 6.374344943582427
      vertex 14.675282923922355 -3.2282796214641944 6.374344943582427
      vertex 14.657242156855352 -3.2211367764821723 6.434062276342338
    endloop
  endfacet
  facet normal 0.8607037025787504 -0.4050164191407145 0.3084652923647379
    outer loop
      vertex 14.64938794713751 -3.283309248273386 6.374344943582427
      vertex 14.657242156855352 -3.2211367764821723 6.434062276342338
      vertex 14.63238467276579 -3.273961619085023 6.434062276342338
    endloop
  endfacet
  facet normal 0.6509343730293004 -0.5384997454763469 0.5350723933551993
    outer loop
      vertex 14.544400038875894 -3.349936600865002 6.490876837050857
      vertex 14.579473498219889 -3.3075400715075807 6.490876837050857
      vertex 14.51987400397505 -3.326905121073248 6.543892626146237
    endloop
  endfacet
  facet normal 0.650934373029306 -0.5384997454763268 0.5350723933552128
    outer loop
      vertex 14.579473498219889 -3.3075400715075807 6.490876837050857
      vertex 14.552254248593735 -3.2877641290737882 6.543892626146237
      vertex 14.51987400397505 -3.326905121073248 6.543892626146237
    endloop
  endfacet
  facet normal 0.6974305168867342 -0.5769647008854831 0.4250910585359659
    outer loop
      vertex 14.56388894436333 -3.368237901287674 6.434062276342338
      vertex 14.601102489026905 -3.3232544531667174 6.434062276342338
      vertex 14.579473498219889 -3.3075400715075807 6.490876837050857
    endloop
  endfacet
  facet normal 0.7642439205631267 -0.48500394002015645 0.4250910585359631
    outer loop
      vertex 14.601102489026905 -3.3232544531667174 6.434062276342338
      vertex 14.60895669874475 -3.2610819813755034 6.490876837050857
      vertex 14.579473498219889 -3.3075400715075807 6.490876837050857
    endloop
  endfacet
  facet normal 0.7642439205631316 -0.4850039400201529 0.4250910585359586
    outer loop
      vertex 14.601102489026905 -3.3232544531667174 6.434062276342338
      vertex 14.63238467276579 -3.273961619085023 6.434062276342338
      vertex 14.60895669874475 -3.2610819813755034 6.490876837050857
    endloop
  endfacet
  facet normal 0.8190047410750408 -0.3853943772934231 0.4250910585359563
    outer loop
      vertex 14.63238467276579 -3.273961619085023 6.434062276342338
      vertex 14.657242156855352 -3.2211367764821723 6.434062276342338
      vertex 14.60895669874475 -3.2610819813755034 6.490876837050857
    endloop
  endfacet
  facet normal 0.713293475447411 -0.4526698043312592 0.535072393355192
    outer loop
      vertex 14.579473498219889 -3.3075400715075807 6.490876837050857
      vertex 14.60895669874475 -3.2610819813755034 6.490876837050857
      vertex 14.579473498219889 -3.2448734547254285 6.543892626146237
    endloop
  endfacet
  facet normal 0.7132934754473801 -0.45266980433127946 0.535072393355216
    outer loop
      vertex 14.579473498219889 -3.3075400715075807 6.490876837050857
      vertex 14.579473498219889 -3.2448734547254285 6.543892626146237
      vertex 14.552254248593735 -3.2877641290737882 6.543892626146237
    endloop
  endfacet
  facet normal 0.9342753603494012 -0.3035644662826517 0.18702450602668488
    outer loop
      vertex 14.686222460293122 -3.2326108903166424 6.312666616782153
      vertex 14.705472796800683 -3.1733644465622453 6.312666616782153
      vertex 14.694076670010967 -3.1704384185254284 6.374344943582427
    endloop
  endfacet
  facet normal 0.9342753603494017 -0.3035644662826504 0.18702450602668358
    outer loop
      vertex 14.686222460293122 -3.2326108903166424 6.312666616782153
      vertex 14.694076670010967 -3.1704384185254284 6.374344943582427
      vertex 14.675282923922355 -3.2282796214641944 6.374344943582427
    endloop
  endfacet
  facet normal 0.9046788142617307 -0.2939479655183001 0.3084652923647024
    outer loop
      vertex 14.675282923922355 -3.2282796214641944 6.374344943582427
      vertex 14.694076670010967 -3.1704384185254284 6.374344943582427
      vertex 14.657242156855352 -3.2211367764821723 6.434062276342338
    endloop
  endfacet
  facet normal 0.9046788142617319 -0.2939479655182558 0.3084652923647407
    outer loop
      vertex 14.694076670010967 -3.1704384185254284 6.374344943582427
      vertex 14.675282923922355 -3.165613004682042 6.434062276342338
      vertex 14.657242156855352 -3.2211367764821723 6.434062276342338
    endloop
  endfacet
  facet normal 0.964955036232955 -0.18407501784362576 0.18702450602668494
    outer loop
      vertex 14.705472796800683 -3.1733644465622453 6.312666616782153
      vertex 14.717145790282158 -3.1121724717912134 6.312666616782153
      vertex 14.694076670010967 -3.1704384185254284 6.374344943582427
    endloop
  endfacet
  facet normal 0.9343866006148644 -0.17824377688360496 0.3084652923647416
    outer loop
      vertex 14.694076670010967 -3.1704384185254284 6.374344943582427
      vertex 14.705472796800683 -3.110697829780093 6.374344943582427
      vertex 14.675282923922355 -3.165613004682042 6.434062276342338
    endloop
  endfacet
  facet normal 0.8190047410750456 -0.3853943772933593 0.42509105853600515
    outer loop
      vertex 14.60895669874475 -3.2610819813755034 6.490876837050857
      vertex 14.657242156855352 -3.2211367764821723 6.434062276342338
      vertex 14.63238467276579 -3.2112950023028715 6.490876837050857
    endloop
  endfacet
  facet normal 0.8608493675704669 -0.27970691501331435 0.4250910585360056
    outer loop
      vertex 14.657242156855352 -3.2211367764821723 6.434062276342338
      vertex 14.64938794713751 -3.158964304690958 6.490876837050857
      vertex 14.63238467276579 -3.2112950023028715 6.490876837050857
    endloop
  endfacet
  facet normal 0.7644035136568478 -0.35970098996001143 0.5350723933551917
    outer loop
      vertex 14.60895669874475 -3.2610819813755034 6.490876837050857
      vertex 14.63238467276579 -3.2112950023028715 6.490876837050857
      vertex 14.601102489026905 -3.19890950958429 6.543892626146237
    endloop
  endfacet
  facet normal 0.7644035136568488 -0.35970098996001065 0.535072393355191
    outer loop
      vertex 14.60895669874475 -3.2610819813755034 6.490876837050857
      vertex 14.601102489026905 -3.19890950958429 6.543892626146237
      vertex 14.579473498219889 -3.2448734547254285 6.543892626146237
    endloop
  endfacet
  facet normal 0.8034584518233514 -0.2610594761022314 0.5350723933551906
    outer loop
      vertex 14.63238467276579 -3.2112950023028715 6.490876837050857
      vertex 14.64938794713751 -3.158964304690958 6.490876837050857
      vertex 14.601102489026905 -3.19890950958429 6.543892626146237
    endloop
  endfacet
  facet normal 0.8608493675704927 -0.27970691501328254 0.42509105853597434
    outer loop
      vertex 14.657242156855352 -3.2211367764821723 6.434062276342338
      vertex 14.675282923922355 -3.165613004682042 6.434062276342338
      vertex 14.64938794713751 -3.158964304690958 6.490876837050857
    endloop
  endfacet
  facet normal 0.889117885292867 -0.1696083075946055 0.42509105853597295
    outer loop
      vertex 14.675282923922355 -3.165613004682042 6.434062276342338
      vertex 14.686222460293122 -3.108265946734215 6.434062276342338
      vertex 14.64938794713751 -3.158964304690958 6.490876837050857
    endloop
  endfacet
  facet normal 0.8034584518233493 -0.26105947610221214 0.5350723933552033
    outer loop
      vertex 14.64938794713751 -3.158964304690958 6.490876837050857
      vertex 14.616800118909234 -3.1505971725227777 6.543892626146237
      vertex 14.601102489026905 -3.19890950958429 6.543892626146237
    endloop
  endfacet
  facet normal 0.8298423702418047 -0.15830089835688302 0.5350723933552051
    outer loop
      vertex 14.64938794713751 -3.158964304690958 6.490876837050857
      vertex 14.626318826866319 -3.100698357956743 6.543892626146237
      vertex 14.616800118909234 -3.1505971725227777 6.543892626146237
    endloop
  endfacet
  facet normal 0.07376426203654131 -0.583904258406671 0.8084643781025607
    outer loop
      vertex 14.245012091738383 -3.3680830895552902 6.635256621387894
      vertex 14.275201964616711 -3.3131679146533415 6.672163962751007
      vertex 14.241822421417227 -3.3173847315985467 6.672163962751007
    endloop
  endfacet
  facet normal 0.14636521759616014 -0.5700548854428585 0.8084643781025594
    outer loop
      vertex 14.323487422727313 -3.353113119546673 6.635256621387894
      vertex 14.307789792844984 -3.304800782485161 6.672163962751007
      vertex 14.275201964616711 -3.3131679146533415 6.672163962751007
    endloop
  endfacet
  facet normal 0.060471357091175855 -0.47868008087271935 0.8759044440732324
    outer loop
      vertex 14.241822421417227 -3.3173847315985467 6.672163962751007
      vertex 14.275201964616711 -3.3131679146533415 6.672163962751007
      vertex 14.238367451461096 -3.262469556696598 6.702413526233009
    endloop
  endfacet
  facet normal 0.11998904475720945 -0.4673264747379674 0.8759044440732311
    outer loop
      vertex 14.275201964616711 -3.3131679146533415 6.672163962751007
      vertex 14.307789792844984 -3.304800782485161 6.672163962751007
      vertex 14.290786518473267 -3.252470084873248 6.702413526233009
    endloop
  endfacet
  facet normal 0.21665790623991543 -0.5472154064013346 0.8084643781025594
    outer loop
      vertex 14.323487422727313 -3.353113119546673 6.635256621387894
      vertex 14.360700967390889 -3.3383792349077184 6.635256621387894
      vertex 14.307789792844984 -3.304800782485161 6.672163962751007
    endloop
  endfacet
  facet normal 0.2835337702771048 -0.5157460135102246 0.8084643781025613
    outer loop
      vertex 14.360700967390889 -3.3383792349077184 6.635256621387894
      vertex 14.395774426734883 -3.3190974374648645 6.635256621387894
      vertex 14.339071976583869 -3.2924152897665797 6.672163962751007
    endloop
  endfacet
  facet normal 0.21665790623991732 -0.5472154064013325 0.8084643781025602
    outer loop
      vertex 14.360700967390889 -3.3383792349077184 6.635256621387894
      vertex 14.339071976583869 -3.2924152897665797 6.672163962751007
      vertex 14.307789792844984 -3.304800782485161 6.672163962751007
    endloop
  endfacet
  facet normal 0.28353377027711346 -0.5157460135102124 0.8084643781025658
    outer loop
      vertex 14.395774426734883 -3.3190974374648645 6.635256621387894
      vertex 14.36855517710873 -3.276206763116505 6.672163962751007
      vertex 14.339071976583869 -3.2924152897665797 6.672163962751007
    endloop
  endfacet
  facet normal 0.060471357091184855 -0.4786800808727142 0.8759044440732346
    outer loop
      vertex 14.238367451461096 -3.262469556696598 6.702413526233009
      vertex 14.275201964616711 -3.3131679146533415 6.672163962751007
      vertex 14.264891541688419 -3.2591187848643317 6.702413526233009
    endloop
  endfacet
  facet normal 0.11998904475718632 -0.46732647473796396 0.8759044440732363
    outer loop
      vertex 14.275201964616711 -3.3131679146533415 6.672163962751007
      vertex 14.290786518473267 -3.252470084873248 6.702413526233009
      vertex 14.264891541688419 -3.2591187848643317 6.702413526233009
    endloop
  endfacet
  facet normal 0.1776144335094206 -0.4486028509293008 0.8759044440732284
    outer loop
      vertex 14.307789792844984 -3.304800782485161 6.672163962751007
      vertex 14.339071976583869 -3.2924152897665797 6.672163962751007
      vertex 14.315644002562829 -3.2426283106939473 6.702413526233009
    endloop
  endfacet
  facet normal 0.1776144335094101 -0.4486028509293006 0.8759044440732306
    outer loop
      vertex 14.307789792844984 -3.304800782485161 6.672163962751007
      vertex 14.315644002562829 -3.2426283106939473 6.702413526233009
      vertex 14.290786518473267 -3.252470084873248 6.702413526233009
    endloop
  endfacet
  facet normal 0.3459381373821633 -0.476142997894317 0.808464378102568
    outer loop
      vertex 14.395774426734883 -3.3190974374648645 6.635256621387894
      vertex 14.395774426734883 -3.256430820682712 6.672163962751007
      vertex 14.36855517710873 -3.276206763116505 6.672163962751007
    endloop
  endfacet
  facet normal 0.23243873654347297 -0.42280449217912175 0.8759044440732271
    outer loop
      vertex 14.339071976583869 -3.2924152897665797 6.672163962751007
      vertex 14.36855517710873 -3.276206763116505 6.672163962751007
      vertex 14.315644002562829 -3.2426283106939473 6.702413526233009
    endloop
  endfacet
  facet normal 0.23243873654349265 -0.422804492179097 0.8759044440732338
    outer loop
      vertex 14.36855517710873 -3.276206763116505 6.672163962751007
      vertex 14.339071976583869 -3.2297486729844276 6.702413526233009
      vertex 14.315644002562829 -3.2426283106939473 6.702413526233009
    endloop
  endfacet
  facet normal 0.28359734185004554 -0.3903382540161138 0.8759044440732334
    outer loop
      vertex 14.36855517710873 -3.276206763116505 6.672163962751007
      vertex 14.395774426734883 -3.256430820682712 6.672163962751007
      vertex 14.339071976583869 -3.2297486729844276 6.702413526233009
    endloop
  endfacet
  facet normal 0.0462170699412825 -0.36584577957847714 0.9295272174663091
    outer loop
      vertex 14.238367451461096 -3.262469556696598 6.702413526233009
      vertex 14.264891541688419 -3.2591187848643317 6.702413526233009
      vertex 14.234701668810095 -3.204203609962383 6.725528258147577
    endloop
  endfacet
  facet normal 0.031226912417268944 -0.24718646447380963 0.9684646259527615
    outer loop
      vertex 14.234701668810095 -3.204203609962383 6.725528258147577
      vertex 14.253952005317652 -3.2017717269165047 6.725528258147577
      vertex 14.242555878527936 -3.1420311381711694 6.741143625364344
    endloop
  endfacet
  facet normal 0.031226912417266193 -0.24718646447380926 0.9684646259527616
    outer loop
      vertex 14.234701668810095 -3.204203609962383 6.725528258147577
      vertex 14.242555878527936 -3.1420311381711694 6.741143625364344
      vertex 14.23088288504646 -3.1435057801822897 6.741143625364344
    endloop
  endfacet
  facet normal 0.2835973418500514 -0.39033825401610395 0.875904444073236
    outer loop
      vertex 14.395774426734883 -3.256430820682712 6.672163962751007
      vertex 14.360700967390889 -3.214034291325291 6.702413526233009
      vertex 14.339071976583869 -3.2297486729844276 6.702413526233009
    endloop
  endfacet
  facet normal 0.3302834476628219 -0.3517161484104954 0.875904444073237
    outer loop
      vertex 14.395774426734883 -3.256430820682712 6.672163962751007
      vertex 14.420300461635728 -3.2333993408909585 6.672163962751007
      vertex 14.360700967390889 -3.214034291325291 6.702413526233009
    endloop
  endfacet
  facet normal 0.33028344766283263 -0.3517161484104714 0.8759044440732426
    outer loop
      vertex 14.360700967390889 -3.214034291325291 6.702413526233009
      vertex 14.420300461635728 -3.2333993408909585 6.672163962751007
      vertex 14.380189872878324 -3.1957329909026186 6.702413526233009
    endloop
  endfacet
  facet normal 0.37176078620418496 -0.3075472690393933 0.8759044440732432
    outer loop
      vertex 14.380189872878324 -3.1957329909026186 6.702413526233009
      vertex 14.420300461635728 -3.2333993408909585 6.672163962751007
      vertex 14.397231341364533 -3.175133394156743 6.702413526233009
    endloop
  endfacet
  facet normal 0.09170526908083873 -0.3571684415120576 0.9295272174663091
    outer loop
      vertex 14.264891541688419 -3.2591187848643317 6.702413526233009
      vertex 14.290786518473267 -3.252470084873248 6.702413526233009
      vertex 14.272745751406264 -3.196946313073118 6.725528258147577
    endloop
  endfacet
  facet normal 0.09170526908083687 -0.3571684415120574 0.9295272174663092
    outer loop
      vertex 14.264891541688419 -3.2591187848643317 6.702413526233009
      vertex 14.272745751406264 -3.196946313073118 6.725528258147577
      vertex 14.253952005317652 -3.2017717269165047 6.725528258147577
    endloop
  endfacet
  facet normal 0.04621706994128316 -0.3658457795784768 0.9295272174663091
    outer loop
      vertex 14.264891541688419 -3.2591187848643317 6.702413526233009
      vertex 14.253952005317652 -3.2017717269165047 6.725528258147577
      vertex 14.234701668810095 -3.204203609962383 6.725528258147577
    endloop
  endfacet
  facet normal 0.13574722134493278 -0.34285834376090457 0.9295272174663092
    outer loop
      vertex 14.290786518473267 -3.252470084873248 6.702413526233009
      vertex 14.315644002562829 -3.2426283106939473 6.702413526233009
      vertex 14.272745751406264 -3.196946313073118 6.725528258147577
    endloop
  endfacet
  facet normal 0.17764835883697805 -0.32314116511498187 0.9295272174663098
    outer loop
      vertex 14.315644002562829 -3.2426283106939473 6.702413526233009
      vertex 14.339071976583869 -3.2297486729844276 6.702413526233009
      vertex 14.307789792844984 -3.1804558389027333 6.725528258147577
    endloop
  endfacet
  facet normal 0.13574722134494005 -0.3428583437608982 0.9295272174663105
    outer loop
      vertex 14.315644002562829 -3.2426283106939473 6.702413526233009
      vertex 14.290786518473267 -3.189803468091096 6.725528258147577
      vertex 14.272745751406264 -3.196946313073118 6.725528258147577
    endloop
  endfacet
  facet normal 0.17764835883697444 -0.3231411651149824 0.9295272174663103
    outer loop
      vertex 14.315644002562829 -3.2426283106939473 6.702413526233009
      vertex 14.307789792844984 -3.1804558389027333 6.725528258147577
      vertex 14.290786518473267 -3.189803468091096 6.725528258147577
    endloop
  endfacet
  facet normal 0.21674787558813252 -0.2983278572600487 0.9295272174663093
    outer loop
      vertex 14.339071976583869 -3.2297486729844276 6.702413526233009
      vertex 14.360700967390889 -3.214034291325291 6.702413526233009
      vertex 14.307789792844984 -3.1804558389027333 6.725528258147577
    endloop
  endfacet
  facet normal 0.2167478755881295 -0.29832785726005323 0.9295272174663085
    outer loop
      vertex 14.360700967390889 -3.214034291325291 6.702413526233009
      vertex 14.323487422727313 -3.1690508432043343 6.725528258147577
      vertex 14.307789792844984 -3.1804558389027333 6.725528258147577
    endloop
  endfacet
  facet normal 0.2524291488623936 -0.26880974088368026 0.9295272174663075
    outer loop
      vertex 14.360700967390889 -3.214034291325291 6.702413526233009
      vertex 14.380189872878324 -3.1957329909026186 6.702413526233009
      vertex 14.337631847119697 -3.155768344591076 6.725528258147577
    endloop
  endfacet
  facet normal 0.06196135777165327 -0.2413235554629319 0.9684646259527616
    outer loop
      vertex 14.242555878527936 -3.1420311381711694 6.741143625364344
      vertex 14.253952005317652 -3.2017717269165047 6.725528258147577
      vertex 14.272745751406264 -3.196946313073118 6.725528258147577
    endloop
  endfacet
  facet normal 0.09171863550007528 -0.23165482982269142 0.9684646259527625
    outer loop
      vertex 14.272745751406264 -3.196946313073118 6.725528258147577
      vertex 14.290786518473267 -3.189803468091096 6.725528258147577
      vertex 14.253952005317652 -3.1391051101343526 6.741143625364344
    endloop
  endfacet
  facet normal 0.06196135777166477 -0.24132355546292591 0.9684646259527624
    outer loop
      vertex 14.242555878527936 -3.1420311381711694 6.741143625364344
      vertex 14.272745751406264 -3.196946313073118 6.725528258147577
      vertex 14.253952005317652 -3.1391051101343526 6.741143625364344
    endloop
  endfacet
  facet normal 0.12002945555660753 -0.2183327691322664 0.9684646259527606
    outer loop
      vertex 14.290786518473267 -3.189803468091096 6.725528258147577
      vertex 14.307789792844984 -3.1804558389027333 6.725528258147577
      vertex 14.275201964616711 -3.1291056383110023 6.741143625364344
    endloop
  endfacet
  facet normal 0.14644733939686422 -0.20156747024696095 0.9684646259527604
    outer loop
      vertex 14.307789792844984 -3.1804558389027333 6.725528258147577
      vertex 14.323487422727313 -3.1690508432043343 6.725528258147577
      vertex 14.275201964616711 -3.1291056383110023 6.741143625364344
    endloop
  endfacet
  facet normal 0.09171863550007249 -0.23165482982269323 0.9684646259527624
    outer loop
      vertex 14.290786518473267 -3.189803468091096 6.725528258147577
      vertex 14.264891541688419 -3.1347738412819046 6.741143625364344
      vertex 14.253952005317652 -3.1391051101343526 6.741143625364344
    endloop
  endfacet
  facet normal 0.12002945555657307 -0.21833276913227587 0.968464625952763
    outer loop
      vertex 14.290786518473267 -3.189803468091096 6.725528258147577
      vertex 14.275201964616711 -3.1291056383110023 6.741143625364344
      vertex 14.264891541688419 -3.1347738412819046 6.741143625364344
    endloop
  endfacet
  facet normal 0.17055566121145233 -0.18162333194527475 0.9684646259527607
    outer loop
      vertex 14.323487422727313 -3.1690508432043343 6.725528258147577
      vertex 14.337631847119697 -3.155768344591076 6.725528258147577
      vertex 14.293297549848988 -3.114135668302385 6.741143625364344
    endloop
  endfacet
  facet normal 0.14644733939688484 -0.20156747024693675 0.9684646259527623
    outer loop
      vertex 14.323487422727313 -3.1690508432043343 6.725528258147577
      vertex 14.284720672573792 -3.1221898921685183 6.741143625364344
      vertex 14.275201964616711 -3.1291056383110023 6.741143625364344
    endloop
  endfacet
  facet normal 0.17055566121142937 -0.18162333194528774 0.9684646259527624
    outer loop
      vertex 14.323487422727313 -3.1690508432043343 6.725528258147577
      vertex 14.293297549848988 -3.114135668302385 6.741143625364344
      vertex 14.284720672573792 -3.1221898921685183 6.741143625364344
    endloop
  endfacet
  facet normal 0.2524291488623841 -0.2688097408836845 0.9295272174663088
    outer loop
      vertex 14.360700967390889 -3.214034291325291 6.702413526233009
      vertex 14.337631847119697 -3.155768344591076 6.725528258147577
      vertex 14.323487422727313 -3.1690508432043343 6.725528258147577
    endloop
  endfacet
  facet normal 0.28412946366520686 -0.23505233431443798 0.9295272174663071
    outer loop
      vertex 14.380189872878324 -3.1957329909026186 6.702413526233009
      vertex 14.35 -3.14081781600067 6.725528258147577
      vertex 14.337631847119697 -3.155768344591076 6.725528258147577
    endloop
  endfacet
  facet normal 0.28412946366521163 -0.23505233431443526 0.9295272174663065
    outer loop
      vertex 14.380189872878324 -3.1957329909026186 6.702413526233009
      vertex 14.397231341364533 -3.175133394156743 6.702413526233009
      vertex 14.35 -3.14081781600067 6.725528258147577
    endloop
  endfacet
  facet normal 0.31134888709531755 -0.19758801201958925 0.9295272174663064
    outer loop
      vertex 14.397231341364533 -3.175133394156743 6.702413526233009
      vertex 14.360396828208922 -3.1244350362 6.725528258147577
      vertex 14.35 -3.14081781600067 6.725528258147577
    endloop
  endfacet
  facet normal 0.3113488870953204 -0.19758801201958676 0.9295272174663058
    outer loop
      vertex 14.397231341364533 -3.175133394156743 6.702413526233009
      vertex 14.411556618711407 -3.1525603690339494 6.702413526233009
      vertex 14.360396828208922 -3.1244350362 6.725528258147577
    endloop
  endfacet
  facet normal 0.1919742183637168 -0.1588148852023014 0.9684646259527602
    outer loop
      vertex 14.337631847119697 -3.155768344591076 6.725528258147577
      vertex 14.35 -3.14081781600067 6.725528258147577
      vertex 14.300797333964086 -3.1050699866343328 6.741143625364344
    endloop
  endfacet
  facet normal 0.5278755911486752 -0.562130409720871 0.6366763406445086
    outer loop
      vertex 14.482843420164487 -3.3616791538982813 6.543892626146237
      vertex 14.490697629882328 -3.2995066821070678 6.592273552964345
      vertex 14.45733104544629 -3.3308399904981436 6.592273552964345
    endloop
  endfacet
  facet normal 0.5278755911487163 -0.5621304097208583 0.6366763406444857
    outer loop
      vertex 14.482843420164487 -3.3616791538982813 6.543892626146237
      vertex 14.51987400397505 -3.326905121073248 6.543892626146237
      vertex 14.490697629882328 -3.2995066821070678 6.592273552964345
    endloop
  endfacet
  facet normal 0.5941667563788403 -0.49153748878167663 0.636676340644484
    outer loop
      vertex 14.51987400397505 -3.326905121073248 6.543892626146237
      vertex 14.552254248593735 -3.2877641290737882 6.543892626146237
      vertex 14.490697629882328 -3.2995066821070678 6.592273552964345
    endloop
  endfacet
  facet normal 0.40278885710847717 -0.5543913006913732 0.728293500113089
    outer loop
      vertex 14.420300461635724 -3.3577442844733856 6.592273552964345
      vertex 14.45733104544629 -3.3308399904981436 6.592273552964345
      vertex 14.395774426734883 -3.3190974374648645 6.635256621387894
    endloop
  endfacet
  facet normal 0.40278885710848517 -0.5543913006913578 0.7282935001130963
    outer loop
      vertex 14.395774426734883 -3.3190974374648645 6.635256621387894
      vertex 14.45733104544629 -3.3308399904981436 6.592273552964345
      vertex 14.42815467135357 -3.295571812682172 6.635256621387894
    endloop
  endfacet
  facet normal 0.46909640103854083 -0.4995369297916869 0.7282935001130958
    outer loop
      vertex 14.45733104544629 -3.3308399904981436 6.592273552964345
      vertex 14.490697629882328 -3.2995066821070678 6.592273552964345
      vertex 14.42815467135357 -3.295571812682172 6.635256621387894
    endloop
  endfacet
  facet normal 0.651087556922846 -0.41319272801414775 0.636676340644496
    outer loop
      vertex 14.552254248593735 -3.2877641290737882 6.543892626146237
      vertex 14.579473498219889 -3.2448734547254285 6.543892626146237
      vertex 14.51987400397505 -3.2642385042910957 6.592273552964345
    endloop
  endfacet
  facet normal 0.5941667563788455 -0.49153748878165476 0.636676340644496
    outer loop
      vertex 14.490697629882328 -3.2995066821070678 6.592273552964345
      vertex 14.552254248593735 -3.2877641290737882 6.543892626146237
      vertex 14.51987400397505 -3.2642385042910957 6.592273552964345
    endloop
  endfacet
  facet normal 0.6510875569228481 -0.41319272801412876 0.6366763406445062
    outer loop
      vertex 14.51987400397505 -3.2642385042910957 6.592273552964345
      vertex 14.579473498219889 -3.2448734547254285 6.543892626146237
      vertex 14.544400038875894 -3.2255916572825747 6.592273552964345
    endloop
  endfacet
  facet normal 0.4690964010385531 -0.499536929791654 0.7282935001131106
    outer loop
      vertex 14.42815467135357 -3.295571812682172 6.635256621387894
      vertex 14.490697629882328 -3.2995066821070678 6.592273552964345
      vertex 14.45733104544629 -3.2681733737159915 6.635256621387894
    endloop
  endfacet
  facet normal 0.5280060144996022 -0.4368045631002947 0.7282935001131112
    outer loop
      vertex 14.490697629882328 -3.2995066821070678 6.592273552964345
      vertex 14.482843420164487 -3.237334210315854 6.635256621387894
      vertex 14.45733104544629 -3.2681733737159915 6.635256621387894
    endloop
  endfacet
  facet normal 0.5280060144996505 -0.4368045631002733 0.7282935001130891
    outer loop
      vertex 14.490697629882328 -3.2995066821070678 6.592273552964345
      vertex 14.51987400397505 -3.2642385042910957 6.592273552964345
      vertex 14.482843420164487 -3.237334210315854 6.635256621387894
    endloop
  endfacet
  facet normal 0.578588657696554 -0.3671835275144123 0.728293500113088
    outer loop
      vertex 14.482843420164487 -3.237334210315854 6.635256621387894
      vertex 14.51987400397505 -3.2642385042910957 6.592273552964345
      vertex 14.544400038875894 -3.2255916572825747 6.592273552964345
    endloop
  endfacet
  facet normal 0.34593813738218976 -0.476142997894312 0.8084643781025596
    outer loop
      vertex 14.395774426734883 -3.3190974374648645 6.635256621387894
      vertex 14.42815467135357 -3.295571812682172 6.635256621387894
      vertex 14.395774426734883 -3.256430820682712 6.672163962751007
    endloop
  endfacet
  facet normal 0.40288685340733216 -0.429030922767575 0.8084643781025495
    outer loop
      vertex 14.42815467135357 -3.295571812682172 6.635256621387894
      vertex 14.45733104544629 -3.2681733737159915 6.635256621387894
      vertex 14.420300461635728 -3.2333993408909585 6.672163962751007
    endloop
  endfacet
  facet normal 0.40288685340730107 -0.4290309227675849 0.8084643781025597
    outer loop
      vertex 14.395774426734883 -3.256430820682712 6.672163962751007
      vertex 14.42815467135357 -3.295571812682172 6.635256621387894
      vertex 14.420300461635728 -3.2333993408909585 6.672163962751007
    endloop
  endfacet
  facet normal 0.4534818030812571 -0.3751527736981708 0.8084643781025488
    outer loop
      vertex 14.45733104544629 -3.2681733737159915 6.635256621387894
      vertex 14.482843420164487 -3.237334210315854 6.635256621387894
      vertex 14.420300461635728 -3.2333993408909585 6.672163962751007
    endloop
  endfacet
  facet normal 0.6977403177533642 -0.3283316710963989 0.636676340644507
    outer loop
      vertex 14.579473498219889 -3.2448734547254285 6.543892626146237
      vertex 14.56388894436333 -3.1841756249453352 6.592273552964345
      vertex 14.544400038875894 -3.2255916572825747 6.592273552964345
    endloop
  endfacet
  facet normal 0.5785886576965581 -0.367183527514374 0.7282935001131041
    outer loop
      vertex 14.482843420164487 -3.237334210315854 6.635256621387894
      vertex 14.544400038875894 -3.2255916572825747 6.592273552964345
      vertex 14.504289450118494 -3.2035406745110024 6.635256621387894
    endloop
  endfacet
  facet normal 0.6200466121294967 -0.2917717883547898 0.7282935001130939
    outer loop
      vertex 14.544400038875894 -3.2255916572825747 6.592273552964345
      vertex 14.56388894436333 -3.1841756249453352 6.592273552964345
      vertex 14.521330918604702 -3.1673257105483597 6.635256621387894
    endloop
  endfacet
  facet normal 0.6200466121294792 -0.29177178835480355 0.7282935001131033
    outer loop
      vertex 14.544400038875894 -3.2255916572825747 6.592273552964345
      vertex 14.521330918604702 -3.1673257105483597 6.635256621387894
      vertex 14.504289450118494 -3.2035406745110024 6.635256621387894
    endloop
  endfacet
  facet normal 0.6517260610912493 -0.21175863379684157 0.7282935001130934
    outer loop
      vertex 14.56388894436333 -3.1841756249453352 6.592273552964345
      vertex 14.533699071485005 -3.1292604500433865 6.635256621387894
      vertex 14.521330918604702 -3.1673257105483597 6.635256621387894
    endloop
  endfacet
  facet normal 0.6517260610912498 -0.21175863379684126 0.7282935001130931
    outer loop
      vertex 14.56388894436333 -3.1841756249453352 6.592273552964345
      vertex 14.578033368755714 -3.140643562850075 6.592273552964345
      vertex 14.533699071485005 -3.1292604500433865 6.635256621387894
    endloop
  endfacet
  facet normal 0.6977403177533792 -0.3283316710963868 0.6366763406444969
    outer loop
      vertex 14.579473498219889 -3.2448734547254285 6.543892626146237
      vertex 14.601102489026905 -3.19890950958429 6.543892626146237
      vertex 14.56388894436333 -3.1841756249453352 6.592273552964345
    endloop
  endfacet
  facet normal 0.7333892969630318 -0.2382926275897006 0.636676340644496
    outer loop
      vertex 14.56388894436333 -3.1841756249453352 6.592273552964345
      vertex 14.601102489026905 -3.19890950958429 6.543892626146237
      vertex 14.616800118909234 -3.1505971725227777 6.543892626146237
    endloop
  endfacet
  facet normal 0.7333892969630312 -0.23829262758969721 0.6366763406444979
    outer loop
      vertex 14.56388894436333 -3.1841756249453352 6.592273552964345
      vertex 14.616800118909234 -3.1505971725227777 6.543892626146237
      vertex 14.578033368755714 -3.140643562850075 6.592273552964345
    endloop
  endfacet
  facet normal 0.4534818030812697 -0.3751527736981208 0.808464378102565
    outer loop
      vertex 14.482843420164487 -3.237334210315854 6.635256621387894
      vertex 14.441746491589734 -3.207475543935898 6.672163962751007
      vertex 14.420300461635728 -3.2333993408909585 6.672163962751007
    endloop
  endfacet
  facet normal 0.49692507382374307 -0.31535824128207435 0.8084643781025509
    outer loop
      vertex 14.482843420164487 -3.237334210315854 6.635256621387894
      vertex 14.504289450118494 -3.2035406745110024 6.635256621387894
      vertex 14.459774299893295 -3.179068263581639 6.672163962751007
    endloop
  endfacet
  facet normal 0.4969250738237043 -0.31535824128209883 0.8084643781025651
    outer loop
      vertex 14.482843420164487 -3.237334210315854 6.635256621387894
      vertex 14.459774299893295 -3.179068263581639 6.672163962751007
      vertex 14.441746491589734 -3.207475543935898 6.672163962751007
    endloop
  endfacet
  facet normal 0.37176078620420194 -0.30754726903938445 0.8759044440732391
    outer loop
      vertex 14.397231341364533 -3.175133394156743 6.702413526233009
      vertex 14.420300461635728 -3.2333993408909585 6.672163962751007
      vertex 14.441746491589734 -3.207475543935898 6.672163962751007
    endloop
  endfacet
  facet normal 0.4073752350679745 -0.2585281855157412 0.8759044440732395
    outer loop
      vertex 14.397231341364533 -3.175133394156743 6.702413526233009
      vertex 14.441746491589734 -3.207475543935898 6.672163962751007
      vertex 14.459774299893295 -3.179068263581639 6.672163962751007
    endloop
  endfacet
  facet normal 0.5325315393033437 -0.25059032101513024 0.8084643781025516
    outer loop
      vertex 14.521330918604702 -3.1673257105483597 6.635256621387894
      vertex 14.47409957724017 -3.1486254996090537 6.672163962751007
      vertex 14.459774299893295 -3.179068263581639 6.672163962751007
    endloop
  endfacet
  facet normal 0.4073752350679773 -0.25852818551572493 0.8759044440732431
    outer loop
      vertex 14.397231341364533 -3.175133394156743 6.702413526233009
      vertex 14.459774299893295 -3.179068263581639 6.672163962751007
      vertex 14.411556618711407 -3.1525603690339494 6.702413526233009
    endloop
  endfacet
  facet normal 0.43656513312056805 -0.20543195806923817 0.8759044440732444
    outer loop
      vertex 14.459774299893295 -3.179068263581639 6.672163962751007
      vertex 14.42293978673768 -3.1283699056248957 6.702413526233009
      vertex 14.411556618711407 -3.1525603690339494 6.702413526233009
    endloop
  endfacet
  facet normal 0.43656513312058887 -0.20543195806921952 0.8759044440732384
    outer loop
      vertex 14.459774299893295 -3.179068263581639 6.672163962751007
      vertex 14.47409957724017 -3.1486254996090537 6.672163962751007
      vertex 14.42293978673768 -3.1283699056248957 6.702413526233009
    endloop
  endfacet
  facet normal 0.5325315393033436 -0.25059032101513473 0.8084643781025501
    outer loop
      vertex 14.504289450118494 -3.2035406745110024 6.635256621387894
      vertex 14.521330918604702 -3.1673257105483597 6.635256621387894
      vertex 14.459774299893295 -3.179068263581639 6.672163962751007
    endloop
  endfacet
  facet normal 0.5597396642892184 -0.18187044169036543 0.808464378102551
    outer loop
      vertex 14.521330918604702 -3.1673257105483597 6.635256621387894
      vertex 14.533699071485005 -3.1292604500433865 6.635256621387894
      vertex 14.47409957724017 -3.1486254996090537 6.672163962751007
    endloop
  endfacet
  facet normal 0.964955036232955 -0.18407501784361693 0.18702450602669324
    outer loop
      vertex 14.717145790282158 -3.1121724717912134 6.312666616782153
      vertex 14.705472796800683 -3.110697829780093 6.374344943582427
      vertex 14.694076670010967 -3.1704384185254284 6.374344943582427
    endloop
  endfacet
  facet normal 0.9804167947589074 -0.06168259641213053 0.1870245060266931
    outer loop
      vertex 14.717145790282158 -3.1121724717912134 6.312666616782153
      vertex 14.721057350657238 -3.05 6.312666616782153
      vertex 14.705472796800683 -3.110697829780093 6.374344943582427
    endloop
  endfacet
  facet normal 0.9343866006148643 -0.17824377688360413 0.3084652923647423
    outer loop
      vertex 14.675282923922355 -3.165613004682042 6.434062276342338
      vertex 14.705472796800683 -3.110697829780093 6.374344943582427
      vertex 14.686222460293122 -3.108265946734215 6.434062276342338
    endloop
  endfacet
  facet normal 0.9493585521007989 -0.05972857740987941 0.3084652923647437
    outer loop
      vertex 14.705472796800683 -3.110697829780093 6.374344943582427
      vertex 14.689888242944127 -3.05 6.434062276342338
      vertex 14.686222460293122 -3.108265946734215 6.434062276342338
    endloop
  endfacet
  facet normal 0.9804167947589046 -0.06168259641210622 0.18702450602671628
    outer loop
      vertex 14.721057350657238 -3.05 6.312666616782153
      vertex 14.709291580564313 -3.05 6.374344943582427
      vertex 14.705472796800683 -3.110697829780093 6.374344943582427
    endloop
  endfacet
  facet normal 0.9493585521008306 -0.059728577409791664 0.30846529236466275
    outer loop
      vertex 14.705472796800683 -3.110697829780093 6.374344943582427
      vertex 14.709291580564313 -3.05 6.374344943582427
      vertex 14.689888242944127 -3.05 6.434062276342338
    endloop
  endfacet
  facet normal 0.8891178852928665 -0.16960830759460266 0.4250910585359752
    outer loop
      vertex 14.64938794713751 -3.158964304690958 6.490876837050857
      vertex 14.686222460293122 -3.108265946734215 6.434062276342338
      vertex 14.659698370065799 -3.1049151749019486 6.490876837050857
    endloop
  endfacet
  facet normal 0.9033644828308891 -0.056834875846119244 0.4250910585359759
    outer loop
      vertex 14.686222460293122 -3.108265946734215 6.434062276342338
      vertex 14.689888242944127 -3.05 6.434062276342338
      vertex 14.659698370065799 -3.1049151749019486 6.490876837050857
    endloop
  endfacet
  facet normal 0.8431391787577627 -0.053045820880074944 0.5350723933551838
    outer loop
      vertex 14.659698370065799 -3.1049151749019486 6.490876837050857
      vertex 14.629508497187475 -3.05 6.543892626146237
      vertex 14.626318826866319 -3.100698357956743 6.543892626146237
    endloop
  endfacet
  facet normal 0.8298423702418233 -0.15830089835685654 0.5350723933551841
    outer loop
      vertex 14.64938794713751 -3.158964304690958 6.490876837050857
      vertex 14.659698370065799 -3.1049151749019486 6.490876837050857
      vertex 14.626318826866319 -3.100698357956743 6.543892626146237
    endloop
  endfacet
  facet normal 0.9033644828308681 -0.056834875846052256 0.4250910585360295
    outer loop
      vertex 14.659698370065799 -3.1049151749019486 6.490876837050857
      vertex 14.689888242944127 -3.05 6.434062276342338
      vertex 14.66315334002193 -3.05 6.490876837050857
    endloop
  endfacet
  facet normal 0.8431391787577786 -0.05304582088004509 0.5350723933551619
    outer loop
      vertex 14.659698370065799 -3.1049151749019486 6.490876837050857
      vertex 14.66315334002193 -3.05 6.490876837050857
      vertex 14.629508497187475 -3.05 6.543892626146237
    endloop
  endfacet
  facet normal 0.01573898839828667 -0.12458692183783224 0.992083858930873
    outer loop
      vertex 14.23088288504646 -3.1435057801822897 6.741143625364344
      vertex 14.242555878527936 -3.1420311381711694 6.741143625364344
      vertex 14.22697132467138 -3.081333308391076 6.749013364214136
    endloop
  endfacet
  facet normal 0.03122976354751959 -0.12163189843784174 0.992083858930873
    outer loop
      vertex 14.242555878527936 -3.1420311381711694 6.741143625364344
      vertex 14.253952005317652 -3.1391051101343526 6.741143625364344
      vertex 14.234701668810095 -3.0798586663799554 6.749013364214136
    endloop
  endfacet
  facet normal 0.03122976354751684 -0.12163189843784211 0.9920838589308731
    outer loop
      vertex 14.242555878527936 -3.1420311381711694 6.741143625364344
      vertex 14.234701668810095 -3.0798586663799554 6.749013364214136
      vertex 14.23088288504646 -3.0808391634001375 6.749013364214136
    endloop
  endfacet
  facet normal 0.01573898839829612 -0.12458692183782978 0.9920838589308731
    outer loop
      vertex 14.242555878527936 -3.1420311381711694 6.741143625364344
      vertex 14.23088288504646 -3.0808391634001375 6.749013364214136
      vertex 14.22697132467138 -3.081333308391076 6.749013364214136
    endloop
  endfacet
  facet normal 0.046228026669846385 -0.11675866734011446 0.992083858930873
    outer loop
      vertex 14.253952005317652 -3.1391051101343526 6.741143625364344
      vertex 14.264891541688419 -3.1347738412819046 6.741143625364344
      vertex 14.234701668810095 -3.0798586663799554 6.749013364214136
    endloop
  endfacet
  facet normal 0.06049724619629835 -0.11004408231019032 0.9920838589308733
    outer loop
      vertex 14.264891541688419 -3.1347738412819046 6.741143625364344
      vertex 14.275201964616711 -3.1291056383110023 6.741143625364344
      vertex 14.238367451461096 -3.0784072803542593 6.749013364214136
    endloop
  endfacet
  facet normal 0.07381238801096014 -0.10159403636506785 0.9920838589308733
    outer loop
      vertex 14.245012091738383 -3.0741904634090536 6.749013364214136
      vertex 14.275201964616711 -3.1291056383110023 6.741143625364344
      vertex 14.284720672573792 -3.1221898921685183 6.741143625364344
    endloop
  endfacet
  facet normal 0.19197421836370893 -0.15881488520230722 0.9684646259527607
    outer loop
      vertex 14.337631847119697 -3.155768344591076 6.725528258147577
      vertex 14.300797333964086 -3.1050699866343328 6.741143625364344
      vertex 14.293297549848988 -3.114135668302385 6.741143625364344
    endloop
  endfacet
  facet normal 0.21036522741256242 -0.13350183284822556 0.9684646259527632
    outer loop
      vertex 14.300797333964086 -3.1050699866343328 6.741143625364344
      vertex 14.360396828208922 -3.1244350362 6.725528258147577
      vertex 14.307101748843435 -3.0951358183798408 6.741143625364344
    endloop
  endfacet
  facet normal 0.046228026669843644 -0.11675866734011595 0.9920838589308729
    outer loop
      vertex 14.264891541688419 -3.1347738412819046 6.741143625364344
      vertex 14.238367451461096 -3.0784072803542593 6.749013364214136
      vertex 14.234701668810095 -3.0798586663799554 6.749013364214136
    endloop
  endfacet
  facet normal 0.0604972461963265 -0.11004408231016993 0.9920838589308736
    outer loop
      vertex 14.238367451461096 -3.0784072803542593 6.749013364214136
      vertex 14.275201964616711 -3.1291056383110023 6.741143625364344
      vertex 14.241822421417227 -3.076507894547689 6.749013364214136
    endloop
  endfacet
  facet normal 0.08596346437326817 -0.09154179177716285 0.9920838589308731
    outer loop
      vertex 14.284720672573792 -3.1221898921685183 6.741143625364344
      vertex 14.293297549848988 -3.114135668302385 6.741143625364344
      vertex 14.247886159418181 -3.071491534211775 6.749013364214136
    endloop
  endfacet
  facet normal 0.09675884555034779 -0.0800458784484949 0.9920838589308731
    outer loop
      vertex 14.293297549848988 -3.114135668302385 6.741143625364344
      vertex 14.300797333964086 -3.1050699866343328 6.741143625364344
      vertex 14.247886159418181 -3.071491534211775 6.749013364214136
    endloop
  endfacet
  facet normal 0.07381238801093509 -0.10159403636508162 0.9920838589308735
    outer loop
      vertex 14.245012091738383 -3.0741904634090536 6.749013364214136
      vertex 14.241822421417227 -3.076507894547689 6.749013364214136
      vertex 14.275201964616711 -3.1291056383110023 6.741143625364344
    endloop
  endfacet
  facet normal 0.08596346437325132 -0.09154179177717511 0.9920838589308734
    outer loop
      vertex 14.245012091738383 -3.0741904634090536 6.749013364214136
      vertex 14.284720672573792 -3.1221898921685183 6.741143625364344
      vertex 14.247886159418181 -3.071491534211775 6.749013364214136
    endloop
  endfacet
  facet normal 0.09675884555035433 -0.08004587844848424 0.9920838589308734
    outer loop
      vertex 14.300797333964086 -3.1050699866343328 6.741143625364344
      vertex 14.250399298692423 -3.0684536706815564 6.749013364214136
      vertex 14.247886159418181 -3.071491534211775 6.749013364214136
    endloop
  endfacet
  facet normal 0.10602828193217693 -0.06728759379958592 0.9920838589308733
    outer loop
      vertex 14.300797333964086 -3.1050699866343328 6.741143625364344
      vertex 14.307101748843435 -3.0951358183798408 6.741143625364344
      vertex 14.25251187585348 -3.065124781741001 6.749013364214136
    endloop
  endfacet
  facet normal 0.11362558896968784 -0.05346814360083267 0.992083858930873
    outer loop
      vertex 14.307101748843435 -3.0951358183798408 6.741143625364344
      vertex 14.312111370098316 -3.0844898313066684 6.741143625364344
      vertex 14.25251187585348 -3.065124781741001 6.749013364214136
    endloop
  endfacet
  facet normal 0.3336581525851188 -0.15700760874184452 0.929527217466306
    outer loop
      vertex 14.411556618711407 -3.1525603690339494 6.702413526233009
      vertex 14.368658367554845 -3.1068783714131203 6.725528258147577
      vertex 14.360396828208922 -3.1244350362 6.725528258147577
    endloop
  endfacet
  facet normal 0.3336581525851185 -0.15700760874184486 0.9295272174663062
    outer loop
      vertex 14.411556618711407 -3.1525603690339494 6.702413526233009
      vertex 14.42293978673768 -3.1283699056248957 6.702413526233009
      vertex 14.368658367554845 -3.1068783714131203 6.725528258147577
    endloop
  endfacet
  facet normal 0.21036522741254715 -0.1335018328482701 0.9684646259527603
    outer loop
      vertex 14.35 -3.14081781600067 6.725528258147577
      vertex 14.360396828208922 -3.1244350362 6.725528258147577
      vertex 14.300797333964086 -3.1050699866343328 6.741143625364344
    endloop
  endfacet
  facet normal 0.2254386511589742 -0.10608337684009599 0.9684646259527626
    outer loop
      vertex 14.307101748843435 -3.0951358183798408 6.741143625364344
      vertex 14.360396828208922 -3.1244350362 6.725528258147577
      vertex 14.368658367554845 -3.1068783714131203 6.725528258147577
    endloop
  endfacet
  facet normal 0.3507054296909388 -0.11395110168234927 0.9295272174663165
    outer loop
      vertex 14.368658367554845 -3.1068783714131203 6.725528258147577
      vertex 14.431201326083604 -3.1029435019882246 6.702413526233009
      vertex 14.374654328627075 -3.0884247007315637 6.725528258147577
    endloop
  endfacet
  facet normal 0.3622218726692363 -0.06909751767841606 0.9295272174663165
    outer loop
      vertex 14.374654328627075 -3.0884247007315637 6.725528258147577
      vertex 14.431201326083604 -3.1029435019882246 6.702413526233009
      vertex 14.3782901515377 -3.069365049565667 6.725528258147577
    endloop
  endfacet
  facet normal 0.22543865115897951 -0.10608337684007038 0.9684646259527642
    outer loop
      vertex 14.307101748843435 -3.0951358183798408 6.741143625364344
      vertex 14.368658367554845 -3.1068783714131203 6.725528258147577
      vertex 14.312111370098316 -3.0844898313066684 6.741143625364344
    endloop
  endfacet
  facet normal 0.23695677270614146 -0.0769919226079678 0.9684646259527596
    outer loop
      vertex 14.368658367554845 -3.1068783714131203 6.725528258147577
      vertex 14.374654328627075 -3.0884247007315637 6.725528258147577
      vertex 14.31574719300894 -3.0732999189905628 6.741143625364344
    endloop
  endfacet
  facet normal 0.23695677270609605 -0.07699192260804183 0.9684646259527648
    outer loop
      vertex 14.312111370098316 -3.0844898313066684 6.741143625364344
      vertex 14.368658367554845 -3.1068783714131203 6.725528258147577
      vertex 14.31574719300894 -3.0732999189905628 6.741143625364344
    endloop
  endfacet
  facet normal 0.10602828193217761 -0.06728759379958532 0.9920838589308731
    outer loop
      vertex 14.300797333964086 -3.1050699866343328 6.741143625364344
      vertex 14.25251187585348 -3.065124781741001 6.749013364214136
      vertex 14.250399298692423 -3.0684536706815564 6.749013364214136
    endloop
  endfacet
  facet normal 0.11362558896969442 -0.05346814360081252 0.9920838589308733
    outer loop
      vertex 14.312111370098316 -3.0844898313066684 6.741143625364344
      vertex 14.25419057429753 -3.0615573659572832 6.749013364214136
      vertex 14.25251187585348 -3.065124781741001 6.749013364214136
    endloop
  endfacet
  facet normal 0.11943095259250426 -0.038805468837189695 0.9920838589308733
    outer loop
      vertex 14.312111370098316 -3.0844898313066684 6.741143625364344
      vertex 14.255408919947305 -3.0578076836083836 6.749013364214136
      vertex 14.25419057429753 -3.0615573659572832 6.749013364214136
    endloop
  endfacet
  facet normal 0.1233528187483685 -0.0235308086486357 0.9920838589308737
    outer loop
      vertex 14.255408919947305 -3.0578076836083836 6.749013364214136
      vertex 14.317951878476064 -3.0617425530332794 6.741143625364344
      vertex 14.256147698764101 -3.0539348694248956 6.749013364214136
    endloop
  endfacet
  facet normal 0.12532933726514398 -0.00788505355122848 0.9920838589308738
    outer loop
      vertex 14.317951878476064 -3.0617425530332794 6.741143625364344
      vertex 14.256395259764657 -3.05 6.749013364214136
      vertex 14.256147698764101 -3.0539348694248956 6.749013364214136
    endloop
  endfacet
  facet normal 0.11943095259250544 -0.03880546883718733 0.9920838589308733
    outer loop
      vertex 14.312111370098316 -3.0844898313066684 6.741143625364344
      vertex 14.31574719300894 -3.0732999189905628 6.741143625364344
      vertex 14.255408919947305 -3.0578076836083836 6.749013364214136
    endloop
  endfacet
  facet normal 0.12335281874836738 -0.023530808648652358 0.9920838589308733
    outer loop
      vertex 14.255408919947305 -3.0578076836083836 6.749013364214136
      vertex 14.31574719300894 -3.0732999189905628 6.741143625364344
      vertex 14.317951878476064 -3.0617425530332794 6.741143625364344
    endloop
  endfacet
  facet normal 0.1253293372651594 -0.007885053551146779 0.9920838589308727
    outer loop
      vertex 14.317951878476064 -3.0617425530332794 6.741143625364344
      vertex 14.31869065729286 -3.05 6.741143625364344
      vertex 14.256395259764657 -3.05 6.749013364214136
    endloop
  endfacet
  facet normal 0.36802586033473306 -0.02315422454371313 0.9295272174663091
    outer loop
      vertex 14.3782901515377 -3.069365049565667 6.725528258147577
      vertex 14.436210947338486 -3.0766821476982846 6.702413526233009
      vertex 14.379508497187475 -3.05 6.725528258147577
    endloop
  endfacet
  facet normal 0.24473794439657331 -0.04668625976367681 0.9684646259527595
    outer loop
      vertex 14.374654328627075 -3.0884247007315637 6.725528258147577
      vertex 14.3782901515377 -3.069365049565667 6.725528258147577
      vertex 14.31574719300894 -3.0732999189905628 6.741143625364344
    endloop
  endfacet
  facet normal 0.24473794439657032 -0.04668625976361353 0.9684646259527633
    outer loop
      vertex 14.31574719300894 -3.0732999189905628 6.741143625364344
      vertex 14.3782901515377 -3.069365049565667 6.725528258147577
      vertex 14.317951878476064 -3.0617425530332794 6.741143625364344
    endloop
  endfacet
  facet normal 0.24865945250451787 -0.015644326713806785 0.968464625952763
    outer loop
      vertex 14.317951878476064 -3.0617425530332794 6.741143625364344
      vertex 14.3782901515377 -3.069365049565667 6.725528258147577
      vertex 14.379508497187475 -3.05 6.725528258147577
    endloop
  endfacet
  facet normal 0.24865945250451216 -0.01564432671377394 0.9684646259527652
    outer loop
      vertex 14.317951878476064 -3.0617425530332794 6.741143625364344
      vertex 14.379508497187475 -3.05 6.725528258147577
      vertex 14.31869065729286 -3.05 6.741143625364344
    endloop
  endfacet
  facet normal 0.6731274007473117 -0.12840591908542223 0.7282935001131042
    outer loop
      vertex 14.533699071485005 -3.1292604500433865 6.635256621387894
      vertex 14.58661024603091 -3.095681997620829 6.592273552964345
      vertex 14.541198855600102 -3.0899452048933314 6.635256621387894
    endloop
  endfacet
  facet normal 0.6839131191867834 -0.043028166324034195 0.728293500113104
    outer loop
      vertex 14.541198855600102 -3.0899452048933314 6.635256621387894
      vertex 14.58661024603091 -3.095681997620829 6.592273552964345
      vertex 14.543711994874345 -3.05 6.635256621387894
    endloop
  endfacet
  facet normal 0.7574722888540664 -0.14449556699678204 0.6366763406444913
    outer loop
      vertex 14.616800118909234 -3.1505971725227777 6.543892626146237
      vertex 14.626318826866319 -3.100698357956743 6.543892626146237
      vertex 14.58661024603091 -3.095681997620829 6.592273552964345
    endloop
  endfacet
  facet normal 0.7574722888540577 -0.14449556699679356 0.6366763406444989
    outer loop
      vertex 14.616800118909234 -3.1505971725227777 6.543892626146237
      vertex 14.58661024603091 -3.095681997620829 6.592273552964345
      vertex 14.578033368755714 -3.140643562850075 6.592273552964345
    endloop
  endfacet
  facet normal 0.7696094902578594 -0.04841972499483768 0.6366763406444927
    outer loop
      vertex 14.626318826866319 -3.100698357956743 6.543892626146237
      vertex 14.629508497187475 -3.05 6.543892626146237
      vertex 14.58661024603091 -3.095681997620829 6.592273552964345
    endloop
  endfacet
  facet normal 0.6731274007473184 -0.128405919085446 0.7282935001130938
    outer loop
      vertex 14.578033368755714 -3.140643562850075 6.592273552964345
      vertex 14.58661024603091 -3.095681997620829 6.592273552964345
      vertex 14.533699071485005 -3.1292604500433865 6.635256621387894
    endloop
  endfacet
  facet normal 0.7696094902578392 -0.04841972499478916 0.6366763406445207
    outer loop
      vertex 14.58661024603091 -3.095681997620829 6.592273552964345
      vertex 14.629508497187475 -3.05 6.543892626146237
      vertex 14.589484313710704 -3.05 6.592273552964345
    endloop
  endfacet
  facet normal 0.6839131191867959 -0.043028166324013024 0.7282935001130937
    outer loop
      vertex 14.543711994874345 -3.05 6.635256621387894
      vertex 14.58661024603091 -3.095681997620829 6.592273552964345
      vertex 14.589484313710704 -3.05 6.592273552964345
    endloop
  endfacet
  facet normal 0.45887013823250244 -0.14909594592487627 0.8759044440732394
    outer loop
      vertex 14.47409957724017 -3.1486254996090537 6.672163962751007
      vertex 14.431201326083604 -3.1029435019882246 6.702413526233009
      vertex 14.42293978673768 -3.1283699056248957 6.702413526233009
    endloop
  endfacet
  facet normal 0.458870138232549 -0.1490959459248226 0.8759044440732242
    outer loop
      vertex 14.47409957724017 -3.1486254996090537 6.672163962751007
      vertex 14.484496405449088 -3.1166273525916157 6.672163962751007
      vertex 14.431201326083604 -3.1029435019882246 6.702413526233009
    endloop
  endfacet
  facet normal 0.47393848714879394 -0.09040860164768698 0.8759044440732231
    outer loop
      vertex 14.484496405449088 -3.1166273525916157 6.672163962751007
      vertex 14.49080082032844 -3.0835784524225573 6.672163962751007
      vertex 14.431201326083604 -3.1029435019882246 6.702413526233009
    endloop
  endfacet
  facet normal 0.4739384871487862 -0.09040860164764997 0.8759044440732313
    outer loop
      vertex 14.49080082032844 -3.0835784524225573 6.672163962751007
      vertex 14.436210947338486 -3.0766821476982846 6.702413526233009
      vertex 14.431201326083604 -3.1029435019882246 6.702413526233009
    endloop
  endfacet
  facet normal 0.5597396642892098 -0.18187044169029923 0.8084643781025718
    outer loop
      vertex 14.47409957724017 -3.1486254996090537 6.672163962751007
      vertex 14.533699071485005 -3.1292604500433865 6.635256621387894
      vertex 14.484496405449088 -3.1166273525916157 6.672163962751007
    endloop
  endfacet
  facet normal 0.5781203603969546 -0.11028235685601995 0.808464378102571
    outer loop
      vertex 14.533699071485005 -3.1292604500433865 6.635256621387894
      vertex 14.49080082032844 -3.0835784524225573 6.672163962751007
      vertex 14.484496405449088 -3.1166273525916157 6.672163962751007
    endloop
  endfacet
  facet normal 0.5781203603969677 -0.11028235685600209 0.8084643781025641
    outer loop
      vertex 14.533699071485005 -3.1292604500433865 6.635256621387894
      vertex 14.541198855600102 -3.0899452048933314 6.635256621387894
      vertex 14.49080082032844 -3.0835784524225573 6.672163962751007
    endloop
  endfacet
  facet normal 0.35070542969094 -0.11395110168242627 0.9295272174663066
    outer loop
      vertex 14.368658367554845 -3.1068783714131203 6.725528258147577
      vertex 14.42293978673768 -3.1283699056248957 6.702413526233009
      vertex 14.431201326083604 -3.1029435019882246 6.702413526233009
    endloop
  endfacet
  facet normal 0.3622218726692647 -0.06909751767836601 0.9295272174663091
    outer loop
      vertex 14.3782901515377 -3.069365049565667 6.725528258147577
      vertex 14.431201326083604 -3.1029435019882246 6.702413526233009
      vertex 14.436210947338486 -3.0766821476982846 6.702413526233009
    endloop
  endfacet
  facet normal 0.4815325430055811 -0.030295459714990532 0.8759044440732306
    outer loop
      vertex 14.49080082032844 -3.0835784524225573 6.672163962751007
      vertex 14.492913397489497 -3.05 6.672163962751007
      vertex 14.436210947338486 -3.0766821476982846 6.702413526233009
    endloop
  endfacet
  facet normal 0.48153254300557813 -0.030295459714981838 0.8759044440732328
    outer loop
      vertex 14.492913397489497 -3.05 6.672163962751007
      vertex 14.437889645782535 -3.05 6.702413526233009
      vertex 14.436210947338486 -3.0766821476982846 6.702413526233009
    endloop
  endfacet
  facet normal 0.5873837530689098 -0.036955053374518966 0.8084643781025657
    outer loop
      vertex 14.543711994874345 -3.05 6.635256621387894
      vertex 14.492913397489497 -3.05 6.672163962751007
      vertex 14.49080082032844 -3.0835784524225573 6.672163962751007
    endloop
  endfacet
  facet normal 0.5873837530689117 -0.03695505337452369 0.8084643781025641
    outer loop
      vertex 14.541198855600102 -3.0899452048933314 6.635256621387894
      vertex 14.543711994874345 -3.05 6.635256621387894
      vertex 14.49080082032844 -3.0835784524225573 6.672163962751007
    endloop
  endfacet
  facet normal 0.36802586033474466 -0.02315422454368502 0.929527217466305
    outer loop
      vertex 14.379508497187475 -3.05 6.725528258147577
      vertex 14.436210947338486 -3.0766821476982846 6.702413526233009
      vertex 14.437889645782535 -3.05 6.702413526233009
    endloop
  endfacet
  facet normal 1 0 0
    outer loop
      vertex 14.725 -3.05 -6.25
      vertex 14.725 3.05 6.25
      vertex 14.725 -3.05 6.25
    endloop
  endfacet
  facet normal 0 0 1
    outer loop
      vertex -14.22697132467138 -3.081333308391076 6.749013364214136
      vertex 14.22697132467138 -3.081333308391076 6.749013364214136
      vertex 14.25419057429753 3.0615573659572837 6.749013364214136
    endloop
  endfacet
  facet normal 0.9980267284282713 0 0.0627905195293152
    outer loop
      vertex 14.725 -3.05 6.25
      vertex 14.725 3.05 6.25
      vertex 14.721057350657238 -3.05 6.312666616782153
    endloop
  endfacet
  facet normal 0.9822872507286834 0 0.18738131458575227
    outer loop
      vertex 14.721057350657238 -3.05 6.312666616782153
      vertex 14.709291580564313 3.05 6.374344943582427
      vertex 14.709291580564313 -3.05 6.374344943582427
    endloop
  endfacet
  facet normal 0.9510565162951685 0 0.3090169943749013
    outer loop
      vertex 14.709291580564313 -3.05 6.374344943582427
      vertex 14.709291580564313 3.05 6.374344943582427
      vertex 14.689888242944127 -3.05 6.434062276342338
    endloop
  endfacet
  facet normal 0.9048270524660023 0 0.42577929156510935
    outer loop
      vertex 14.689888242944127 -3.05 6.434062276342338
      vertex 14.689888242944127 3.05 6.434062276342338
      vertex 14.66315334002193 -3.05 6.490876837050857
    endloop
  endfacet
  facet normal 0.8443279255020375 0 0.5358267949789614
    outer loop
      vertex 14.66315334002193 -3.05 6.490876837050857
      vertex 14.629508497187475 3.05 6.543892626146237
      vertex 14.629508497187475 -3.05 6.543892626146237
    endloop
  endfacet
  facet normal 0 0 1
    outer loop
      vertex 14.22697132467138 -3.081333308391076 6.749013364214136
      vertex 14.23088288504646 -3.0808391634001375 6.749013364214136
      vertex 14.25419057429753 3.0615573659572837 6.749013364214136
    endloop
  endfacet
  facet normal 0 0 1
    outer loop
      vertex 14.23088288504646 -3.0808391634001375 6.749013364214136
      vertex 14.234701668810095 -3.0798586663799554 6.749013364214136
      vertex 14.25419057429753 3.0615573659572837 6.749013364214136
    endloop
  endfacet
  facet normal 0 0 1
    outer loop
      vertex 14.238367451461096 -3.0784072803542593 6.749013364214136
      vertex 14.241822421417227 -3.076507894547689 6.749013364214136
      vertex 14.25419057429753 3.0615573659572837 6.749013364214136
    endloop
  endfacet
  facet normal 0 0 1
    outer loop
      vertex 14.234701668810095 -3.0798586663799554 6.749013364214136
      vertex 14.238367451461096 -3.0784072803542593 6.749013364214136
      vertex 14.25419057429753 3.0615573659572837 6.749013364214136
    endloop
  endfacet
  facet normal 0 0 1
    outer loop
      vertex 14.245012091738383 -3.0741904634090536 6.749013364214136
      vertex 14.25419057429753 3.0615573659572837 6.749013364214136
      vertex 14.241822421417227 -3.076507894547689 6.749013364214136
    endloop
  endfacet
  facet normal 0 0 1
    outer loop
      vertex 14.245012091738383 -3.0741904634090536 6.749013364214136
      vertex 14.247886159418181 -3.071491534211775 6.749013364214136
      vertex 14.25419057429753 3.0615573659572837 6.749013364214136
    endloop
  endfacet
  facet normal 0 0 1
    outer loop
      vertex 14.247886159418181 -3.071491534211775 6.749013364214136
      vertex 14.250399298692423 -3.0684536706815564 6.749013364214136
      vertex 14.25419057429753 3.0615573659572837 6.749013364214136
    endloop
  endfacet
  facet normal 0 0 1
    outer loop
      vertex 14.25251187585348 -3.065124781741001 6.749013364214136
      vertex 14.25419057429753 -3.0615573659572832 6.749013364214136
      vertex 14.25419057429753 3.0615573659572837 6.749013364214136
    endloop
  endfacet
  facet normal 0 0 1
    outer loop
      vertex 14.255408919947305 -3.0578076836083836 6.749013364214136
      vertex 14.25419057429753 3.0615573659572837 6.749013364214136
      vertex 14.25419057429753 -3.0615573659572832 6.749013364214136
    endloop
  endfacet
  facet normal 0 0 1
    outer loop
      vertex 14.250399298692423 -3.0684536706815564 6.749013364214136
      vertex 14.25251187585348 -3.065124781741001 6.749013364214136
      vertex 14.25419057429753 3.0615573659572837 6.749013364214136
    endloop
  endfacet
  facet normal 0 0 1
    outer loop
      vertex 14.255408919947305 -3.0578076836083836 6.749013364214136
      vertex 14.256147698764101 -3.0539348694248956 6.749013364214136
      vertex 14.25419057429753 3.0615573659572837 6.749013364214136
    endloop
  endfacet
  facet normal 0.12533323356430998 0 0.9921147013144772
    outer loop
      vertex 14.256395259764657 -3.05 6.749013364214136
      vertex 14.31869065729286 -3.05 6.741143625364344
      vertex 14.256395259764657 3.05 6.749013364214136
    endloop
  endfacet
  facet normal 0 0 1
    outer loop
      vertex 14.256395259764657 -3.05 6.749013364214136
      vertex 14.25419057429753 3.0615573659572837 6.749013364214136
      vertex 14.256147698764101 -3.0539348694248956 6.749013364214136
    endloop
  endfacet
  facet normal 0.36812455268469885 0 0.9297764858882431
    outer loop
      vertex 14.379508497187475 -3.05 6.725528258147577
      vertex 14.437889645782535 -3.05 6.702413526233009
      vertex 14.379508497187475 3.05 6.725528258147577
    endloop
  endfacet
  facet normal 0.2486898871648438 0 0.968583161128634
    outer loop
      vertex 14.31869065729286 -3.05 6.741143625364344
      vertex 14.379508497187475 -3.05 6.725528258147577
      vertex 14.31869065729286 3.05 6.741143625364344
    endloop
  endfacet
  facet normal 0.6845471059286896 0 0.7289686274214106
    outer loop
      vertex 14.543711994874345 -3.05 6.635256621387894
      vertex 14.589484313710704 -3.05 6.592273552964345
      vertex 14.543711994874345 3.05 6.635256621387894
    endloop
  endfacet
  facet normal 0.770513242775773 0 0.6374239897487094
    outer loop
      vertex 14.629508497187475 -3.05 6.543892626146237
      vertex 14.629508497187475 3.05 6.543892626146237
      vertex 14.589484313710704 -3.05 6.592273552964345
    endloop
  endfacet
  facet normal 0.48175367410171255 0 0.8763066800438651
    outer loop
      vertex 14.492913397489497 -3.05 6.672163962751007
      vertex 14.492913397489497 3.05 6.672163962751007
      vertex 14.437889645782535 -3.05 6.702413526233009
    endloop
  endfacet
  facet normal 0.5877852522924665 0 0.8090169943749521
    outer loop
      vertex 14.543711994874345 -3.05 6.635256621387894
      vertex 14.492913397489497 3.05 6.672163962751007
      vertex 14.492913397489497 -3.05 6.672163962751007
    endloop
  endfacet
  facet normal 0 0 -1
    outer loop
      vertex -14.256395259764655 3.05 -6.749013364214136
      vertex -14.256147698764103 3.0539348694248956 -6.749013364214136
      vertex 14.250399298692423 -3.0684536706815564 -6.749013364214136
    endloop
  endfacet
  facet normal 0 0 -1
    outer loop
      vertex -14.254190574297532 3.0615573659572837 -6.749013364214136
      vertex 14.250399298692423 -3.0684536706815564 -6.749013364214136
      vertex -14.255408919947305 3.0578076836083836 -6.749013364214136
    endloop
  endfacet
  facet normal 0 0 -1
    outer loop
      vertex -14.256147698764103 3.0539348694248956 -6.749013364214136
      vertex -14.255408919947305 3.0578076836083836 -6.749013364214136
      vertex 14.250399298692423 -3.0684536706815564 -6.749013364214136
    endloop
  endfacet
  facet normal 0 0 -1
    outer loop
      vertex -14.254190574297532 3.0615573659572837 -6.749013364214136
      vertex -14.25251187585348 3.065124781741001 -6.749013364214136
      vertex 14.250399298692423 -3.0684536706815564 -6.749013364214136
    endloop
  endfacet
  facet normal 0 0 -1
    outer loop
      vertex -14.250399298692423 3.0684536706815564 -6.749013364214136
      vertex 14.250399298692423 -3.0684536706815564 -6.749013364214136
      vertex -14.25251187585348 3.065124781741001 -6.749013364214136
    endloop
  endfacet
  facet normal 0 0 -1
    outer loop
      vertex -14.250399298692423 3.0684536706815564 -6.749013364214136
      vertex -14.24788615941818 3.0714915342117752 -6.749013364214136
      vertex 14.250399298692423 -3.0684536706815564 -6.749013364214136
    endloop
  endfacet
  facet normal 0 0 -1
    outer loop
      vertex -14.24788615941818 3.0714915342117752 -6.749013364214136
      vertex -14.245012091738383 3.074190463409054 -6.749013364214136
      vertex 14.250399298692423 -3.0684536706815564 -6.749013364214136
    endloop
  endfacet
  facet normal 0 0 -1
    outer loop
      vertex -14.245012091738383 3.074190463409054 -6.749013364214136
      vertex -14.241822421417229 3.0765078945476896 -6.749013364214136
      vertex 14.250399298692423 -3.0684536706815564 -6.749013364214136
    endloop
  endfacet
  facet normal 0 0 -1
    outer loop
      vertex -14.241822421417229 3.0765078945476896 -6.749013364214136
      vertex -14.238367451461096 3.0784072803542593 -6.749013364214136
      vertex 14.250399298692423 -3.0684536706815564 -6.749013364214136
    endloop
  endfacet
  facet normal 0 0 -1
    outer loop
      vertex -14.238367451461096 3.0784072803542593 -6.749013364214136
      vertex -14.234701668810095 3.0798586663799554 -6.749013364214136
      vertex 14.250399298692423 -3.0684536706815564 -6.749013364214136
    endloop
  endfacet
  facet normal 0 0 -1
    outer loop
      vertex -14.230882885046462 3.080839163400137 -6.749013364214136
      vertex 14.250399298692423 -3.0684536706815564 -6.749013364214136
      vertex -14.234701668810095 3.0798586663799554 -6.749013364214136
    endloop
  endfacet
  facet normal 0 0 -1
    outer loop
      vertex -14.22697132467138 3.081333308391076 -6.749013364214136
      vertex 14.250399298692423 -3.0684536706815564 -6.749013364214136
      vertex -14.230882885046462 3.080839163400137 -6.749013364214136
    endloop
  endfacet
  facet normal 0 0.12557713505581927 -0.992083858930873
    outer loop
      vertex -14.22697132467138 3.081333308391076 -6.749013364214136
      vertex -14.230882885046462 3.1435057801822897 -6.741143625364344
      vertex 14.22697132467138 3.081333308391076 -6.749013364214136
    endloop
  endfacet
  facet normal 0 0.2491510952778993 -0.9684646259527621
    outer loop
      vertex -14.230882885046462 3.1435057801822897 -6.741143625364344
      vertex -14.234701668810095 3.2042036099623834 -6.725528258147577
      vertex 14.234701668810095 3.2042036099623834 -6.725528258147577
    endloop
  endfacet
  facet normal 0 0.368753511155259 -0.9295272174663141
    outer loop
      vertex -14.234701668810095 3.2042036099623834 -6.725528258147577
      vertex -14.238367451461096 3.2624695566965984 -6.70241352623301
      vertex 14.234701668810095 3.2042036099623834 -6.725528258147577
    endloop
  endfacet
  facet normal 0 0.4824846161825002 -0.8759044440732251
    outer loop
      vertex -14.238367451461096 3.2624695566965984 -6.70241352623301
      vertex -14.241822421417229 3.3173847315985467 -6.672163962751007
      vertex 14.238367451461096 3.2624695566965984 -6.70241352623301
    endloop
  endfacet
  facet normal 0 0.588545112407899 -0.8084643781025689
    outer loop
      vertex -14.241822421417229 3.3173847315985467 -6.672163962751007
      vertex -14.245012091738383 3.3680830895552907 -6.635256621387895
      vertex 14.245012091738383 3.3680830895552907 -6.635256621387895
    endloop
  endfacet
  facet normal 0 0.6852653337890581 -0.7282935001130869
    outer loop
      vertex -14.245012091738383 3.3680830895552907 -6.635256621387895
      vertex -14.24788615941818 3.4137650871761194 -6.592273552964344
      vertex 14.245012091738383 3.3680830895552907 -6.635256621387895
    endloop
  endfacet
  facet normal 0 0.7711311414172825 -0.6366763406445061
    outer loop
      vertex -14.24788615941818 3.4137650871761194 -6.592273552964344
      vertex -14.250399298692423 3.4537102920694513 -6.543892626146237
      vertex 14.250399298692423 3.4537102920694513 -6.543892626146237
    endloop
  endfacet
  facet normal 0 0.8448062108372232 -0.5350723933551919
    outer loop
      vertex -14.250399298692423 3.4537102920694513 -6.543892626146237
      vertex -14.25251187585348 3.487288744492009 -6.490876837050857
      vertex 14.250399298692423 3.4537102920694513 -6.543892626146237
    endloop
  endfacet
  facet normal 0 0.9051505907597662 -0.42509105853598744
    outer loop
      vertex -14.25251187585348 3.487288744492009 -6.490876837050857
      vertex -14.254190574297532 3.513970892190293 -6.434062276342339
      vertex 14.25419057429753 3.513970892190293 -6.434062276342339
    endloop
  endfacet
  facet normal 0 0.9512355982648848 -0.3084652923647109
    outer loop
      vertex -14.254190574297532 3.513970892190293 -6.434062276342339
      vertex -14.255408919947305 3.5333359417559604 -6.374344943582427
      vertex 14.25419057429753 3.513970892190293 -6.434062276342339
    endloop
  endfacet
  facet normal 0 0.9823552484439997 -0.187024506026691
    outer loop
      vertex -14.255408919947305 3.5333359417559604 -6.374344943582427
      vertex -14.256147698764103 3.54507849478924 -6.312666616782153
      vertex 14.255408919947305 3.5333359417559604 -6.374344943582427
    endloop
  endfacet
  facet normal 0 0.9980344854238816 -0.06266710384793628
    outer loop
      vertex -14.256147698764103 3.54507849478924 -6.312666616782153
      vertex -14.256395259764655 3.5490133642141357 -6.25
      vertex 14.256395259764657 3.5490133642141357 -6.25
    endloop
  endfacet
  facet normal 0 0 -1
    outer loop
      vertex -14.22697132467138 3.081333308391076 -6.749013364214136
      vertex 14.22697132467138 3.081333308391076 -6.749013364214136
      vertex 14.250399298692423 -3.0684536706815564 -6.749013364214136
    endloop
  endfacet
  facet normal 0 0.12557713505581924 -0.9920838589308731
    outer loop
      vertex -14.230882885046462 3.1435057801822897 -6.741143625364344
      vertex 14.23088288504646 3.1435057801822897 -6.741143625364344
      vertex 14.22697132467138 3.081333308391076 -6.749013364214136
    endloop
  endfacet
  facet normal 0 0.2491510952778993 -0.9684646259527621
    outer loop
      vertex -14.230882885046462 3.1435057801822897 -6.741143625364344
      vertex 14.234701668810095 3.2042036099623834 -6.725528258147577
      vertex 14.23088288504646 3.1435057801822897 -6.741143625364344
    endloop
  endfacet
  facet normal 0 0.368753511155259 -0.9295272174663141
    outer loop
      vertex -14.238367451461096 3.2624695566965984 -6.70241352623301
      vertex 14.238367451461096 3.2624695566965984 -6.70241352623301
      vertex 14.234701668810095 3.2042036099623834 -6.725528258147577
    endloop
  endfacet
  facet normal 0 0.48248461618250016 -0.8759044440732251
    outer loop
      vertex -14.241822421417229 3.3173847315985467 -6.672163962751007
      vertex 14.241822421417227 3.3173847315985467 -6.672163962751007
      vertex 14.238367451461096 3.2624695566965984 -6.70241352623301
    endloop
  endfacet
  facet normal 0 0.588545112407899 -0.808464378102569
    outer loop
      vertex -14.241822421417229 3.3173847315985467 -6.672163962751007
      vertex 14.245012091738383 3.3680830895552907 -6.635256621387895
      vertex 14.241822421417227 3.3173847315985467 -6.672163962751007
    endloop
  endfacet
  facet normal 0 0.685265333789058 -0.728293500113087
    outer loop
      vertex -14.24788615941818 3.4137650871761194 -6.592273552964344
      vertex 14.247886159418181 3.4137650871761194 -6.592273552964344
      vertex 14.245012091738383 3.3680830895552907 -6.635256621387895
    endloop
  endfacet
  facet normal 0 0.7711311414172825 -0.6366763406445061
    outer loop
      vertex -14.24788615941818 3.4137650871761194 -6.592273552964344
      vertex 14.250399298692423 3.4537102920694513 -6.543892626146237
      vertex 14.247886159418181 3.4137650871761194 -6.592273552964344
    endloop
  endfacet
  facet normal 0 0.8448062108372232 -0.5350723933551919
    outer loop
      vertex -14.25251187585348 3.487288744492009 -6.490876837050857
      vertex 14.25251187585348 3.487288744492009 -6.490876837050857
      vertex 14.250399298692423 3.4537102920694513 -6.543892626146237
    endloop
  endfacet
  facet normal 0 0.9051505907597661 -0.42509105853598733
    outer loop
      vertex -14.25251187585348 3.487288744492009 -6.490876837050857
      vertex 14.25419057429753 3.513970892190293 -6.434062276342339
      vertex 14.25251187585348 3.487288744492009 -6.490876837050857
    endloop
  endfacet
  facet normal 0 0.9512355982648849 -0.30846529236471093
    outer loop
      vertex -14.255408919947305 3.5333359417559604 -6.374344943582427
      vertex 14.255408919947305 3.5333359417559604 -6.374344943582427
      vertex 14.25419057429753 3.513970892190293 -6.434062276342339
    endloop
  endfacet
  facet normal 0 0.9823552484439997 -0.18702450602669102
    outer loop
      vertex -14.256147698764103 3.54507849478924 -6.312666616782153
      vertex 14.256147698764101 3.54507849478924 -6.312666616782153
      vertex 14.255408919947305 3.5333359417559604 -6.374344943582427
    endloop
  endfacet
  facet normal 0 0.9980344854238815 -0.06266710384793628
    outer loop
      vertex -14.256147698764103 3.54507849478924 -6.312666616782153
      vertex 14.256395259764657 3.5490133642141357 -6.25
      vertex 14.256147698764101 3.54507849478924 -6.312666616782153
    endloop
  endfacet
  facet normal 0 0 -1
    outer loop
      vertex 14.250399298692423 -3.0684536706815564 -6.749013364214136
      vertex 14.256147698764101 3.0539348694248956 -6.749013364214136
      vertex 14.256395259764657 3.05 -6.749013364214136
    endloop
  endfacet
  facet normal 0 0 -1
    outer loop
      vertex 14.250399298692423 -3.0684536706815564 -6.749013364214136
      vertex 14.25419057429753 3.0615573659572837 -6.749013364214136
      vertex 14.255408919947305 3.0578076836083836 -6.749013364214136
    endloop
  endfacet
  facet normal 0 0 -1
    outer loop
      vertex 14.250399298692423 -3.0684536706815564 -6.749013364214136
      vertex 14.255408919947305 3.0578076836083836 -6.749013364214136
      vertex 14.256147698764101 3.0539348694248956 -6.749013364214136
    endloop
  endfacet
  facet normal 0 0 -1
    outer loop
      vertex 14.250399298692423 -3.0684536706815564 -6.749013364214136
      vertex 14.250399298692423 3.0684536706815564 -6.749013364214136
      vertex 14.25251187585348 3.065124781741001 -6.749013364214136
    endloop
  endfacet
  facet normal 0 0 -1
    outer loop
      vertex 14.250399298692423 -3.0684536706815564 -6.749013364214136
      vertex 14.25251187585348 3.065124781741001 -6.749013364214136
      vertex 14.25419057429753 3.0615573659572837 -6.749013364214136
    endloop
  endfacet
  facet normal 0.12533323356430293 0 -0.9921147013144781
    outer loop
      vertex 14.256395259764657 -3.05 -6.749013364214136
      vertex 14.256395259764657 3.05 -6.749013364214136
      vertex 14.318690657292864 3.05 -6.741143625364344
    endloop
  endfacet
  facet normal 0.24868988716485738 0 -0.9685831611286304
    outer loop
      vertex 14.318690657292864 -3.05 -6.741143625364344
      vertex 14.318690657292864 3.05 -6.741143625364344
      vertex 14.379508497187475 3.05 -6.725528258147577
    endloop
  endfacet
  facet normal 0.3681245526846865 0 -0.9297764858882479
    outer loop
      vertex 14.379508497187475 -3.05 -6.725528258147577
      vertex 14.379508497187475 3.05 -6.725528258147577
      vertex 14.437889645782535 3.05 -6.70241352623301
    endloop
  endfacet
  facet normal 0.4817536741017234 0 -0.8763066800438591
    outer loop
      vertex 14.492913397489497 -3.05 -6.672163962751007
      vertex 14.437889645782535 3.05 -6.70241352623301
      vertex 14.492913397489497 3.05 -6.672163962751007
    endloop
  endfacet
  facet normal 0.5877852522924573 0 -0.809016994374959
    outer loop
      vertex 14.543711994874345 -3.05 -6.635256621387895
      vertex 14.492913397489497 3.05 -6.672163962751007
      vertex 14.543711994874345 3.05 -6.635256621387895
    endloop
  endfacet
  facet normal 0.6845471059287046 0 -0.7289686274213965
    outer loop
      vertex 14.589484313710704 -3.05 -6.592273552964344
      vertex 14.543711994874345 3.05 -6.635256621387895
      vertex 14.589484313710704 3.05 -6.592273552964344
    endloop
  endfacet
  facet normal 0.7705132427757673 0 -0.6374239897487163
    outer loop
      vertex 14.589484313710704 -3.05 -6.592273552964344
      vertex 14.589484313710704 3.05 -6.592273552964344
      vertex 14.629508497187475 3.05 -6.543892626146237
    endloop
  endfacet
  facet normal 0.8443279255020375 0 -0.5358267949789614
    outer loop
      vertex 14.66315334002193 -3.05 -6.490876837050857
      vertex 14.629508497187475 3.05 -6.543892626146237
      vertex 14.66315334002193 3.05 -6.490876837050857
    endloop
  endfacet
  facet normal 0.9048270524659997 0 -0.4257792915651148
    outer loop
      vertex 14.66315334002193 -3.05 -6.490876837050857
      vertex 14.66315334002193 3.05 -6.490876837050857
      vertex 14.689888242944127 3.05 -6.434062276342339
    endloop
  endfacet
  facet normal 0.9510565162951699 0 -0.30901699437489716
    outer loop
      vertex 14.709291580564313 -3.05 -6.374344943582427
      vertex 14.689888242944127 3.05 -6.434062276342339
      vertex 14.709291580564313 3.05 -6.374344943582427
    endloop
  endfacet
  facet normal 0.9822872507286834 0 -0.18738131458575227
    outer loop
      vertex 14.709291580564313 -3.05 -6.374344943582427
      vertex 14.709291580564313 3.05 -6.374344943582427
      vertex 14.721057350657238 3.05 -6.312666616782153
    endloop
  endfacet
  facet normal 0 0 -1
    outer loop
      vertex 14.250399298692423 -3.0684536706815564 -6.749013364214136
      vertex 14.22697132467138 3.081333308391076 -6.749013364214136
      vertex 14.23088288504646 3.080839163400137 -6.749013364214136
    endloop
  endfacet
  facet normal 0 0 -1
    outer loop
      vertex 14.250399298692423 -3.0684536706815564 -6.749013364214136
      vertex 14.238367451461096 3.0784072803542593 -6.749013364214136
      vertex 14.241822421417227 3.0765078945476896 -6.749013364214136
    endloop
  endfacet
  facet normal 0 0 -1
    outer loop
      vertex 14.250399298692423 -3.0684536706815564 -6.749013364214136
      vertex 14.234701668810095 3.0798586663799554 -6.749013364214136
      vertex 14.238367451461096 3.0784072803542593 -6.749013364214136
    endloop
  endfacet
  facet normal 0 0 -1
    outer loop
      vertex 14.250399298692423 -3.0684536706815564 -6.749013364214136
      vertex 14.23088288504646 3.080839163400137 -6.749013364214136
      vertex 14.234701668810095 3.0798586663799554 -6.749013364214136
    endloop
  endfacet
  facet normal 0 0 -1
    outer loop
      vertex 14.250399298692423 -3.0684536706815564 -6.749013364214136
      vertex 14.245012091738383 3.074190463409054 -6.749013364214136
      vertex 14.247886159418181 3.0714915342117752 -6.749013364214136
    endloop
  endfacet
  facet normal 0 0 -1
    outer loop
      vertex 14.250399298692423 -3.0684536706815564 -6.749013364214136
      vertex 14.247886159418181 3.0714915342117752 -6.749013364214136
      vertex 14.250399298692423 3.0684536706815564 -6.749013364214136
    endloop
  endfacet
  facet normal 0 0 -1
    outer loop
      vertex 14.250399298692423 -3.0684536706815564 -6.749013364214136
      vertex 14.241822421417227 3.0765078945476896 -6.749013364214136
      vertex 14.245012091738383 3.074190463409054 -6.749013364214136
    endloop
  endfacet
  facet normal 0.9980267284282713 0 -0.0627905195293152
    outer loop
      vertex 14.725 -3.05 -6.25
      vertex 14.721057350657238 3.05 -6.312666616782153
      vertex 14.725 3.05 -6.25
    endloop
  endfacet
  facet normal 0.03122976354750343 0.1216318984378447 -0.9920838589308733
    outer loop
      vertex 14.234701668810095 3.0798586663799554 -6.749013364214136
      vertex 14.23088288504646 3.080839163400137 -6.749013364214136
      vertex 14.242555878527936 3.142031138171169 -6.741143625364344
    endloop
  endfacet
  facet normal 0.01573898839830985 0.12458692183782727 -0.9920838589308734
    outer loop
      vertex 14.22697132467138 3.081333308391076 -6.749013364214136
      vertex 14.242555878527936 3.142031138171169 -6.741143625364344
      vertex 14.23088288504646 3.080839163400137 -6.749013364214136
    endloop
  endfacet
  facet normal 0.04622802666984312 0.11675866734011466 -0.9920838589308733
    outer loop
      vertex 14.234701668810095 3.0798586663799554 -6.749013364214136
      vertex 14.253952005317652 3.139105110134353 -6.741143625364344
      vertex 14.238367451461096 3.0784072803542593 -6.749013364214136
    endloop
  endfacet
  facet normal 0.12532933726514398 0.007885053551228406 -0.9920838589308738
    outer loop
      vertex 14.256395259764657 3.05 -6.749013364214136
      vertex 14.256147698764101 3.0539348694248956 -6.749013364214136
      vertex 14.317951878476064 3.0617425530332794 -6.741143625364344
    endloop
  endfacet
  facet normal 0.1233528187483685 0.0235308086486357 -0.9920838589308737
    outer loop
      vertex 14.256147698764101 3.0539348694248956 -6.749013364214136
      vertex 14.255408919947305 3.0578076836083836 -6.749013364214136
      vertex 14.317951878476064 3.0617425530332794 -6.741143625364344
    endloop
  endfacet
  facet normal 0.11943095259250561 0.038805468837185594 -0.9920838589308733
    outer loop
      vertex 14.25419057429753 3.0615573659572837 -6.749013364214136
      vertex 14.31574719300894 3.073299918990563 -6.741143625364344
      vertex 14.255408919947305 3.0578076836083836 -6.749013364214136
    endloop
  endfacet
  facet normal 0.11362558896969259 0.0534681436008182 -0.9920838589308733
    outer loop
      vertex 14.25419057429753 3.0615573659572837 -6.749013364214136
      vertex 14.25251187585348 3.065124781741001 -6.749013364214136
      vertex 14.312111370098316 3.0844898313066684 -6.741143625364344
    endloop
  endfacet
  facet normal 0.12532933726515233 0.007885053551184214 -0.9920838589308731
    outer loop
      vertex 14.256395259764657 3.05 -6.749013364214136
      vertex 14.317951878476064 3.0617425530332794 -6.741143625364344
      vertex 14.318690657292864 3.05 -6.741143625364344
    endloop
  endfacet
  facet normal 0.12335281874836747 0.02353080864865147 -0.9920838589308734
    outer loop
      vertex 14.255408919947305 3.0578076836083836 -6.749013364214136
      vertex 14.31574719300894 3.073299918990563 -6.741143625364344
      vertex 14.317951878476064 3.0617425530332794 -6.741143625364344
    endloop
  endfacet
  facet normal 0.11943095259250501 0.03880546883718876 -0.9920838589308733
    outer loop
      vertex 14.25419057429753 3.0615573659572837 -6.749013364214136
      vertex 14.312111370098316 3.0844898313066684 -6.741143625364344
      vertex 14.31574719300894 3.073299918990563 -6.741143625364344
    endloop
  endfacet
  facet normal 0.10602828193217696 0.06728759379958484 -0.9920838589308731
    outer loop
      vertex 14.250399298692423 3.0684536706815564 -6.749013364214136
      vertex 14.307101748843435 3.095135818379841 -6.741143625364344
      vertex 14.25251187585348 3.065124781741001 -6.749013364214136
    endloop
  endfacet
  facet normal 0.09675884555035982 0.08004587844847702 -0.9920838589308735
    outer loop
      vertex 14.250399298692423 3.0684536706815564 -6.749013364214136
      vertex 14.247886159418181 3.0714915342117752 -6.749013364214136
      vertex 14.300797333964086 3.1050699866343328 -6.741143625364344
    endloop
  endfacet
  facet normal 0.08596346437325177 0.0915417917771756 -0.9920838589308734
    outer loop
      vertex 14.245012091738383 3.074190463409054 -6.749013364214136
      vertex 14.284720672573792 3.1221898921685183 -6.741143625364344
      vertex 14.247886159418181 3.0714915342117752 -6.749013364214136
    endloop
  endfacet
  facet normal 0.06049724619631639 0.11004408231017727 -0.9920838589308735
    outer loop
      vertex 14.241822421417227 3.0765078945476896 -6.749013364214136
      vertex 14.238367451461096 3.0784072803542593 -6.749013364214136
      vertex 14.275201964616711 3.1291056383110023 -6.741143625364344
    endloop
  endfacet
  facet normal 0.07381238801093551 0.10159403636508219 -0.9920838589308735
    outer loop
      vertex 14.245012091738383 3.074190463409054 -6.749013364214136
      vertex 14.241822421417227 3.0765078945476896 -6.749013364214136
      vertex 14.275201964616711 3.1291056383110023 -6.741143625364344
    endloop
  endfacet
  facet normal 0.09675884555034822 0.08004587844849526 -0.992083858930873
    outer loop
      vertex 14.247886159418181 3.0714915342117752 -6.749013364214136
      vertex 14.293297549848988 3.114135668302385 -6.741143625364344
      vertex 14.300797333964086 3.1050699866343328 -6.741143625364344
    endloop
  endfacet
  facet normal 0.11362558896968845 0.05346814360083072 -0.992083858930873
    outer loop
      vertex 14.25251187585348 3.065124781741001 -6.749013364214136
      vertex 14.307101748843435 3.095135818379841 -6.741143625364344
      vertex 14.312111370098316 3.0844898313066684 -6.741143625364344
    endloop
  endfacet
  facet normal 0.10602828193217544 0.06728759379958799 -0.9920838589308733
    outer loop
      vertex 14.250399298692423 3.0684536706815564 -6.749013364214136
      vertex 14.300797333964086 3.1050699866343328 -6.741143625364344
      vertex 14.307101748843435 3.095135818379841 -6.741143625364344
    endloop
  endfacet
  facet normal 0.24865945250451255 0.0156443267138492 -0.9684646259527636
    outer loop
      vertex 14.318690657292864 3.05 -6.741143625364344
      vertex 14.317951878476064 3.0617425530332794 -6.741143625364344
      vertex 14.3782901515377 3.0693650495656675 -6.725528258147577
    endloop
  endfacet
  facet normal 0.24865945250452562 0.015644326713806826 -0.968464625952761
    outer loop
      vertex 14.318690657292864 3.05 -6.741143625364344
      vertex 14.3782901515377 3.0693650495656675 -6.725528258147577
      vertex 14.379508497187475 3.05 -6.725528258147577
    endloop
  endfacet
  facet normal 0.24473794439657018 0.04668625976361171 -0.9684646259527634
    outer loop
      vertex 14.317951878476064 3.0617425530332794 -6.741143625364344
      vertex 14.31574719300894 3.073299918990563 -6.741143625364344
      vertex 14.3782901515377 3.0693650495656675 -6.725528258147577
    endloop
  endfacet
  facet normal 0.36802586033472107 0.02315422454371184 -0.9295272174663138
    outer loop
      vertex 14.379508497187475 3.05 -6.725528258147577
      vertex 14.3782901515377 3.0693650495656675 -6.725528258147577
      vertex 14.436210947338486 3.0766821476982846 -6.70241352623301
    endloop
  endfacet
  facet normal 0.23695677270609453 0.07699192260804438 -0.9684646259527652
    outer loop
      vertex 14.31574719300894 3.073299918990563 -6.741143625364344
      vertex 14.312111370098316 3.0844898313066684 -6.741143625364344
      vertex 14.368658367554845 3.1068783714131207 -6.725528258147577
    endloop
  endfacet
  facet normal 0.24473794439657331 0.04668625976367681 -0.9684646259527595
    outer loop
      vertex 14.31574719300894 3.073299918990563 -6.741143625364344
      vertex 14.374654328627075 3.088424700731564 -6.725528258147577
      vertex 14.3782901515377 3.0693650495656675 -6.725528258147577
    endloop
  endfacet
  facet normal 0.22543865115898035 0.10608337684006634 -0.9684646259527645
    outer loop
      vertex 14.312111370098316 3.0844898313066684 -6.741143625364344
      vertex 14.307101748843435 3.095135818379841 -6.741143625364344
      vertex 14.368658367554845 3.1068783714131207 -6.725528258147577
    endloop
  endfacet
  facet normal 0.2369567727061415 0.07699192260796778 -0.9684646259527596
    outer loop
      vertex 14.31574719300894 3.073299918990563 -6.741143625364344
      vertex 14.368658367554845 3.1068783714131207 -6.725528258147577
      vertex 14.374654328627075 3.088424700731564 -6.725528258147577
    endloop
  endfacet
  facet normal 0.3622218726692243 0.06909751767841377 -0.9295272174663213
    outer loop
      vertex 14.3782901515377 3.0693650495656675 -6.725528258147577
      vertex 14.374654328627075 3.088424700731564 -6.725528258147577
      vertex 14.431201326083604 3.102943501988225 -6.70241352623301
    endloop
  endfacet
  facet normal 0.3507054296909272 0.11395110168234553 -0.9295272174663213
    outer loop
      vertex 14.374654328627075 3.088424700731564 -6.725528258147577
      vertex 14.368658367554845 3.1068783714131207 -6.725528258147577
      vertex 14.431201326083604 3.102943501988225 -6.70241352623301
    endloop
  endfacet
  facet normal 0.36802586033473256 0.02315422454368411 -0.92952721746631
    outer loop
      vertex 14.379508497187475 3.05 -6.725528258147577
      vertex 14.436210947338486 3.0766821476982846 -6.70241352623301
      vertex 14.437889645782535 3.05 -6.70241352623301
    endloop
  endfacet
  facet normal 0.36222187266925326 0.06909751767836272 -0.9295272174663136
    outer loop
      vertex 14.3782901515377 3.0693650495656675 -6.725528258147577
      vertex 14.431201326083604 3.102943501988225 -6.70241352623301
      vertex 14.436210947338486 3.0766821476982846 -6.70241352623301
    endloop
  endfacet
  facet normal 0.481532543005589 0.030295459714982483 -0.8759044440732268
    outer loop
      vertex 14.437889645782535 3.05 -6.70241352623301
      vertex 14.436210947338486 3.0766821476982846 -6.70241352623301
      vertex 14.492913397489497 3.05 -6.672163962751007
    endloop
  endfacet
  facet normal 0.48153254300559206 0.03029545971499124 -0.8759044440732247
    outer loop
      vertex 14.436210947338486 3.0766821476982846 -6.70241352623301
      vertex 14.49080082032844 3.0835784524225573 -6.672163962751007
      vertex 14.492913397489497 3.05 -6.672163962751007
    endloop
  endfacet
  facet normal 0.47393848714879705 0.09040860164765044 -0.8759044440732253
    outer loop
      vertex 14.436210947338486 3.0766821476982846 -6.70241352623301
      vertex 14.431201326083604 3.102943501988225 -6.70241352623301
      vertex 14.49080082032844 3.0835784524225573 -6.672163962751007
    endloop
  endfacet
  facet normal 0.4739384871488053 0.09040860164768912 -0.8759044440732168
    outer loop
      vertex 14.49080082032844 3.0835784524225573 -6.672163962751007
      vertex 14.431201326083604 3.102943501988225 -6.70241352623301
      vertex 14.484496405449088 3.1166273525916157 -6.672163962751007
    endloop
  endfacet
  facet normal 0.5873837530689006 0.0369550533745184 -0.8084643781025724
    outer loop
      vertex 14.492913397489497 3.05 -6.672163962751007
      vertex 14.49080082032844 3.0835784524225573 -6.672163962751007
      vertex 14.543711994874345 3.05 -6.635256621387895
    endloop
  endfacet
  facet normal 0.5873837530689023 0.03695505337452266 -0.808464378102571
    outer loop
      vertex 14.49080082032844 3.0835784524225573 -6.672163962751007
      vertex 14.541198855600102 3.089945204893332 -6.635256621387895
      vertex 14.543711994874345 3.05 -6.635256621387895
    endloop
  endfacet
  facet normal 0.5781203603969575 0.11028235685600264 -0.8084643781025712
    outer loop
      vertex 14.49080082032844 3.0835784524225573 -6.672163962751007
      vertex 14.533699071485005 3.129260450043386 -6.635256621387895
      vertex 14.541198855600102 3.089945204893332 -6.635256621387895
    endloop
  endfacet
  facet normal 0.683913119186799 0.043028166324034695 -0.7282935001130894
    outer loop
      vertex 14.543711994874345 3.05 -6.635256621387895
      vertex 14.541198855600102 3.089945204893332 -6.635256621387895
      vertex 14.58661024603091 3.0956819976208285 -6.592273552964344
    endloop
  endfacet
  facet normal 0.6839131191868106 0.04302816632401426 -0.7282935001130795
    outer loop
      vertex 14.543711994874345 3.05 -6.635256621387895
      vertex 14.58661024603091 3.0956819976208285 -6.592273552964344
      vertex 14.589484313710704 3.05 -6.592273552964344
    endloop
  endfacet
  facet normal 0.7696094902578335 0.04841972499478927 -0.6366763406445277
    outer loop
      vertex 14.589484313710704 3.05 -6.592273552964344
      vertex 14.58661024603091 3.0956819976208285 -6.592273552964344
      vertex 14.629508497187475 3.05 -6.543892626146237
    endloop
  endfacet
  facet normal 0.7696094902578535 0.048419724994837224 -0.6366763406445
    outer loop
      vertex 14.58661024603091 3.0956819976208285 -6.592273552964344
      vertex 14.626318826866319 3.100698357956743 -6.543892626146237
      vertex 14.629508497187475 3.05 -6.543892626146237
    endloop
  endfacet
  facet normal 0.8431391787577625 0.0530458208800749 -0.5350723933551841
    outer loop
      vertex 14.629508497187475 3.05 -6.543892626146237
      vertex 14.626318826866319 3.100698357956743 -6.543892626146237
      vertex 14.659698370065799 3.104915174901949 -6.490876837050857
    endloop
  endfacet
  facet normal 0.8431391787577786 0.053045820880044676 -0.5350723933551619
    outer loop
      vertex 14.629508497187475 3.05 -6.543892626146237
      vertex 14.659698370065799 3.104915174901949 -6.490876837050857
      vertex 14.66315334002193 3.05 -6.490876837050857
    endloop
  endfacet
  facet normal 0.9033644828308656 0.05683487584605163 -0.42509105853603496
    outer loop
      vertex 14.66315334002193 3.05 -6.490876837050857
      vertex 14.659698370065799 3.104915174901949 -6.490876837050857
      vertex 14.689888242944127 3.05 -6.434062276342339
    endloop
  endfacet
  facet normal 0.9033644828308868 0.05683487584611909 -0.425091058535981
    outer loop
      vertex 14.689888242944127 3.05 -6.434062276342339
      vertex 14.659698370065799 3.104915174901949 -6.490876837050857
      vertex 14.686222460293122 3.108265946734215 -6.434062276342339
    endloop
  endfacet
  facet normal 0.949358552100832 0.059728577409791345 -0.3084652923646587
    outer loop
      vertex 14.689888242944127 3.05 -6.434062276342339
      vertex 14.705472796800683 3.1106978297800936 -6.374344943582427
      vertex 14.709291580564313 3.05 -6.374344943582427
    endloop
  endfacet
  facet normal 0.9493585521008 0.059728577409879476 -0.30846529236473996
    outer loop
      vertex 14.689888242944127 3.05 -6.434062276342339
      vertex 14.686222460293122 3.108265946734215 -6.434062276342339
      vertex 14.705472796800683 3.1106978297800936 -6.374344943582427
    endloop
  endfacet
  facet normal 0.9804167947589046 0.06168259641210578 -0.18702450602671628
    outer loop
      vertex 14.709291580564313 3.05 -6.374344943582427
      vertex 14.705472796800683 3.1106978297800936 -6.374344943582427
      vertex 14.721057350657238 3.05 -6.312666616782153
    endloop
  endfacet
  facet normal 0.9804167947589076 0.06168259641213053 -0.18702450602669266
    outer loop
      vertex 14.705472796800683 3.1106978297800936 -6.374344943582427
      vertex 14.717145790282158 3.1121724717912134 -6.312666616782153
      vertex 14.721057350657238 3.05 -6.312666616782153
    endloop
  endfacet
  facet normal 0.01573898839829138 0.12458692183783193 -0.9920838589308731
    outer loop
      vertex 14.22697132467138 3.081333308391076 -6.749013364214136
      vertex 14.23088288504646 3.1435057801822897 -6.741143625364344
      vertex 14.242555878527936 3.142031138171169 -6.741143625364344
    endloop
  endfacet
  facet normal 0.031229763547510638 0.12163189843784375 -0.9920838589308731
    outer loop
      vertex 14.234701668810095 3.0798586663799554 -6.749013364214136
      vertex 14.242555878527936 3.142031138171169 -6.741143625364344
      vertex 14.253952005317652 3.139105110134353 -6.741143625364344
    endloop
  endfacet
  facet normal 0.031226912417275335 0.24718646447380668 -0.9684646259527621
    outer loop
      vertex 14.23088288504646 3.1435057801822897 -6.741143625364344
      vertex 14.253952005317652 3.2017717269165047 -6.725528258147577
      vertex 14.242555878527936 3.142031138171169 -6.741143625364344
    endloop
  endfacet
  facet normal 0.031226912417274242 0.24718646447380707 -0.9684646259527621
    outer loop
      vertex 14.23088288504646 3.1435057801822897 -6.741143625364344
      vertex 14.234701668810095 3.2042036099623834 -6.725528258147577
      vertex 14.253952005317652 3.2017717269165047 -6.725528258147577
    endloop
  endfacet
  facet normal 0.08596346437326861 0.09154179177716329 -0.992083858930873
    outer loop
      vertex 14.247886159418181 3.0714915342117752 -6.749013364214136
      vertex 14.284720672573792 3.1221898921685183 -6.741143625364344
      vertex 14.293297549848988 3.114135668302385 -6.741143625364344
    endloop
  endfacet
  facet normal 0.06049724619629837 0.11004408231019029 -0.992083858930873
    outer loop
      vertex 14.238367451461096 3.0784072803542593 -6.749013364214136
      vertex 14.264891541688419 3.1347738412819046 -6.741143625364344
      vertex 14.275201964616711 3.1291056383110023 -6.741143625364344
    endloop
  endfacet
  facet normal 0.07381238801096053 0.10159403636506839 -0.9920838589308731
    outer loop
      vertex 14.245012091738383 3.074190463409054 -6.749013364214136
      vertex 14.275201964616711 3.1291056383110023 -6.741143625364344
      vertex 14.284720672573792 3.1221898921685183 -6.741143625364344
    endloop
  endfacet
  facet normal 0.04622802666985048 0.11675866734011277 -0.992083858930873
    outer loop
      vertex 14.238367451461096 3.0784072803542593 -6.749013364214136
      vertex 14.253952005317652 3.139105110134353 -6.741143625364344
      vertex 14.264891541688419 3.1347738412819046 -6.741143625364344
    endloop
  endfacet
  facet normal 0.2103652274125615 0.13350183284823094 -0.9684646259527626
    outer loop
      vertex 14.307101748843435 3.095135818379841 -6.741143625364344
      vertex 14.300797333964086 3.1050699866343328 -6.741143625364344
      vertex 14.360396828208922 3.1244350361999995 -6.725528258147577
    endloop
  endfacet
  facet normal 0.19197421836370893 0.15881488520230727 -0.9684646259527607
    outer loop
      vertex 14.300797333964086 3.1050699866343328 -6.741143625364344
      vertex 14.293297549848988 3.114135668302385 -6.741143625364344
      vertex 14.337631847119697 3.155768344591076 -6.725528258147577
    endloop
  endfacet
  facet normal 0.12002945555657309 0.21833276913227584 -0.968464625952763
    outer loop
      vertex 14.275201964616711 3.1291056383110023 -6.741143625364344
      vertex 14.264891541688419 3.1347738412819046 -6.741143625364344
      vertex 14.290786518473267 3.189803468091096 -6.725528258147577
    endloop
  endfacet
  facet normal 0.17055566121142943 0.18162333194528776 -0.9684646259527624
    outer loop
      vertex 14.284720672573792 3.1221898921685183 -6.741143625364344
      vertex 14.323487422727313 3.1690508432043343 -6.725528258147577
      vertex 14.293297549848988 3.114135668302385 -6.741143625364344
    endloop
  endfacet
  facet normal 0.14644733939688487 0.20156747024693678 -0.9684646259527623
    outer loop
      vertex 14.284720672573792 3.1221898921685183 -6.741143625364344
      vertex 14.275201964616711 3.1291056383110023 -6.741143625364344
      vertex 14.323487422727313 3.1690508432043343 -6.725528258147577
    endloop
  endfacet
  facet normal 0.17055566121145221 0.1816233319452747 -0.9684646259527607
    outer loop
      vertex 14.293297549848988 3.114135668302385 -6.741143625364344
      vertex 14.323487422727313 3.1690508432043343 -6.725528258147577
      vertex 14.337631847119697 3.155768344591076 -6.725528258147577
    endloop
  endfacet
  facet normal 0.22543865115897324 0.10608337684010087 -0.9684646259527623
    outer loop
      vertex 14.307101748843435 3.095135818379841 -6.741143625364344
      vertex 14.360396828208922 3.1244350361999995 -6.725528258147577
      vertex 14.368658367554845 3.1068783714131207 -6.725528258147577
    endloop
  endfacet
  facet normal 0.21036522741254898 0.13350183284826772 -0.9684646259527603
    outer loop
      vertex 14.300797333964086 3.1050699866343328 -6.741143625364344
      vertex 14.35 3.14081781600067 -6.725528258147577
      vertex 14.360396828208922 3.1244350361999995 -6.725528258147577
    endloop
  endfacet
  facet normal 0.19197421836371686 0.15881488520230141 -0.9684646259527602
    outer loop
      vertex 14.300797333964086 3.1050699866343328 -6.741143625364344
      vertex 14.337631847119697 3.155768344591076 -6.725528258147577
      vertex 14.35 3.14081781600067 -6.725528258147577
    endloop
  endfacet
  facet normal 0.33365815258510334 0.1570076087418452 -0.9295272174663115
    outer loop
      vertex 14.360396828208922 3.1244350361999995 -6.725528258147577
      vertex 14.411556618711407 3.1525603690339494 -6.70241352623301
      vertex 14.368658367554845 3.1068783714131207 -6.725528258147577
    endloop
  endfacet
  facet normal 0.3336581525851102 0.15700760874183803 -0.9295272174663103
    outer loop
      vertex 14.368658367554845 3.1068783714131207 -6.725528258147577
      vertex 14.411556618711407 3.1525603690339494 -6.70241352623301
      vertex 14.42293978673768 3.1283699056248953 -6.70241352623301
    endloop
  endfacet
  facet normal 0.3113488870953086 0.1975880120195783 -0.9295272174663115
    outer loop
      vertex 14.360396828208922 3.1244350361999995 -6.725528258147577
      vertex 14.35 3.14081781600067 -6.725528258147577
      vertex 14.397231341364533 3.1751333941567434 -6.70241352623301
    endloop
  endfacet
  facet normal 0.3113488870953106 0.19758801201957668 -0.9295272174663114
    outer loop
      vertex 14.360396828208922 3.1244350361999995 -6.725528258147577
      vertex 14.397231341364533 3.1751333941567434 -6.70241352623301
      vertex 14.411556618711407 3.1525603690339494 -6.70241352623301
    endloop
  endfacet
  facet normal 0.06196135777164738 0.24132355546293144 -0.9684646259527621
    outer loop
      vertex 14.242555878527936 3.142031138171169 -6.741143625364344
      vertex 14.253952005317652 3.2017717269165047 -6.725528258147577
      vertex 14.253952005317652 3.139105110134353 -6.741143625364344
    endloop
  endfacet
  facet normal 0.09171863550008055 0.2316548298226896 -0.9684646259527624
    outer loop
      vertex 14.253952005317652 3.139105110134353 -6.741143625364344
      vertex 14.290786518473267 3.189803468091096 -6.725528258147577
      vertex 14.264891541688419 3.1347738412819046 -6.741143625364344
    endloop
  endfacet
  facet normal 0.06196135777165312 0.24132355546293136 -0.9684646259527617
    outer loop
      vertex 14.253952005317652 3.139105110134353 -6.741143625364344
      vertex 14.253952005317652 3.2017717269165047 -6.725528258147577
      vertex 14.272745751406264 3.196946313073118 -6.725528258147577
    endloop
  endfacet
  facet normal 0.09171863550007579 0.23165482982269286 -0.9684646259527621
    outer loop
      vertex 14.253952005317652 3.139105110134353 -6.741143625364344
      vertex 14.272745751406264 3.196946313073118 -6.725528258147577
      vertex 14.290786518473267 3.189803468091096 -6.725528258147577
    endloop
  endfacet
  facet normal 0.14644733939686427 0.20156747024696095 -0.9684646259527604
    outer loop
      vertex 14.275201964616711 3.1291056383110023 -6.741143625364344
      vertex 14.307789792844984 3.1804558389027333 -6.725528258147577
      vertex 14.323487422727313 3.1690508432043343 -6.725528258147577
    endloop
  endfacet
  facet normal 0.12002945555660746 0.21833276913226646 -0.9684646259527606
    outer loop
      vertex 14.275201964616711 3.1291056383110023 -6.741143625364344
      vertex 14.290786518473267 3.189803468091096 -6.725528258147577
      vertex 14.307789792844984 3.1804558389027333 -6.725528258147577
    endloop
  endfacet
  facet normal 0.1776483588369696 0.32314116511497365 -0.9295272174663143
    outer loop
      vertex 14.307789792844984 3.1804558389027333 -6.725528258147577
      vertex 14.290786518473267 3.189803468091096 -6.725528258147577
      vertex 14.315644002562829 3.242628310693947 -6.70241352623301
    endloop
  endfacet
  facet normal 0.21674787558812214 0.2983278572600432 -0.9295272174663135
    outer loop
      vertex 14.323487422727313 3.1690508432043343 -6.725528258147577
      vertex 14.307789792844984 3.1804558389027333 -6.725528258147577
      vertex 14.339071976583869 3.229748672984427 -6.70241352623301
    endloop
  endfacet
  facet normal 0.2841294636651963 0.23505233431442932 -0.9295272174663127
    outer loop
      vertex 14.35 3.14081781600067 -6.725528258147577
      vertex 14.337631847119697 3.155768344591076 -6.725528258147577
      vertex 14.380189872878324 3.195732990902619 -6.70241352623301
    endloop
  endfacet
  facet normal 0.2841294636652009 0.23505233431442643 -0.9295272174663118
    outer loop
      vertex 14.35 3.14081781600067 -6.725528258147577
      vertex 14.380189872878324 3.195732990902619 -6.70241352623301
      vertex 14.397231341364533 3.1751333941567434 -6.70241352623301
    endloop
  endfacet
  facet normal 0.2524291488623759 0.26880974088367565 -0.9295272174663137
    outer loop
      vertex 14.323487422727313 3.1690508432043343 -6.725528258147577
      vertex 14.360700967390889 3.214034291325291 -6.70241352623301
      vertex 14.337631847119697 3.155768344591076 -6.725528258147577
    endloop
  endfacet
  facet normal 0.2524291488623809 0.2688097408836733 -0.929527217466313
    outer loop
      vertex 14.337631847119697 3.155768344591076 -6.725528258147577
      vertex 14.360700967390889 3.214034291325291 -6.70241352623301
      vertex 14.380189872878324 3.195732990902619 -6.70241352623301
    endloop
  endfacet
  facet normal 0.21674787558812242 0.2983278572600432 -0.9295272174663134
    outer loop
      vertex 14.323487422727313 3.1690508432043343 -6.725528258147577
      vertex 14.339071976583869 3.229748672984427 -6.70241352623301
      vertex 14.360700967390889 3.214034291325291 -6.70241352623301
    endloop
  endfacet
  facet normal 0.37176078620419484 0.3075472690394015 -0.8759044440732362
    outer loop
      vertex 14.397231341364533 3.1751333941567434 -6.70241352623301
      vertex 14.380189872878324 3.195732990902619 -6.70241352623301
      vertex 14.420300461635728 3.2333993408909585 -6.672163962751007
    endloop
  endfacet
  facet normal 0.046217069941289914 0.36584577957846315 -0.9295272174663142
    outer loop
      vertex 14.234701668810095 3.2042036099623834 -6.725528258147577
      vertex 14.264891541688419 3.2591187848643317 -6.70241352623301
      vertex 14.253952005317652 3.2017717269165047 -6.725528258147577
    endloop
  endfacet
  facet normal 0.09170526908083379 0.3571684415120456 -0.9295272174663142
    outer loop
      vertex 14.253952005317652 3.2017717269165047 -6.725528258147577
      vertex 14.264891541688419 3.2591187848643317 -6.70241352623301
      vertex 14.272745751406264 3.196946313073118 -6.725528258147577
    endloop
  endfacet
  facet normal 0.13574722134493647 0.342858343760889 -0.9295272174663144
    outer loop
      vertex 14.272745751406264 3.196946313073118 -6.725528258147577
      vertex 14.315644002562829 3.242628310693947 -6.70241352623301
      vertex 14.290786518473267 3.189803468091096 -6.725528258147577
    endloop
  endfacet
  facet normal 0.17764835883697316 0.323141165114973 -0.9295272174663137
    outer loop
      vertex 14.307789792844984 3.1804558389027333 -6.725528258147577
      vertex 14.315644002562829 3.242628310693947 -6.70241352623301
      vertex 14.339071976583869 3.229748672984427 -6.70241352623301
    endloop
  endfacet
  facet normal 0.13574722134492911 0.3428583437608953 -0.9295272174663131
    outer loop
      vertex 14.272745751406264 3.196946313073118 -6.725528258147577
      vertex 14.290786518473267 3.2524700848732477 -6.70241352623301
      vertex 14.315644002562829 3.242628310693947 -6.70241352623301
    endloop
  endfacet
  facet normal 0.04621706994128698 0.36584577957846454 -0.9295272174663137
    outer loop
      vertex 14.234701668810095 3.2042036099623834 -6.725528258147577
      vertex 14.238367451461096 3.2624695566965984 -6.70241352623301
      vertex 14.264891541688419 3.2591187848643317 -6.70241352623301
    endloop
  endfacet
  facet normal 0.0917052690808419 0.35716844151204613 -0.929527217466313
    outer loop
      vertex 14.272745751406264 3.196946313073118 -6.725528258147577
      vertex 14.264891541688419 3.2591187848643317 -6.70241352623301
      vertex 14.290786518473267 3.2524700848732477 -6.70241352623301
    endloop
  endfacet
  facet normal 0.33028344766283746 0.35171614841048504 -0.8759044440732352
    outer loop
      vertex 14.380189872878324 3.195732990902619 -6.70241352623301
      vertex 14.360700967390889 3.214034291325291 -6.70241352623301
      vertex 14.420300461635728 3.2333993408909585 -6.672163962751007
    endloop
  endfacet
  facet normal 0.2835973418500528 0.3903382540161169 -0.8759044440732299
    outer loop
      vertex 14.360700967390889 3.214034291325291 -6.70241352623301
      vertex 14.339071976583869 3.229748672984427 -6.70241352623301
      vertex 14.395774426734883 3.256430820682712 -6.672163962751007
    endloop
  endfacet
  facet normal 0.2324387365434978 0.4228044921791065 -0.8759044440732279
    outer loop
      vertex 14.315644002562829 3.242628310693947 -6.70241352623301
      vertex 14.36855517710873 3.2762067631165044 -6.672163962751007
      vertex 14.339071976583869 3.229748672984427 -6.70241352623301
    endloop
  endfacet
  facet normal 0.3302834476628294 0.3517161484105034 -0.875904444073231
    outer loop
      vertex 14.360700967390889 3.214034291325291 -6.70241352623301
      vertex 14.395774426734883 3.256430820682712 -6.672163962751007
      vertex 14.420300461635728 3.2333993408909585 -6.672163962751007
    endloop
  endfacet
  facet normal 0.2835973418500476 0.3903382540161253 -0.8759044440732277
    outer loop
      vertex 14.339071976583869 3.229748672984427 -6.70241352623301
      vertex 14.36855517710873 3.2762067631165044 -6.672163962751007
      vertex 14.395774426734883 3.256430820682712 -6.672163962751007
    endloop
  endfacet
  facet normal 0.060471357091194056 0.47868008087272357 -0.8759044440732289
    outer loop
      vertex 14.238367451461096 3.2624695566965984 -6.70241352623301
      vertex 14.275201964616711 3.3131679146533415 -6.672163962751007
      vertex 14.264891541688419 3.2591187848643317 -6.70241352623301
    endloop
  endfacet
  facet normal 0.11998904475719661 0.4673264747379729 -0.8759044440732301
    outer loop
      vertex 14.290786518473267 3.2524700848732477 -6.70241352623301
      vertex 14.264891541688419 3.2591187848643317 -6.70241352623301
      vertex 14.275201964616711 3.3131679146533415 -6.672163962751007
    endloop
  endfacet
  facet normal 0.17761443350941206 0.44860285092930546 -0.8759044440732278
    outer loop
      vertex 14.315644002562829 3.242628310693947 -6.70241352623301
      vertex 14.290786518473267 3.2524700848732477 -6.70241352623301
      vertex 14.307789792844984 3.3048007824851613 -6.672163962751007
    endloop
  endfacet
  facet normal 0.1776144335094289 0.4486028509293058 -0.875904444073224
    outer loop
      vertex 14.315644002562829 3.242628310693947 -6.70241352623301
      vertex 14.307789792844984 3.3048007824851613 -6.672163962751007
      vertex 14.339071976583869 3.2924152897665797 -6.672163962751007
    endloop
  endfacet
  facet normal 0.06047135709117767 0.47868008087273306 -0.8759044440732247
    outer loop
      vertex 14.238367451461096 3.2624695566965984 -6.70241352623301
      vertex 14.241822421417227 3.3173847315985467 -6.672163962751007
      vertex 14.275201964616711 3.3131679146533415 -6.672163962751007
    endloop
  endfacet
  facet normal 0.11998904475720484 0.46732647473797406 -0.8759044440732282
    outer loop
      vertex 14.290786518473267 3.2524700848732477 -6.70241352623301
      vertex 14.275201964616711 3.3131679146533415 -6.672163962751007
      vertex 14.307789792844984 3.3048007824851613 -6.672163962751007
    endloop
  endfacet
  facet normal 0.23243873654348196 0.42280449217912663 -0.8759044440732224
    outer loop
      vertex 14.315644002562829 3.242628310693947 -6.70241352623301
      vertex 14.339071976583869 3.2924152897665797 -6.672163962751007
      vertex 14.36855517710873 3.2762067631165044 -6.672163962751007
    endloop
  endfacet
  facet normal 0.2835337702771134 0.5157460135101983 -0.808464378102575
    outer loop
      vertex 14.36855517710873 3.2762067631165044 -6.672163962751007
      vertex 14.339071976583869 3.2924152897665797 -6.672163962751007
      vertex 14.395774426734883 3.3190974374648645 -6.635256621387895
    endloop
  endfacet
  facet normal 0.345938137382151 0.47614299789431075 -0.8084643781025768
    outer loop
      vertex 14.395774426734883 3.256430820682712 -6.672163962751007
      vertex 14.36855517710873 3.2762067631165044 -6.672163962751007
      vertex 14.395774426734883 3.3190974374648645 -6.635256621387895
    endloop
  endfacet
  facet normal 0.35070542969092844 0.11395110168242646 -0.929527217466311
    outer loop
      vertex 14.368658367554845 3.1068783714131207 -6.725528258147577
      vertex 14.42293978673768 3.1283699056248953 -6.70241352623301
      vertex 14.431201326083604 3.102943501988225 -6.70241352623301
    endloop
  endfacet
  facet normal 0.4588701382325102 0.14909594592488395 -0.8759044440732339
    outer loop
      vertex 14.431201326083604 3.102943501988225 -6.70241352623301
      vertex 14.42293978673768 3.1283699056248953 -6.70241352623301
      vertex 14.47409957724017 3.1486254996090537 -6.672163962751007
    endloop
  endfacet
  facet normal 0.4588701382325601 0.1490959459248262 -0.8759044440732175
    outer loop
      vertex 14.431201326083604 3.102943501988225 -6.70241352623301
      vertex 14.47409957724017 3.1486254996090537 -6.672163962751007
      vertex 14.484496405449088 3.1166273525916157 -6.672163962751007
    endloop
  endfacet
  facet normal 0.43656513312057954 0.20543195806923986 -0.8759044440732383
    outer loop
      vertex 14.42293978673768 3.1283699056248953 -6.70241352623301
      vertex 14.411556618711407 3.1525603690339494 -6.70241352623301
      vertex 14.459774299893295 3.179068263581639 -6.672163962751007
    endloop
  endfacet
  facet normal 0.43656513312059747 0.20543195806922357 -0.8759044440732332
    outer loop
      vertex 14.42293978673768 3.1283699056248953 -6.70241352623301
      vertex 14.459774299893295 3.179068263581639 -6.672163962751007
      vertex 14.47409957724017 3.1486254996090537 -6.672163962751007
    endloop
  endfacet
  facet normal 0.5781203603969461 0.11028235685601828 -0.8084643781025772
    outer loop
      vertex 14.49080082032844 3.0835784524225573 -6.672163962751007
      vertex 14.484496405449088 3.1166273525916157 -6.672163962751007
      vertex 14.533699071485005 3.129260450043386 -6.635256621387895
    endloop
  endfacet
  facet normal 0.559739664289202 0.1818704416902967 -0.8084643781025778
    outer loop
      vertex 14.484496405449088 3.1166273525916157 -6.672163962751007
      vertex 14.47409957724017 3.1486254996090537 -6.672163962751007
      vertex 14.533699071485005 3.129260450043386 -6.635256621387895
    endloop
  endfacet
  facet normal 0.5597396642892103 0.18187044169036073 -0.8084643781025576
    outer loop
      vertex 14.47409957724017 3.1486254996090537 -6.672163962751007
      vertex 14.521330918604702 3.1673257105483597 -6.635256621387895
      vertex 14.533699071485005 3.129260450043386 -6.635256621387895
    endloop
  endfacet
  facet normal 0.40737523506798856 0.258528185515727 -0.8759044440732372
    outer loop
      vertex 14.397231341364533 3.1751333941567434 -6.70241352623301
      vertex 14.459774299893295 3.179068263581639 -6.672163962751007
      vertex 14.411556618711407 3.1525603690339494 -6.70241352623301
    endloop
  endfacet
  facet normal 0.5325315393033353 0.25059032101512624 -0.8084643781025583
    outer loop
      vertex 14.47409957724017 3.1486254996090537 -6.672163962751007
      vertex 14.459774299893295 3.179068263581639 -6.672163962751007
      vertex 14.521330918604702 3.1673257105483597 -6.635256621387895
    endloop
  endfacet
  facet normal 0.4073752350679857 0.2585281855157443 -0.8759044440732335
    outer loop
      vertex 14.397231341364533 3.1751333941567434 -6.70241352623301
      vertex 14.441746491589734 3.2074755439358986 -6.672163962751007
      vertex 14.459774299893295 3.179068263581639 -6.672163962751007
    endloop
  endfacet
  facet normal 0.371760786204208 0.3075472690393946 -0.8759044440732331
    outer loop
      vertex 14.397231341364533 3.1751333941567434 -6.70241352623301
      vertex 14.420300461635728 3.2333993408909585 -6.672163962751007
      vertex 14.441746491589734 3.2074755439358986 -6.672163962751007
    endloop
  endfacet
  facet normal 0.5325315393033353 0.25059032101512774 -0.8084643781025578
    outer loop
      vertex 14.459774299893295 3.179068263581639 -6.672163962751007
      vertex 14.504289450118494 3.203540674511003 -6.635256621387895
      vertex 14.521330918604702 3.1673257105483597 -6.635256621387895
    endloop
  endfacet
  facet normal 0.6731274007473272 0.1284059190854281 -0.7282935001130887
    outer loop
      vertex 14.541198855600102 3.089945204893332 -6.635256621387895
      vertex 14.533699071485005 3.129260450043386 -6.635256621387895
      vertex 14.58661024603091 3.0956819976208285 -6.592273552964344
    endloop
  endfacet
  facet normal 0.6517260610912635 0.21175863379684365 -0.72829350011308
    outer loop
      vertex 14.533699071485005 3.129260450043386 -6.635256621387895
      vertex 14.521330918604702 3.1673257105483597 -6.635256621387895
      vertex 14.578033368755714 3.140643562850075 -6.592273552964344
    endloop
  endfacet
  facet normal 0.6517260610912639 0.2117586337968459 -0.7282935001130791
    outer loop
      vertex 14.521330918604702 3.1673257105483597 -6.635256621387895
      vertex 14.56388894436333 3.1841756249453352 -6.592273552964344
      vertex 14.578033368755714 3.140643562850075 -6.592273552964344
    endloop
  endfacet
  facet normal 0.6200466121294956 0.29177178835480777 -0.7282935001130877
    outer loop
      vertex 14.521330918604702 3.1673257105483597 -6.635256621387895
      vertex 14.504289450118494 3.203540674511003 -6.635256621387895
      vertex 14.544400038875894 3.2255916572825747 -6.592273552964344
    endloop
  endfacet
  facet normal 0.6200466121295103 0.29177178835479617 -0.7282935001130798
    outer loop
      vertex 14.521330918604702 3.1673257105483597 -6.635256621387895
      vertex 14.544400038875894 3.2255916572825747 -6.592273552964344
      vertex 14.56388894436333 3.1841756249453352 -6.592273552964344
    endloop
  endfacet
  facet normal 0.6731274007473328 0.12840591908544746 -0.7282935001130802
    outer loop
      vertex 14.58661024603091 3.0956819976208285 -6.592273552964344
      vertex 14.533699071485005 3.129260450043386 -6.635256621387895
      vertex 14.578033368755714 3.140643562850075 -6.592273552964344
    endloop
  endfacet
  facet normal 0.7574722888540601 0.14449556699678087 -0.6366763406444991
    outer loop
      vertex 14.58661024603091 3.0956819976208285 -6.592273552964344
      vertex 14.616800118909234 3.1505971725227777 -6.543892626146237
      vertex 14.626318826866319 3.100698357956743 -6.543892626146237
    endloop
  endfacet
  facet normal 0.7574722888540524 0.1444955669967912 -0.6366763406445058
    outer loop
      vertex 14.58661024603091 3.0956819976208285 -6.592273552964344
      vertex 14.578033368755714 3.140643562850075 -6.592273552964344
      vertex 14.616800118909234 3.1505971725227777 -6.543892626146237
    endloop
  endfacet
  facet normal 0.7333892969630258 0.23829262758969544 -0.6366763406445047
    outer loop
      vertex 14.56388894436333 3.1841756249453352 -6.592273552964344
      vertex 14.616800118909234 3.1505971725227777 -6.543892626146237
      vertex 14.578033368755714 3.140643562850075 -6.592273552964344
    endloop
  endfacet
  facet normal 0.7333892969630263 0.23829262758969869 -0.636676340644503
    outer loop
      vertex 14.56388894436333 3.1841756249453352 -6.592273552964344
      vertex 14.601102489026905 3.19890950958429 -6.543892626146237
      vertex 14.616800118909234 3.1505971725227777 -6.543892626146237
    endloop
  endfacet
  facet normal 0.4969250738237004 0.31535824128209144 -0.8084643781025705
    outer loop
      vertex 14.459774299893295 3.179068263581639 -6.672163962751007
      vertex 14.441746491589734 3.2074755439358986 -6.672163962751007
      vertex 14.482843420164487 3.237334210315854 -6.635256621387895
    endloop
  endfacet
  facet normal 0.49692507382373197 0.31535824128207146 -0.8084643781025588
    outer loop
      vertex 14.459774299893295 3.179068263581639 -6.672163962751007
      vertex 14.482843420164487 3.237334210315854 -6.635256621387895
      vertex 14.504289450118494 3.203540674511003 -6.635256621387895
    endloop
  endfacet
  facet normal 0.4534818030812613 0.37515277369812017 -0.80846437810257
    outer loop
      vertex 14.441746491589734 3.2074755439358986 -6.672163962751007
      vertex 14.420300461635728 3.2333993408909585 -6.672163962751007
      vertex 14.482843420164487 3.237334210315854 -6.635256621387895
    endloop
  endfacet
  facet normal 0.45348180308124986 0.3751527736981649 -0.8084643781025554
    outer loop
      vertex 14.420300461635728 3.2333993408909585 -6.672163962751007
      vertex 14.45733104544629 3.2681733737159915 -6.635256621387895
      vertex 14.482843420164487 3.237334210315854 -6.635256621387895
    endloop
  endfacet
  facet normal 0.40288685340729474 0.4290309227675781 -0.8084643781025663
    outer loop
      vertex 14.395774426734883 3.256430820682712 -6.672163962751007
      vertex 14.42815467135357 3.295571812682172 -6.635256621387895
      vertex 14.420300461635728 3.2333993408909585 -6.672163962751007
    endloop
  endfacet
  facet normal 0.4028868534073257 0.42903092276756816 -0.8084643781025562
    outer loop
      vertex 14.420300461635728 3.2333993408909585 -6.672163962751007
      vertex 14.42815467135357 3.295571812682172 -6.635256621387895
      vertex 14.45733104544629 3.2681733737159915 -6.635256621387895
    endloop
  endfacet
  facet normal 0.34593813738218443 0.4761429978943045 -0.8084643781025662
    outer loop
      vertex 14.395774426734883 3.256430820682712 -6.672163962751007
      vertex 14.395774426734883 3.3190974374648645 -6.635256621387895
      vertex 14.42815467135357 3.295571812682172 -6.635256621387895
    endloop
  endfacet
  facet normal 0.5785886576965702 0.36718352751438654 -0.7282935001130881
    outer loop
      vertex 14.504289450118494 3.203540674511003 -6.635256621387895
      vertex 14.482843420164487 3.237334210315854 -6.635256621387895
      vertex 14.544400038875894 3.2255916572825747 -6.592273552964344
    endloop
  endfacet
  facet normal 0.5785886576965666 0.3671835275144203 -0.7282935001130739
    outer loop
      vertex 14.482843420164487 3.237334210315854 -6.635256621387895
      vertex 14.51987400397505 3.2642385042910957 -6.592273552964344
      vertex 14.544400038875894 3.2255916572825747 -6.592273552964344
    endloop
  endfacet
  facet normal 0.6977403177533578 0.3283316710963958 -0.6366763406445158
    outer loop
      vertex 14.56388894436333 3.1841756249453352 -6.592273552964344
      vertex 14.544400038875894 3.2255916572825747 -6.592273552964344
      vertex 14.579473498219889 3.244873454725429 -6.543892626146237
    endloop
  endfacet
  facet normal 0.6510875569228418 0.41319272801412477 -0.6366763406445154
    outer loop
      vertex 14.544400038875894 3.2255916572825747 -6.592273552964344
      vertex 14.51987400397505 3.2642385042910957 -6.592273552964344
      vertex 14.579473498219889 3.244873454725429 -6.543892626146237
    endloop
  endfacet
  facet normal 0.5280060144996138 0.4368045631003043 -0.7282935001130971
    outer loop
      vertex 14.482843420164487 3.237334210315854 -6.635256621387895
      vertex 14.45733104544629 3.2681733737159915 -6.635256621387895
      vertex 14.490697629882328 3.2995066821070678 -6.592273552964344
    endloop
  endfacet
  facet normal 0.4690964010385633 0.49953692979166486 -0.7282935001130963
    outer loop
      vertex 14.45733104544629 3.2681733737159915 -6.635256621387895
      vertex 14.42815467135357 3.295571812682172 -6.635256621387895
      vertex 14.490697629882328 3.2995066821070678 -6.592273552964344
    endloop
  endfacet
  facet normal 0.469096401038553 0.49953692979169273 -0.7282935001130838
    outer loop
      vertex 14.42815467135357 3.295571812682172 -6.635256621387895
      vertex 14.45733104544629 3.330839990498144 -6.592273552964344
      vertex 14.490697629882328 3.2995066821070678 -6.592273552964344
    endloop
  endfacet
  facet normal 0.528006014499662 0.436804563100283 -0.728293500113075
    outer loop
      vertex 14.482843420164487 3.237334210315854 -6.635256621387895
      vertex 14.490697629882328 3.2995066821070678 -6.592273552964344
      vertex 14.51987400397505 3.2642385042910957 -6.592273552964344
    endloop
  endfacet
  facet normal 0.6510875569228392 0.4131927280141477 -0.6366763406445031
    outer loop
      vertex 14.51987400397505 3.2642385042910957 -6.592273552964344
      vertex 14.552254248593735 3.2877641290737882 -6.543892626146237
      vertex 14.579473498219889 3.244873454725429 -6.543892626146237
    endloop
  endfacet
  facet normal 0.594166756378841 0.49153748878165104 -0.636676340644503
    outer loop
      vertex 14.51987400397505 3.2642385042910957 -6.592273552964344
      vertex 14.490697629882328 3.2995066821070678 -6.592273552964344
      vertex 14.552254248593735 3.2877641290737882 -6.543892626146237
    endloop
  endfacet
  facet normal 0.594166756378837 0.49153748878166836 -0.6366763406444935
    outer loop
      vertex 14.490697629882328 3.2995066821070678 -6.592273552964344
      vertex 14.51987400397505 3.3269051210732483 -6.543892626146237
      vertex 14.552254248593735 3.2877641290737882 -6.543892626146237
    endloop
  endfacet
  facet normal 0.6977403177533753 0.3283316710963818 -0.636676340644504
    outer loop
      vertex 14.56388894436333 3.1841756249453352 -6.592273552964344
      vertex 14.579473498219889 3.244873454725429 -6.543892626146237
      vertex 14.601102489026905 3.19890950958429 -6.543892626146237
    endloop
  endfacet
  facet normal 0.8298423702418046 0.15830089835688302 -0.5350723933552051
    outer loop
      vertex 14.626318826866319 3.100698357956743 -6.543892626146237
      vertex 14.616800118909234 3.1505971725227777 -6.543892626146237
      vertex 14.64938794713751 3.158964304690958 -6.490876837050857
    endloop
  endfacet
  facet normal 0.8298423702418225 0.15830089835685768 -0.5350723933551849
    outer loop
      vertex 14.626318826866319 3.100698357956743 -6.543892626146237
      vertex 14.64938794713751 3.158964304690958 -6.490876837050857
      vertex 14.659698370065799 3.104915174901949 -6.490876837050857
    endloop
  endfacet
  facet normal 0.8891178852928642 0.16960830759460357 -0.42509105853597945
    outer loop
      vertex 14.659698370065799 3.104915174901949 -6.490876837050857
      vertex 14.64938794713751 3.158964304690958 -6.490876837050857
      vertex 14.686222460293122 3.108265946734215 -6.434062276342339
    endloop
  endfacet
  facet normal 0.8891178852928645 0.16960830759460502 -0.42509105853597845
    outer loop
      vertex 14.686222460293122 3.108265946734215 -6.434062276342339
      vertex 14.64938794713751 3.158964304690958 -6.490876837050857
      vertex 14.675282923922355 3.165613004682042 -6.434062276342339
    endloop
  endfacet
  facet normal 0.8034584518233493 0.2610594761022121 -0.5350723933552032
    outer loop
      vertex 14.616800118909234 3.1505971725227777 -6.543892626146237
      vertex 14.601102489026905 3.19890950958429 -6.543892626146237
      vertex 14.64938794713751 3.158964304690958 -6.490876837050857
    endloop
  endfacet
  facet normal 0.8034584518233514 0.26105947610223146 -0.5350723933551906
    outer loop
      vertex 14.601102489026905 3.19890950958429 -6.543892626146237
      vertex 14.63238467276579 3.2112950023028715 -6.490876837050857
      vertex 14.64938794713751 3.158964304690958 -6.490876837050857
    endloop
  endfacet
  facet normal 0.8608493675704644 0.2797069150133136 -0.42509105853601103
    outer loop
      vertex 14.64938794713751 3.158964304690958 -6.490876837050857
      vertex 14.63238467276579 3.2112950023028715 -6.490876837050857
      vertex 14.657242156855352 3.2211367764821723 -6.434062276342339
    endloop
  endfacet
  facet normal 0.8608493675704902 0.2797069150132818 -0.4250910585359798
    outer loop
      vertex 14.64938794713751 3.158964304690958 -6.490876837050857
      vertex 14.657242156855352 3.2211367764821723 -6.434062276342339
      vertex 14.675282923922355 3.165613004682042 -6.434062276342339
    endloop
  endfacet
  facet normal 0.9343866006148652 0.17824377688360432 -0.30846529236473935
    outer loop
      vertex 14.686222460293122 3.108265946734215 -6.434062276342339
      vertex 14.675282923922355 3.165613004682042 -6.434062276342339
      vertex 14.705472796800683 3.1106978297800936 -6.374344943582427
    endloop
  endfacet
  facet normal 0.9343866006148656 0.17824377688360651 -0.30846529236473746
    outer loop
      vertex 14.675282923922355 3.165613004682042 -6.434062276342339
      vertex 14.694076670010967 3.1704384185254284 -6.374344943582427
      vertex 14.705472796800683 3.1106978297800936 -6.374344943582427
    endloop
  endfacet
  facet normal 0.964955036232955 0.18407501784361832 -0.18702450602669193
    outer loop
      vertex 14.705472796800683 3.1106978297800936 -6.374344943582427
      vertex 14.694076670010967 3.1704384185254284 -6.374344943582427
      vertex 14.717145790282158 3.1121724717912134 -6.312666616782153
    endloop
  endfacet
  facet normal 0.964955036232955 0.18407501784362573 -0.18702450602668494
    outer loop
      vertex 14.694076670010967 3.1704384185254284 -6.374344943582427
      vertex 14.705472796800683 3.1733644465622453 -6.312666616782153
      vertex 14.717145790282158 3.1121724717912134 -6.312666616782153
    endloop
  endfacet
  facet normal 0.9046788142617332 0.2939479655182562 -0.30846529236473663
    outer loop
      vertex 14.675282923922355 3.165613004682042 -6.434062276342339
      vertex 14.657242156855352 3.2211367764821723 -6.434062276342339
      vertex 14.694076670010967 3.1704384185254284 -6.374344943582427
    endloop
  endfacet
  facet normal 0.9342753603494015 0.3035644662826504 -0.18702450602668494
    outer loop
      vertex 14.694076670010967 3.1704384185254284 -6.374344943582427
      vertex 14.675282923922355 3.2282796214641944 -6.374344943582427
      vertex 14.705472796800683 3.1733644465622453 -6.312666616782153
    endloop
  endfacet
  facet normal 0.6509343730293089 0.5384997454763232 -0.535072393355213
    outer loop
      vertex 14.552254248593735 3.2877641290737882 -6.543892626146237
      vertex 14.51987400397505 3.3269051210732483 -6.543892626146237
      vertex 14.579473498219889 3.3075400715075807 -6.490876837050857
    endloop
  endfacet
  facet normal 0.7644035136568497 0.3597009899600075 -0.5350723933551919
    outer loop
      vertex 14.601102489026905 3.19890950958429 -6.543892626146237
      vertex 14.579473498219889 3.244873454725429 -6.543892626146237
      vertex 14.63238467276579 3.2112950023028715 -6.490876837050857
    endloop
  endfacet
  facet normal 0.7644035136568496 0.3597009899600122 -0.5350723933551889
    outer loop
      vertex 14.579473498219889 3.244873454725429 -6.543892626146237
      vertex 14.60895669874475 3.2610819813755034 -6.490876837050857
      vertex 14.63238467276579 3.2112950023028715 -6.490876837050857
    endloop
  endfacet
  facet normal 0.8190047410750433 0.3853943772933582 -0.42509105853601065
    outer loop
      vertex 14.63238467276579 3.2112950023028715 -6.490876837050857
      vertex 14.60895669874475 3.2610819813755034 -6.490876837050857
      vertex 14.657242156855352 3.2211367764821723 -6.434062276342339
    endloop
  endfacet
  facet normal 0.8190047410750386 0.385394377293422 -0.42509105853596174
    outer loop
      vertex 14.657242156855352 3.2211367764821723 -6.434062276342339
      vertex 14.60895669874475 3.2610819813755034 -6.490876837050857
      vertex 14.63238467276579 3.273961619085023 -6.434062276342339
    endloop
  endfacet
  facet normal 0.713293475447378 0.4526698043312828 -0.5350723933552161
    outer loop
      vertex 14.552254248593735 3.2877641290737882 -6.543892626146237
      vertex 14.579473498219889 3.3075400715075807 -6.490876837050857
      vertex 14.579473498219889 3.244873454725429 -6.543892626146237
    endloop
  endfacet
  facet normal 0.7132934754474123 0.45266980433126014 -0.5350723933551893
    outer loop
      vertex 14.579473498219889 3.244873454725429 -6.543892626146237
      vertex 14.579473498219889 3.3075400715075807 -6.490876837050857
      vertex 14.60895669874475 3.2610819813755034 -6.490876837050857
    endloop
  endfacet
  facet normal 0.7642439205631258 0.48500394002015584 -0.4250910585359654
    outer loop
      vertex 14.60895669874475 3.2610819813755034 -6.490876837050857
      vertex 14.579473498219889 3.3075400715075807 -6.490876837050857
      vertex 14.601102489026905 3.323254453166717 -6.434062276342339
    endloop
  endfacet
  facet normal 0.7642439205631274 0.4850039400201547 -0.42509105853596396
    outer loop
      vertex 14.60895669874475 3.2610819813755034 -6.490876837050857
      vertex 14.601102489026905 3.323254453166717 -6.434062276342339
      vertex 14.63238467276579 3.273961619085023 -6.434062276342339
    endloop
  endfacet
  facet normal 0.9046788142617319 0.29394796551830044 -0.30846529236469816
    outer loop
      vertex 14.694076670010967 3.1704384185254284 -6.374344943582427
      vertex 14.657242156855352 3.2211367764821723 -6.434062276342339
      vertex 14.675282923922355 3.2282796214641944 -6.374344943582427
    endloop
  endfacet
  facet normal 0.8607037025787786 0.4050164191406844 -0.3084652923646983
    outer loop
      vertex 14.657242156855352 3.2211367764821723 -6.434062276342339
      vertex 14.64938794713751 3.283309248273386 -6.374344943582427
      vertex 14.675282923922355 3.2282796214641944 -6.374344943582427
    endloop
  endfacet
  facet normal 0.9342753603494011 0.3035644662826539 -0.18702450602668153
    outer loop
      vertex 14.675282923922355 3.2282796214641944 -6.374344943582427
      vertex 14.686222460293122 3.232610890316642 -6.312666616782153
      vertex 14.705472796800683 3.1733644465622453 -6.312666616782153
    endloop
  endfacet
  facet normal 0.8888616039241191 0.41826652174769935 -0.18702450602668044
    outer loop
      vertex 14.675282923922355 3.2282796214641944 -6.374344943582427
      vertex 14.64938794713751 3.283309248273386 -6.374344943582427
      vertex 14.686222460293122 3.232610890316642 -6.312666616782153
    endloop
  endfacet
  facet normal 0.803154779346654 0.5096975218881957 -0.3084652923647321
    outer loop
      vertex 14.63238467276579 3.273961619085023 -6.434062276342339
      vertex 14.601102489026905 3.323254453166717 -6.434062276342339
      vertex 14.64938794713751 3.283309248273386 -6.374344943582427
    endloop
  endfacet
  facet normal 0.8607037025787516 0.4050164191407151 -0.30846529236473375
    outer loop
      vertex 14.657242156855352 3.2211367764821723 -6.434062276342339
      vertex 14.63238467276579 3.273961619085023 -6.434062276342339
      vertex 14.64938794713751 3.283309248273386 -6.374344943582427
    endloop
  endfacet
  facet normal 0.8888616039241185 0.4182665217477013 -0.18702450602667853
    outer loop
      vertex 14.64938794713751 3.283309248273386 -6.374344943582427
      vertex 14.659698370065799 3.2889774512442873 -6.312666616782153
      vertex 14.686222460293122 3.232610890316642 -6.312666616782153
    endloop
  endfacet
  facet normal 0.8294299690247485 0.5263722643045335 -0.18702450602667867
    outer loop
      vertex 14.64938794713751 3.283309248273386 -6.374344943582427
      vertex 14.626318826866319 3.341575195007601 -6.312666616782153
      vertex 14.659698370065799 3.2889774512442873 -6.312666616782153
    endloop
  endfacet
  facet normal 0.9960650923461908 0.06266710384792029 -0.06266710384793835
    outer loop
      vertex 14.721057350657238 3.05 -6.312666616782153
      vertex 14.717145790282158 3.1121724717912134 -6.312666616782153
      vertex 14.725 3.05 -6.25
    endloop
  endfacet
  facet normal 0.996065092346191 0.06266710384793836 -0.06266710384792044
    outer loop
      vertex 14.725 3.05 -6.25
      vertex 14.717145790282158 3.1121724717912134 -6.312666616782153
      vertex 14.721057350657238 3.1126666167821524 -6.25
    endloop
  endfacet
  facet normal 0.9803565508194465 0.1870130138806171 -0.06266710384792187
    outer loop
      vertex 14.717145790282158 3.1121724717912134 -6.312666616782153
      vertex 14.705472796800683 3.1733644465622453 -6.312666616782153
      vertex 14.721057350657238 3.1126666167821524 -6.25
    endloop
  endfacet
  facet normal 0.9803565508194432 0.18701301388064215 -0.06266710384789677
    outer loop
      vertex 14.721057350657238 3.1126666167821524 -6.25
      vertex 14.705472796800683 3.1733644465622453 -6.312666616782153
      vertex 14.709291580564313 3.174344943582427 -6.25
    endloop
  endfacet
  facet normal 0.9491872008496816 0.30840961696818575 -0.06266710384789777
    outer loop
      vertex 14.705472796800683 3.1733644465622453 -6.312666616782153
      vertex 14.689888242944127 3.234062276342339 -6.25
      vertex 14.709291580564313 3.174344943582427 -6.25
    endloop
  endfacet
  facet normal 0.9491872008496488 0.3084096169682686 -0.06266710384798614
    outer loop
      vertex 14.705472796800683 3.1733644465622453 -6.312666616782153
      vertex 14.686222460293122 3.232610890316642 -6.312666616782153
      vertex 14.689888242944127 3.234062276342339 -6.25
    endloop
  endfacet
  facet normal 0.9030486017055364 0.4249424161612737 -0.06266710384798485
    outer loop
      vertex 14.686222460293122 3.232610890316642 -6.312666616782153
      vertex 14.659698370065799 3.2889774512442873 -6.312666616782153
      vertex 14.689888242944127 3.234062276342339 -6.25
    endloop
  endfacet
  facet normal 0.9030486017055145 0.424942416161329 -0.06266710384792583
    outer loop
      vertex 14.689888242944127 3.234062276342339 -6.25
      vertex 14.659698370065799 3.2889774512442873 -6.312666616782153
      vertex 14.66315334002193 3.290876837050858 -6.25
    endloop
  endfacet
  facet normal 0.8426683866574358 0.534773619603162 -0.06266710384792804
    outer loop
      vertex 14.659698370065799 3.2889774512442873 -6.312666616782153
      vertex 14.629508497187475 3.3438926261462365 -6.25
      vertex 14.66315334002193 3.290876837050858 -6.25
    endloop
  endfacet
  facet normal 0.07376426203653966 0.5839042584066585 -0.8084643781025698
    outer loop
      vertex 14.241822421417227 3.3173847315985467 -6.672163962751007
      vertex 14.245012091738383 3.3680830895552907 -6.635256621387895
      vertex 14.275201964616711 3.3131679146533415 -6.672163962751007
    endloop
  endfacet
  facet normal 0.14636521759615112 0.5700548854428535 -0.8084643781025647
    outer loop
      vertex 14.307789792844984 3.3048007824851613 -6.672163962751007
      vertex 14.275201964616711 3.3131679146533415 -6.672163962751007
      vertex 14.284720672573792 3.3630667292193763 -6.635256621387895
    endloop
  endfacet
  facet normal 0.07376426203655025 0.583904258406662 -0.8084643781025663
    outer loop
      vertex 14.275201964616711 3.3131679146533415 -6.672163962751007
      vertex 14.245012091738383 3.3680830895552907 -6.635256621387895
      vertex 14.284720672573792 3.3630667292193763 -6.635256621387895
    endloop
  endfacet
  facet normal 0.14636521759616114 0.5700548854428553 -0.8084643781025613
    outer loop
      vertex 14.307789792844984 3.3048007824851613 -6.672163962751007
      vertex 14.284720672573792 3.3630667292193763 -6.635256621387895
      vertex 14.323487422727313 3.3531131195466726 -6.635256621387895
    endloop
  endfacet
  facet normal 0.21665790623991935 0.547215406401318 -0.8084643781025694
    outer loop
      vertex 14.307789792844984 3.3048007824851613 -6.672163962751007
      vertex 14.360700967390889 3.338379234907719 -6.635256621387895
      vertex 14.339071976583869 3.2924152897665797 -6.672163962751007
    endloop
  endfacet
  facet normal 0.2835337702771041 0.5157460135102114 -0.8084643781025701
    outer loop
      vertex 14.339071976583869 3.2924152897665797 -6.672163962751007
      vertex 14.360700967390889 3.338379234907719 -6.635256621387895
      vertex 14.395774426734883 3.3190974374648645 -6.635256621387895
    endloop
  endfacet
  facet normal 0.21665790623990283 0.5472154064013358 -0.808464378102562
    outer loop
      vertex 14.307789792844984 3.3048007824851613 -6.672163962751007
      vertex 14.323487422727313 3.3531131195466726 -6.635256621387895
      vertex 14.360700967390889 3.338379234907719 -6.635256621387895
    endloop
  endfacet
  facet normal 0.33012909228740694 0.6005025896018422 -0.7282935001130892
    outer loop
      vertex 14.395774426734883 3.3190974374648645 -6.635256621387895
      vertex 14.360700967390889 3.338379234907719 -6.635256621387895
      vertex 14.420300461635728 3.3577442844733856 -6.592273552964344
    endloop
  endfacet
  facet normal 0.330129092287396 0.600502589601858 -0.7282935001130811
    outer loop
      vertex 14.360700967390889 3.338379234907719 -6.635256621387895
      vertex 14.380189872878324 3.3797952672449574 -6.592273552964344
      vertex 14.420300461635728 3.3577442844733856 -6.592273552964344
    endloop
  endfacet
  facet normal 0.08588652013330582 0.6798618119532956 -0.7282935001130884
    outer loop
      vertex 14.245012091738383 3.3680830895552907 -6.635256621387895
      vertex 14.247886159418181 3.4137650871761194 -6.592273552964344
      vertex 14.284720672573792 3.3630667292193763 -6.635256621387895
    endloop
  endfacet
  facet normal 0.1704185585379981 0.6637364632132593 -0.7282935001130962
    outer loop
      vertex 14.323487422727313 3.3531131195466726 -6.635256621387895
      vertex 14.284720672573792 3.3630667292193763 -6.635256621387895
      vertex 14.337631847119697 3.396645181641934 -6.592273552964344
    endloop
  endfacet
  facet normal 0.08588652013330728 0.6798618119532962 -0.7282935001130877
    outer loop
      vertex 14.284720672573792 3.3630667292193763 -6.635256621387895
      vertex 14.247886159418181 3.4137650871761194 -6.592273552964344
      vertex 14.293297549848988 3.4080282944486218 -6.592273552964344
    endloop
  endfacet
  facet normal 0.1704185585379858 0.66373646321327 -0.7282935001130895
    outer loop
      vertex 14.284720672573792 3.3630667292193763 -6.635256621387895
      vertex 14.293297549848988 3.4080282944486218 -6.592273552964344
      vertex 14.337631847119697 3.396645181641934 -6.592273552964344
    endloop
  endfacet
  facet normal 0.2522629944713959 0.6371435939514262 -0.7282935001130963
    outer loop
      vertex 14.323487422727313 3.3531131195466726 -6.635256621387895
      vertex 14.337631847119697 3.396645181641934 -6.592273552964344
      vertex 14.360700967390889 3.338379234907719 -6.635256621387895
    endloop
  endfacet
  facet normal 0.2522629944714312 0.6371435939514292 -0.7282935001130816
    outer loop
      vertex 14.360700967390889 3.338379234907719 -6.635256621387895
      vertex 14.337631847119697 3.396645181641934 -6.592273552964344
      vertex 14.380189872878324 3.3797952672449574 -6.592273552964344
    endloop
  endfacet
  facet normal 0.3714952605919987 0.6757473704138296 -0.6366763406445047
    outer loop
      vertex 14.380189872878324 3.3797952672449574 -6.592273552964344
      vertex 14.397231341364533 3.4160102312076006 -6.543892626146237
      vertex 14.420300461635728 3.3577442844733856 -6.592273552964344
    endloop
  endfacet
  facet normal 0.2838723064954803 0.7169796028259515 -0.6366763406445044
    outer loop
      vertex 14.380189872878324 3.3797952672449574 -6.592273552964344
      vertex 14.337631847119697 3.396645181641934 -6.592273552964344
      vertex 14.397231341364533 3.4160102312076006 -6.543892626146237
    endloop
  endfacet
  facet normal 0.09664835945596373 0.7650505420414997 -0.6366763406445053
    outer loop
      vertex 14.293297549848988 3.4080282944486218 -6.592273552964344
      vertex 14.247886159418181 3.4137650871761194 -6.592273552964344
      vertex 14.250399298692423 3.4537102920694513 -6.543892626146237
    endloop
  endfacet
  facet normal 0.19177251654836885 0.7469046385986822 -0.6366763406445047
    outer loop
      vertex 14.293297549848988 3.4080282944486218 -6.592273552964344
      vertex 14.300797333964086 3.447343539598677 -6.543892626146237
      vertex 14.337631847119697 3.396645181641934 -6.592273552964344
    endloop
  endfacet
  facet normal 0.09664835945596541 0.7650505420415002 -0.6366763406445045
    outer loop
      vertex 14.293297549848988 3.4080282944486218 -6.592273552964344
      vertex 14.250399298692423 3.4537102920694513 -6.543892626146237
      vertex 14.300797333964086 3.447343539598677 -6.543892626146237
    endloop
  endfacet
  facet normal 0.2838723064954759 0.7169796028259563 -0.6366763406445008
    outer loop
      vertex 14.337631847119697 3.396645181641934 -6.592273552964344
      vertex 14.35 3.4347104421469066 -6.543892626146237
      vertex 14.397231341364533 3.4160102312076006 -6.543892626146237
    endloop
  endfacet
  facet normal 0.19177251654837565 0.7469046385986836 -0.6366763406445011
    outer loop
      vertex 14.337631847119697 3.396645181641934 -6.592273552964344
      vertex 14.300797333964086 3.447343539598677 -6.543892626146237
      vertex 14.35 3.4347104421469066 -6.543892626146237
    endloop
  endfacet
  facet normal 0.4027888571084891 0.5543913006913633 -0.7282935001130901
    outer loop
      vertex 14.42815467135357 3.295571812682172 -6.635256621387895
      vertex 14.395774426734883 3.3190974374648645 -6.635256621387895
      vertex 14.420300461635728 3.3577442844733856 -6.592273552964344
    endloop
  endfacet
  facet normal 0.40278885710850054 0.5543913006913613 -0.7282935001130854
    outer loop
      vertex 14.42815467135357 3.295571812682172 -6.635256621387895
      vertex 14.420300461635728 3.3577442844733856 -6.592273552964344
      vertex 14.45733104544629 3.330839990498144 -6.592273552964344
    endloop
  endfacet
  facet normal 0.5278755911486771 0.5621304097208651 -0.6366763406445124
    outer loop
      vertex 14.490697629882328 3.2995066821070678 -6.592273552964344
      vertex 14.45733104544629 3.330839990498144 -6.592273552964344
      vertex 14.482843420164487 3.3616791538982813 -6.543892626146237
    endloop
  endfacet
  facet normal 0.4532595125085516 0.6238581982983193 -0.6366763406445106
    outer loop
      vertex 14.45733104544629 3.330839990498144 -6.592273552964344
      vertex 14.420300461635728 3.3577442844733856 -6.592273552964344
      vertex 14.482843420164487 3.3616791538982813 -6.543892626146237
    endloop
  endfacet
  facet normal 0.5278755911487072 0.5621304097208557 -0.6366763406444956
    outer loop
      vertex 14.490697629882328 3.2995066821070678 -6.592273552964344
      vertex 14.482843420164487 3.3616791538982813 -6.543892626146237
      vertex 14.51987400397505 3.3269051210732483 -6.543892626146237
    endloop
  endfacet
  facet normal 0.45325951250853674 0.6238581982983475 -0.6366763406444936
    outer loop
      vertex 14.420300461635728 3.3577442844733856 -6.592273552964344
      vertex 14.441746491589734 3.391537820278237 -6.543892626146237
      vertex 14.482843420164487 3.3616791538982813 -6.543892626146237
    endloop
  endfacet
  facet normal 0.37149526059201865 0.6757473704138288 -0.6366763406444942
    outer loop
      vertex 14.397231341364533 3.4160102312076006 -6.543892626146237
      vertex 14.441746491589734 3.391537820278237 -6.543892626146237
      vertex 14.420300461635728 3.3577442844733856 -6.592273552964344
    endloop
  endfacet
  facet normal 0.10588229413944156 0.8381446615333876 -0.5350723933551907
    outer loop
      vertex 14.250399298692423 3.4537102920694513 -6.543892626146237
      vertex 14.25251187585348 3.487288744492009 -6.490876837050857
      vertex 14.300797333964086 3.447343539598677 -6.543892626146237
    endloop
  endfacet
  facet normal 0.2100947612492667 0.8182650702338267 -0.5350723933551838
    outer loop
      vertex 14.300797333964086 3.447343539598677 -6.543892626146237
      vertex 14.307101748843435 3.4803924397677353 -6.490876837050857
      vertex 14.360396828208922 3.4667085891643445 -6.490876837050857
    endloop
  endfacet
  facet normal 0.3109939084697027 0.7854809499687946 -0.5350723933551963
    outer loop
      vertex 14.35 3.4347104421469066 -6.543892626146237
      vertex 14.411556618711407 3.446452995180186 -6.490876837050857
      vertex 14.397231341364533 3.4160102312076006 -6.543892626146237
    endloop
  endfacet
  facet normal 0.21009476124928225 0.8182650702338141 -0.5350723933551966
    outer loop
      vertex 14.300797333964086 3.447343539598677 -6.543892626146237
      vertex 14.360396828208922 3.4667085891643445 -6.490876837050857
      vertex 14.35 3.4347104421469066 -6.543892626146237
    endloop
  endfacet
  facet normal 0.31099390846970265 0.7854809499687948 -0.5350723933551963
    outer loop
      vertex 14.35 3.4347104421469066 -6.543892626146237
      vertex 14.360396828208922 3.4667085891643445 -6.490876837050857
      vertex 14.411556618711407 3.446452995180186 -6.490876837050857
    endloop
  endfacet
  facet normal 0.3332081563357215 0.8415877354762759 -0.4250910585360073
    outer loop
      vertex 14.360396828208922 3.4667085891643445 -6.490876837050857
      vertex 14.42293978673768 3.4706434585892403 -6.434062276342339
      vertex 14.411556618711407 3.446452995180186 -6.490876837050857
    endloop
  endfacet
  facet normal 0.10588229413944772 0.8381446615333894 -0.5350723933551865
    outer loop
      vertex 14.300797333964086 3.447343539598677 -6.543892626146237
      vertex 14.25251187585348 3.487288744492009 -6.490876837050857
      vertex 14.307101748843435 3.4803924397677353 -6.490876837050857
    endloop
  endfacet
  facet normal 0.11344545040257276 0.8980132079962426 -0.42509105853599716
    outer loop
      vertex 14.25251187585348 3.487288744492009 -6.490876837050857
      vertex 14.312111370098316 3.5066537940576756 -6.434062276342339
      vertex 14.307101748843435 3.4803924397677353 -6.490876837050857
    endloop
  endfacet
  facet normal 0.11344545040255985 0.8980132079962496 -0.42509105853598594
    outer loop
      vertex 14.25251187585348 3.487288744492009 -6.490876837050857
      vertex 14.25419057429753 3.513970892190293 -6.434062276342339
      vertex 14.312111370098316 3.5066537940576756 -6.434062276342339
    endloop
  endfacet
  facet normal 0.22510179828323396 0.8767136204955418 -0.42509105853599577
    outer loop
      vertex 14.307101748843435 3.4803924397677353 -6.490876837050857
      vertex 14.312111370098316 3.5066537940576756 -6.434062276342339
      vertex 14.360396828208922 3.4667085891643445 -6.490876837050857
    endloop
  endfacet
  facet normal 0.225101798283238 0.8767136204955422 -0.4250910585359926
    outer loop
      vertex 14.360396828208922 3.4667085891643445 -6.490876837050857
      vertex 14.312111370098316 3.5066537940576756 -6.434062276342339
      vertex 14.368658367554845 3.492134992801015 -6.434062276342339
    endloop
  endfacet
  facet normal 0.33320815633570966 0.8415877354762868 -0.425091058535995
    outer loop
      vertex 14.360396828208922 3.4667085891643445 -6.490876837050857
      vertex 14.368658367554845 3.492134992801015 -6.434062276342339
      vertex 14.42293978673768 3.4706434585892403 -6.434062276342339
    endloop
  endfacet
  facet normal 0.23656267359967748 0.9213507827454888 -0.3084652923647123
    outer loop
      vertex 14.312111370098316 3.5066537940576756 -6.434062276342339
      vertex 14.31574719300894 3.5257134452235723 -6.374344943582427
      vertex 14.368658367554845 3.492134992801015 -6.434062276342339
    endloop
  endfacet
  facet normal 0.23656267359969643 0.9213507827454894 -0.30846529236469594
    outer loop
      vertex 14.368658367554845 3.492134992801015 -6.434062276342339
      vertex 14.31574719300894 3.5257134452235723 -6.374344943582427
      vertex 14.374654328627075 3.5105886634825714 -6.374344943582427
    endloop
  endfacet
  facet normal 0.3501731791089917 0.8844364918065446 -0.3084652923646905
    outer loop
      vertex 14.368658367554845 3.492134992801015 -6.434062276342339
      vertex 14.374654328627075 3.5105886634825714 -6.374344943582427
      vertex 14.431201326083604 3.488200123376119 -6.374344943582427
    endloop
  endfacet
  facet normal 0.3616290864108784 0.9133708107921458 -0.1870245060267013
    outer loop
      vertex 14.374654328627075 3.5105886634825714 -6.374344943582427
      vertex 14.3782901515377 3.5217785757986766 -6.312666616782153
      vertex 14.431201326083604 3.488200123376119 -6.374344943582427
    endloop
  endfacet
  facet normal 0.650934373029302 0.5384997454763483 -0.5350723933551961
    outer loop
      vertex 14.579473498219889 3.3075400715075807 -6.490876837050857
      vertex 14.51987400397505 3.3269051210732483 -6.543892626146237
      vertex 14.544400038875894 3.349936600865002 -6.490876837050857
    endloop
  endfacet
  facet normal 0.5783096466992169 0.6158372239510781 -0.5350723933551952
    outer loop
      vertex 14.51987400397505 3.3269051210732483 -6.543892626146237
      vertex 14.482843420164487 3.3616791538982813 -6.543892626146237
      vertex 14.544400038875894 3.349936600865002 -6.490876837050857
    endloop
  endfacet
  facet normal 0.6974305168867158 0.5769647008854888 -0.4250910585359883
    outer loop
      vertex 14.579473498219889 3.3075400715075807 -6.490876837050857
      vertex 14.544400038875894 3.349936600865002 -6.490876837050857
      vertex 14.56388894436333 3.3682379012876744 -6.434062276342339
    endloop
  endfacet
  facet normal 0.4069884959747658 0.7403093258992056 -0.5350723933552
    outer loop
      vertex 14.397231341364533 3.4160102312076006 -6.543892626146237
      vertex 14.459774299893295 3.4199451006324963 -6.490876837050857
      vertex 14.441746491589734 3.391537820278237 -6.543892626146237
    endloop
  endfacet
  facet normal 0.4965646317751912 0.6834625815208206 -0.5350723933552021
    outer loop
      vertex 14.482843420164487 3.3616791538982813 -6.543892626146237
      vertex 14.441746491589734 3.391537820278237 -6.543892626146237
      vertex 14.459774299893295 3.4199451006324963 -6.490876837050857
    endloop
  endfacet
  facet normal 0.49656463177522253 0.6834625815208143 -0.5350723933551814
    outer loop
      vertex 14.482843420164487 3.3616791538982813 -6.543892626146237
      vertex 14.459774299893295 3.4199451006324963 -6.490876837050857
      vertex 14.504289450118494 3.387602950853341 -6.490876837050857
    endloop
  endfacet
  facet normal 0.5783096466992078 0.6158372239511001 -0.5350723933551795
    outer loop
      vertex 14.482843420164487 3.3616791538982813 -6.543892626146237
      vertex 14.504289450118494 3.387602950853341 -6.490876837050857
      vertex 14.544400038875894 3.349936600865002 -6.490876837050857
    endloop
  endfacet
  facet normal 0.619618217334237 0.6598263837558233 -0.42509105853599777
    outer loop
      vertex 14.544400038875894 3.349936600865002 -6.490876837050857
      vertex 14.504289450118494 3.387602950853341 -6.490876837050857
      vertex 14.521330918604702 3.408202547599217 -6.434062276342339
    endloop
  endfacet
  facet normal 0.619618217334247 0.6598263837558191 -0.42509105853598966
    outer loop
      vertex 14.544400038875894 3.349936600865002 -6.490876837050857
      vertex 14.521330918604702 3.408202547599217 -6.434062276342339
      vertex 14.56388894436333 3.3682379012876744 -6.434062276342339
    endloop
  endfacet
  facet normal 0.5320341683524225 0.7322822103931588 -0.4250910585359983
    outer loop
      vertex 14.504289450118494 3.387602950853341 -6.490876837050857
      vertex 14.47409957724017 3.4425181257552904 -6.434062276342339
      vertex 14.521330918604702 3.408202547599217 -6.434062276342339
    endloop
  endfacet
  facet normal 0.697430516886739 0.5769647008854757 -0.4250910585359679
    outer loop
      vertex 14.579473498219889 3.3075400715075807 -6.490876837050857
      vertex 14.56388894436333 3.3682379012876744 -6.434062276342339
      vertex 14.601102489026905 3.323254453166717 -6.434062276342339
    endloop
  endfacet
  facet normal 0.6511655758485797 0.693420908421532 -0.3084652923647082
    outer loop
      vertex 14.56388894436333 3.3682379012876744 -6.434062276342339
      vertex 14.521330918604702 3.408202547599217 -6.434062276342339
      vertex 14.533699071485005 3.4231530761896227 -6.374344943582427
    endloop
  endfacet
  facet normal 0.651165575848586 0.6934209084215288 -0.3084652923647018
    outer loop
      vertex 14.56388894436333 3.3682379012876744 -6.434062276342339
      vertex 14.533699071485005 3.4231530761896227 -6.374344943582427
      vertex 14.578033368755714 3.381520399900932 -6.374344943582427
    endloop
  endfacet
  facet normal 0.803154779346649 0.5096975218882133 -0.3084652923647163
    outer loop
      vertex 14.64938794713751 3.283309248273386 -6.374344943582427
      vertex 14.601102489026905 3.323254453166717 -6.434062276342339
      vertex 14.616800118909234 3.334659448865117 -6.374344943582427
    endloop
  endfacet
  facet normal 0.7329396254628462 0.6063403902369795 -0.3084652923647165
    outer loop
      vertex 14.56388894436333 3.3682379012876744 -6.434062276342339
      vertex 14.616800118909234 3.334659448865117 -6.374344943582427
      vertex 14.601102489026905 3.323254453166717 -6.434062276342339
    endloop
  endfacet
  facet normal 0.8294299690247281 0.5263722643045555 -0.18702450602670706
    outer loop
      vertex 14.64938794713751 3.283309248273386 -6.374344943582427
      vertex 14.616800118909234 3.334659448865117 -6.374344943582427
      vertex 14.626318826866319 3.341575195007601 -6.312666616782153
    endloop
  endfacet
  facet normal 0.7569177280364006 0.6261768018137374 -0.1870245060267051
    outer loop
      vertex 14.616800118909234 3.334659448865117 -6.374344943582427
      vertex 14.58661024603091 3.389574623767065 -6.312666616782153
      vertex 14.626318826866319 3.341575195007601 -6.312666616782153
    endloop
  endfacet
  facet normal 0.7329396254628401 0.6063403902369939 -0.3084652923647029
    outer loop
      vertex 14.56388894436333 3.3682379012876744 -6.434062276342339
      vertex 14.578033368755714 3.381520399900932 -6.374344943582427
      vertex 14.616800118909234 3.334659448865117 -6.374344943582427
    endloop
  endfacet
  facet normal 0.7569177280363921 0.6261768018137445 -0.18702450602671553
    outer loop
      vertex 14.616800118909234 3.334659448865117 -6.374344943582427
      vertex 14.578033368755714 3.381520399900932 -6.374344943582427
      vertex 14.58661024603091 3.389574623767065 -6.312666616782153
    endloop
  endfacet
  facet normal 0.6724684423162078 0.7161061570984271 -0.18702450602671328
    outer loop
      vertex 14.578033368755714 3.381520399900932 -6.374344943582427
      vertex 14.533699071485005 3.4231530761896227 -6.374344943582427
      vertex 14.58661024603091 3.389574623767065 -6.312666616782153
    endloop
  endfacet
  facet normal 0.40698849597476244 0.7403093258992101 -0.5350723933551964
    outer loop
      vertex 14.397231341364533 3.4160102312076006 -6.543892626146237
      vertex 14.411556618711407 3.446452995180186 -6.490876837050857
      vertex 14.459774299893295 3.4199451006324963 -6.490876837050857
    endloop
  endfacet
  facet normal 0.5320341683524209 0.7322822103931593 -0.4250910585359995
    outer loop
      vertex 14.504289450118494 3.387602950853341 -6.490876837050857
      vertex 14.459774299893295 3.4199451006324963 -6.490876837050857
      vertex 14.47409957724017 3.4425181257552904 -6.434062276342339
    endloop
  endfacet
  facet normal 0.43605962271383253 0.7931895091284333 -0.42509105853600937
    outer loop
      vertex 14.459774299893295 3.4199451006324963 -6.490876837050857
      vertex 14.411556618711407 3.446452995180186 -6.490876837050857
      vertex 14.42293978673768 3.4706434585892403 -6.434062276342339
    endloop
  endfacet
  facet normal 0.43605962271384485 0.7931895091284316 -0.42509105853599993
    outer loop
      vertex 14.459774299893295 3.4199451006324963 -6.490876837050857
      vertex 14.42293978673768 3.4706434585892403 -6.434062276342339
      vertex 14.47409957724017 3.4425181257552904 -6.434062276342339
    endloop
  endfacet
  facet normal 0.4582612444004664 0.8335741090550405 -0.30846529236468634
    outer loop
      vertex 14.47409957724017 3.4425181257552904 -6.434062276342339
      vertex 14.431201326083604 3.488200123376119 -6.374344943582427
      vertex 14.484496405449088 3.4589009055559607 -6.374344943582427
    endloop
  endfacet
  facet normal 0.5591222561157235 0.7695657646507011 -0.30846529236470827
    outer loop
      vertex 14.521330918604702 3.408202547599217 -6.434062276342339
      vertex 14.47409957724017 3.4425181257552904 -6.434062276342339
      vertex 14.533699071485005 3.4231530761896227 -6.374344943582427
    endloop
  endfacet
  facet normal 0.5591222561157042 0.769565764650726 -0.30846529236468095
    outer loop
      vertex 14.47409957724017 3.4425181257552904 -6.434062276342339
      vertex 14.484496405449088 3.4589009055559607 -6.374344943582427
      vertex 14.533699071485005 3.4231530761896227 -6.374344943582427
    endloop
  endfacet
  facet normal 0.6724684423161995 0.7161061570984385 -0.18702450602669982
    outer loop
      vertex 14.533699071485005 3.4231530761896227 -6.374344943582427
      vertex 14.541198855600102 3.432218757857676 -6.312666616782153
      vertex 14.58661024603091 3.389574623767065 -6.312666616782153
    endloop
  endfacet
  facet normal 0.5774139275474814 0.7947420905046239 -0.1870245060267027
    outer loop
      vertex 14.484496405449088 3.4589009055559607 -6.374344943582427
      vertex 14.49080082032844 3.4688350738104523 -6.312666616782153
      vertex 14.533699071485005 3.4231530761896227 -6.374344943582427
    endloop
  endfacet
  facet normal 0.5774139275474844 0.7947420905046225 -0.18702450602669968
    outer loop
      vertex 14.533699071485005 3.4231530761896227 -6.374344943582427
      vertex 14.49080082032844 3.4688350738104523 -6.312666616782153
      vertex 14.541198855600102 3.432218757857676 -6.312666616782153
    endloop
  endfacet
  facet normal 0.4582612444004441 0.8335741090550455 -0.30846529236470616
    outer loop
      vertex 14.47409957724017 3.4425181257552904 -6.434062276342339
      vertex 14.42293978673768 3.4706434585892403 -6.434062276342339
      vertex 14.431201326083604 3.488200123376119 -6.374344943582427
    endloop
  endfacet
  facet normal 0.35017317910900364 0.8844364918065353 -0.30846529236470355
    outer loop
      vertex 14.368658367554845 3.492134992801015 -6.434062276342339
      vertex 14.431201326083604 3.488200123376119 -6.374344943582427
      vertex 14.42293978673768 3.4706434585892403 -6.434062276342339
    endloop
  endfacet
  facet normal 0.47325325021101067 0.8608444663876182 -0.18702450602670032
    outer loop
      vertex 14.484496405449088 3.4589009055559607 -6.374344943582427
      vertex 14.431201326083604 3.488200123376119 -6.374344943582427
      vertex 14.49080082032844 3.4688350738104523 -6.312666616782153
    endloop
  endfacet
  facet normal 0.47325325021099846 0.8608444663876283 -0.18702450602668533
    outer loop
      vertex 14.431201326083604 3.488200123376119 -6.374344943582427
      vertex 14.436210947338486 3.498846110449292 -6.312666616782153
      vertex 14.49080082032844 3.4688350738104523 -6.312666616782153
    endloop
  endfacet
  facet normal 0.36162908641089336 0.9133708107921428 -0.18702450602668683
    outer loop
      vertex 14.431201326083604 3.488200123376119 -6.374344943582427
      vertex 14.3782901515377 3.5217785757986766 -6.312666616782153
      vertex 14.436210947338486 3.498846110449292 -6.312666616782153
    endloop
  endfacet
  facet normal 0.11922143341201134 0.9437348214522647 -0.3084652923647124
    outer loop
      vertex 14.25419057429753 3.513970892190293 -6.434062276342339
      vertex 14.255408919947305 3.5333359417559604 -6.374344943582427
      vertex 14.312111370098316 3.5066537940576756 -6.434062276342339
    endloop
  endfacet
  facet normal 0.11922143341201623 0.9437348214522654 -0.30846529236470804
    outer loop
      vertex 14.312111370098316 3.5066537940576756 -6.434062276342339
      vertex 14.255408919947305 3.5333359417559604 -6.374344943582427
      vertex 14.31574719300894 3.5257134452235723 -6.374344943582427
    endloop
  endfacet
  facet normal 0.12312175979635095 0.9746090838947288 -0.187024506026689
    outer loop
      vertex 14.255408919947305 3.5333359417559604 -6.374344943582427
      vertex 14.256147698764101 3.54507849478924 -6.312666616782153
      vertex 14.317951878476064 3.537270811180856 -6.312666616782153
    endloop
  endfacet
  facet normal 0.12312175979635463 0.9746090838947278 -0.18702450602669263
    outer loop
      vertex 14.255408919947305 3.5333359417559604 -6.374344943582427
      vertex 14.317951878476064 3.537270811180856 -6.312666616782153
      vertex 14.31574719300894 3.5257134452235723 -6.374344943582427
    endloop
  endfacet
  facet normal 0.24430181589134903 0.9514927518891877 -0.18702450602669682
    outer loop
      vertex 14.374654328627075 3.5105886634825714 -6.374344943582427
      vertex 14.31574719300894 3.5257134452235723 -6.374344943582427
      vertex 14.3782901515377 3.5217785757986766 -6.312666616782153
    endloop
  endfacet
  facet normal 0.24430181589134198 0.9514927518891911 -0.1870245060266895
    outer loop
      vertex 14.31574719300894 3.5257134452235723 -6.374344943582427
      vertex 14.317951878476064 3.537270811180856 -6.312666616782153
      vertex 14.3782901515377 3.5217785757986766 -6.312666616782153
    endloop
  endfacet
  facet normal 0.3674009985105489 0.9279489966527052 -0.06266710384794535
    outer loop
      vertex 14.436210947338486 3.498846110449292 -6.312666616782153
      vertex 14.3782901515377 3.5217785757986766 -6.312666616782153
      vertex 14.379508497187475 3.5255282581475766 -6.25
    endloop
  endfacet
  facet normal 0.8426683866574242 0.534773619603178 -0.06266710384794763
    outer loop
      vertex 14.659698370065799 3.2889774512442873 -6.312666616782153
      vertex 14.626318826866319 3.341575195007601 -6.312666616782153
      vertex 14.629508497187475 3.3438926261462365 -6.25
    endloop
  endfacet
  facet normal 0.7689987877660209 0.6361711236056702 -0.06266710384794667
    outer loop
      vertex 14.626318826866319 3.341575195007601 -6.312666616782153
      vertex 14.58661024603091 3.389574623767065 -6.312666616782153
      vertex 14.629508497187475 3.3438926261462365 -6.25
    endloop
  endfacet
  facet normal 0.7689987877660004 0.6361711236056986 -0.06266710384791185
    outer loop
      vertex 14.629508497187475 3.3438926261462365 -6.25
      vertex 14.58661024603091 3.389574623767065 -6.312666616782153
      vertex 14.589484313710704 3.392273552964344 -6.25
    endloop
  endfacet
  facet normal 0.6832016186139631 0.7275358289586675 -0.0626671038479146
    outer loop
      vertex 14.58661024603091 3.389574623767065 -6.312666616782153
      vertex 14.543711994874345 3.435256621387895 -6.25
      vertex 14.589484313710704 3.392273552964344 -6.25
    endloop
  endfacet
  facet normal 0.683201618613949 0.7275358289586793 -0.06266710384793285
    outer loop
      vertex 14.58661024603091 3.389574623767065 -6.312666616782153
      vertex 14.541198855600102 3.432218757857676 -6.312666616782153
      vertex 14.543711994874345 3.435256621387895 -6.25
    endloop
  endfacet
  facet normal 0.5866299518114587 0.8074268596801806 -0.06266710384793371
    outer loop
      vertex 14.541198855600102 3.432218757857676 -6.312666616782153
      vertex 14.49080082032844 3.4688350738104523 -6.312666616782153
      vertex 14.543711994874345 3.435256621387895 -6.25
    endloop
  endfacet
  facet normal 0.5866299518114495 0.8074268596801882 -0.06266710384792183
    outer loop
      vertex 14.543711994874345 3.435256621387895 -6.25
      vertex 14.49080082032844 3.4688350738104523 -6.312666616782153
      vertex 14.492913397489497 3.472163962751007 -6.25
    endloop
  endfacet
  facet normal 0.4808067802331675 0.8745842864910887 -0.06266710384793402
    outer loop
      vertex 14.436210947338486 3.498846110449292 -6.312666616782153
      vertex 14.437889645782535 3.50241352623301 -6.25
      vertex 14.49080082032844 3.4688350738104523 -6.312666616782153
    endloop
  endfacet
  facet normal 0.48080678023317824 0.8745842864910837 -0.06266710384792225
    outer loop
      vertex 14.49080082032844 3.4688350738104523 -6.312666616782153
      vertex 14.437889645782535 3.50241352623301 -6.25
      vertex 14.492913397489497 3.472163962751007 -6.25
    endloop
  endfacet
  facet normal 0.36740099851055774 0.9279489966527024 -0.06266710384793615
    outer loop
      vertex 14.436210947338486 3.498846110449292 -6.312666616782153
      vertex 14.379508497187475 3.5255282581475766 -6.25
      vertex 14.437889645782535 3.50241352623301 -6.25
    endloop
  endfacet
  facet normal 0.12508688926686048 0.9901646854078627 -0.06266710384794075
    outer loop
      vertex 14.317951878476064 3.537270811180856 -6.312666616782153
      vertex 14.256147698764101 3.54507849478924 -6.312666616782153
      vertex 14.256395259764657 3.5490133642141357 -6.25
    endloop
  endfacet
  facet normal 0.24820108356669965 0.9666793968072493 -0.06266710384794405
    outer loop
      vertex 14.317951878476064 3.537270811180856 -6.312666616782153
      vertex 14.379508497187475 3.5255282581475766 -6.25
      vertex 14.3782901515377 3.5217785757986766 -6.312666616782153
    endloop
  endfacet
  facet normal 0.12508688926686728 0.9901646854078623 -0.06266710384793402
    outer loop
      vertex 14.317951878476064 3.537270811180856 -6.312666616782153
      vertex 14.256395259764657 3.5490133642141357 -6.25
      vertex 14.31869065729286 3.5411436253643442 -6.25
    endloop
  endfacet
  facet normal 0.24820108356668805 0.9666793968072529 -0.06266710384793198
    outer loop
      vertex 14.317951878476064 3.537270811180856 -6.312666616782153
      vertex 14.31869065729286 3.5411436253643442 -6.25
      vertex 14.379508497187475 3.5255282581475766 -6.25
    endloop
  endfacet
  facet normal 0 1 0
    outer loop
      vertex -14.256395259764655 3.5490133642141357 -6.25
      vertex 14.256395259764657 3.5490133642141357 6.25
      vertex 14.256395259764657 3.5490133642141357 -6.25
    endloop
  endfacet
  facet normal 1 0 0
    outer loop
      vertex 14.725 -3.05 -6.25
      vertex 14.725 3.05 -6.25
      vertex 14.725 3.05 6.25
    endloop
  endfacet
  facet normal 0.9980267284282714 0.0627905195293152 0
    outer loop
      vertex 14.725 3.05 -6.25
      vertex 14.721057350657238 3.1126666167821524 -6.25
      vertex 14.721057350657238 3.1126666167821524 6.25
    endloop
  endfacet
  facet normal 0.9822872507286834 0.18738131458575225 0
    outer loop
      vertex 14.721057350657238 3.1126666167821524 -6.25
      vertex 14.709291580564313 3.174344943582427 -6.25
      vertex 14.721057350657238 3.1126666167821524 6.25
    endloop
  endfacet
  facet normal 0.95105651629517 0.3090169943748972 0
    outer loop
      vertex 14.709291580564313 3.174344943582427 -6.25
      vertex 14.689888242944127 3.234062276342339 -6.25
      vertex 14.689888242944127 3.234062276342339 6.25
    endloop
  endfacet
  facet normal 0.9048270524660024 0.4257792915651094 0
    outer loop
      vertex 14.689888242944127 3.234062276342339 -6.25
      vertex 14.66315334002193 3.290876837050858 -6.25
      vertex 14.66315334002193 3.290876837050858 6.25
    endloop
  endfacet
  facet normal 0.8443279255020334 0.5358267949789677 0
    outer loop
      vertex 14.66315334002193 3.290876837050858 -6.25
      vertex 14.629508497187475 3.3438926261462365 -6.25
      vertex 14.66315334002193 3.290876837050858 6.25
    endloop
  endfacet
  facet normal 0.7705132427757673 0.6374239897487163 0
    outer loop
      vertex 14.629508497187475 3.3438926261462365 -6.25
      vertex 14.589484313710704 3.392273552964344 -6.25
      vertex 14.589484313710704 3.392273552964344 6.25
    endloop
  endfacet
  facet normal 0.6845471059287047 0.7289686274213965 0
    outer loop
      vertex 14.589484313710704 3.392273552964344 -6.25
      vertex 14.543711994874345 3.435256621387895 -6.25
      vertex 14.543711994874345 3.435256621387895 6.25
    endloop
  endfacet
  facet normal 0.5877852522924573 0.809016994374959 0
    outer loop
      vertex 14.543711994874345 3.435256621387895 -6.25
      vertex 14.492913397489497 3.472163962751007 -6.25
      vertex 14.543711994874345 3.435256621387895 6.25
    endloop
  endfacet
  facet normal 0.4817536741017234 0.876306680043859 0
    outer loop
      vertex 14.437889645782535 3.50241352623301 -6.25
      vertex 14.437889645782535 3.50241352623301 6.25
      vertex 14.492913397489497 3.472163962751007 -6.25
    endloop
  endfacet
  facet normal 0.12533323356430998 0.9921147013144772 0
    outer loop
      vertex 14.31869065729286 3.5411436253643442 -6.25
      vertex 14.256395259764657 3.5490133642141357 -6.25
      vertex 14.31869065729286 3.5411436253643442 6.25
    endloop
  endfacet
  facet normal 0.2486898871648438 0.968583161128634 0
    outer loop
      vertex 14.31869065729286 3.5411436253643442 -6.25
      vertex 14.31869065729286 3.5411436253643442 6.25
      vertex 14.379508497187475 3.5255282581475766 -6.25
    endloop
  endfacet
  facet normal 0.3681245526846866 0.929776485888248 0
    outer loop
      vertex 14.437889645782535 3.50241352623301 -6.25
      vertex 14.379508497187475 3.5255282581475766 -6.25
      vertex 14.379508497187475 3.5255282581475766 6.25
    endloop
  endfacet
  facet normal 0 1 0
    outer loop
      vertex -14.256395259764655 3.5490133642141357 -6.25
      vertex -14.256395259764655 3.5490133642141357 6.25
      vertex 14.256395259764657 3.5490133642141357 6.25
    endloop
  endfacet
  facet normal 0 0 1
    outer loop
      vertex -14.256395259764655 -3.05 6.749013364214136
      vertex 14.25419057429753 3.0615573659572837 6.749013364214136
      vertex -14.256395259764655 3.05 6.749013364214136
    endloop
  endfacet
  facet normal 0 0 1
    outer loop
      vertex -14.256395259764655 3.05 6.749013364214136
      vertex 14.25419057429753 3.0615573659572837 6.749013364214136
      vertex -14.256147698764103 3.0539348694248956 6.749013364214136
    endloop
  endfacet
  facet normal 0 0 1
    outer loop
      vertex -14.254190574297532 3.0615573659572837 6.749013364214136
      vertex -14.255408919947305 3.0578076836083836 6.749013364214136
      vertex 14.25419057429753 3.0615573659572837 6.749013364214136
    endloop
  endfacet
  facet normal 0 0 1
    outer loop
      vertex -14.256147698764103 3.0539348694248956 6.749013364214136
      vertex 14.25419057429753 3.0615573659572837 6.749013364214136
      vertex -14.255408919947305 3.0578076836083836 6.749013364214136
    endloop
  endfacet
  facet normal 0 0 1
    outer loop
      vertex -14.254190574297532 3.0615573659572837 6.749013364214136
      vertex 14.25419057429753 3.0615573659572837 6.749013364214136
      vertex -14.25251187585348 3.065124781741001 6.749013364214136
    endloop
  endfacet
  facet normal 0 0 1
    outer loop
      vertex -14.250399298692423 3.0684536706815564 6.749013364214136
      vertex 14.25419057429753 3.0615573659572837 6.749013364214136
      vertex -14.24788615941818 3.0714915342117752 6.749013364214136
    endloop
  endfacet
  facet normal 0 0 1
    outer loop
      vertex -14.25251187585348 3.065124781741001 6.749013364214136
      vertex 14.25419057429753 3.0615573659572837 6.749013364214136
      vertex -14.250399298692423 3.0684536706815564 6.749013364214136
    endloop
  endfacet
  facet normal 0 0 1
    outer loop
      vertex -14.24788615941818 3.0714915342117752 6.749013364214136
      vertex 14.25419057429753 3.0615573659572837 6.749013364214136
      vertex -14.245012091738383 3.074190463409054 6.749013364214136
    endloop
  endfacet
  facet normal 0 0 1
    outer loop
      vertex -14.241822421417229 3.0765078945476896 6.749013364214136
      vertex 14.25419057429753 3.0615573659572837 6.749013364214136
      vertex -14.238367451461096 3.0784072803542593 6.749013364214136
    endloop
  endfacet
  facet normal 0 0 1
    outer loop
      vertex -14.238367451461096 3.0784072803542593 6.749013364214136
      vertex 14.25419057429753 3.0615573659572837 6.749013364214136
      vertex -14.234701668810095 3.0798586663799554 6.749013364214136
    endloop
  endfacet
  facet normal 0 0 1
    outer loop
      vertex -14.245012091738383 3.074190463409054 6.749013364214136
      vertex 14.25419057429753 3.0615573659572837 6.749013364214136
      vertex -14.241822421417229 3.0765078945476896 6.749013364214136
    endloop
  endfacet
  facet normal 0 0 1
    outer loop
      vertex -14.230882885046462 3.080839163400137 6.749013364214136
      vertex 14.25419057429753 3.0615573659572837 6.749013364214136
      vertex -14.22697132467138 3.081333308391076 6.749013364214136
    endloop
  endfacet
  facet normal 0 0 1
    outer loop
      vertex -14.234701668810095 3.0798586663799554 6.749013364214136
      vertex 14.25419057429753 3.0615573659572837 6.749013364214136
      vertex -14.230882885046462 3.080839163400137 6.749013364214136
    endloop
  endfacet
  facet normal 0 0.12557713505581927 0.9920838589308731
    outer loop
      vertex -14.22697132467138 3.081333308391076 6.749013364214136
      vertex 14.23088288504646 3.1435057801822897 6.741143625364344
      vertex -14.230882885046462 3.1435057801822897 6.741143625364344
    endloop
  endfacet
  facet normal 0 0.2491510952778993 0.9684646259527621
    outer loop
      vertex -14.230882885046462 3.1435057801822897 6.741143625364344
      vertex 14.234701668810095 3.2042036099623834 6.725528258147577
      vertex -14.234701668810095 3.2042036099623834 6.725528258147577
    endloop
  endfacet
  facet normal 0 0.3687535111552713 0.9295272174663092
    outer loop
      vertex -14.234701668810095 3.2042036099623834 6.725528258147577
      vertex 14.234701668810095 3.2042036099623834 6.725528258147577
      vertex -14.238367451461096 3.2624695566965984 6.702413526233009
    endloop
  endfacet
  facet normal 0 0.4824846161824894 0.8759044440732311
    outer loop
      vertex -14.238367451461096 3.2624695566965984 6.702413526233009
      vertex 14.241822421417227 3.3173847315985467 6.672163962751007
      vertex -14.241822421417229 3.3173847315985467 6.672163962751007
    endloop
  endfacet
  facet normal 0 0.9980344854238816 0.06266710384793628
    outer loop
      vertex -14.256395259764655 3.5490133642141357 6.25
      vertex -14.256147698764103 3.54507849478924 6.312666616782153
      vertex 14.256395259764657 3.5490133642141357 6.25
    endloop
  endfacet
  facet normal 0 0.9051505907597688 0.425091058535982
    outer loop
      vertex -14.254190574297532 3.513970892190293 6.434062276342338
      vertex -14.25251187585348 3.487288744492009 6.490876837050857
      vertex 14.25251187585348 3.487288744492009 6.490876837050857
    endloop
  endfacet
  facet normal 0 0.8448062108372232 0.5350723933551919
    outer loop
      vertex -14.25251187585348 3.487288744492009 6.490876837050857
      vertex -14.250399298692423 3.4537102920694513 6.543892626146237
      vertex 14.25251187585348 3.487288744492009 6.490876837050857
    endloop
  endfacet
  facet normal 0 0.685265333789043 0.728293500113101
    outer loop
      vertex -14.245012091738383 3.3680830895552907 6.635256621387894
      vertex 14.247886159418181 3.4137650871761194 6.592273552964345
      vertex -14.24788615941818 3.4137650871761194 6.592273552964345
    endloop
  endfacet
  facet normal 0 0.5885451124079082 0.8084643781025622
    outer loop
      vertex -14.245012091738383 3.3680830895552907 6.635256621387894
      vertex -14.241822421417229 3.3173847315985467 6.672163962751007
      vertex 14.241822421417227 3.3173847315985467 6.672163962751007
    endloop
  endfacet
  facet normal 0 0.7711311414172882 0.6366763406444992
    outer loop
      vertex -14.250399298692423 3.4537102920694513 6.543892626146237
      vertex -14.24788615941818 3.4137650871761194 6.592273552964345
      vertex 14.247886159418181 3.4137650871761194 6.592273552964345
    endloop
  endfacet
  facet normal 0 0.9823552484439996 0.187024506026691
    outer loop
      vertex -14.256147698764103 3.54507849478924 6.312666616782153
      vertex -14.255408919947305 3.5333359417559604 6.374344943582427
      vertex 14.255408919947305 3.5333359417559604 6.374344943582427
    endloop
  endfacet
  facet normal 0 0.9512355982648836 0.30846529236471504
    outer loop
      vertex -14.254190574297532 3.513970892190293 6.434062276342338
      vertex 14.25419057429753 3.513970892190293 6.434062276342338
      vertex -14.255408919947305 3.5333359417559604 6.374344943582427
    endloop
  endfacet
  facet normal 0.9980267284282714 0.0627905195293152 0
    outer loop
      vertex 14.725 3.05 -6.25
      vertex 14.721057350657238 3.1126666167821524 6.25
      vertex 14.725 3.05 6.25
    endloop
  endfacet
  facet normal 0.9822872507286834 0.18738131458575225 0
    outer loop
      vertex 14.709291580564313 3.174344943582427 -6.25
      vertex 14.709291580564313 3.174344943582427 6.25
      vertex 14.721057350657238 3.1126666167821524 6.25
    endloop
  endfacet
  facet normal 0.95105651629517 0.3090169943748972 0
    outer loop
      vertex 14.709291580564313 3.174344943582427 -6.25
      vertex 14.689888242944127 3.234062276342339 6.25
      vertex 14.709291580564313 3.174344943582427 6.25
    endloop
  endfacet
  facet normal 0.9048270524660024 0.4257792915651094 0
    outer loop
      vertex 14.689888242944127 3.234062276342339 -6.25
      vertex 14.66315334002193 3.290876837050858 6.25
      vertex 14.689888242944127 3.234062276342339 6.25
    endloop
  endfacet
  facet normal 0.8443279255020334 0.5358267949789677 0
    outer loop
      vertex 14.629508497187475 3.3438926261462365 -6.25
      vertex 14.629508497187475 3.3438926261462365 6.25
      vertex 14.66315334002193 3.290876837050858 6.25
    endloop
  endfacet
  facet normal 0.7705132427757673 0.6374239897487163 0
    outer loop
      vertex 14.629508497187475 3.3438926261462365 -6.25
      vertex 14.589484313710704 3.392273552964344 6.25
      vertex 14.629508497187475 3.3438926261462365 6.25
    endloop
  endfacet
  facet normal 0.6845471059287047 0.7289686274213965 0
    outer loop
      vertex 14.589484313710704 3.392273552964344 -6.25
      vertex 14.543711994874345 3.435256621387895 6.25
      vertex 14.589484313710704 3.392273552964344 6.25
    endloop
  endfacet
  facet normal 0.5877852522924573 0.809016994374959 0
    outer loop
      vertex 14.492913397489497 3.472163962751007 -6.25
      vertex 14.492913397489497 3.472163962751007 6.25
      vertex 14.543711994874345 3.435256621387895 6.25
    endloop
  endfacet
  facet normal 0.4817536741017234 0.876306680043859 0
    outer loop
      vertex 14.492913397489497 3.472163962751007 -6.25
      vertex 14.437889645782535 3.50241352623301 6.25
      vertex 14.492913397489497 3.472163962751007 6.25
    endloop
  endfacet
  facet normal 0.3681245526846866 0.929776485888248 0
    outer loop
      vertex 14.437889645782535 3.50241352623301 -6.25
      vertex 14.379508497187475 3.5255282581475766 6.25
      vertex 14.437889645782535 3.50241352623301 6.25
    endloop
  endfacet
  facet normal 0.12533323356430998 0.9921147013144772 0
    outer loop
      vertex 14.256395259764657 3.5490133642141357 -6.25
      vertex 14.256395259764657 3.5490133642141357 6.25
      vertex 14.31869065729286 3.5411436253643442 6.25
    endloop
  endfacet
  facet normal 0.2486898871648438 0.968583161128634 0
    outer loop
      vertex 14.379508497187475 3.5255282581475766 -6.25
      vertex 14.31869065729286 3.5411436253643442 6.25
      vertex 14.379508497187475 3.5255282581475766 6.25
    endloop
  endfacet
  facet normal 0 0 1
    outer loop
      vertex -14.22697132467138 3.081333308391076 6.749013364214136
      vertex 14.25419057429753 3.0615573659572837 6.749013364214136
      vertex 14.22697132467138 3.081333308391076 6.749013364214136
    endloop
  endfacet
  facet normal 0 0.12557713505581927 0.992083858930873
    outer loop
      vertex -14.22697132467138 3.081333308391076 6.749013364214136
      vertex 14.22697132467138 3.081333308391076 6.749013364214136
      vertex 14.23088288504646 3.1435057801822897 6.741143625364344
    endloop
  endfacet
  facet normal 0 0.2491510952778993 0.9684646259527621
    outer loop
      vertex -14.230882885046462 3.1435057801822897 6.741143625364344
      vertex 14.23088288504646 3.1435057801822897 6.741143625364344
      vertex 14.234701668810095 3.2042036099623834 6.725528258147577
    endloop
  endfacet
  facet normal 0 0.3687535111552713 0.9295272174663092
    outer loop
      vertex -14.238367451461096 3.2624695566965984 6.702413526233009
      vertex 14.234701668810095 3.2042036099623834 6.725528258147577
      vertex 14.238367451461096 3.2624695566965984 6.702413526233009
    endloop
  endfacet
  facet normal 0 0.4824846161824894 0.8759044440732311
    outer loop
      vertex -14.238367451461096 3.2624695566965984 6.702413526233009
      vertex 14.238367451461096 3.2624695566965984 6.702413526233009
      vertex 14.241822421417227 3.3173847315985467 6.672163962751007
    endloop
  endfacet
  facet normal 0 0.9980344854238815 0.06266710384793628
    outer loop
      vertex -14.256147698764103 3.54507849478924 6.312666616782153
      vertex 14.256147698764101 3.54507849478924 6.312666616782153
      vertex 14.256395259764657 3.5490133642141357 6.25
    endloop
  endfacet
  facet normal 0 0.8448062108372232 0.5350723933551919
    outer loop
      vertex -14.250399298692423 3.4537102920694513 6.543892626146237
      vertex 14.250399298692423 3.4537102920694513 6.543892626146237
      vertex 14.25251187585348 3.487288744492009 6.490876837050857
    endloop
  endfacet
  facet normal 0 0.9051505907597688 0.42509105853598195
    outer loop
      vertex -14.254190574297532 3.513970892190293 6.434062276342338
      vertex 14.25251187585348 3.487288744492009 6.490876837050857
      vertex 14.25419057429753 3.513970892190293 6.434062276342338
    endloop
  endfacet
  facet normal 0 0.6852653337890431 0.7282935001131011
    outer loop
      vertex -14.245012091738383 3.3680830895552907 6.635256621387894
      vertex 14.245012091738383 3.3680830895552907 6.635256621387894
      vertex 14.247886159418181 3.4137650871761194 6.592273552964345
    endloop
  endfacet
  facet normal 0 0.5885451124079083 0.8084643781025622
    outer loop
      vertex -14.245012091738383 3.3680830895552907 6.635256621387894
      vertex 14.241822421417227 3.3173847315985467 6.672163962751007
      vertex 14.245012091738383 3.3680830895552907 6.635256621387894
    endloop
  endfacet
  facet normal 0 0.7711311414172882 0.6366763406444992
    outer loop
      vertex -14.250399298692423 3.4537102920694513 6.543892626146237
      vertex 14.247886159418181 3.4137650871761194 6.592273552964345
      vertex 14.250399298692423 3.4537102920694513 6.543892626146237
    endloop
  endfacet
  facet normal 0 0.9823552484439997 0.18702450602669102
    outer loop
      vertex -14.256147698764103 3.54507849478924 6.312666616782153
      vertex 14.255408919947305 3.5333359417559604 6.374344943582427
      vertex 14.256147698764101 3.54507849478924 6.312666616782153
    endloop
  endfacet
  facet normal 0 0.9512355982648835 0.3084652923647151
    outer loop
      vertex -14.255408919947305 3.5333359417559604 6.374344943582427
      vertex 14.25419057429753 3.513970892190293 6.434062276342338
      vertex 14.255408919947305 3.5333359417559604 6.374344943582427
    endloop
  endfacet
  facet normal 0.9980267284282713 0 0.0627905195293152
    outer loop
      vertex 14.721057350657238 -3.05 6.312666616782153
      vertex 14.725 3.05 6.25
      vertex 14.721057350657238 3.05 6.312666616782153
    endloop
  endfacet
  facet normal 0.9822872507286834 0 0.18738131458575227
    outer loop
      vertex 14.721057350657238 -3.05 6.312666616782153
      vertex 14.721057350657238 3.05 6.312666616782153
      vertex 14.709291580564313 3.05 6.374344943582427
    endloop
  endfacet
  facet normal 0.9510565162951685 0 0.3090169943749013
    outer loop
      vertex 14.689888242944127 -3.05 6.434062276342338
      vertex 14.709291580564313 3.05 6.374344943582427
      vertex 14.689888242944127 3.05 6.434062276342338
    endloop
  endfacet
  facet normal 0.9048270524660023 0 0.42577929156510935
    outer loop
      vertex 14.66315334002193 -3.05 6.490876837050857
      vertex 14.689888242944127 3.05 6.434062276342338
      vertex 14.66315334002193 3.05 6.490876837050857
    endloop
  endfacet
  facet normal 0.8443279255020375 0 0.5358267949789614
    outer loop
      vertex 14.66315334002193 -3.05 6.490876837050857
      vertex 14.66315334002193 3.05 6.490876837050857
      vertex 14.629508497187475 3.05 6.543892626146237
    endloop
  endfacet
  facet normal 0 0 1
    outer loop
      vertex 14.256395259764657 -3.05 6.749013364214136
      vertex 14.256395259764657 3.05 6.749013364214136
      vertex 14.25419057429753 3.0615573659572837 6.749013364214136
    endloop
  endfacet
  facet normal 0.12533323356430998 0 0.9921147013144772
    outer loop
      vertex 14.31869065729286 -3.05 6.741143625364344
      vertex 14.31869065729286 3.05 6.741143625364344
      vertex 14.256395259764657 3.05 6.749013364214136
    endloop
  endfacet
  facet normal 0.2486898871648438 0 0.968583161128634
    outer loop
      vertex 14.379508497187475 -3.05 6.725528258147577
      vertex 14.379508497187475 3.05 6.725528258147577
      vertex 14.31869065729286 3.05 6.741143625364344
    endloop
  endfacet
  facet normal 0.770513242775773 0 0.6374239897487094
    outer loop
      vertex 14.589484313710704 -3.05 6.592273552964345
      vertex 14.629508497187475 3.05 6.543892626146237
      vertex 14.589484313710704 3.05 6.592273552964345
    endloop
  endfacet
  facet normal 0.6845471059286896 0 0.7289686274214106
    outer loop
      vertex 14.589484313710704 -3.05 6.592273552964345
      vertex 14.589484313710704 3.05 6.592273552964345
      vertex 14.543711994874345 3.05 6.635256621387894
    endloop
  endfacet
  facet normal 0.48175367410171255 0 0.8763066800438651
    outer loop
      vertex 14.437889645782535 -3.05 6.702413526233009
      vertex 14.492913397489497 3.05 6.672163962751007
      vertex 14.437889645782535 3.05 6.702413526233009
    endloop
  endfacet
  facet normal 0.5877852522924665 0 0.8090169943749521
    outer loop
      vertex 14.543711994874345 -3.05 6.635256621387894
      vertex 14.543711994874345 3.05 6.635256621387894
      vertex 14.492913397489497 3.05 6.672163962751007
    endloop
  endfacet
  facet normal 0.36812455268469885 0 0.9297764858882431
    outer loop
      vertex 14.437889645782535 -3.05 6.702413526233009
      vertex 14.437889645782535 3.05 6.702413526233009
      vertex 14.379508497187475 3.05 6.725528258147577
    endloop
  endfacet
  facet normal 0.996065092346191 0.06266710384793836 0.06266710384792044
    outer loop
      vertex 14.725 3.05 6.25
      vertex 14.721057350657238 3.1126666167821524 6.25
      vertex 14.717145790282158 3.1121724717912134 6.312666616782153
    endloop
  endfacet
  facet normal 0.9960650923461908 0.06266710384792029 0.06266710384793835
    outer loop
      vertex 14.725 3.05 6.25
      vertex 14.717145790282158 3.1121724717912134 6.312666616782153
      vertex 14.721057350657238 3.05 6.312666616782153
    endloop
  endfacet
  facet normal 0.9803565508194432 0.18701301388064215 0.06266710384789677
    outer loop
      vertex 14.721057350657238 3.1126666167821524 6.25
      vertex 14.709291580564313 3.174344943582427 6.25
      vertex 14.705472796800683 3.1733644465622453 6.312666616782153
    endloop
  endfacet
  facet normal 0.9803565508194466 0.1870130138806171 0.06266710384792187
    outer loop
      vertex 14.721057350657238 3.1126666167821524 6.25
      vertex 14.705472796800683 3.1733644465622453 6.312666616782153
      vertex 14.717145790282158 3.1121724717912134 6.312666616782153
    endloop
  endfacet
  facet normal 0.9491872008496817 0.30840961696818575 0.06266710384789777
    outer loop
      vertex 14.709291580564313 3.174344943582427 6.25
      vertex 14.689888242944127 3.234062276342339 6.25
      vertex 14.705472796800683 3.1733644465622453 6.312666616782153
    endloop
  endfacet
  facet normal 0.9491872008496488 0.3084096169682686 0.06266710384798614
    outer loop
      vertex 14.705472796800683 3.1733644465622453 6.312666616782153
      vertex 14.689888242944127 3.234062276342339 6.25
      vertex 14.686222460293122 3.232610890316642 6.312666616782153
    endloop
  endfacet
  facet normal 0.9030486017055365 0.42494241616127365 0.06266710384798485
    outer loop
      vertex 14.689888242944127 3.234062276342339 6.25
      vertex 14.659698370065799 3.2889774512442873 6.312666616782153
      vertex 14.686222460293122 3.232610890316642 6.312666616782153
    endloop
  endfacet
  facet normal 0.9030486017055145 0.424942416161329 0.06266710384792583
    outer loop
      vertex 14.689888242944127 3.234062276342339 6.25
      vertex 14.66315334002193 3.290876837050858 6.25
      vertex 14.659698370065799 3.2889774512442873 6.312666616782153
    endloop
  endfacet
  facet normal 0.8426683866574357 0.534773619603162 0.06266710384792804
    outer loop
      vertex 14.66315334002193 3.290876837050858 6.25
      vertex 14.629508497187475 3.3438926261462365 6.25
      vertex 14.659698370065799 3.2889774512442873 6.312666616782153
    endloop
  endfacet
  facet normal 0.9804167947589046 0.06168259641210577 0.18702450602671628
    outer loop
      vertex 14.721057350657238 3.05 6.312666616782153
      vertex 14.705472796800683 3.1106978297800936 6.374344943582427
      vertex 14.709291580564313 3.05 6.374344943582427
    endloop
  endfacet
  facet normal 0.9804167947589076 0.061682596412130544 0.18702450602669268
    outer loop
      vertex 14.721057350657238 3.05 6.312666616782153
      vertex 14.717145790282158 3.1121724717912134 6.312666616782153
      vertex 14.705472796800683 3.1106978297800936 6.374344943582427
    endloop
  endfacet
  facet normal 0.9493585521008306 0.059728577409791234 0.3084652923646628
    outer loop
      vertex 14.709291580564313 3.05 6.374344943582427
      vertex 14.705472796800683 3.1106978297800936 6.374344943582427
      vertex 14.689888242944127 3.05 6.434062276342338
    endloop
  endfacet
  facet normal 0.9493585521007988 0.05972857740987939 0.3084652923647441
    outer loop
      vertex 14.689888242944127 3.05 6.434062276342338
      vertex 14.705472796800683 3.1106978297800936 6.374344943582427
      vertex 14.686222460293122 3.108265946734215 6.434062276342338
    endloop
  endfacet
  facet normal 0.9033644828308681 0.05683487584605184 0.4250910585360295
    outer loop
      vertex 14.689888242944127 3.05 6.434062276342338
      vertex 14.659698370065799 3.104915174901949 6.490876837050857
      vertex 14.66315334002193 3.05 6.490876837050857
    endloop
  endfacet
  facet normal 0.9033644828308893 0.05683487584611926 0.4250910585359756
    outer loop
      vertex 14.689888242944127 3.05 6.434062276342338
      vertex 14.686222460293122 3.108265946734215 6.434062276342338
      vertex 14.659698370065799 3.104915174901949 6.490876837050857
    endloop
  endfacet
  facet normal 0.8431391787577625 0.0530458208800749 0.5350723933551841
    outer loop
      vertex 14.629508497187475 3.05 6.543892626146237
      vertex 14.659698370065799 3.104915174901949 6.490876837050857
      vertex 14.626318826866319 3.100698357956743 6.543892626146237
    endloop
  endfacet
  facet normal 0.8431391787577786 0.05304582088004467 0.5350723933551619
    outer loop
      vertex 14.66315334002193 3.05 6.490876837050857
      vertex 14.659698370065799 3.104915174901949 6.490876837050857
      vertex 14.629508497187475 3.05 6.543892626146237
    endloop
  endfacet
  facet normal 0 0 1
    outer loop
      vertex 14.22697132467138 3.081333308391076 6.749013364214136
      vertex 14.25419057429753 3.0615573659572837 6.749013364214136
      vertex 14.23088288504646 3.080839163400137 6.749013364214136
    endloop
  endfacet
  facet normal 0 0 1
    outer loop
      vertex 14.234701668810095 3.0798586663799554 6.749013364214136
      vertex 14.23088288504646 3.080839163400137 6.749013364214136
      vertex 14.25419057429753 3.0615573659572837 6.749013364214136
    endloop
  endfacet
  facet normal 0 0 1
    outer loop
      vertex 14.234701668810095 3.0798586663799554 6.749013364214136
      vertex 14.25419057429753 3.0615573659572837 6.749013364214136
      vertex 14.238367451461096 3.0784072803542593 6.749013364214136
    endloop
  endfacet
  facet normal 0 0 1
    outer loop
      vertex 14.241822421417227 3.0765078945476896 6.749013364214136
      vertex 14.238367451461096 3.0784072803542593 6.749013364214136
      vertex 14.25419057429753 3.0615573659572837 6.749013364214136
    endloop
  endfacet
  facet normal 0.03122976354750343 0.1216318984378447 0.9920838589308733
    outer loop
      vertex 14.234701668810095 3.0798586663799554 6.749013364214136
      vertex 14.242555878527936 3.142031138171169 6.741143625364344
      vertex 14.23088288504646 3.080839163400137 6.749013364214136
    endloop
  endfacet
  facet normal 0.01573898839830985 0.12458692183782727 0.9920838589308734
    outer loop
      vertex 14.22697132467138 3.081333308391076 6.749013364214136
      vertex 14.23088288504646 3.080839163400137 6.749013364214136
      vertex 14.242555878527936 3.142031138171169 6.741143625364344
    endloop
  endfacet
  facet normal 0.04622802666984312 0.11675866734011466 0.9920838589308733
    outer loop
      vertex 14.234701668810095 3.0798586663799554 6.749013364214136
      vertex 14.238367451461096 3.0784072803542593 6.749013364214136
      vertex 14.253952005317652 3.139105110134353 6.741143625364344
    endloop
  endfacet
  facet normal 0 0 1
    outer loop
      vertex 14.256147698764101 3.0539348694248956 6.749013364214136
      vertex 14.25419057429753 3.0615573659572837 6.749013364214136
      vertex 14.256395259764657 3.05 6.749013364214136
    endloop
  endfacet
  facet normal 0 0 1
    outer loop
      vertex 14.256147698764101 3.0539348694248956 6.749013364214136
      vertex 14.255408919947305 3.0578076836083836 6.749013364214136
      vertex 14.25419057429753 3.0615573659572837 6.749013364214136
    endloop
  endfacet
  facet normal 0.12532933726514398 0.007885053551228406 0.9920838589308738
    outer loop
      vertex 14.256147698764101 3.0539348694248956 6.749013364214136
      vertex 14.256395259764657 3.05 6.749013364214136
      vertex 14.317951878476064 3.0617425530332794 6.741143625364344
    endloop
  endfacet
  facet normal 0.1233528187483685 0.0235308086486357 0.9920838589308737
    outer loop
      vertex 14.256147698764101 3.0539348694248956 6.749013364214136
      vertex 14.317951878476064 3.0617425530332794 6.741143625364344
      vertex 14.255408919947305 3.0578076836083836 6.749013364214136
    endloop
  endfacet
  facet normal 0 0 1
    outer loop
      vertex 14.245012091738383 3.074190463409054 6.749013364214136
      vertex 14.25419057429753 3.0615573659572837 6.749013364214136
      vertex 14.247886159418181 3.0714915342117752 6.749013364214136
    endloop
  endfacet
  facet normal 0 0 1
    outer loop
      vertex 14.25419057429753 3.0615573659572837 6.749013364214136
      vertex 14.250399298692423 3.0684536706815564 6.749013364214136
      vertex 14.247886159418181 3.0714915342117752 6.749013364214136
    endloop
  endfacet
  facet normal 0 0 1
    outer loop
      vertex 14.25419057429753 3.0615573659572837 6.749013364214136
      vertex 14.25251187585348 3.065124781741001 6.749013364214136
      vertex 14.250399298692423 3.0684536706815564 6.749013364214136
    endloop
  endfacet
  facet normal 0 0 1
    outer loop
      vertex 14.245012091738383 3.074190463409054 6.749013364214136
      vertex 14.241822421417227 3.0765078945476896 6.749013364214136
      vertex 14.25419057429753 3.0615573659572837 6.749013364214136
    endloop
  endfacet
  facet normal 0.11943095259250561 0.038805468837185594 0.9920838589308733
    outer loop
      vertex 14.255408919947305 3.0578076836083836 6.749013364214136
      vertex 14.31574719300894 3.073299918990563 6.741143625364344
      vertex 14.25419057429753 3.0615573659572837 6.749013364214136
    endloop
  endfacet
  facet normal 0.11362558896969259 0.0534681436008182 0.9920838589308733
    outer loop
      vertex 14.25419057429753 3.0615573659572837 6.749013364214136
      vertex 14.312111370098316 3.0844898313066684 6.741143625364344
      vertex 14.25251187585348 3.065124781741001 6.749013364214136
    endloop
  endfacet
  facet normal 0.1253293372651594 0.007885053551146722 0.9920838589308727
    outer loop
      vertex 14.256395259764657 3.05 6.749013364214136
      vertex 14.31869065729286 3.05 6.741143625364344
      vertex 14.317951878476064 3.0617425530332794 6.741143625364344
    endloop
  endfacet
  facet normal 0.12335281874836747 0.02353080864865147 0.9920838589308734
    outer loop
      vertex 14.255408919947305 3.0578076836083836 6.749013364214136
      vertex 14.317951878476064 3.0617425530332794 6.741143625364344
      vertex 14.31574719300894 3.073299918990563 6.741143625364344
    endloop
  endfacet
  facet normal 0.11943095259250501 0.03880546883718876 0.9920838589308733
    outer loop
      vertex 14.25419057429753 3.0615573659572837 6.749013364214136
      vertex 14.31574719300894 3.073299918990563 6.741143625364344
      vertex 14.312111370098316 3.0844898313066684 6.741143625364344
    endloop
  endfacet
  facet normal 0.10602828193217696 0.06728759379958484 0.9920838589308731
    outer loop
      vertex 14.250399298692423 3.0684536706815564 6.749013364214136
      vertex 14.25251187585348 3.065124781741001 6.749013364214136
      vertex 14.307101748843435 3.095135818379841 6.741143625364344
    endloop
  endfacet
  facet normal 0.09675884555035982 0.08004587844847702 0.9920838589308735
    outer loop
      vertex 14.250399298692423 3.0684536706815564 6.749013364214136
      vertex 14.300797333964086 3.1050699866343328 6.741143625364344
      vertex 14.247886159418181 3.0714915342117752 6.749013364214136
    endloop
  endfacet
  facet normal 0.08596346437325177 0.0915417917771756 0.9920838589308734
    outer loop
      vertex 14.245012091738383 3.074190463409054 6.749013364214136
      vertex 14.247886159418181 3.0714915342117752 6.749013364214136
      vertex 14.284720672573792 3.1221898921685183 6.741143625364344
    endloop
  endfacet
  facet normal 0.06049724619631639 0.11004408231017727 0.9920838589308735
    outer loop
      vertex 14.241822421417227 3.0765078945476896 6.749013364214136
      vertex 14.275201964616711 3.1291056383110023 6.741143625364344
      vertex 14.238367451461096 3.0784072803542593 6.749013364214136
    endloop
  endfacet
  facet normal 0.07381238801093551 0.10159403636508219 0.9920838589308735
    outer loop
      vertex 14.245012091738383 3.074190463409054 6.749013364214136
      vertex 14.275201964616711 3.1291056383110023 6.741143625364344
      vertex 14.241822421417227 3.0765078945476896 6.749013364214136
    endloop
  endfacet
  facet normal 0.09675884555034822 0.08004587844849526 0.992083858930873
    outer loop
      vertex 14.247886159418181 3.0714915342117752 6.749013364214136
      vertex 14.300797333964086 3.1050699866343328 6.741143625364344
      vertex 14.293297549848988 3.114135668302385 6.741143625364344
    endloop
  endfacet
  facet normal 0.11362558896968845 0.05346814360083072 0.992083858930873
    outer loop
      vertex 14.25251187585348 3.065124781741001 6.749013364214136
      vertex 14.312111370098316 3.0844898313066684 6.741143625364344
      vertex 14.307101748843435 3.095135818379841 6.741143625364344
    endloop
  endfacet
  facet normal 0.10602828193217544 0.06728759379958799 0.9920838589308733
    outer loop
      vertex 14.250399298692423 3.0684536706815564 6.749013364214136
      vertex 14.307101748843435 3.095135818379841 6.741143625364344
      vertex 14.300797333964086 3.1050699866343328 6.741143625364344
    endloop
  endfacet
  facet normal 0.3680258603347332 0.02315422454371261 0.9295272174663088
    outer loop
      vertex 14.379508497187475 3.05 6.725528258147577
      vertex 14.436210947338486 3.0766821476982846 6.702413526233009
      vertex 14.3782901515377 3.0693650495656675 6.725528258147577
    endloop
  endfacet
  facet normal 0.2486594525045178 0.015644326713806424 0.968464625952763
    outer loop
      vertex 14.317951878476064 3.0617425530332794 6.741143625364344
      vertex 14.379508497187475 3.05 6.725528258147577
      vertex 14.3782901515377 3.0693650495656675 6.725528258147577
    endloop
  endfacet
  facet normal 0.24865945250451216 0.01564432671377394 0.9684646259527652
    outer loop
      vertex 14.31869065729286 3.05 6.741143625364344
      vertex 14.379508497187475 3.05 6.725528258147577
      vertex 14.317951878476064 3.0617425530332794 6.741143625364344
    endloop
  endfacet
  facet normal 0.24473794439657018 0.04668625976361171 0.9684646259527634
    outer loop
      vertex 14.317951878476064 3.0617425530332794 6.741143625364344
      vertex 14.3782901515377 3.0693650495656675 6.725528258147577
      vertex 14.31574719300894 3.073299918990563 6.741143625364344
    endloop
  endfacet
  facet normal 0.3622218726692363 0.06909751767841606 0.9295272174663165
    outer loop
      vertex 14.3782901515377 3.0693650495656675 6.725528258147577
      vertex 14.431201326083604 3.102943501988225 6.702413526233009
      vertex 14.374654328627075 3.088424700731564 6.725528258147577
    endloop
  endfacet
  facet normal 0.3507054296909389 0.1139511016823493 0.9295272174663165
    outer loop
      vertex 14.374654328627075 3.088424700731564 6.725528258147577
      vertex 14.431201326083604 3.102943501988225 6.702413526233009
      vertex 14.368658367554845 3.1068783714131207 6.725528258147577
    endloop
  endfacet
  facet normal 0.24473794439657331 0.04668625976367681 0.9684646259527595
    outer loop
      vertex 14.31574719300894 3.073299918990563 6.741143625364344
      vertex 14.3782901515377 3.0693650495656675 6.725528258147577
      vertex 14.374654328627075 3.088424700731564 6.725528258147577
    endloop
  endfacet
  facet normal 0.23695677270609453 0.07699192260804438 0.9684646259527652
    outer loop
      vertex 14.31574719300894 3.073299918990563 6.741143625364344
      vertex 14.368658367554845 3.1068783714131207 6.725528258147577
      vertex 14.312111370098316 3.0844898313066684 6.741143625364344
    endloop
  endfacet
  facet normal 0.2369567727061415 0.07699192260796778 0.9684646259527596
    outer loop
      vertex 14.31574719300894 3.073299918990563 6.741143625364344
      vertex 14.374654328627075 3.088424700731564 6.725528258147577
      vertex 14.368658367554845 3.1068783714131207 6.725528258147577
    endloop
  endfacet
  facet normal 0.22543865115898035 0.10608337684006634 0.9684646259527645
    outer loop
      vertex 14.312111370098316 3.0844898313066684 6.741143625364344
      vertex 14.368658367554845 3.1068783714131207 6.725528258147577
      vertex 14.307101748843435 3.095135818379841 6.741143625364344
    endloop
  endfacet
  facet normal 0.683913119186784 0.04302816632403376 0.7282935001131037
    outer loop
      vertex 14.543711994874345 3.05 6.635256621387894
      vertex 14.58661024603091 3.0956819976208285 6.592273552964345
      vertex 14.541198855600102 3.089945204893332 6.635256621387894
    endloop
  endfacet
  facet normal 0.7696094902578393 0.04841972499478954 0.6366763406445207
    outer loop
      vertex 14.629508497187475 3.05 6.543892626146237
      vertex 14.58661024603091 3.0956819976208285 6.592273552964345
      vertex 14.589484313710704 3.05 6.592273552964345
    endloop
  endfacet
  facet normal 0.7696094902578593 0.048419724994837675 0.636676340644493
    outer loop
      vertex 14.629508497187475 3.05 6.543892626146237
      vertex 14.626318826866319 3.100698357956743 6.543892626146237
      vertex 14.58661024603091 3.0956819976208285 6.592273552964345
    endloop
  endfacet
  facet normal 0.6839131191867958 0.043028166324013434 0.7282935001130937
    outer loop
      vertex 14.543711994874345 3.05 6.635256621387894
      vertex 14.589484313710704 3.05 6.592273552964345
      vertex 14.58661024603091 3.0956819976208285 6.592273552964345
    endloop
  endfacet
  facet normal 0.48153254300557813 0.030295459714981838 0.8759044440732328
    outer loop
      vertex 14.492913397489497 3.05 6.672163962751007
      vertex 14.436210947338486 3.0766821476982846 6.702413526233009
      vertex 14.437889645782535 3.05 6.702413526233009
    endloop
  endfacet
  facet normal 0.4815325430055811 0.030295459714990532 0.8759044440732308
    outer loop
      vertex 14.492913397489497 3.05 6.672163962751007
      vertex 14.49080082032844 3.0835784524225573 6.672163962751007
      vertex 14.436210947338486 3.0766821476982846 6.702413526233009
    endloop
  endfacet
  facet normal 0.4739384871487864 0.09040860164764848 0.8759044440732313
    outer loop
      vertex 14.49080082032844 3.0835784524225573 6.672163962751007
      vertex 14.431201326083604 3.102943501988225 6.702413526233009
      vertex 14.436210947338486 3.0766821476982846 6.702413526233009
    endloop
  endfacet
  facet normal 0.47393848714879466 0.0904086016476871 0.875904444073223
    outer loop
      vertex 14.49080082032844 3.0835784524225573 6.672163962751007
      vertex 14.484496405449088 3.1166273525916157 6.672163962751007
      vertex 14.431201326083604 3.102943501988225 6.702413526233009
    endloop
  endfacet
  facet normal 0.5873837530689098 0.036955053374518966 0.8084643781025657
    outer loop
      vertex 14.543711994874345 3.05 6.635256621387894
      vertex 14.49080082032844 3.0835784524225573 6.672163962751007
      vertex 14.492913397489497 3.05 6.672163962751007
    endloop
  endfacet
  facet normal 0.5873837530689116 0.036955053374523275 0.8084643781025642
    outer loop
      vertex 14.543711994874345 3.05 6.635256621387894
      vertex 14.541198855600102 3.089945204893332 6.635256621387894
      vertex 14.49080082032844 3.0835784524225573 6.672163962751007
    endloop
  endfacet
  facet normal 0.5781203603969667 0.1102823568560044 0.8084643781025644
    outer loop
      vertex 14.541198855600102 3.089945204893332 6.635256621387894
      vertex 14.533699071485005 3.129260450043386 6.635256621387894
      vertex 14.49080082032844 3.0835784524225573 6.672163962751007
    endloop
  endfacet
  facet normal 0.36802586033474466 0.02315422454368502 0.929527217466305
    outer loop
      vertex 14.379508497187475 3.05 6.725528258147577
      vertex 14.437889645782535 3.05 6.702413526233009
      vertex 14.436210947338486 3.0766821476982846 6.702413526233009
    endloop
  endfacet
  facet normal 0.3622218726692653 0.06909751767836496 0.9295272174663088
    outer loop
      vertex 14.3782901515377 3.0693650495656675 6.725528258147577
      vertex 14.436210947338486 3.0766821476982846 6.702413526233009
      vertex 14.431201326083604 3.102943501988225 6.702413526233009
    endloop
  endfacet
  facet normal 0.964955036232955 0.18407501784362576 0.1870245060266849
    outer loop
      vertex 14.717145790282158 3.1121724717912134 6.312666616782153
      vertex 14.705472796800683 3.1733644465622453 6.312666616782153
      vertex 14.694076670010967 3.1704384185254284 6.374344943582427
    endloop
  endfacet
  facet normal 0.964955036232955 0.1840750178436183 0.18702450602669193
    outer loop
      vertex 14.717145790282158 3.1121724717912134 6.312666616782153
      vertex 14.694076670010967 3.1704384185254284 6.374344943582427
      vertex 14.705472796800683 3.1106978297800936 6.374344943582427
    endloop
  endfacet
  facet normal 0.9343866006148642 0.17824377688360624 0.3084652923647416
    outer loop
      vertex 14.705472796800683 3.1106978297800936 6.374344943582427
      vertex 14.694076670010967 3.1704384185254284 6.374344943582427
      vertex 14.675282923922355 3.165613004682042 6.434062276342338
    endloop
  endfacet
  facet normal 0.9343866006148639 0.17824377688360402 0.3084652923647435
    outer loop
      vertex 14.705472796800683 3.1106978297800936 6.374344943582427
      vertex 14.675282923922355 3.165613004682042 6.434062276342338
      vertex 14.686222460293122 3.108265946734215 6.434062276342338
    endloop
  endfacet
  facet normal 0.9342753603494015 0.3035644662826503 0.1870245060266849
    outer loop
      vertex 14.705472796800683 3.1733644465622453 6.312666616782153
      vertex 14.675282923922355 3.2282796214641944 6.374344943582427
      vertex 14.694076670010967 3.1704384185254284 6.374344943582427
    endloop
  endfacet
  facet normal 0.9046788142617319 0.2939479655182558 0.3084652923647407
    outer loop
      vertex 14.694076670010967 3.1704384185254284 6.374344943582427
      vertex 14.657242156855352 3.2211367764821723 6.434062276342338
      vertex 14.675282923922355 3.165613004682042 6.434062276342338
    endloop
  endfacet
  facet normal 0.8891178852928668 0.16960830759460407 0.4250910585359741
    outer loop
      vertex 14.686222460293122 3.108265946734215 6.434062276342338
      vertex 14.64938794713751 3.158964304690958 6.490876837050857
      vertex 14.659698370065799 3.104915174901949 6.490876837050857
    endloop
  endfacet
  facet normal 0.889117885292867 0.1696083075946055 0.42509105853597295
    outer loop
      vertex 14.686222460293122 3.108265946734215 6.434062276342338
      vertex 14.675282923922355 3.165613004682042 6.434062276342338
      vertex 14.64938794713751 3.158964304690958 6.490876837050857
    endloop
  endfacet
  facet normal 0.8298423702418046 0.15830089835688302 0.5350723933552051
    outer loop
      vertex 14.626318826866319 3.100698357956743 6.543892626146237
      vertex 14.64938794713751 3.158964304690958 6.490876837050857
      vertex 14.616800118909234 3.1505971725227777 6.543892626146237
    endloop
  endfacet
  facet normal 0.8298423702418225 0.15830089835685768 0.5350723933551849
    outer loop
      vertex 14.626318826866319 3.100698357956743 6.543892626146237
      vertex 14.659698370065799 3.104915174901949 6.490876837050857
      vertex 14.64938794713751 3.158964304690958 6.490876837050857
    endloop
  endfacet
  facet normal 0.8608493675704927 0.27970691501328254 0.4250910585359743
    outer loop
      vertex 14.675282923922355 3.165613004682042 6.434062276342338
      vertex 14.657242156855352 3.2211367764821723 6.434062276342338
      vertex 14.64938794713751 3.158964304690958 6.490876837050857
    endloop
  endfacet
  facet normal 0.8608493675704669 0.2797069150133144 0.4250910585360056
    outer loop
      vertex 14.64938794713751 3.158964304690958 6.490876837050857
      vertex 14.657242156855352 3.2211367764821723 6.434062276342338
      vertex 14.63238467276579 3.2112950023028715 6.490876837050857
    endloop
  endfacet
  facet normal 0.8034584518233493 0.26105947610221214 0.5350723933552033
    outer loop
      vertex 14.64938794713751 3.158964304690958 6.490876837050857
      vertex 14.601102489026905 3.19890950958429 6.543892626146237
      vertex 14.616800118909234 3.1505971725227777 6.543892626146237
    endloop
  endfacet
  facet normal 0.8034584518233514 0.2610594761022314 0.5350723933551906
    outer loop
      vertex 14.64938794713751 3.158964304690958 6.490876837050857
      vertex 14.63238467276579 3.2112950023028715 6.490876837050857
      vertex 14.601102489026905 3.19890950958429 6.543892626146237
    endloop
  endfacet
  facet normal 0.9342753603494011 0.30356446628265393 0.18702450602668153
    outer loop
      vertex 14.705472796800683 3.1733644465622453 6.312666616782153
      vertex 14.686222460293122 3.232610890316642 6.312666616782153
      vertex 14.675282923922355 3.2282796214641944 6.374344943582427
    endloop
  endfacet
  facet normal 0.8888616039241191 0.41826652174769935 0.18702450602668047
    outer loop
      vertex 14.686222460293122 3.232610890316642 6.312666616782153
      vertex 14.64938794713751 3.283309248273386 6.374344943582427
      vertex 14.675282923922355 3.2282796214641944 6.374344943582427
    endloop
  endfacet
  facet normal 0.9046788142617307 0.2939479655183001 0.3084652923647024
    outer loop
      vertex 14.694076670010967 3.1704384185254284 6.374344943582427
      vertex 14.675282923922355 3.2282796214641944 6.374344943582427
      vertex 14.657242156855352 3.2211367764821723 6.434062276342338
    endloop
  endfacet
  facet normal 0.8607037025787774 0.40501641914068387 0.30846529236470244
    outer loop
      vertex 14.675282923922355 3.2282796214641944 6.374344943582427
      vertex 14.64938794713751 3.283309248273386 6.374344943582427
      vertex 14.657242156855352 3.2211367764821723 6.434062276342338
    endloop
  endfacet
  facet normal 0.8888616039241185 0.4182665217477013 0.1870245060266785
    outer loop
      vertex 14.686222460293122 3.232610890316642 6.312666616782153
      vertex 14.659698370065799 3.2889774512442873 6.312666616782153
      vertex 14.64938794713751 3.283309248273386 6.374344943582427
    endloop
  endfacet
  facet normal 0.8294299690247485 0.5263722643045335 0.18702450602667867
    outer loop
      vertex 14.659698370065799 3.2889774512442873 6.312666616782153
      vertex 14.626318826866319 3.341575195007601 6.312666616782153
      vertex 14.64938794713751 3.283309248273386 6.374344943582427
    endloop
  endfacet
  facet normal 0.8031547793466529 0.509697521888195 0.30846529236473624
    outer loop
      vertex 14.64938794713751 3.283309248273386 6.374344943582427
      vertex 14.601102489026905 3.323254453166717 6.434062276342338
      vertex 14.63238467276579 3.273961619085023 6.434062276342338
    endloop
  endfacet
  facet normal 0.8607037025787504 0.4050164191407145 0.3084652923647379
    outer loop
      vertex 14.64938794713751 3.283309248273386 6.374344943582427
      vertex 14.63238467276579 3.273961619085023 6.434062276342338
      vertex 14.657242156855352 3.2211367764821723 6.434062276342338
    endloop
  endfacet
  facet normal 0.6509343730293088 0.5384997454763231 0.535072393355213
    outer loop
      vertex 14.579473498219889 3.3075400715075807 6.490876837050857
      vertex 14.51987400397505 3.3269051210732483 6.543892626146237
      vertex 14.552254248593735 3.2877641290737882 6.543892626146237
    endloop
  endfacet
  facet normal 0.8190047410750456 0.3853943772933593 0.42509105853600515
    outer loop
      vertex 14.657242156855352 3.2211367764821723 6.434062276342338
      vertex 14.60895669874475 3.2610819813755034 6.490876837050857
      vertex 14.63238467276579 3.2112950023028715 6.490876837050857
    endloop
  endfacet
  facet normal 0.8190047410750408 0.3853943772934231 0.4250910585359563
    outer loop
      vertex 14.657242156855352 3.2211367764821723 6.434062276342338
      vertex 14.63238467276579 3.273961619085023 6.434062276342338
      vertex 14.60895669874475 3.2610819813755034 6.490876837050857
    endloop
  endfacet
  facet normal 0.7644035136568496 0.3597009899600076 0.5350723933551919
    outer loop
      vertex 14.63238467276579 3.2112950023028715 6.490876837050857
      vertex 14.579473498219889 3.244873454725429 6.543892626146237
      vertex 14.601102489026905 3.19890950958429 6.543892626146237
    endloop
  endfacet
  facet normal 0.7644035136568496 0.3597009899600122 0.5350723933551889
    outer loop
      vertex 14.63238467276579 3.2112950023028715 6.490876837050857
      vertex 14.60895669874475 3.2610819813755034 6.490876837050857
      vertex 14.579473498219889 3.244873454725429 6.543892626146237
    endloop
  endfacet
  facet normal 0.7642439205631296 0.485003940020156 0.4250910585359585
    outer loop
      vertex 14.63238467276579 3.273961619085023 6.434062276342338
      vertex 14.601102489026905 3.323254453166717 6.434062276342338
      vertex 14.60895669874475 3.2610819813755034 6.490876837050857
    endloop
  endfacet
  facet normal 0.7642439205631281 0.48500394002015723 0.42509105853596
    outer loop
      vertex 14.60895669874475 3.2610819813755034 6.490876837050857
      vertex 14.601102489026905 3.323254453166717 6.434062276342338
      vertex 14.579473498219889 3.3075400715075807 6.490876837050857
    endloop
  endfacet
  facet normal 0.7132934754474124 0.4526698043312601 0.5350723933551893
    outer loop
      vertex 14.60895669874475 3.2610819813755034 6.490876837050857
      vertex 14.579473498219889 3.3075400715075807 6.490876837050857
      vertex 14.579473498219889 3.244873454725429 6.543892626146237
    endloop
  endfacet
  facet normal 0.7132934754473779 0.4526698043312827 0.5350723933552161
    outer loop
      vertex 14.579473498219889 3.3075400715075807 6.490876837050857
      vertex 14.552254248593735 3.2877641290737882 6.543892626146237
      vertex 14.579473498219889 3.244873454725429 6.543892626146237
    endloop
  endfacet
  facet normal 0.01573898839829138 0.12458692183783193 0.9920838589308731
    outer loop
      vertex 14.22697132467138 3.081333308391076 6.749013364214136
      vertex 14.242555878527936 3.142031138171169 6.741143625364344
      vertex 14.23088288504646 3.1435057801822897 6.741143625364344
    endloop
  endfacet
  facet normal 0.031229763547510638 0.12163189843784375 0.9920838589308731
    outer loop
      vertex 14.234701668810095 3.0798586663799554 6.749013364214136
      vertex 14.253952005317652 3.139105110134353 6.741143625364344
      vertex 14.242555878527936 3.142031138171169 6.741143625364344
    endloop
  endfacet
  facet normal 0.031226912417275335 0.24718646447380668 0.9684646259527621
    outer loop
      vertex 14.23088288504646 3.1435057801822897 6.741143625364344
      vertex 14.242555878527936 3.142031138171169 6.741143625364344
      vertex 14.253952005317652 3.2017717269165047 6.725528258147577
    endloop
  endfacet
  facet normal 0.031226912417274242 0.24718646447380707 0.9684646259527621
    outer loop
      vertex 14.23088288504646 3.1435057801822897 6.741143625364344
      vertex 14.253952005317652 3.2017717269165047 6.725528258147577
      vertex 14.234701668810095 3.2042036099623834 6.725528258147577
    endloop
  endfacet
  facet normal 0.08596346437326861 0.09154179177716329 0.992083858930873
    outer loop
      vertex 14.247886159418181 3.0714915342117752 6.749013364214136
      vertex 14.293297549848988 3.114135668302385 6.741143625364344
      vertex 14.284720672573792 3.1221898921685183 6.741143625364344
    endloop
  endfacet
  facet normal 0.06049724619629837 0.11004408231019029 0.992083858930873
    outer loop
      vertex 14.238367451461096 3.0784072803542593 6.749013364214136
      vertex 14.275201964616711 3.1291056383110023 6.741143625364344
      vertex 14.264891541688419 3.1347738412819046 6.741143625364344
    endloop
  endfacet
  facet normal 0.07381238801096053 0.10159403636506839 0.9920838589308731
    outer loop
      vertex 14.245012091738383 3.074190463409054 6.749013364214136
      vertex 14.284720672573792 3.1221898921685183 6.741143625364344
      vertex 14.275201964616711 3.1291056383110023 6.741143625364344
    endloop
  endfacet
  facet normal 0.04622802666985048 0.11675866734011277 0.992083858930873
    outer loop
      vertex 14.238367451461096 3.0784072803542593 6.749013364214136
      vertex 14.264891541688419 3.1347738412819046 6.741143625364344
      vertex 14.253952005317652 3.139105110134353 6.741143625364344
    endloop
  endfacet
  facet normal 0.2103652274125615 0.13350183284823094 0.9684646259527626
    outer loop
      vertex 14.307101748843435 3.095135818379841 6.741143625364344
      vertex 14.360396828208922 3.1244350361999995 6.725528258147577
      vertex 14.300797333964086 3.1050699866343328 6.741143625364344
    endloop
  endfacet
  facet normal 0.19197421836370893 0.15881488520230727 0.9684646259527607
    outer loop
      vertex 14.300797333964086 3.1050699866343328 6.741143625364344
      vertex 14.337631847119697 3.155768344591076 6.725528258147577
      vertex 14.293297549848988 3.114135668302385 6.741143625364344
    endloop
  endfacet
  facet normal 0.12002945555657309 0.21833276913227584 0.968464625952763
    outer loop
      vertex 14.275201964616711 3.1291056383110023 6.741143625364344
      vertex 14.290786518473267 3.189803468091096 6.725528258147577
      vertex 14.264891541688419 3.1347738412819046 6.741143625364344
    endloop
  endfacet
  facet normal 0.17055566121142943 0.18162333194528776 0.9684646259527624
    outer loop
      vertex 14.284720672573792 3.1221898921685183 6.741143625364344
      vertex 14.293297549848988 3.114135668302385 6.741143625364344
      vertex 14.323487422727313 3.1690508432043343 6.725528258147577
    endloop
  endfacet
  facet normal 0.14644733939688487 0.20156747024693678 0.9684646259527623
    outer loop
      vertex 14.284720672573792 3.1221898921685183 6.741143625364344
      vertex 14.323487422727313 3.1690508432043343 6.725528258147577
      vertex 14.275201964616711 3.1291056383110023 6.741143625364344
    endloop
  endfacet
  facet normal 0.17055566121145221 0.1816233319452747 0.9684646259527607
    outer loop
      vertex 14.293297549848988 3.114135668302385 6.741143625364344
      vertex 14.337631847119697 3.155768344591076 6.725528258147577
      vertex 14.323487422727313 3.1690508432043343 6.725528258147577
    endloop
  endfacet
  facet normal 0.22543865115897324 0.10608337684010087 0.9684646259527623
    outer loop
      vertex 14.307101748843435 3.095135818379841 6.741143625364344
      vertex 14.368658367554845 3.1068783714131207 6.725528258147577
      vertex 14.360396828208922 3.1244350361999995 6.725528258147577
    endloop
  endfacet
  facet normal 0.21036522741254898 0.13350183284826772 0.9684646259527603
    outer loop
      vertex 14.300797333964086 3.1050699866343328 6.741143625364344
      vertex 14.360396828208922 3.1244350361999995 6.725528258147577
      vertex 14.35 3.14081781600067 6.725528258147577
    endloop
  endfacet
  facet normal 0.33365815258512127 0.1570076087418433 0.9295272174663054
    outer loop
      vertex 14.368658367554845 3.1068783714131207 6.725528258147577
      vertex 14.42293978673768 3.1283699056248953 6.702413526233009
      vertex 14.411556618711407 3.1525603690339494 6.702413526233009
    endloop
  endfacet
  facet normal 0.3336581525851144 0.1570076087418504 0.9295272174663065
    outer loop
      vertex 14.360396828208922 3.1244350361999995 6.725528258147577
      vertex 14.368658367554845 3.1068783714131207 6.725528258147577
      vertex 14.411556618711407 3.1525603690339494 6.702413526233009
    endloop
  endfacet
  facet normal 0.31134888709531894 0.19758801201958484 0.9295272174663067
    outer loop
      vertex 14.360396828208922 3.1244350361999995 6.725528258147577
      vertex 14.397231341364533 3.1751333941567434 6.702413526233009
      vertex 14.35 3.14081781600067 6.725528258147577
    endloop
  endfacet
  facet normal 0.311348887095321 0.1975880120195833 0.9295272174663064
    outer loop
      vertex 14.360396828208922 3.1244350361999995 6.725528258147577
      vertex 14.411556618711407 3.1525603690339494 6.702413526233009
      vertex 14.397231341364533 3.1751333941567434 6.702413526233009
    endloop
  endfacet
  facet normal 0.19197421836371686 0.15881488520230141 0.9684646259527602
    outer loop
      vertex 14.300797333964086 3.1050699866343328 6.741143625364344
      vertex 14.35 3.14081781600067 6.725528258147577
      vertex 14.337631847119697 3.155768344591076 6.725528258147577
    endloop
  endfacet
  facet normal 0.3717607862041865 0.30754726903939456 0.8759044440732422
    outer loop
      vertex 14.397231341364533 3.1751333941567434 6.702413526233009
      vertex 14.420300461635728 3.2333993408909585 6.672163962751007
      vertex 14.380189872878324 3.195732990902619 6.702413526233009
    endloop
  endfacet
  facet normal 0.06196135777164738 0.24132355546293144 0.9684646259527621
    outer loop
      vertex 14.242555878527936 3.142031138171169 6.741143625364344
      vertex 14.253952005317652 3.139105110134353 6.741143625364344
      vertex 14.253952005317652 3.2017717269165047 6.725528258147577
    endloop
  endfacet
  facet normal 0.09171863550008055 0.2316548298226896 0.9684646259527624
    outer loop
      vertex 14.253952005317652 3.139105110134353 6.741143625364344
      vertex 14.264891541688419 3.1347738412819046 6.741143625364344
      vertex 14.290786518473267 3.189803468091096 6.725528258147577
    endloop
  endfacet
  facet normal 0.06196135777165312 0.24132355546293136 0.9684646259527617
    outer loop
      vertex 14.253952005317652 3.139105110134353 6.741143625364344
      vertex 14.272745751406264 3.196946313073118 6.725528258147577
      vertex 14.253952005317652 3.2017717269165047 6.725528258147577
    endloop
  endfacet
  facet normal 0.09171863550007579 0.23165482982269286 0.9684646259527621
    outer loop
      vertex 14.253952005317652 3.139105110134353 6.741143625364344
      vertex 14.290786518473267 3.189803468091096 6.725528258147577
      vertex 14.272745751406264 3.196946313073118 6.725528258147577
    endloop
  endfacet
  facet normal 0.14644733939686427 0.20156747024696095 0.9684646259527604
    outer loop
      vertex 14.275201964616711 3.1291056383110023 6.741143625364344
      vertex 14.323487422727313 3.1690508432043343 6.725528258147577
      vertex 14.307789792844984 3.1804558389027333 6.725528258147577
    endloop
  endfacet
  facet normal 0.12002945555660746 0.21833276913226646 0.9684646259527606
    outer loop
      vertex 14.275201964616711 3.1291056383110023 6.741143625364344
      vertex 14.307789792844984 3.1804558389027333 6.725528258147577
      vertex 14.290786518473267 3.189803468091096 6.725528258147577
    endloop
  endfacet
  facet normal 0.17764835883697547 0.32314116511498436 0.9295272174663093
    outer loop
      vertex 14.307789792844984 3.1804558389027333 6.725528258147577
      vertex 14.315644002562829 3.242628310693947 6.702413526233009
      vertex 14.290786518473267 3.189803468091096 6.725528258147577
    endloop
  endfacet
  facet normal 0.21674787558812936 0.2983278572600531 0.9295272174663086
    outer loop
      vertex 14.323487422727313 3.1690508432043343 6.725528258147577
      vertex 14.339071976583869 3.229748672984427 6.702413526233009
      vertex 14.307789792844984 3.1804558389027333 6.725528258147577
    endloop
  endfacet
  facet normal 0.2841294636652057 0.23505233431443706 0.9295272174663077
    outer loop
      vertex 14.35 3.14081781600067 6.725528258147577
      vertex 14.380189872878324 3.195732990902619 6.702413526233009
      vertex 14.337631847119697 3.155768344591076 6.725528258147577
    endloop
  endfacet
  facet normal 0.2841294636652104 0.2350523343144342 0.9295272174663071
    outer loop
      vertex 14.35 3.14081781600067 6.725528258147577
      vertex 14.397231341364533 3.1751333941567434 6.702413526233009
      vertex 14.380189872878324 3.195732990902619 6.702413526233009
    endloop
  endfacet
  facet normal 0.2524291488623842 0.26880974088368453 0.9295272174663088
    outer loop
      vertex 14.323487422727313 3.1690508432043343 6.725528258147577
      vertex 14.337631847119697 3.155768344591076 6.725528258147577
      vertex 14.360700967390889 3.214034291325291 6.702413526233009
    endloop
  endfacet
  facet normal 0.2524291488623893 0.2688097408836822 0.9295272174663081
    outer loop
      vertex 14.337631847119697 3.155768344591076 6.725528258147577
      vertex 14.380189872878324 3.195732990902619 6.702413526233009
      vertex 14.360700967390889 3.214034291325291 6.702413526233009
    endloop
  endfacet
  facet normal 0.21674787558812955 0.29832785726005306 0.9295272174663085
    outer loop
      vertex 14.323487422727313 3.1690508432043343 6.725528258147577
      vertex 14.360700967390889 3.214034291325291 6.702413526233009
      vertex 14.339071976583869 3.229748672984427 6.702413526233009
    endloop
  endfacet
  facet normal 0.33028344766283 0.3517161484104771 0.8759044440732412
    outer loop
      vertex 14.380189872878324 3.195732990902619 6.702413526233009
      vertex 14.420300461635728 3.2333993408909585 6.672163962751007
      vertex 14.360700967390889 3.214034291325291 6.702413526233009
    endloop
  endfacet
  facet normal 0.2835973418500464 0.390338254016108 0.8759044440732359
    outer loop
      vertex 14.395774426734883 3.256430820682712 6.672163962751007
      vertex 14.339071976583869 3.229748672984427 6.702413526233009
      vertex 14.360700967390889 3.214034291325291 6.702413526233009
    endloop
  endfacet
  facet normal 0.23243873654349254 0.42280449217909694 0.8759044440732338
    outer loop
      vertex 14.315644002562829 3.242628310693947 6.702413526233009
      vertex 14.339071976583869 3.229748672984427 6.702413526233009
      vertex 14.36855517710873 3.2762067631165044 6.672163962751007
    endloop
  endfacet
  facet normal 0.3302834476628219 0.3517161484104954 0.875904444073237
    outer loop
      vertex 14.395774426734883 3.256430820682712 6.672163962751007
      vertex 14.360700967390889 3.214034291325291 6.702413526233009
      vertex 14.420300461635728 3.2333993408909585 6.672163962751007
    endloop
  endfacet
  facet normal 0.28359734185004126 0.39033825401611666 0.8759044440732338
    outer loop
      vertex 14.395774426734883 3.256430820682712 6.672163962751007
      vertex 14.36855517710873 3.2762067631165044 6.672163962751007
      vertex 14.339071976583869 3.229748672984427 6.702413526233009
    endloop
  endfacet
  facet normal 0.04621706994129144 0.36584577957847525 0.9295272174663092
    outer loop
      vertex 14.234701668810095 3.2042036099623834 6.725528258147577
      vertex 14.253952005317652 3.2017717269165047 6.725528258147577
      vertex 14.264891541688419 3.2591187848643317 6.702413526233009
    endloop
  endfacet
  facet normal 0.09170526908083683 0.35716844151205746 0.9295272174663093
    outer loop
      vertex 14.253952005317652 3.2017717269165047 6.725528258147577
      vertex 14.272745751406264 3.196946313073118 6.725528258147577
      vertex 14.264891541688419 3.2591187848643317 6.702413526233009
    endloop
  endfacet
  facet normal 0.135747221344941 0.3428583437609004 0.9295272174663095
    outer loop
      vertex 14.272745751406264 3.196946313073118 6.725528258147577
      vertex 14.290786518473267 3.189803468091096 6.725528258147577
      vertex 14.315644002562829 3.242628310693947 6.702413526233009
    endloop
  endfacet
  facet normal 0.1776483588369791 0.3231411651149838 0.929527217466309
    outer loop
      vertex 14.307789792844984 3.1804558389027333 6.725528258147577
      vertex 14.339071976583869 3.229748672984427 6.702413526233009
      vertex 14.315644002562829 3.242628310693947 6.702413526233009
    endloop
  endfacet
  facet normal 0.13574722134493372 0.3428583437609066 0.9295272174663083
    outer loop
      vertex 14.272745751406264 3.196946313073118 6.725528258147577
      vertex 14.315644002562829 3.242628310693947 6.702413526233009
      vertex 14.290786518473267 3.2524700848732477 6.702413526233009
    endloop
  endfacet
  facet normal 0.04621706994128855 0.3658457795784767 0.929527217466309
    outer loop
      vertex 14.234701668810095 3.2042036099623834 6.725528258147577
      vertex 14.264891541688419 3.2591187848643317 6.702413526233009
      vertex 14.238367451461096 3.2624695566965984 6.702413526233009
    endloop
  endfacet
  facet normal 0.09170526908084492 0.357168441512058 0.9295272174663082
    outer loop
      vertex 14.272745751406264 3.196946313073118 6.725528258147577
      vertex 14.290786518473267 3.2524700848732477 6.702413526233009
      vertex 14.264891541688419 3.2591187848643317 6.702413526233009
    endloop
  endfacet
  facet normal 0.0604713570911927 0.47868008087271285 0.8759044440732349
    outer loop
      vertex 14.238367451461096 3.2624695566965984 6.702413526233009
      vertex 14.264891541688419 3.2591187848643317 6.702413526233009
      vertex 14.275201964616711 3.3131679146533415 6.672163962751007
    endloop
  endfacet
  facet normal 0.11998904475719392 0.46732647473796235 0.8759044440732361
    outer loop
      vertex 14.290786518473267 3.2524700848732477 6.702413526233009
      vertex 14.275201964616711 3.3131679146533415 6.672163962751007
      vertex 14.264891541688419 3.2591187848643317 6.702413526233009
    endloop
  endfacet
  facet normal 0.17761443350941009 0.44860285092930047 0.8759044440732305
    outer loop
      vertex 14.315644002562829 3.242628310693947 6.702413526233009
      vertex 14.307789792844984 3.3048007824851604 6.672163962751007
      vertex 14.290786518473267 3.2524700848732477 6.702413526233009
    endloop
  endfacet
  facet normal 0.1776144335094142 0.4486028509293006 0.8759044440732298
    outer loop
      vertex 14.315644002562829 3.242628310693947 6.702413526233009
      vertex 14.339071976583869 3.2924152897665797 6.672163962751007
      vertex 14.307789792844984 3.3048007824851604 6.672163962751007
    endloop
  endfacet
  facet normal 0.060471357091176244 0.4786800808727224 0.8759044440732308
    outer loop
      vertex 14.238367451461096 3.2624695566965984 6.702413526233009
      vertex 14.275201964616711 3.3131679146533415 6.672163962751007
      vertex 14.241822421417227 3.3173847315985467 6.672163962751007
    endloop
  endfacet
  facet normal 0.11998904475721532 0.46732647473796557 0.8759044440732314
    outer loop
      vertex 14.290786518473267 3.2524700848732477 6.702413526233009
      vertex 14.307789792844984 3.3048007824851604 6.672163962751007
      vertex 14.275201964616711 3.3131679146533415 6.672163962751007
    endloop
  endfacet
  facet normal 0.23243873654347674 0.4228044921791171 0.8759044440732284
    outer loop
      vertex 14.315644002562829 3.242628310693947 6.702413526233009
      vertex 14.36855517710873 3.2762067631165044 6.672163962751007
      vertex 14.339071976583869 3.2924152897665797 6.672163962751007
    endloop
  endfacet
  facet normal 0.2835337702771179 0.5157460135102064 0.8084643781025683
    outer loop
      vertex 14.36855517710873 3.2762067631165044 6.672163962751007
      vertex 14.395774426734883 3.3190974374648645 6.635256621387894
      vertex 14.339071976583869 3.2924152897665797 6.672163962751007
    endloop
  endfacet
  facet normal 0.34593813738215645 0.47614299789431824 0.8084643781025701
    outer loop
      vertex 14.395774426734883 3.256430820682712 6.672163962751007
      vertex 14.395774426734883 3.3190974374648645 6.635256621387894
      vertex 14.36855517710873 3.2762067631165044 6.672163962751007
    endloop
  endfacet
  facet normal 0.6731274007473126 0.12840591908542529 0.7282935001131029
    outer loop
      vertex 14.541198855600102 3.089945204893332 6.635256621387894
      vertex 14.58661024603091 3.0956819976208285 6.592273552964345
      vertex 14.533699071485005 3.129260450043386 6.635256621387894
    endloop
  endfacet
  facet normal 0.6517260610912492 0.21175863379683896 0.7282935001130941
    outer loop
      vertex 14.533699071485005 3.129260450043386 6.635256621387894
      vertex 14.578033368755714 3.140643562850075 6.592273552964345
      vertex 14.521330918604702 3.1673257105483597 6.635256621387894
    endloop
  endfacet
  facet normal 0.6517260610912495 0.21175863379684123 0.7282935001130931
    outer loop
      vertex 14.521330918604702 3.1673257105483597 6.635256621387894
      vertex 14.578033368755714 3.140643562850075 6.592273552964345
      vertex 14.56388894436333 3.1841756249453352 6.592273552964345
    endloop
  endfacet
  facet normal 0.6200466121294967 0.2917717883547898 0.7282935001130939
    outer loop
      vertex 14.521330918604702 3.1673257105483597 6.635256621387894
      vertex 14.56388894436333 3.1841756249453352 6.592273552964345
      vertex 14.544400038875894 3.2255916572825747 6.592273552964345
    endloop
  endfacet
  facet normal 0.6200466121294821 0.29177178835480133 0.7282935001131018
    outer loop
      vertex 14.521330918604702 3.1673257105483597 6.635256621387894
      vertex 14.544400038875894 3.2255916572825747 6.592273552964345
      vertex 14.504289450118494 3.203540674511003 6.635256621387894
    endloop
  endfacet
  facet normal 0.7574722888540657 0.14449556699678193 0.6366763406444921
    outer loop
      vertex 14.626318826866319 3.100698357956743 6.543892626146237
      vertex 14.616800118909234 3.1505971725227777 6.543892626146237
      vertex 14.58661024603091 3.0956819976208285 6.592273552964345
    endloop
  endfacet
  facet normal 0.757472288854058 0.14449556699679225 0.636676340644499
    outer loop
      vertex 14.58661024603091 3.0956819976208285 6.592273552964345
      vertex 14.616800118909234 3.1505971725227777 6.543892626146237
      vertex 14.578033368755714 3.140643562850075 6.592273552964345
    endloop
  endfacet
  facet normal 0.6731274007473179 0.12840591908544463 0.7282935001130943
    outer loop
      vertex 14.58661024603091 3.0956819976208285 6.592273552964345
      vertex 14.578033368755714 3.140643562850075 6.592273552964345
      vertex 14.533699071485005 3.129260450043386 6.635256621387894
    endloop
  endfacet
  facet normal 0.7333892969630318 0.2382926275897006 0.636676340644496
    outer loop
      vertex 14.56388894436333 3.1841756249453352 6.592273552964345
      vertex 14.616800118909234 3.1505971725227777 6.543892626146237
      vertex 14.601102489026905 3.19890950958429 6.543892626146237
    endloop
  endfacet
  facet normal 0.7333892969630312 0.23829262758969721 0.6366763406444979
    outer loop
      vertex 14.56388894436333 3.1841756249453352 6.592273552964345
      vertex 14.578033368755714 3.140643562850075 6.592273552964345
      vertex 14.616800118909234 3.1505971725227777 6.543892626146237
    endloop
  endfacet
  facet normal 0.45887013823249984 0.14909594592488062 0.87590444407324
    outer loop
      vertex 14.47409957724017 3.1486254996090537 6.672163962751007
      vertex 14.42293978673768 3.1283699056248953 6.702413526233009
      vertex 14.431201326083604 3.102943501988225 6.702413526233009
    endloop
  endfacet
  facet normal 0.4588701382325498 0.1490959459248228 0.8759044440732235
    outer loop
      vertex 14.484496405449088 3.1166273525916157 6.672163962751007
      vertex 14.47409957724017 3.1486254996090537 6.672163962751007
      vertex 14.431201326083604 3.102943501988225 6.702413526233009
    endloop
  endfacet
  facet normal 0.4365651331205697 0.20543195806923523 0.8759044440732443
    outer loop
      vertex 14.42293978673768 3.1283699056248953 6.702413526233009
      vertex 14.459774299893295 3.179068263581639 6.672163962751007
      vertex 14.411556618711407 3.1525603690339494 6.702413526233009
    endloop
  endfacet
  facet normal 0.4365651331205877 0.20543195806921896 0.8759044440732391
    outer loop
      vertex 14.47409957724017 3.1486254996090537 6.672163962751007
      vertex 14.459774299893295 3.179068263581639 6.672163962751007
      vertex 14.42293978673768 3.1283699056248953 6.702413526233009
    endloop
  endfacet
  facet normal 0.5781203603969554 0.11028235685602002 0.8084643781025705
    outer loop
      vertex 14.49080082032844 3.0835784524225573 6.672163962751007
      vertex 14.533699071485005 3.129260450043386 6.635256621387894
      vertex 14.484496405449088 3.1166273525916157 6.672163962751007
    endloop
  endfacet
  facet normal 0.5597396642892108 0.1818704416902996 0.808464378102571
    outer loop
      vertex 14.533699071485005 3.129260450043386 6.635256621387894
      vertex 14.47409957724017 3.1486254996090537 6.672163962751007
      vertex 14.484496405449088 3.1166273525916157 6.672163962751007
    endloop
  endfacet
  facet normal 0.5597396642892191 0.1818704416903635 0.8084643781025508
    outer loop
      vertex 14.533699071485005 3.129260450043386 6.635256621387894
      vertex 14.521330918604702 3.1673257105483597 6.635256621387894
      vertex 14.47409957724017 3.1486254996090537 6.672163962751007
    endloop
  endfacet
  facet normal 0.3507054296909401 0.11395110168243026 0.9295272174663061
    outer loop
      vertex 14.368658367554845 3.1068783714131207 6.725528258147577
      vertex 14.431201326083604 3.102943501988225 6.702413526233009
      vertex 14.42293978673768 3.1283699056248953 6.702413526233009
    endloop
  endfacet
  facet normal 0.5325315393033437 0.25059032101513024 0.8084643781025516
    outer loop
      vertex 14.521330918604702 3.1673257105483597 6.635256621387894
      vertex 14.459774299893295 3.179068263581639 6.672163962751007
      vertex 14.47409957724017 3.1486254996090537 6.672163962751007
    endloop
  endfacet
  facet normal 0.4073752350679794 0.25852818551572115 0.8759044440732432
    outer loop
      vertex 14.397231341364533 3.1751333941567434 6.702413526233009
      vertex 14.411556618711407 3.1525603690339494 6.702413526233009
      vertex 14.459774299893295 3.179068263581639 6.672163962751007
    endloop
  endfacet
  facet normal 0.4073752350679765 0.2585281855157384 0.8759044440732395
    outer loop
      vertex 14.397231341364533 3.1751333941567434 6.702413526233009
      vertex 14.459774299893295 3.179068263581639 6.672163962751007
      vertex 14.441746491589734 3.2074755439358986 6.672163962751007
    endloop
  endfacet
  facet normal 0.3717607862041995 0.3075472690393877 0.875904444073239
    outer loop
      vertex 14.397231341364533 3.1751333941567434 6.702413526233009
      vertex 14.441746491589734 3.2074755439358986 6.672163962751007
      vertex 14.420300461635728 3.2333993408909585 6.672163962751007
    endloop
  endfacet
  facet normal 0.5325315393033436 0.2505903210151317 0.808464378102551
    outer loop
      vertex 14.521330918604702 3.1673257105483597 6.635256621387894
      vertex 14.504289450118494 3.203540674511003 6.635256621387894
      vertex 14.459774299893295 3.179068263581639 6.672163962751007
    endloop
  endfacet
  facet normal 0.6977403177533629 0.3283316710963982 0.6366763406445088
    outer loop
      vertex 14.56388894436333 3.1841756249453352 6.592273552964345
      vertex 14.579473498219889 3.244873454725429 6.543892626146237
      vertex 14.544400038875894 3.2255916572825747 6.592273552964345
    endloop
  endfacet
  facet normal 0.6510875569228466 0.4131927280141278 0.6366763406445084
    outer loop
      vertex 14.544400038875894 3.2255916572825747 6.592273552964345
      vertex 14.579473498219889 3.244873454725429 6.543892626146237
      vertex 14.51987400397505 3.2642385042910957 6.592273552964345
    endloop
  endfacet
  facet normal 0.5785886576965577 0.3671835275143785 0.7282935001131022
    outer loop
      vertex 14.504289450118494 3.203540674511003 6.635256621387894
      vertex 14.544400038875894 3.2255916572825747 6.592273552964345
      vertex 14.482843420164487 3.237334210315854 6.635256621387894
    endloop
  endfacet
  facet normal 0.578588657696554 0.3671835275144123 0.728293500113088
    outer loop
      vertex 14.482843420164487 3.237334210315854 6.635256621387894
      vertex 14.544400038875894 3.2255916572825747 6.592273552964345
      vertex 14.51987400397505 3.2642385042910957 6.592273552964345
    endloop
  endfacet
  facet normal 0.651087556922844 0.4131927280141507 0.636676340644496
    outer loop
      vertex 14.552254248593735 3.2877641290737882 6.543892626146237
      vertex 14.51987400397505 3.2642385042910957 6.592273552964345
      vertex 14.579473498219889 3.244873454725429 6.543892626146237
    endloop
  endfacet
  facet normal 0.5941667563788413 0.49153748878167197 0.6366763406444866
    outer loop
      vertex 14.552254248593735 3.2877641290737882 6.543892626146237
      vertex 14.51987400397505 3.3269051210732483 6.543892626146237
      vertex 14.490697629882328 3.2995066821070678 6.592273552964345
    endloop
  endfacet
  facet normal 0.5941667563788454 0.49153748878165476 0.6366763406444961
    outer loop
      vertex 14.552254248593735 3.2877641290737882 6.543892626146237
      vertex 14.490697629882328 3.2995066821070678 6.592273552964345
      vertex 14.51987400397505 3.2642385042910957 6.592273552964345
    endloop
  endfacet
  facet normal 0.5280060144996023 0.4368045631002947 0.7282935001131112
    outer loop
      vertex 14.482843420164487 3.237334210315854 6.635256621387894
      vertex 14.490697629882328 3.2995066821070678 6.592273552964345
      vertex 14.45733104544629 3.2681733737159915 6.635256621387894
    endloop
  endfacet
  facet normal 0.4690964010385427 0.49953692979168185 0.728293500113098
    outer loop
      vertex 14.42815467135357 3.295571812682172 6.635256621387894
      vertex 14.490697629882328 3.2995066821070678 6.592273552964345
      vertex 14.45733104544629 3.330839990498144 6.592273552964345
    endloop
  endfacet
  facet normal 0.4690964010385531 0.499536929791654 0.7282935001131106
    outer loop
      vertex 14.45733104544629 3.2681733737159915 6.635256621387894
      vertex 14.490697629882328 3.2995066821070678 6.592273552964345
      vertex 14.42815467135357 3.295571812682172 6.635256621387894
    endloop
  endfacet
  facet normal 0.5280060144996505 0.4368045631002734 0.7282935001130892
    outer loop
      vertex 14.482843420164487 3.237334210315854 6.635256621387894
      vertex 14.51987400397505 3.2642385042910957 6.592273552964345
      vertex 14.490697629882328 3.2995066821070678 6.592273552964345
    endloop
  endfacet
  facet normal 0.6977403177533804 0.3283316710963841 0.6366763406444969
    outer loop
      vertex 14.56388894436333 3.1841756249453352 6.592273552964345
      vertex 14.601102489026905 3.19890950958429 6.543892626146237
      vertex 14.579473498219889 3.244873454725429 6.543892626146237
    endloop
  endfacet
  facet normal 0.49692507382373985 0.3153582412820764 0.808464378102552
    outer loop
      vertex 14.504289450118494 3.203540674511003 6.635256621387894
      vertex 14.482843420164487 3.237334210315854 6.635256621387894
      vertex 14.459774299893295 3.179068263581639 6.672163962751007
    endloop
  endfacet
  facet normal 0.49692507382370826 0.31535824128209644 0.8084643781025639
    outer loop
      vertex 14.459774299893295 3.179068263581639 6.672163962751007
      vertex 14.482843420164487 3.237334210315854 6.635256621387894
      vertex 14.441746491589734 3.2074755439358986 6.672163962751007
    endloop
  endfacet
  facet normal 0.4534818030812684 0.3751527736981261 0.8084643781025632
    outer loop
      vertex 14.482843420164487 3.237334210315854 6.635256621387894
      vertex 14.420300461635728 3.2333993408909585 6.672163962751007
      vertex 14.441746491589734 3.2074755439358986 6.672163962751007
    endloop
  endfacet
  facet normal 0.453481803081257 0.37515277369817074 0.8084643781025488
    outer loop
      vertex 14.482843420164487 3.237334210315854 6.635256621387894
      vertex 14.45733104544629 3.2681733737159915 6.635256621387894
      vertex 14.420300461635728 3.2333993408909585 6.672163962751007
    endloop
  endfacet
  facet normal 0.40288685340733216 0.429030922767575 0.8084643781025495
    outer loop
      vertex 14.45733104544629 3.2681733737159915 6.635256621387894
      vertex 14.42815467135357 3.295571812682172 6.635256621387894
      vertex 14.420300461635728 3.2333993408909585 6.672163962751007
    endloop
  endfacet
  facet normal 0.40288685340730107 0.4290309227675849 0.8084643781025597
    outer loop
      vertex 14.395774426734883 3.256430820682712 6.672163962751007
      vertex 14.420300461635728 3.2333993408909585 6.672163962751007
      vertex 14.42815467135357 3.295571812682172 6.635256621387894
    endloop
  endfacet
  facet normal 0.34593813738218976 0.476142997894312 0.8084643781025596
    outer loop
      vertex 14.395774426734883 3.256430820682712 6.672163962751007
      vertex 14.42815467135357 3.295571812682172 6.635256621387894
      vertex 14.395774426734883 3.3190974374648645 6.635256621387894
    endloop
  endfacet
  facet normal 0.3674009985105489 0.9279489966527052 0.06266710384794535
    outer loop
      vertex 14.436210947338486 3.498846110449292 6.312666616782153
      vertex 14.379508497187475 3.5255282581475766 6.25
      vertex 14.3782901515377 3.5217785757986766 6.312666616782153
    endloop
  endfacet
  facet normal 0.8426683866574242 0.534773619603178 0.06266710384794763
    outer loop
      vertex 14.659698370065799 3.2889774512442873 6.312666616782153
      vertex 14.629508497187475 3.3438926261462365 6.25
      vertex 14.626318826866319 3.341575195007601 6.312666616782153
    endloop
  endfacet
  facet normal 0.7689987877660209 0.6361711236056702 0.06266710384794667
    outer loop
      vertex 14.629508497187475 3.3438926261462365 6.25
      vertex 14.58661024603091 3.389574623767065 6.312666616782153
      vertex 14.626318826866319 3.341575195007601 6.312666616782153
    endloop
  endfacet
  facet normal 0.7689987877660004 0.6361711236056986 0.06266710384791185
    outer loop
      vertex 14.629508497187475 3.3438926261462365 6.25
      vertex 14.589484313710704 3.392273552964344 6.25
      vertex 14.58661024603091 3.389574623767065 6.312666616782153
    endloop
  endfacet
  facet normal 0.6832016186139631 0.7275358289586675 0.06266710384791459
    outer loop
      vertex 14.589484313710704 3.392273552964344 6.25
      vertex 14.543711994874345 3.435256621387895 6.25
      vertex 14.58661024603091 3.389574623767065 6.312666616782153
    endloop
  endfacet
  facet normal 0.5866299518114495 0.8074268596801882 0.06266710384792183
    outer loop
      vertex 14.543711994874345 3.435256621387895 6.25
      vertex 14.492913397489497 3.472163962751007 6.25
      vertex 14.49080082032844 3.4688350738104523 6.312666616782153
    endloop
  endfacet
  facet normal 0.683201618613949 0.7275358289586793 0.06266710384793285
    outer loop
      vertex 14.58661024603091 3.389574623767065 6.312666616782153
      vertex 14.543711994874345 3.435256621387895 6.25
      vertex 14.541198855600102 3.432218757857676 6.312666616782153
    endloop
  endfacet
  facet normal 0.5866299518114587 0.8074268596801806 0.06266710384793371
    outer loop
      vertex 14.543711994874345 3.435256621387895 6.25
      vertex 14.49080082032844 3.4688350738104523 6.312666616782153
      vertex 14.541198855600102 3.432218757857676 6.312666616782153
    endloop
  endfacet
  facet normal 0.48080678023317824 0.8745842864910837 0.06266710384792228
    outer loop
      vertex 14.437889645782535 3.50241352623301 6.25
      vertex 14.49080082032844 3.4688350738104523 6.312666616782153
      vertex 14.492913397489497 3.472163962751007 6.25
    endloop
  endfacet
  facet normal 0.36740099851055774 0.9279489966527024 0.06266710384793615
    outer loop
      vertex 14.437889645782535 3.50241352623301 6.25
      vertex 14.379508497187475 3.5255282581475766 6.25
      vertex 14.436210947338486 3.498846110449292 6.312666616782153
    endloop
  endfacet
  facet normal 0.4808067802331675 0.8745842864910887 0.06266710384793402
    outer loop
      vertex 14.437889645782535 3.50241352623301 6.25
      vertex 14.436210947338486 3.498846110449292 6.312666616782153
      vertex 14.49080082032844 3.4688350738104523 6.312666616782153
    endloop
  endfacet
  facet normal 0.12508688926686728 0.9901646854078623 0.06266710384793402
    outer loop
      vertex 14.31869065729286 3.5411436253643442 6.25
      vertex 14.256395259764657 3.5490133642141357 6.25
      vertex 14.317951878476064 3.537270811180856 6.312666616782153
    endloop
  endfacet
  facet normal 0.24820108356668805 0.9666793968072529 0.06266710384793198
    outer loop
      vertex 14.31869065729286 3.5411436253643442 6.25
      vertex 14.317951878476064 3.537270811180856 6.312666616782153
      vertex 14.379508497187475 3.5255282581475766 6.25
    endloop
  endfacet
  facet normal 0.12508688926686048 0.9901646854078627 0.06266710384794075
    outer loop
      vertex 14.256395259764657 3.5490133642141357 6.25
      vertex 14.256147698764101 3.54507849478924 6.312666616782153
      vertex 14.317951878476064 3.537270811180856 6.312666616782153
    endloop
  endfacet
  facet normal 0.24820108356669965 0.9666793968072492 0.06266710384794404
    outer loop
      vertex 14.379508497187475 3.5255282581475766 6.25
      vertex 14.317951878476064 3.537270811180856 6.312666616782153
      vertex 14.3782901515377 3.5217785757986766 6.312666616782153
    endloop
  endfacet
  facet normal 0.36162908641087843 0.9133708107921458 0.18702450602670131
    outer loop
      vertex 14.3782901515377 3.5217785757986766 6.312666616782153
      vertex 14.374654328627075 3.5105886634825714 6.374344943582427
      vertex 14.431201326083604 3.488200123376119 6.374344943582427
    endloop
  endfacet
  facet normal 0.23656267359969615 0.9213507827454882 0.30846529236470005
    outer loop
      vertex 14.374654328627075 3.5105886634825714 6.374344943582427
      vertex 14.31574719300894 3.5257134452235723 6.374344943582427
      vertex 14.368658367554845 3.492134992801015 6.434062276342338
    endloop
  endfacet
  facet normal 0.3501731791089912 0.8844364918065434 0.30846529236469455
    outer loop
      vertex 14.374654328627075 3.5105886634825714 6.374344943582427
      vertex 14.368658367554845 3.492134992801015 6.434062276342338
      vertex 14.431201326083604 3.488200123376119 6.374344943582427
    endloop
  endfacet
  facet normal 0.23656267359967711 0.9213507827454875 0.3084652923647165
    outer loop
      vertex 14.312111370098316 3.5066537940576756 6.434062276342338
      vertex 14.368658367554845 3.492134992801015 6.434062276342338
      vertex 14.31574719300894 3.5257134452235723 6.374344943582427
    endloop
  endfacet
  facet normal 0.3332081563357224 0.8415877354762783 0.4250910585360019
    outer loop
      vertex 14.360396828208922 3.4667085891643445 6.490876837050857
      vertex 14.411556618711407 3.446452995180186 6.490876837050857
      vertex 14.42293978673768 3.4706434585892403 6.434062276342338
    endloop
  endfacet
  facet normal 0.21009476124926674 0.8182650702338266 0.5350723933551838
    outer loop
      vertex 14.307101748843435 3.4803924397677353 6.490876837050857
      vertex 14.300797333964086 3.447343539598677 6.543892626146237
      vertex 14.360396828208922 3.4667085891643445 6.490876837050857
    endloop
  endfacet
  facet normal 0.1058822941394415 0.8381446615333876 0.5350723933551909
    outer loop
      vertex 14.25251187585348 3.487288744492009 6.490876837050857
      vertex 14.250399298692423 3.4537102920694513 6.543892626146237
      vertex 14.300797333964086 3.447343539598677 6.543892626146237
    endloop
  endfacet
  facet normal 0.3109939084697027 0.7854809499687947 0.5350723933551964
    outer loop
      vertex 14.411556618711407 3.446452995180186 6.490876837050857
      vertex 14.35 3.4347104421469066 6.543892626146237
      vertex 14.397231341364533 3.4160102312076006 6.543892626146237
    endloop
  endfacet
  facet normal 0.31099390846970265 0.7854809499687948 0.5350723933551963
    outer loop
      vertex 14.360396828208922 3.4667085891643445 6.490876837050857
      vertex 14.35 3.4347104421469066 6.543892626146237
      vertex 14.411556618711407 3.446452995180186 6.490876837050857
    endloop
  endfacet
  facet normal 0.21009476124928225 0.8182650702338141 0.5350723933551966
    outer loop
      vertex 14.360396828208922 3.4667085891643445 6.490876837050857
      vertex 14.300797333964086 3.447343539598677 6.543892626146237
      vertex 14.35 3.4347104421469066 6.543892626146237
    endloop
  endfacet
  facet normal 0.11344545040256017 0.8980132079962521 0.42509105853598045
    outer loop
      vertex 14.25419057429753 3.513970892190293 6.434062276342338
      vertex 14.25251187585348 3.487288744492009 6.490876837050857
      vertex 14.312111370098316 3.5066537940576756 6.434062276342338
    endloop
  endfacet
  facet normal 0.11344545040257306 0.8980132079962452 0.42509105853599166
    outer loop
      vertex 14.312111370098316 3.5066537940576756 6.434062276342338
      vertex 14.25251187585348 3.487288744492009 6.490876837050857
      vertex 14.307101748843435 3.4803924397677353 6.490876837050857
    endloop
  endfacet
  facet normal 0.22510179828323867 0.8767136204955448 0.42509105853598717
    outer loop
      vertex 14.312111370098316 3.5066537940576756 6.434062276342338
      vertex 14.360396828208922 3.4667085891643445 6.490876837050857
      vertex 14.368658367554845 3.492134992801015 6.434062276342338
    endloop
  endfacet
  facet normal 0.3332081563357106 0.8415877354762893 0.42509105853598955
    outer loop
      vertex 14.368658367554845 3.492134992801015 6.434062276342338
      vertex 14.360396828208922 3.4667085891643445 6.490876837050857
      vertex 14.42293978673768 3.4706434585892403 6.434062276342338
    endloop
  endfacet
  facet normal 0.2251017982832346 0.8767136204955442 0.4250910585359903
    outer loop
      vertex 14.312111370098316 3.5066537940576756 6.434062276342338
      vertex 14.307101748843435 3.4803924397677353 6.490876837050857
      vertex 14.360396828208922 3.4667085891643445 6.490876837050857
    endloop
  endfacet
  facet normal 0.10588229413944777 0.8381446615333895 0.5350723933551865
    outer loop
      vertex 14.25251187585348 3.487288744492009 6.490876837050857
      vertex 14.300797333964086 3.447343539598677 6.543892626146237
      vertex 14.307101748843435 3.4803924397677353 6.490876837050857
    endloop
  endfacet
  facet normal 0.6511655758485853 0.6934209084215278 0.308465292364706
    outer loop
      vertex 14.578033368755714 3.381520399900932 6.374344943582427
      vertex 14.533699071485005 3.4231530761896227 6.374344943582427
      vertex 14.56388894436333 3.3682379012876744 6.434062276342338
    endloop
  endfacet
  facet normal 0.6511655758485787 0.6934209084215311 0.3084652923647123
    outer loop
      vertex 14.56388894436333 3.3682379012876744 6.434062276342338
      vertex 14.533699071485005 3.4231530761896227 6.374344943582427
      vertex 14.521330918604702 3.408202547599217 6.434062276342338
    endloop
  endfacet
  facet normal 0.8294299690247281 0.5263722643045555 0.18702450602670706
    outer loop
      vertex 14.64938794713751 3.283309248273386 6.374344943582427
      vertex 14.626318826866319 3.341575195007601 6.312666616782153
      vertex 14.616800118909234 3.334659448865117 6.374344943582427
    endloop
  endfacet
  facet normal 0.7569177280364005 0.6261768018137374 0.18702450602670503
    outer loop
      vertex 14.626318826866319 3.341575195007601 6.312666616782153
      vertex 14.58661024603091 3.389574623767065 6.312666616782153
      vertex 14.616800118909234 3.334659448865117 6.374344943582427
    endloop
  endfacet
  facet normal 0.8031547793466479 0.5096975218882125 0.3084652923647205
    outer loop
      vertex 14.64938794713751 3.283309248273386 6.374344943582427
      vertex 14.616800118909234 3.334659448865117 6.374344943582427
      vertex 14.601102489026905 3.323254453166717 6.434062276342338
    endloop
  endfacet
  facet normal 0.7329396254628452 0.6063403902369787 0.3084652923647206
    outer loop
      vertex 14.616800118909234 3.334659448865117 6.374344943582427
      vertex 14.56388894436333 3.3682379012876744 6.434062276342338
      vertex 14.601102489026905 3.323254453166717 6.434062276342338
    endloop
  endfacet
  facet normal 0.756917728036392 0.6261768018137445 0.1870245060267155
    outer loop
      vertex 14.58661024603091 3.389574623767065 6.312666616782153
      vertex 14.578033368755714 3.381520399900932 6.374344943582427
      vertex 14.616800118909234 3.334659448865117 6.374344943582427
    endloop
  endfacet
  facet normal 0.6724684423162078 0.7161061570984271 0.18702450602671328
    outer loop
      vertex 14.58661024603091 3.389574623767065 6.312666616782153
      vertex 14.533699071485005 3.4231530761896227 6.374344943582427
      vertex 14.578033368755714 3.381520399900932 6.374344943582427
    endloop
  endfacet
  facet normal 0.732939625462839 0.6063403902369932 0.30846529236470704
    outer loop
      vertex 14.616800118909234 3.334659448865117 6.374344943582427
      vertex 14.578033368755714 3.381520399900932 6.374344943582427
      vertex 14.56388894436333 3.3682379012876744 6.434062276342338
    endloop
  endfacet
  facet normal 0.6974305168867176 0.5769647008854903 0.4250910585359828
    outer loop
      vertex 14.579473498219889 3.3075400715075807 6.490876837050857
      vertex 14.56388894436333 3.3682379012876744 6.434062276342338
      vertex 14.544400038875894 3.349936600865002 6.490876837050857
    endloop
  endfacet
  facet normal 0.650934373029302 0.5384997454763483 0.5350723933551961
    outer loop
      vertex 14.579473498219889 3.3075400715075807 6.490876837050857
      vertex 14.544400038875894 3.349936600865002 6.490876837050857
      vertex 14.51987400397505 3.3269051210732483 6.543892626146237
    endloop
  endfacet
  facet normal 0.5783096466992169 0.615837223951078 0.5350723933551951
    outer loop
      vertex 14.544400038875894 3.349936600865002 6.490876837050857
      vertex 14.482843420164487 3.3616791538982813 6.543892626146237
      vertex 14.51987400397505 3.3269051210732483 6.543892626146237
    endloop
  endfacet
  facet normal 0.6196182173342488 0.659826383755821 0.4250910585359843
    outer loop
      vertex 14.544400038875894 3.349936600865002 6.490876837050857
      vertex 14.56388894436333 3.3682379012876744 6.434062276342338
      vertex 14.521330918604702 3.408202547599217 6.434062276342338
    endloop
  endfacet
  facet normal 0.6196182173342389 0.6598263837558251 0.4250910585359924
    outer loop
      vertex 14.544400038875894 3.349936600865002 6.490876837050857
      vertex 14.521330918604702 3.408202547599217 6.434062276342338
      vertex 14.504289450118494 3.387602950853341 6.490876837050857
    endloop
  endfacet
  facet normal 0.532034168352424 0.7322822103931609 0.42509105853599294
    outer loop
      vertex 14.521330918604702 3.408202547599217 6.434062276342338
      vertex 14.47409957724017 3.4425181257552904 6.434062276342338
      vertex 14.504289450118494 3.387602950853341 6.490876837050857
    endloop
  endfacet
  facet normal 0.4965646317752225 0.6834625815208143 0.5350723933551814
    outer loop
      vertex 14.504289450118494 3.387602950853341 6.490876837050857
      vertex 14.459774299893295 3.4199451006324963 6.490876837050857
      vertex 14.482843420164487 3.3616791538982813 6.543892626146237
    endloop
  endfacet
  facet normal 0.4069884959747657 0.7403093258992057 0.5350723933552
    outer loop
      vertex 14.459774299893295 3.4199451006324963 6.490876837050857
      vertex 14.397231341364533 3.4160102312076006 6.543892626146237
      vertex 14.441746491589734 3.391537820278237 6.543892626146237
    endloop
  endfacet
  facet normal 0.4965646317751913 0.6834625815208206 0.5350723933552021
    outer loop
      vertex 14.459774299893295 3.4199451006324963 6.490876837050857
      vertex 14.441746491589734 3.391537820278237 6.543892626146237
      vertex 14.482843420164487 3.3616791538982813 6.543892626146237
    endloop
  endfacet
  facet normal 0.5783096466992078 0.6158372239511001 0.5350723933551796
    outer loop
      vertex 14.544400038875894 3.349936600865002 6.490876837050857
      vertex 14.504289450118494 3.387602950853341 6.490876837050857
      vertex 14.482843420164487 3.3616791538982813 6.543892626146237
    endloop
  endfacet
  facet normal 0.697430516886741 0.5769647008854772 0.4250910585359624
    outer loop
      vertex 14.579473498219889 3.3075400715075807 6.490876837050857
      vertex 14.601102489026905 3.323254453166717 6.434062276342338
      vertex 14.56388894436333 3.3682379012876744 6.434062276342338
    endloop
  endfacet
  facet normal 0.6724684423161994 0.7161061570984385 0.18702450602669976
    outer loop
      vertex 14.58661024603091 3.389574623767065 6.312666616782153
      vertex 14.541198855600102 3.432218757857676 6.312666616782153
      vertex 14.533699071485005 3.4231530761896227 6.374344943582427
    endloop
  endfacet
  facet normal 0.5774139275474844 0.7947420905046225 0.18702450602669968
    outer loop
      vertex 14.541198855600102 3.432218757857676 6.312666616782153
      vertex 14.49080082032844 3.4688350738104523 6.312666616782153
      vertex 14.533699071485005 3.4231530761896227 6.374344943582427
    endloop
  endfacet
  facet normal 0.5774139275474814 0.7947420905046239 0.18702450602670273
    outer loop
      vertex 14.49080082032844 3.4688350738104523 6.312666616782153
      vertex 14.484496405449088 3.4589009055559607 6.374344943582427
      vertex 14.533699071485005 3.4231530761896227 6.374344943582427
    endloop
  endfacet
  facet normal 0.45826124440046573 0.8335741090550394 0.3084652923646905
    outer loop
      vertex 14.484496405449088 3.4589009055559607 6.374344943582427
      vertex 14.431201326083604 3.488200123376119 6.374344943582427
      vertex 14.47409957724017 3.4425181257552904 6.434062276342338
    endloop
  endfacet
  facet normal 0.5591222561157226 0.7695657646507001 0.30846529236471243
    outer loop
      vertex 14.521330918604702 3.408202547599217 6.434062276342338
      vertex 14.533699071485005 3.4231530761896227 6.374344943582427
      vertex 14.47409957724017 3.4425181257552904 6.434062276342338
    endloop
  endfacet
  facet normal 0.5591222561157035 0.769565764650725 0.3084652923646852
    outer loop
      vertex 14.484496405449088 3.4589009055559607 6.374344943582427
      vertex 14.47409957724017 3.4425181257552904 6.434062276342338
      vertex 14.533699071485005 3.4231530761896227 6.374344943582427
    endloop
  endfacet
  facet normal 0.4732532502109984 0.8608444663876283 0.1870245060266853
    outer loop
      vertex 14.436210947338486 3.498846110449292 6.312666616782153
      vertex 14.431201326083604 3.488200123376119 6.374344943582427
      vertex 14.49080082032844 3.4688350738104523 6.312666616782153
    endloop
  endfacet
  facet normal 0.4732532502110107 0.8608444663876182 0.18702450602670032
    outer loop
      vertex 14.49080082032844 3.4688350738104523 6.312666616782153
      vertex 14.431201326083604 3.488200123376119 6.374344943582427
      vertex 14.484496405449088 3.4589009055559607 6.374344943582427
    endloop
  endfacet
  facet normal 0.36162908641089336 0.9133708107921428 0.18702450602668683
    outer loop
      vertex 14.436210947338486 3.498846110449292 6.312666616782153
      vertex 14.3782901515377 3.5217785757986766 6.312666616782153
      vertex 14.431201326083604 3.488200123376119 6.374344943582427
    endloop
  endfacet
  facet normal 0.4582612444004433 0.8335741090550444 0.3084652923647103
    outer loop
      vertex 14.431201326083604 3.488200123376119 6.374344943582427
      vertex 14.42293978673768 3.4706434585892403 6.434062276342338
      vertex 14.47409957724017 3.4425181257552904 6.434062276342338
    endloop
  endfacet
  facet normal 0.35017317910900314 0.884436491806534 0.3084652923647077
    outer loop
      vertex 14.368658367554845 3.492134992801015 6.434062276342338
      vertex 14.42293978673768 3.4706434585892403 6.434062276342338
      vertex 14.431201326083604 3.488200123376119 6.374344943582427
    endloop
  endfacet
  facet normal 0.5320341683524225 0.7322822103931613 0.42509105853599405
    outer loop
      vertex 14.504289450118494 3.387602950853341 6.490876837050857
      vertex 14.47409957724017 3.4425181257552904 6.434062276342338
      vertex 14.459774299893295 3.4199451006324963 6.490876837050857
    endloop
  endfacet
  facet normal 0.4360596227138461 0.7931895091284339 0.4250910585359945
    outer loop
      vertex 14.47409957724017 3.4425181257552904 6.434062276342338
      vertex 14.42293978673768 3.4706434585892403 6.434062276342338
      vertex 14.459774299893295 3.4199451006324963 6.490876837050857
    endloop
  endfacet
  facet normal 0.43605962271383375 0.7931895091284356 0.4250910585360039
    outer loop
      vertex 14.459774299893295 3.4199451006324963 6.490876837050857
      vertex 14.42293978673768 3.4706434585892403 6.434062276342338
      vertex 14.411556618711407 3.446452995180186 6.490876837050857
    endloop
  endfacet
  facet normal 0.40698849597476244 0.74030932589921 0.5350723933551964
    outer loop
      vertex 14.459774299893295 3.4199451006324963 6.490876837050857
      vertex 14.411556618711407 3.446452995180186 6.490876837050857
      vertex 14.397231341364533 3.4160102312076006 6.543892626146237
    endloop
  endfacet
  facet normal 0.3301290922873887 0.6005025896018449 0.7282935001130952
    outer loop
      vertex 14.360700967390889 3.338379234907719 6.635256621387894
      vertex 14.420300461635728 3.3577442844733856 6.592273552964345
      vertex 14.380189872878324 3.3797952672449574 6.592273552964345
    endloop
  endfacet
  facet normal 0.33012909228739973 0.600502589601829 0.7282935001131033
    outer loop
      vertex 14.395774426734883 3.3190974374648645 6.635256621387894
      vertex 14.420300461635728 3.3577442844733856 6.592273552964345
      vertex 14.360700967390889 3.338379234907719 6.635256621387894
    endloop
  endfacet
  facet normal 0.3714952605920015 0.6757473704138346 0.6366763406444977
    outer loop
      vertex 14.380189872878324 3.3797952672449574 6.592273552964345
      vertex 14.420300461635728 3.3577442844733856 6.592273552964345
      vertex 14.397231341364533 3.4160102312076006 6.543892626146237
    endloop
  endfacet
  facet normal 0.2838723064954824 0.7169796028259569 0.6366763406444975
    outer loop
      vertex 14.380189872878324 3.3797952672449574 6.592273552964345
      vertex 14.397231341364533 3.4160102312076006 6.543892626146237
      vertex 14.337631847119697 3.396645181641934 6.592273552964345
    endloop
  endfacet
  facet normal 0.17041855853798202 0.6637364632132554 0.7282935001131037
    outer loop
      vertex 14.323487422727313 3.3531131195466735 6.635256621387894
      vertex 14.337631847119697 3.396645181641934 6.592273552964345
      vertex 14.293297549848988 3.4080282944486218 6.592273552964345
    endloop
  endfacet
  facet normal 0.08588652013330395 0.6798618119532808 0.7282935001131025
    outer loop
      vertex 14.245012091738383 3.3680830895552907 6.635256621387894
      vertex 14.284720672573792 3.3630667292193763 6.635256621387894
      vertex 14.247886159418181 3.4137650871761194 6.592273552964345
    endloop
  endfacet
  facet normal 0.1704185585379819 0.6637364632132554 0.7282935001131037
    outer loop
      vertex 14.323487422727313 3.3531131195466735 6.635256621387894
      vertex 14.293297549848988 3.4080282944486218 6.592273552964345
      vertex 14.284720672573792 3.3630667292193763 6.635256621387894
    endloop
  endfacet
  facet normal 0.08588652013330554 0.6798618119532812 0.7282935001131018
    outer loop
      vertex 14.284720672573792 3.3630667292193763 6.635256621387894
      vertex 14.293297549848988 3.4080282944486218 6.592273552964345
      vertex 14.247886159418181 3.4137650871761194 6.592273552964345
    endloop
  endfacet
  facet normal 0.25226299447142564 0.6371435939514153 0.7282935001130957
    outer loop
      vertex 14.360700967390889 3.338379234907719 6.635256621387894
      vertex 14.380189872878324 3.3797952672449574 6.592273552964345
      vertex 14.337631847119697 3.396645181641934 6.592273552964345
    endloop
  endfacet
  facet normal 0.25226299447140604 0.6371435939514134 0.7282935001131038
    outer loop
      vertex 14.323487422727313 3.3531131195466735 6.635256621387894
      vertex 14.360700967390889 3.338379234907719 6.635256621387894
      vertex 14.337631847119697 3.396645181641934 6.592273552964345
    endloop
  endfacet
  facet normal 0.07376426203654088 0.5839042584066677 0.808464378102563
    outer loop
      vertex 14.245012091738383 3.3680830895552907 6.635256621387894
      vertex 14.241822421417227 3.3173847315985467 6.672163962751007
      vertex 14.275201964616711 3.3131679146533415 6.672163962751007
    endloop
  endfacet
  facet normal 0.21665790623990866 0.5472154064013303 0.8084643781025642
    outer loop
      vertex 14.307789792844984 3.3048007824851604 6.672163962751007
      vertex 14.339071976583869 3.2924152897665797 6.672163962751007
      vertex 14.323487422727313 3.3531131195466735 6.635256621387894
    endloop
  endfacet
  facet normal 0.1463652175961658 0.5700548854428501 0.8084643781025644
    outer loop
      vertex 14.307789792844984 3.3048007824851604 6.672163962751007
      vertex 14.323487422727313 3.3531131195466735 6.635256621387894
      vertex 14.275201964616711 3.3131679146533415 6.672163962751007
    endloop
  endfacet
  facet normal 0.07376426203655145 0.5839042584066712 0.8084643781025596
    outer loop
      vertex 14.245012091738383 3.3680830895552907 6.635256621387894
      vertex 14.275201964616711 3.3131679146533415 6.672163962751007
      vertex 14.284720672573792 3.3630667292193763 6.635256621387894
    endloop
  endfacet
  facet normal 0.14636521759614998 0.5700548854428631 0.808464378102558
    outer loop
      vertex 14.323487422727313 3.3531131195466735 6.635256621387894
      vertex 14.284720672573792 3.3630667292193763 6.635256621387894
      vertex 14.275201964616711 3.3131679146533415 6.672163962751007
    endloop
  endfacet
  facet normal 0.2835337702771084 0.5157460135102194 0.8084643781025632
    outer loop
      vertex 14.339071976583869 3.2924152897665797 6.672163962751007
      vertex 14.395774426734883 3.3190974374648645 6.635256621387894
      vertex 14.360700967390889 3.338379234907719 6.635256621387894
    endloop
  endfacet
  facet normal 0.21665790623991393 0.5472154064013306 0.8084643781025626
    outer loop
      vertex 14.339071976583869 3.2924152897665797 6.672163962751007
      vertex 14.360700967390889 3.338379234907719 6.635256621387894
      vertex 14.323487422727313 3.3531131195466735 6.635256621387894
    endloop
  endfacet
  facet normal 0.0966483594559662 0.7650505420415061 0.6366763406444975
    outer loop
      vertex 14.293297549848988 3.4080282944486218 6.592273552964345
      vertex 14.300797333964086 3.447343539598677 6.543892626146237
      vertex 14.250399298692423 3.4537102920694513 6.543892626146237
    endloop
  endfacet
  facet normal 0.09664835945596445 0.7650505420415054 0.6366763406444984
    outer loop
      vertex 14.293297549848988 3.4080282944486218 6.592273552964345
      vertex 14.250399298692423 3.4537102920694513 6.543892626146237
      vertex 14.247886159418181 3.4137650871761194 6.592273552964345
    endloop
  endfacet
  facet normal 0.19177251654837027 0.7469046385986878 0.6366763406444979
    outer loop
      vertex 14.293297549848988 3.4080282944486218 6.592273552964345
      vertex 14.337631847119697 3.396645181641934 6.592273552964345
      vertex 14.300797333964086 3.447343539598677 6.543892626146237
    endloop
  endfacet
  facet normal 0.28387230649547807 0.7169796028259617 0.636676340644494
    outer loop
      vertex 14.337631847119697 3.396645181641934 6.592273552964345
      vertex 14.397231341364533 3.4160102312076006 6.543892626146237
      vertex 14.35 3.4347104421469066 6.543892626146237
    endloop
  endfacet
  facet normal 0.1917725165483771 0.7469046385986893 0.6366763406444941
    outer loop
      vertex 14.337631847119697 3.396645181641934 6.592273552964345
      vertex 14.35 3.4347104421469066 6.543892626146237
      vertex 14.300797333964086 3.447343539598677 6.543892626146237
    endloop
  endfacet
  facet normal 0.527875591148681 0.5621304097208691 0.6366763406445054
    outer loop
      vertex 14.490697629882328 3.2995066821070678 6.592273552964345
      vertex 14.482843420164487 3.3616791538982813 6.543892626146237
      vertex 14.45733104544629 3.330839990498144 6.592273552964345
    endloop
  endfacet
  facet normal 0.4532595125085551 0.623858198298324 0.6366763406445036
    outer loop
      vertex 14.45733104544629 3.330839990498144 6.592273552964345
      vertex 14.482843420164487 3.3616791538982813 6.543892626146237
      vertex 14.420300461635728 3.3577442844733856 6.592273552964345
    endloop
  endfacet
  facet normal 0.5278755911487112 0.5621304097208599 0.6366763406444886
    outer loop
      vertex 14.490697629882328 3.2995066821070678 6.592273552964345
      vertex 14.51987400397505 3.3269051210732483 6.543892626146237
      vertex 14.482843420164487 3.3616791538982813 6.543892626146237
    endloop
  endfacet
  facet normal 0.4027888571084916 0.5543913006913492 0.7282935001130993
    outer loop
      vertex 14.42815467135357 3.295571812682172 6.635256621387894
      vertex 14.45733104544629 3.330839990498144 6.592273552964345
      vertex 14.420300461635728 3.3577442844733856 6.592273552964345
    endloop
  endfacet
  facet normal 0.40278885710848034 0.5543913006913511 0.7282935001131043
    outer loop
      vertex 14.42815467135357 3.295571812682172 6.635256621387894
      vertex 14.420300461635728 3.3577442844733856 6.592273552964345
      vertex 14.395774426734883 3.3190974374648645 6.635256621387894
    endloop
  endfacet
  facet normal 0.45325951250854013 0.6238581982983522 0.6366763406444866
    outer loop
      vertex 14.420300461635728 3.3577442844733856 6.592273552964345
      vertex 14.482843420164487 3.3616791538982813 6.543892626146237
      vertex 14.441746491589734 3.391537820278237 6.543892626146237
    endloop
  endfacet
  facet normal 0.3714952605920214 0.6757473704138338 0.6366763406444872
    outer loop
      vertex 14.397231341364533 3.4160102312076006 6.543892626146237
      vertex 14.420300461635728 3.3577442844733856 6.592273552964345
      vertex 14.441746491589734 3.391537820278237 6.543892626146237
    endloop
  endfacet
  facet normal 0.12312175979635098 0.9746090838947289 0.187024506026689
    outer loop
      vertex 14.317951878476064 3.537270811180856 6.312666616782153
      vertex 14.256147698764101 3.54507849478924 6.312666616782153
      vertex 14.255408919947305 3.5333359417559604 6.374344943582427
    endloop
  endfacet
  facet normal 0.12312175979635462 0.9746090838947278 0.18702450602669263
    outer loop
      vertex 14.317951878476064 3.537270811180856 6.312666616782153
      vertex 14.255408919947305 3.5333359417559604 6.374344943582427
      vertex 14.31574719300894 3.5257134452235723 6.374344943582427
    endloop
  endfacet
  facet normal 0.24430181589134203 0.9514927518891912 0.18702450602668955
    outer loop
      vertex 14.317951878476064 3.537270811180856 6.312666616782153
      vertex 14.31574719300894 3.5257134452235723 6.374344943582427
      vertex 14.3782901515377 3.5217785757986766 6.312666616782153
    endloop
  endfacet
  facet normal 0.244301815891349 0.9514927518891877 0.18702450602669685
    outer loop
      vertex 14.3782901515377 3.5217785757986766 6.312666616782153
      vertex 14.31574719300894 3.5257134452235723 6.374344943582427
      vertex 14.374654328627075 3.5105886634825714 6.374344943582427
    endloop
  endfacet
  facet normal 0.11922143341201608 0.9437348214522641 0.30846529236471215
    outer loop
      vertex 14.312111370098316 3.5066537940576756 6.434062276342338
      vertex 14.31574719300894 3.5257134452235723 6.374344943582427
      vertex 14.255408919947305 3.5333359417559604 6.374344943582427
    endloop
  endfacet
  facet normal 0.11922143341201116 0.9437348214522633 0.30846529236471654
    outer loop
      vertex 14.25419057429753 3.513970892190293 6.434062276342338
      vertex 14.312111370098316 3.5066537940576756 6.434062276342338
      vertex 14.255408919947305 3.5333359417559604 6.374344943582427
    endloop
  endfacet
  facet normal 0 0 -1
    outer loop
      vertex -1.4000000000000004 7.05 -4.75
      vertex -1.4000000000000004 6.849999999999999 -4.75
      vertex -2 6.849999999999999 -4.75
    endloop
  endfacet
  facet normal 0 0 -1
    outer loop
      vertex -2 7.05 -4.75
      vertex -1.4000000000000004 7.05 -4.75
      vertex -2 6.849999999999999 -4.75
    endloop
  endfacet
  facet normal -1 0 0
    outer loop
      vertex -2 7.05 -4.75
      vertex -2 6.849999999999999 -4.75
      vertex -2 6.849999999999999 -0.75
    endloop
  endfacet
  facet normal 0 1 0
    outer loop
      vertex -2 7.05 -4.75
      vertex -2 7.05 -0.75
      vertex -1.4000000000000004 7.05 -4.75
    endloop
  endfacet
  facet normal 1 0 0
    outer loop
      vertex -1.4000000000000004 7.05 -4.75
      vertex -1.4000000000000004 7.05 -0.75
      vertex -1.4000000000000004 6.849999999999999 -4.75
    endloop
  endfacet
  facet normal 0 0 -1
    outer loop
      vertex 0 7.05 -4.75
      vertex 0.5999999999999996 7.05 -4.75
      vertex 0 6.849999999999999 -4.75
    endloop
  endfacet
  facet normal 0 0 -1
    outer loop
      vertex 0.5999999999999996 7.05 -4.75
      vertex 0.5999999999999996 6.849999999999999 -4.75
      vertex 0 6.849999999999999 -4.75
    endloop
  endfacet
  facet normal -1 0 0
    outer loop
      vertex 0 7.05 -4.75
      vertex 0 6.849999999999999 -4.75
      vertex 0 6.849999999999999 -0.75
    endloop
  endfacet
  facet normal 0 1 0
    outer loop
      vertex 0 7.05 -4.75
      vertex 0 7.05 -0.75
      vertex 0.5999999999999996 7.05 -4.75
    endloop
  endfacet
  facet normal 1 0 0
    outer loop
      vertex 0.5999999999999996 7.05 -4.75
      vertex 0.5999999999999996 7.05 -0.75
      vertex 0.5999999999999996 6.849999999999999 -4.75
    endloop
  endfacet
  facet normal 0 0 -1
    outer loop
      vertex 2.0000000000000018 7.05 -4.75
      vertex 2.600000000000003 7.05 -4.75
      vertex 2.0000000000000018 6.849999999999999 -4.75
    endloop
  endfacet
  facet normal 0 0 -1
    outer loop
      vertex 2.600000000000003 7.05 -4.75
      vertex 2.600000000000003 6.849999999999999 -4.75
      vertex 2.0000000000000018 6.849999999999999 -4.75
    endloop
  endfacet
  facet normal -1 0 0
    outer loop
      vertex 2.0000000000000018 7.05 -4.75
      vertex 2.0000000000000018 6.849999999999999 -4.75
      vertex 2.0000000000000018 6.849999999999999 -0.75
    endloop
  endfacet
  facet normal 0 1 0
    outer loop
      vertex 2.0000000000000018 7.05 -4.75
      vertex 2.0000000000000018 7.05 -0.75
      vertex 2.600000000000003 7.05 -4.75
    endloop
  endfacet
  facet normal 1 0 0
    outer loop
      vertex 2.600000000000003 7.05 -4.75
      vertex 2.600000000000003 7.05 -0.75
      vertex 2.600000000000003 6.849999999999999 -4.75
    endloop
  endfacet
  facet normal -1 0 0
    outer loop
      vertex -2 7.05 -4.75
      vertex -2 6.849999999999999 -0.75
      vertex -2 7.05 -0.75
    endloop
  endfacet
  facet normal 0 1 0
    outer loop
      vertex -1.4000000000000004 7.05 -4.75
      vertex -2 7.05 -0.75
      vertex -1.4000000000000004 7.05 -0.75
    endloop
  endfacet
  facet normal 1 0 0
    outer loop
      vertex -1.4000000000000004 7.05 -0.75
      vertex -1.4000000000000004 6.849999999999999 -0.75
      vertex -1.4000000000000004 6.849999999999999 -4.75
    endloop
  endfacet
  facet normal 0 0 1
    outer loop
      vertex -2 7.05 -0.75
      vertex -2 6.849999999999999 -0.75
      vertex -1.4000000000000004 6.849999999999999 -0.75
    endloop
  endfacet
  facet normal 0 0 1
    outer loop
      vertex -2 7.05 -0.75
      vertex -1.4000000000000004 6.849999999999999 -0.75
      vertex -1.4000000000000004 7.05 -0.75
    endloop
  endfacet
  facet normal -1 0 0
    outer loop
      vertex 0 7.05 -4.75
      vertex 0 6.849999999999999 -0.75
      vertex 0 7.05 -0.75
    endloop
  endfacet
  facet normal 1 0 0
    outer loop
      vertex 0.5999999999999996 7.05 -0.75
      vertex 0.5999999999999996 6.849999999999999 -0.75
      vertex 0.5999999999999996 6.849999999999999 -4.75
    endloop
  endfacet
  facet normal 0 1 0
    outer loop
      vertex 0.5999999999999996 7.05 -4.75
      vertex 0 7.05 -0.75
      vertex 0.5999999999999996 7.05 -0.75
    endloop
  endfacet
  facet normal -1 0 0
    outer loop
      vertex 2.0000000000000018 7.05 -4.75
      vertex 2.0000000000000018 6.849999999999999 -0.75
      vertex 2.0000000000000018 7.05 -0.75
    endloop
  endfacet
  facet normal 0 1 0
    outer loop
      vertex 2.600000000000003 7.05 -4.75
      vertex 2.0000000000000018 7.05 -0.75
      vertex 2.600000000000003 7.05 -0.75
    endloop
  endfacet
  facet normal 1 0 0
    outer loop
      vertex 2.600000000000003 7.05 -0.75
      vertex 2.600000000000003 6.849999999999999 -0.75
      vertex 2.600000000000003 6.849999999999999 -4.75
    endloop
  endfacet
  facet normal 0 0 1
    outer loop
      vertex 0 7.05 -0.75
      vertex 0 6.849999999999999 -0.75
      vertex 0.5999999999999996 6.849999999999999 -0.75
    endloop
  endfacet
  facet normal 0 0 1
    outer loop
      vertex 0 7.05 -0.75
      vertex 0.5999999999999996 6.849999999999999 -0.75
      vertex 0.5999999999999996 7.05 -0.75
    endloop
  endfacet
  facet normal 0 0 1
    outer loop
      vertex 2.0000000000000018 7.05 -0.75
      vertex 2.0000000000000018 6.849999999999999 -0.75
      vertex 2.600000000000003 6.849999999999999 -0.75
    endloop
  endfacet
  facet normal 0 0 1
    outer loop
      vertex 2.0000000000000018 7.05 -0.75
      vertex 2.600000000000003 6.849999999999999 -0.75
      vertex 2.600000000000003 7.05 -0.75
    endloop
  endfacet
  facet normal -1 0 0
    outer loop
      vertex -12 -5.55 -4.2
      vertex -12 -3.55 4.199999999999999
      vertex -12 -3.55 -4.2
    endloop
  endfacet
  facet normal -1 0 0
    outer loop
      vertex -12 -5.55 -4.2
      vertex -12 -5.55 4.199999999999999
      vertex -12 -3.55 4.199999999999999
    endloop
  endfacet
  facet normal 0 0 -1
    outer loop
      vertex -12 -5.55 -4.2
      vertex -12 -3.55 -4.2
      vertex 12.000000000000002 -3.55 -4.2
    endloop
  endfacet
  facet normal 0 0 -1
    outer loop
      vertex -12 -5.55 -4.2
      vertex 12.000000000000002 -3.55 -4.2
      vertex 12.000000000000002 -5.55 -4.2
    endloop
  endfacet
  facet normal 0 1 0
    outer loop
      vertex -12 -3.55 -4.2
      vertex -12 -3.55 4.199999999999999
      vertex 12.000000000000002 -3.55 -4.2
    endloop
  endfacet
  facet normal 0 -1 0
    outer loop
      vertex -12 -5.55 -4.2
      vertex 12.000000000000002 -5.55 -4.2
      vertex 12.000000000000002 -5.55 4.199999999999999
    endloop
  endfacet
  facet normal 1 0 0
    outer loop
      vertex 12.000000000000002 -5.55 -4.2
      vertex 12.000000000000002 -3.55 -4.2
      vertex 12.000000000000002 -5.55 4.199999999999999
    endloop
  endfacet
  facet normal 0 -1 0
    outer loop
      vertex -12 -5.55 -4.2
      vertex 12.000000000000002 -5.55 4.199999999999999
      vertex -12 -5.55 4.199999999999999
    endloop
  endfacet
  facet normal 0 1 0
    outer loop
      vertex -12 -3.55 4.199999999999999
      vertex 12.000000000000002 -3.55 4.199999999999999
      vertex 12.000000000000002 -3.55 -4.2
    endloop
  endfacet
  facet normal 0 0 1
    outer loop
      vertex -12 -5.55 4.199999999999999
      vertex 12.000000000000002 -5.55 4.199999999999999
      vertex -12 -3.55 4.199999999999999
    endloop
  endfacet
  facet normal 0 0 1
    outer loop
      vertex -12 -3.55 4.199999999999999
      vertex 12.000000000000002 -5.55 4.199999999999999
      vertex 12.000000000000002 -3.55 4.199999999999999
    endloop
  endfacet
  facet normal 1 0 0
    outer loop
      vertex 12.000000000000002 -3.55 -4.2
      vertex 12.000000000000002 -3.55 4.199999999999999
      vertex 12.000000000000002 -5.55 4.199999999999999
    endloop
  endfacet
  facet normal -0.6845471059286887 0 -0.7289686274214114
    outer loop
      vertex -5.774847979497379 -6.25 -1.541026485551579
      vertex -5.9579372548428235 -6.25 -1.3690942118573766
      vertex -5.774847979497379 -5.75 -1.541026485551579
    endloop
  endfacet
  facet normal -0.6845471059286887 0 -0.7289686274214114
    outer loop
      vertex -5.9579372548428235 -6.25 -1.3690942118573766
      vertex -5.9579372548428235 -5.75 -1.3690942118573766
      vertex -5.774847979497379 -5.75 -1.541026485551579
    endloop
  endfacet
  facet normal -0.770513242775788 0 -0.6374239897486911
    outer loop
      vertex -5.9579372548428235 -6.25 -1.3690942118573766
      vertex -6.118033988749895 -5.75 -1.1755705045849467
      vertex -5.9579372548428235 -5.75 -1.3690942118573766
    endloop
  endfacet
  facet normal -0.770513242775788 0 -0.6374239897486911
    outer loop
      vertex -5.9579372548428235 -6.25 -1.3690942118573766
      vertex -6.118033988749895 -6.25 -1.1755705045849467
      vertex -6.118033988749895 -5.75 -1.1755705045849467
    endloop
  endfacet
  facet normal -0.8443279255020163 0 -0.5358267949789948
    outer loop
      vertex -6.118033988749895 -6.25 -1.1755705045849467
      vertex -6.252613360087727 -6.25 -0.9635073482034304
      vertex -6.252613360087727 -5.75 -0.9635073482034304
    endloop
  endfacet
  facet normal -0.8443279255020163 0 -0.5358267949789948
    outer loop
      vertex -6.118033988749895 -6.25 -1.1755705045849467
      vertex -6.252613360087727 -5.75 -0.9635073482034304
      vertex -6.118033988749895 -5.75 -1.1755705045849467
    endloop
  endfacet
  facet normal -0.904827052466018 0 -0.425779291565076
    outer loop
      vertex -6.252613360087727 -6.25 -0.9635073482034304
      vertex -6.359552971776504 -5.75 -0.7362491053693558
      vertex -6.252613360087727 -5.75 -0.9635073482034304
    endloop
  endfacet
  facet normal -0.9510565162951544 0 -0.3090169943749451
    outer loop
      vertex -6.437166322257262 -6.25 -0.49737977432971014
      vertex -6.437166322257262 -5.75 -0.49737977432971014
      vertex -6.359552971776504 -6.25 -0.7362491053693558
    endloop
  endfacet
  facet normal -0.9510565162951544 0 -0.3090169943749451
    outer loop
      vertex -6.359552971776504 -6.25 -0.7362491053693558
      vertex -6.437166322257262 -5.75 -0.49737977432971014
      vertex -6.359552971776504 -5.75 -0.7362491053693558
    endloop
  endfacet
  facet normal -0.904827052466018 0 -0.425779291565076
    outer loop
      vertex -6.252613360087727 -6.25 -0.9635073482034304
      vertex -6.359552971776504 -6.25 -0.7362491053693558
      vertex -6.359552971776504 -5.75 -0.7362491053693558
    endloop
  endfacet
  facet normal -0.9822872507286892 0 -0.18738131458572235
    outer loop
      vertex -6.437166322257262 -6.25 -0.49737977432971014
      vertex -6.484229402628955 -6.25 -0.2506664671286085
      vertex -6.484229402628955 -5.75 -0.2506664671286085
    endloop
  endfacet
  facet normal -0.9980267284282714 0 -0.06279051952931566
    outer loop
      vertex -6.484229402628955 -6.25 -0.2506664671286085
      vertex -6.5 -6.25 0
      vertex -6.5 -5.75 0
    endloop
  endfacet
  facet normal -0.9822872507286892 0 -0.18738131458572235
    outer loop
      vertex -6.437166322257262 -6.25 -0.49737977432971014
      vertex -6.484229402628955 -5.75 -0.2506664671286085
      vertex -6.437166322257262 -5.75 -0.49737977432971014
    endloop
  endfacet
  facet normal -0.9980267284282714 0 -0.06279051952931566
    outer loop
      vertex -6.484229402628955 -6.25 -0.2506664671286085
      vertex -6.5 -5.75 0
      vertex -6.484229402628955 -5.75 -0.2506664671286085
    endloop
  endfacet
  facet normal -0.9980267284282714 0 0.06279051952931566
    outer loop
      vertex -6.5 -6.25 0
      vertex -6.484229402628955 -6.25 0.2506664671286085
      vertex -6.484229402628955 -5.75 0.2506664671286085
    endloop
  endfacet
  facet normal -0.9822872507286892 0 0.18738131458572235
    outer loop
      vertex -6.484229402628955 -6.25 0.2506664671286085
      vertex -6.437166322257262 -6.25 0.49737977432971014
      vertex -6.437166322257262 -5.75 0.49737977432971014
    endloop
  endfacet
  facet normal -0.9980267284282714 0 0.06279051952931566
    outer loop
      vertex -6.5 -6.25 0
      vertex -6.484229402628955 -5.75 0.2506664671286085
      vertex -6.5 -5.75 0
    endloop
  endfacet
  facet normal -0.9822872507286892 0 0.18738131458572235
    outer loop
      vertex -6.484229402628955 -6.25 0.2506664671286085
      vertex -6.437166322257262 -5.75 0.49737977432971014
      vertex -6.484229402628955 -5.75 0.2506664671286085
    endloop
  endfacet
  facet normal -0.9510565162951544 0 0.3090169943749451
    outer loop
      vertex -6.437166322257262 -6.25 0.49737977432971014
      vertex -6.359552971776504 -6.25 0.7362491053693558
      vertex -6.359552971776504 -5.75 0.7362491053693558
    endloop
  endfacet
  facet normal -0.9510565162951544 0 0.3090169943749451
    outer loop
      vertex -6.437166322257262 -6.25 0.49737977432971014
      vertex -6.359552971776504 -5.75 0.7362491053693558
      vertex -6.437166322257262 -5.75 0.49737977432971014
    endloop
  endfacet
  facet normal -0.904827052466018 0 0.425779291565076
    outer loop
      vertex -6.359552971776504 -6.25 0.7362491053693558
      vertex -6.252613360087727 -5.75 0.9635073482034304
      vertex -6.359552971776504 -5.75 0.7362491053693558
    endloop
  endfacet
  facet normal -0.904827052466018 0 0.425779291565076
    outer loop
      vertex -6.359552971776504 -6.25 0.7362491053693558
      vertex -6.252613360087727 -6.25 0.9635073482034304
      vertex -6.252613360087727 -5.75 0.9635073482034304
    endloop
  endfacet
  facet normal -0.8443279255020163 0 0.5358267949789948
    outer loop
      vertex -6.252613360087727 -6.25 0.9635073482034304
      vertex -6.118033988749895 -6.25 1.1755705045849467
      vertex -6.118033988749895 -5.75 1.1755705045849467
    endloop
  endfacet
  facet normal -0.8443279255020163 0 0.5358267949789948
    outer loop
      vertex -6.252613360087727 -6.25 0.9635073482034304
      vertex -6.118033988749895 -5.75 1.1755705045849467
      vertex -6.252613360087727 -5.75 0.9635073482034304
    endloop
  endfacet
  facet normal -0.770513242775788 0 0.6374239897486911
    outer loop
      vertex -6.118033988749895 -6.25 1.1755705045849467
      vertex -5.9579372548428235 -5.75 1.3690942118573766
      vertex -6.118033988749895 -5.75 1.1755705045849467
    endloop
  endfacet
  facet normal -0.770513242775788 0 0.6374239897486911
    outer loop
      vertex -6.118033988749895 -6.25 1.1755705045849467
      vertex -5.9579372548428235 -6.25 1.3690942118573766
      vertex -5.9579372548428235 -5.75 1.3690942118573766
    endloop
  endfacet
  facet normal -0.684547105928687 0 0.7289686274214132
    outer loop
      vertex -5.9579372548428235 -6.25 1.3690942118573766
      vertex -5.774847979497379 -6.25 1.541026485551578
      vertex -5.9579372548428235 -5.75 1.3690942118573766
    endloop
  endfacet
  facet normal -0.684547105928687 0 0.7289686274214132
    outer loop
      vertex -5.774847979497379 -6.25 1.541026485551578
      vertex -5.774847979497379 -5.75 1.541026485551578
      vertex -5.9579372548428235 -5.75 1.3690942118573766
    endloop
  endfacet
  facet normal -0.48175367410171505 0 -0.8763066800438638
    outer loop
      vertex -5.571653589957993 -6.25 -1.6886558510040297
      vertex -5.351558583130144 -5.75 -1.8096541049320392
      vertex -5.351558583130144 -6.25 -1.8096541049320392
    endloop
  endfacet
  facet normal -0.36812455268468003 0 -0.9297764858882507
    outer loop
      vertex -5.118033988749895 -6.25 -1.9021130325903073
      vertex -5.351558583130144 -6.25 -1.8096541049320392
      vertex -5.118033988749895 -5.75 -1.9021130325903073
    endloop
  endfacet
  facet normal -0.48175367410171505 0 -0.8763066800438638
    outer loop
      vertex -5.571653589957993 -6.25 -1.6886558510040297
      vertex -5.571653589957993 -5.75 -1.6886558510040297
      vertex -5.351558583130144 -5.75 -1.8096541049320392
    endloop
  endfacet
  facet normal -0.36812455268468003 0 -0.9297764858882507
    outer loop
      vertex -5.351558583130144 -6.25 -1.8096541049320392
      vertex -5.351558583130144 -5.75 -1.8096541049320392
      vertex -5.118033988749895 -5.75 -1.9021130325903073
    endloop
  endfacet
  facet normal -0.2486898871648557 0 -0.9685831611286309
    outer loop
      vertex -5.118033988749895 -6.25 -1.9021130325903073
      vertex -4.87476262917145 -5.75 -1.9645745014573777
      vertex -4.87476262917145 -6.25 -1.9645745014573777
    endloop
  endfacet
  facet normal 0 -1 0
    outer loop
      vertex -5.118033988749895 -6.25 -1.9021130325903073
      vertex -4.87476262917145 -6.25 -1.9645745014573777
      vertex -3.881966011250105 -6.25 -1.9021130325903073
    endloop
  endfacet
  facet normal 0 -1 0
    outer loop
      vertex -4.87476262917145 -6.25 -1.9645745014573777
      vertex -4.625581039058627 -6.25 -1.9960534568565436
      vertex -4.12523737082855 -6.25 -1.9645745014573777
    endloop
  endfacet
  facet normal -0.12533323356430467 0 -0.9921147013144778
    outer loop
      vertex -4.87476262917145 -6.25 -1.9645745014573777
      vertex -4.625581039058627 -5.75 -1.9960534568565436
      vertex -4.625581039058627 -6.25 -1.9960534568565436
    endloop
  endfacet
  facet normal 0 -1 0
    outer loop
      vertex -5.571653589957993 -6.25 -1.6886558510040297
      vertex -5.351558583130144 -6.25 -1.8096541049320392
      vertex -3.428346410042007 -6.25 -1.6886558510040306
    endloop
  endfacet
  facet normal 0 -1 0
    outer loop
      vertex -5.118033988749895 -6.25 -1.9021130325903073
      vertex -3.648441416869856 -6.25 -1.8096541049320392
      vertex -5.351558583130144 -6.25 -1.8096541049320392
    endloop
  endfacet
  facet normal -0.2486898871648557 0 -0.9685831611286309
    outer loop
      vertex -5.118033988749895 -6.25 -1.9021130325903073
      vertex -5.118033988749895 -5.75 -1.9021130325903073
      vertex -4.87476262917145 -5.75 -1.9645745014573777
    endloop
  endfacet
  facet normal -0.12533323356430467 0 -0.9921147013144778
    outer loop
      vertex -4.87476262917145 -6.25 -1.9645745014573777
      vertex -4.87476262917145 -5.75 -1.9645745014573777
      vertex -4.625581039058627 -5.75 -1.9960534568565436
    endloop
  endfacet
  facet normal 0 0 -1
    outer loop
      vertex -4.625581039058627 -6.25 -1.9960534568565436
      vertex -4.625581039058627 -5.75 -1.9960534568565436
      vertex -4.374418960941373 -5.75 -1.9960534568565436
    endloop
  endfacet
  facet normal 0 1 0
    outer loop
      vertex -4.87476262917145 -5.75 -1.9645745014573777
      vertex -4.374418960941373 -5.75 -1.9960534568565436
      vertex -4.625581039058627 -5.75 -1.9960534568565436
    endloop
  endfacet
  facet normal 0 1 0
    outer loop
      vertex -5.118033988749895 -5.75 -1.9021130325903073
      vertex -4.12523737082855 -5.75 -1.9645745014573777
      vertex -4.87476262917145 -5.75 -1.9645745014573777
    endloop
  endfacet
  facet normal 0 1 0
    outer loop
      vertex -5.118033988749895 -5.75 -1.9021130325903073
      vertex -5.351558583130144 -5.75 -1.8096541049320392
      vertex -3.881966011250105 -5.75 -1.9021130325903073
    endloop
  endfacet
  facet normal 0 1 0
    outer loop
      vertex -5.571653589957993 -5.75 -1.6886558510040297
      vertex -3.648441416869856 -5.75 -1.8096541049320392
      vertex -5.351558583130144 -5.75 -1.8096541049320392
    endloop
  endfacet
  facet normal 0 -1 0
    outer loop
      vertex -4.625581039058627 -6.25 -1.9960534568565436
      vertex -4.374418960941373 -6.25 -1.9960534568565436
      vertex -4.12523737082855 -6.25 -1.9645745014573777
    endloop
  endfacet
  facet normal 0 -1 0
    outer loop
      vertex -4.87476262917145 -6.25 -1.9645745014573777
      vertex -4.12523737082855 -6.25 -1.9645745014573777
      vertex -3.881966011250105 -6.25 -1.9021130325903073
    endloop
  endfacet
  facet normal 0 0 -1
    outer loop
      vertex -4.625581039058627 -6.25 -1.9960534568565436
      vertex -4.374418960941373 -5.75 -1.9960534568565436
      vertex -4.374418960941373 -6.25 -1.9960534568565436
    endloop
  endfacet
  facet normal 0.12533323356430467 0 -0.9921147013144778
    outer loop
      vertex -4.374418960941373 -6.25 -1.9960534568565436
      vertex -4.12523737082855 -5.75 -1.9645745014573777
      vertex -4.12523737082855 -6.25 -1.9645745014573777
    endloop
  endfacet
  facet normal 0.2486898871648557 0 -0.9685831611286309
    outer loop
      vertex -4.12523737082855 -6.25 -1.9645745014573777
      vertex -3.881966011250105 -5.75 -1.9021130325903073
      vertex -3.881966011250105 -6.25 -1.9021130325903073
    endloop
  endfacet
  facet normal 0 -1 0
    outer loop
      vertex -5.118033988749895 -6.25 -1.9021130325903073
      vertex -3.881966011250105 -6.25 -1.9021130325903073
      vertex -3.648441416869856 -6.25 -1.8096541049320392
    endloop
  endfacet
  facet normal 0 -1 0
    outer loop
      vertex -5.351558583130144 -6.25 -1.8096541049320392
      vertex -3.648441416869856 -6.25 -1.8096541049320392
      vertex -3.428346410042007 -6.25 -1.6886558510040306
    endloop
  endfacet
  facet normal 0.12533323356430467 0 -0.9921147013144778
    outer loop
      vertex -4.374418960941373 -6.25 -1.9960534568565436
      vertex -4.374418960941373 -5.75 -1.9960534568565436
      vertex -4.12523737082855 -5.75 -1.9645745014573777
    endloop
  endfacet
  facet normal 0.2486898871648557 0 -0.9685831611286309
    outer loop
      vertex -4.12523737082855 -6.25 -1.9645745014573777
      vertex -4.12523737082855 -5.75 -1.9645745014573777
      vertex -3.881966011250105 -5.75 -1.9021130325903073
    endloop
  endfacet
  facet normal 0.36812455268468003 0 -0.9297764858882507
    outer loop
      vertex -3.881966011250105 -6.25 -1.9021130325903073
      vertex -3.648441416869856 -5.75 -1.8096541049320392
      vertex -3.648441416869856 -6.25 -1.8096541049320392
    endloop
  endfacet
  facet normal 0.4817536741017122 0 -0.8763066800438651
    outer loop
      vertex -3.648441416869856 -6.25 -1.8096541049320392
      vertex -3.428346410042007 -5.75 -1.6886558510040306
      vertex -3.428346410042007 -6.25 -1.6886558510040306
    endloop
  endfacet
  facet normal 0.36812455268468003 0 -0.9297764858882507
    outer loop
      vertex -3.881966011250105 -6.25 -1.9021130325903073
      vertex -3.881966011250105 -5.75 -1.9021130325903073
      vertex -3.648441416869856 -5.75 -1.8096541049320392
    endloop
  endfacet
  facet normal 0.4817536741017122 0 -0.8763066800438651
    outer loop
      vertex -3.648441416869856 -6.25 -1.8096541049320392
      vertex -3.648441416869856 -5.75 -1.8096541049320392
      vertex -3.428346410042007 -5.75 -1.6886558510040306
    endloop
  endfacet
  facet normal 0 1 0
    outer loop
      vertex -4.87476262917145 -5.75 -1.9645745014573777
      vertex -4.12523737082855 -5.75 -1.9645745014573777
      vertex -4.374418960941373 -5.75 -1.9960534568565436
    endloop
  endfacet
  facet normal 0 1 0
    outer loop
      vertex -5.118033988749895 -5.75 -1.9021130325903073
      vertex -3.881966011250105 -5.75 -1.9021130325903073
      vertex -4.12523737082855 -5.75 -1.9645745014573777
    endloop
  endfacet
  facet normal 0 1 0
    outer loop
      vertex -5.351558583130144 -5.75 -1.8096541049320392
      vertex -3.648441416869856 -5.75 -1.8096541049320392
      vertex -3.881966011250105 -5.75 -1.9021130325903073
    endloop
  endfacet
  facet normal 0 1 0
    outer loop
      vertex -5.571653589957993 -5.75 -1.6886558510040297
      vertex -3.428346410042007 -5.75 -1.6886558510040306
      vertex -3.648441416869856 -5.75 -1.8096541049320392
    endloop
  endfacet
  facet normal -0.587785252292472 0 -0.8090169943749483
    outer loop
      vertex -5.774847979497379 -6.25 -1.541026485551579
      vertex -5.571653589957993 -5.75 -1.6886558510040297
      vertex -5.571653589957993 -6.25 -1.6886558510040297
    endloop
  endfacet
  facet normal -0.587785252292472 0 -0.8090169943749483
    outer loop
      vertex -5.774847979497379 -6.25 -1.541026485551579
      vertex -5.774847979497379 -5.75 -1.541026485551579
      vertex -5.571653589957993 -5.75 -1.6886558510040297
    endloop
  endfacet
  facet normal 0 -1 0
    outer loop
      vertex -5.774847979497379 -6.25 -1.541026485551579
      vertex -5.571653589957993 -6.25 -1.6886558510040297
      vertex -3.2251520205026196 -6.25 -1.541026485551578
    endloop
  endfacet
  facet normal 0 -1 0
    outer loop
      vertex -5.774847979497379 -6.25 -1.541026485551579
      vertex -3.0420627451571765 -6.25 -1.3690942118573766
      vertex -5.9579372548428235 -6.25 -1.3690942118573766
    endloop
  endfacet
  facet normal 0 -1 0
    outer loop
      vertex -5.9579372548428235 -6.25 -1.3690942118573766
      vertex -2.881966011250105 -6.25 -1.1755705045849467
      vertex -6.118033988749895 -6.25 -1.1755705045849467
    endloop
  endfacet
  facet normal 0 -1 0
    outer loop
      vertex -6.118033988749895 -6.25 -1.1755705045849467
      vertex -2.747386639912273 -6.25 -0.9635073482034304
      vertex -6.252613360087727 -6.25 -0.9635073482034304
    endloop
  endfacet
  facet normal 0 1 0
    outer loop
      vertex -5.774847979497379 -5.75 -1.541026485551579
      vertex -3.428346410042007 -5.75 -1.6886558510040306
      vertex -5.571653589957993 -5.75 -1.6886558510040297
    endloop
  endfacet
  facet normal 0 1 0
    outer loop
      vertex -5.774847979497379 -5.75 -1.541026485551579
      vertex -5.9579372548428235 -5.75 -1.3690942118573766
      vertex -3.2251520205026196 -5.75 -1.541026485551578
    endloop
  endfacet
  facet normal 0 1 0
    outer loop
      vertex -5.9579372548428235 -5.75 -1.3690942118573766
      vertex -6.118033988749895 -5.75 -1.1755705045849467
      vertex -3.0420627451571765 -5.75 -1.3690942118573766
    endloop
  endfacet
  facet normal 0 1 0
    outer loop
      vertex -6.252613360087727 -5.75 -0.9635073482034304
      vertex -6.359552971776504 -5.75 -0.7362491053693558
      vertex -2.747386639912273 -5.75 -0.9635073482034304
    endloop
  endfacet
  facet normal 0 1 0
    outer loop
      vertex -6.118033988749895 -5.75 -1.1755705045849467
      vertex -6.252613360087727 -5.75 -0.9635073482034304
      vertex -2.881966011250105 -5.75 -1.1755705045849467
    endloop
  endfacet
  facet normal 0 -1 0
    outer loop
      vertex -5.571653589957993 -6.25 -1.6886558510040297
      vertex -3.428346410042007 -6.25 -1.6886558510040306
      vertex -3.2251520205026196 -6.25 -1.541026485551578
    endloop
  endfacet
  facet normal 0 -1 0
    outer loop
      vertex -5.774847979497379 -6.25 -1.541026485551579
      vertex -3.2251520205026196 -6.25 -1.541026485551578
      vertex -3.0420627451571765 -6.25 -1.3690942118573766
    endloop
  endfacet
  facet normal 0 -1 0
    outer loop
      vertex -5.9579372548428235 -6.25 -1.3690942118573766
      vertex -3.0420627451571765 -6.25 -1.3690942118573766
      vertex -2.881966011250105 -6.25 -1.1755705045849467
    endloop
  endfacet
  facet normal 0.5877852522924732 0 -0.8090169943749473
    outer loop
      vertex -3.428346410042007 -6.25 -1.6886558510040306
      vertex -3.2251520205026196 -5.75 -1.541026485551578
      vertex -3.2251520205026196 -6.25 -1.541026485551578
    endloop
  endfacet
  facet normal 0.5877852522924732 0 -0.8090169943749473
    outer loop
      vertex -3.428346410042007 -6.25 -1.6886558510040306
      vertex -3.428346410042007 -5.75 -1.6886558510040306
      vertex -3.2251520205026196 -5.75 -1.541026485551578
    endloop
  endfacet
  facet normal 0 -1 0
    outer loop
      vertex -6.118033988749895 -6.25 -1.1755705045849467
      vertex -2.881966011250105 -6.25 -1.1755705045849467
      vertex -2.747386639912273 -6.25 -0.9635073482034304
    endloop
  endfacet
  facet normal 0 -1 0
    outer loop
      vertex -6.252613360087727 -6.25 -0.9635073482034304
      vertex -2.747386639912273 -6.25 -0.9635073482034304
      vertex -2.640447028223498 -6.25 -0.7362491053693567
    endloop
  endfacet
  facet normal 0 1 0
    outer loop
      vertex -5.774847979497379 -5.75 -1.541026485551579
      vertex -3.2251520205026196 -5.75 -1.541026485551578
      vertex -3.428346410042007 -5.75 -1.6886558510040306
    endloop
  endfacet
  facet normal 0 1 0
    outer loop
      vertex -5.9579372548428235 -5.75 -1.3690942118573766
      vertex -3.0420627451571765 -5.75 -1.3690942118573766
      vertex -3.2251520205026196 -5.75 -1.541026485551578
    endloop
  endfacet
  facet normal 0 1 0
    outer loop
      vertex -6.118033988749895 -5.75 -1.1755705045849467
      vertex -2.881966011250105 -5.75 -1.1755705045849467
      vertex -3.0420627451571765 -5.75 -1.3690942118573766
    endloop
  endfacet
  facet normal 0 1 0
    outer loop
      vertex -6.252613360087727 -5.75 -0.9635073482034304
      vertex -2.747386639912273 -5.75 -0.9635073482034304
      vertex -2.881966011250105 -5.75 -1.1755705045849467
    endloop
  endfacet
  facet normal 0 -1 0
    outer loop
      vertex -6.437166322257262 -6.25 -0.49737977432971014
      vertex -6.359552971776504 -6.25 -0.7362491053693558
      vertex -2.562833677742738 -6.25 -0.49737977432970926
    endloop
  endfacet
  facet normal 0 -1 0
    outer loop
      vertex -6.252613360087727 -6.25 -0.9635073482034304
      vertex -2.640447028223498 -6.25 -0.7362491053693567
      vertex -6.359552971776504 -6.25 -0.7362491053693558
    endloop
  endfacet
  facet normal 0 -1 0
    outer loop
      vertex -6.437166322257262 -6.25 -0.49737977432971014
      vertex -2.515770597371045 -6.25 -0.2506664671286085
      vertex -6.484229402628955 -6.25 -0.2506664671286085
    endloop
  endfacet
  facet normal 0 -1 0
    outer loop
      vertex -6.484229402628955 -6.25 -0.2506664671286085
      vertex -2.5 -6.25 0
      vertex -6.5 -6.25 0
    endloop
  endfacet
  facet normal 0 1 0
    outer loop
      vertex -6.437166322257262 -5.75 -0.49737977432971014
      vertex -2.640447028223498 -5.75 -0.7362491053693567
      vertex -6.359552971776504 -5.75 -0.7362491053693558
    endloop
  endfacet
  facet normal 0 1 0
    outer loop
      vertex -6.437166322257262 -5.75 -0.49737977432971014
      vertex -6.484229402628955 -5.75 -0.2506664671286085
      vertex -2.562833677742738 -5.75 -0.49737977432970926
    endloop
  endfacet
  facet normal 0 1 0
    outer loop
      vertex -6.484229402628955 -5.75 -0.2506664671286085
      vertex -6.5 -5.75 0
      vertex -2.515770597371045 -5.75 -0.2506664671286085
    endloop
  endfacet
  facet normal 0 -1 0
    outer loop
      vertex -6.359552971776504 -6.25 -0.7362491053693558
      vertex -2.640447028223498 -6.25 -0.7362491053693567
      vertex -2.562833677742738 -6.25 -0.49737977432970926
    endloop
  endfacet
  facet normal 0 -1 0
    outer loop
      vertex -6.437166322257262 -6.25 -0.49737977432971014
      vertex -2.562833677742738 -6.25 -0.49737977432970926
      vertex -2.515770597371045 -6.25 -0.2506664671286085
    endloop
  endfacet
  facet normal 0 -1 0
    outer loop
      vertex -6.484229402628955 -6.25 -0.2506664671286085
      vertex -2.515770597371045 -6.25 -0.2506664671286085
      vertex -2.5 -6.25 0
    endloop
  endfacet
  facet normal 0 1 0
    outer loop
      vertex -6.359552971776504 -5.75 -0.7362491053693558
      vertex -2.640447028223498 -5.75 -0.7362491053693567
      vertex -2.747386639912273 -5.75 -0.9635073482034304
    endloop
  endfacet
  facet normal 0 1 0
    outer loop
      vertex -6.437166322257262 -5.75 -0.49737977432971014
      vertex -2.562833677742738 -5.75 -0.49737977432970926
      vertex -2.640447028223498 -5.75 -0.7362491053693567
    endloop
  endfacet
  facet normal 0 1 0
    outer loop
      vertex -6.484229402628955 -5.75 -0.2506664671286085
      vertex -2.515770597371045 -5.75 -0.2506664671286085
      vertex -2.562833677742738 -5.75 -0.49737977432970926
    endloop
  endfacet
  facet normal 0 1 0
    outer loop
      vertex -6.5 -5.75 0
      vertex -2.5 -5.75 0
      vertex -2.515770597371045 -5.75 -0.2506664671286085
    endloop
  endfacet
  facet normal 0.6845471059286904 0 -0.7289686274214099
    outer loop
      vertex -3.2251520205026196 -6.25 -1.541026485551578
      vertex -3.0420627451571765 -5.75 -1.3690942118573766
      vertex -3.0420627451571765 -6.25 -1.3690942118573766
    endloop
  endfacet
  facet normal 0.770513242775788 0 -0.6374239897486911
    outer loop
      vertex -3.0420627451571765 -6.25 -1.3690942118573766
      vertex -3.0420627451571765 -5.75 -1.3690942118573766
      vertex -2.881966011250105 -6.25 -1.1755705045849467
    endloop
  endfacet
  facet normal 0.6845471059286904 0 -0.7289686274214099
    outer loop
      vertex -3.2251520205026196 -6.25 -1.541026485551578
      vertex -3.2251520205026196 -5.75 -1.541026485551578
      vertex -3.0420627451571765 -5.75 -1.3690942118573766
    endloop
  endfacet
  facet normal 0.8443279255020163 0 -0.5358267949789948
    outer loop
      vertex -2.881966011250105 -6.25 -1.1755705045849467
      vertex -2.881966011250105 -5.75 -1.1755705045849467
      vertex -2.747386639912273 -6.25 -0.9635073482034304
    endloop
  endfacet
  facet normal 0.90482705246602 0 -0.42577929156507155
    outer loop
      vertex -2.747386639912273 -6.25 -0.9635073482034304
      vertex -2.747386639912273 -5.75 -0.9635073482034304
      vertex -2.640447028223498 -6.25 -0.7362491053693567
    endloop
  endfacet
  facet normal 0.770513242775788 0 -0.6374239897486911
    outer loop
      vertex -2.881966011250105 -6.25 -1.1755705045849467
      vertex -3.0420627451571765 -5.75 -1.3690942118573766
      vertex -2.881966011250105 -5.75 -1.1755705045849467
    endloop
  endfacet
  facet normal 0.8443279255020163 0 -0.5358267949789948
    outer loop
      vertex -2.747386639912273 -6.25 -0.9635073482034304
      vertex -2.881966011250105 -5.75 -1.1755705045849467
      vertex -2.747386639912273 -5.75 -0.9635073482034304
    endloop
  endfacet
  facet normal 0.9510565162951529 0 -0.3090169943749494
    outer loop
      vertex -2.640447028223498 -6.25 -0.7362491053693567
      vertex -2.640447028223498 -5.75 -0.7362491053693567
      vertex -2.562833677742738 -6.25 -0.49737977432970926
    endloop
  endfacet
  facet normal 0.90482705246602 0 -0.42577929156507155
    outer loop
      vertex -2.747386639912273 -5.75 -0.9635073482034304
      vertex -2.640447028223498 -5.75 -0.7362491053693567
      vertex -2.640447028223498 -6.25 -0.7362491053693567
    endloop
  endfacet
  facet normal 0.9510565162951529 0 -0.3090169943749494
    outer loop
      vertex -2.562833677742738 -6.25 -0.49737977432970926
      vertex -2.640447028223498 -5.75 -0.7362491053693567
      vertex -2.562833677742738 -5.75 -0.49737977432970926
    endloop
  endfacet
  facet normal 0.982287250728689 0 -0.18738131458572302
    outer loop
      vertex -2.562833677742738 -6.25 -0.49737977432970926
      vertex -2.562833677742738 -5.75 -0.49737977432970926
      vertex -2.515770597371045 -6.25 -0.2506664671286085
    endloop
  endfacet
  facet normal 0.9980267284282714 0 -0.06279051952931566
    outer loop
      vertex -2.515770597371045 -6.25 -0.2506664671286085
      vertex -2.515770597371045 -5.75 -0.2506664671286085
      vertex -2.5 -6.25 0
    endloop
  endfacet
  facet normal 0.982287250728689 0 -0.18738131458572302
    outer loop
      vertex -2.515770597371045 -6.25 -0.2506664671286085
      vertex -2.562833677742738 -5.75 -0.49737977432970926
      vertex -2.515770597371045 -5.75 -0.2506664671286085
    endloop
  endfacet
  facet normal 0.9980267284282714 0 -0.06279051952931566
    outer loop
      vertex -2.515770597371045 -5.75 -0.2506664671286085
      vertex -2.5 -5.75 0
      vertex -2.5 -6.25 0
    endloop
  endfacet
  facet normal 0 -1 0
    outer loop
      vertex -6.5 -6.25 0
      vertex -2.515770597371045 -6.25 0.2506664671286085
      vertex -6.484229402628955 -6.25 0.2506664671286085
    endloop
  endfacet
  facet normal 0 -1 0
    outer loop
      vertex -6.484229402628955 -6.25 0.2506664671286085
      vertex -2.562833677742738 -6.25 0.49737977432970926
      vertex -6.437166322257262 -6.25 0.49737977432971014
    endloop
  endfacet
  facet normal 0 -1 0
    outer loop
      vertex -6.437166322257262 -6.25 0.49737977432971014
      vertex -2.6404470282234964 -6.25 0.7362491053693558
      vertex -6.359552971776504 -6.25 0.7362491053693558
    endloop
  endfacet
  facet normal 0 1 0
    outer loop
      vertex -6.5 -5.75 0
      vertex -6.484229402628955 -5.75 0.2506664671286085
      vertex -2.5 -5.75 0
    endloop
  endfacet
  facet normal 0 1 0
    outer loop
      vertex -6.484229402628955 -5.75 0.2506664671286085
      vertex -6.437166322257262 -5.75 0.49737977432971014
      vertex -2.515770597371045 -5.75 0.2506664671286085
    endloop
  endfacet
  facet normal 0 1 0
    outer loop
      vertex -6.437166322257262 -5.75 0.49737977432971014
      vertex -6.359552971776504 -5.75 0.7362491053693558
      vertex -2.562833677742738 -5.75 0.49737977432970926
    endloop
  endfacet
  facet normal 0 1 0
    outer loop
      vertex -6.359552971776504 -5.75 0.7362491053693558
      vertex -6.252613360087727 -5.75 0.9635073482034304
      vertex -2.6404470282234964 -5.75 0.7362491053693558
    endloop
  endfacet
  facet normal 0 -1 0
    outer loop
      vertex -6.5 -6.25 0
      vertex -2.5 -6.25 0
      vertex -2.515770597371045 -6.25 0.2506664671286085
    endloop
  endfacet
  facet normal 0 -1 0
    outer loop
      vertex -6.484229402628955 -6.25 0.2506664671286085
      vertex -2.515770597371045 -6.25 0.2506664671286085
      vertex -2.562833677742738 -6.25 0.49737977432970926
    endloop
  endfacet
  facet normal 0 -1 0
    outer loop
      vertex -6.437166322257262 -6.25 0.49737977432971014
      vertex -2.562833677742738 -6.25 0.49737977432970926
      vertex -2.6404470282234964 -6.25 0.7362491053693558
    endloop
  endfacet
  facet normal 0 -1 0
    outer loop
      vertex -6.359552971776504 -6.25 0.7362491053693558
      vertex -2.6404470282234964 -6.25 0.7362491053693558
      vertex -2.747386639912273 -6.25 0.9635073482034304
    endloop
  endfacet
  facet normal 0 1 0
    outer loop
      vertex -6.484229402628955 -5.75 0.2506664671286085
      vertex -2.515770597371045 -5.75 0.2506664671286085
      vertex -2.5 -5.75 0
    endloop
  endfacet
  facet normal 0 1 0
    outer loop
      vertex -6.437166322257262 -5.75 0.49737977432971014
      vertex -2.562833677742738 -5.75 0.49737977432970926
      vertex -2.515770597371045 -5.75 0.2506664671286085
    endloop
  endfacet
  facet normal 0 1 0
    outer loop
      vertex -6.359552971776504 -5.75 0.7362491053693558
      vertex -2.6404470282234964 -5.75 0.7362491053693558
      vertex -2.562833677742738 -5.75 0.49737977432970926
    endloop
  endfacet
  facet normal 0 -1 0
    outer loop
      vertex -6.359552971776504 -6.25 0.7362491053693558
      vertex -2.747386639912273 -6.25 0.9635073482034304
      vertex -6.252613360087727 -6.25 0.9635073482034304
    endloop
  endfacet
  facet normal 0 -1 0
    outer loop
      vertex -6.252613360087727 -6.25 0.9635073482034304
      vertex -2.881966011250105 -6.25 1.1755705045849467
      vertex -6.118033988749895 -6.25 1.1755705045849467
    endloop
  endfacet
  facet normal -0.5877852522924766 0 0.809016994374945
    outer loop
      vertex -5.774847979497379 -6.25 1.541026485551578
      vertex -5.571653589957993 -6.25 1.6886558510040306
      vertex -5.774847979497379 -5.75 1.541026485551578
    endloop
  endfacet
  facet normal -0.5877852522924766 0 0.809016994374945
    outer loop
      vertex -5.774847979497379 -5.75 1.541026485551578
      vertex -5.571653589957993 -6.25 1.6886558510040306
      vertex -5.571653589957993 -5.75 1.6886558510040306
    endloop
  endfacet
  facet normal 0 -1 0
    outer loop
      vertex -6.118033988749895 -6.25 1.1755705045849467
      vertex -3.0420627451571765 -6.25 1.3690942118573766
      vertex -5.9579372548428235 -6.25 1.3690942118573766
    endloop
  endfacet
  facet normal 0 -1 0
    outer loop
      vertex -5.9579372548428235 -6.25 1.3690942118573766
      vertex -3.2251520205026214 -6.25 1.541026485551578
      vertex -5.774847979497379 -6.25 1.541026485551578
    endloop
  endfacet
  facet normal 0 -1 0
    outer loop
      vertex -5.774847979497379 -6.25 1.541026485551578
      vertex -3.428346410042007 -6.25 1.6886558510040306
      vertex -5.571653589957993 -6.25 1.6886558510040306
    endloop
  endfacet
  facet normal 0 1 0
    outer loop
      vertex -6.252613360087727 -5.75 0.9635073482034304
      vertex -6.118033988749895 -5.75 1.1755705045849467
      vertex -2.747386639912273 -5.75 0.9635073482034304
    endloop
  endfacet
  facet normal 0 1 0
    outer loop
      vertex -6.118033988749895 -5.75 1.1755705045849467
      vertex -5.9579372548428235 -5.75 1.3690942118573766
      vertex -2.881966011250105 -5.75 1.1755705045849467
    endloop
  endfacet
  facet normal 0 1 0
    outer loop
      vertex -5.9579372548428235 -5.75 1.3690942118573766
      vertex -5.774847979497379 -5.75 1.541026485551578
      vertex -3.0420627451571765 -5.75 1.3690942118573766
    endloop
  endfacet
  facet normal 0 1 0
    outer loop
      vertex -5.774847979497379 -5.75 1.541026485551578
      vertex -5.571653589957993 -5.75 1.6886558510040306
      vertex -3.2251520205026214 -5.75 1.541026485551578
    endloop
  endfacet
  facet normal 0 -1 0
    outer loop
      vertex -6.252613360087727 -6.25 0.9635073482034304
      vertex -2.747386639912273 -6.25 0.9635073482034304
      vertex -2.881966011250105 -6.25 1.1755705045849467
    endloop
  endfacet
  facet normal 0 -1 0
    outer loop
      vertex -6.118033988749895 -6.25 1.1755705045849467
      vertex -2.881966011250105 -6.25 1.1755705045849467
      vertex -3.0420627451571765 -6.25 1.3690942118573766
    endloop
  endfacet
  facet normal 0 -1 0
    outer loop
      vertex -5.9579372548428235 -6.25 1.3690942118573766
      vertex -3.0420627451571765 -6.25 1.3690942118573766
      vertex -3.2251520205026214 -6.25 1.541026485551578
    endloop
  endfacet
  facet normal 0 -1 0
    outer loop
      vertex -5.774847979497379 -6.25 1.541026485551578
      vertex -3.2251520205026214 -6.25 1.541026485551578
      vertex -3.428346410042007 -6.25 1.6886558510040306
    endloop
  endfacet
  facet normal 0.5877852522924766 0 0.809016994374945
    outer loop
      vertex -3.2251520205026214 -6.25 1.541026485551578
      vertex -3.428346410042007 -5.75 1.6886558510040306
      vertex -3.428346410042007 -6.25 1.6886558510040306
    endloop
  endfacet
  facet normal 0.5877852522924766 0 0.809016994374945
    outer loop
      vertex -3.2251520205026214 -6.25 1.541026485551578
      vertex -3.2251520205026214 -5.75 1.541026485551578
      vertex -3.428346410042007 -5.75 1.6886558510040306
    endloop
  endfacet
  facet normal 0 1 0
    outer loop
      vertex -6.252613360087727 -5.75 0.9635073482034304
      vertex -2.747386639912273 -5.75 0.9635073482034304
      vertex -2.6404470282234964 -5.75 0.7362491053693558
    endloop
  endfacet
  facet normal 0 1 0
    outer loop
      vertex -6.118033988749895 -5.75 1.1755705045849467
      vertex -2.881966011250105 -5.75 1.1755705045849467
      vertex -2.747386639912273 -5.75 0.9635073482034304
    endloop
  endfacet
  facet normal 0 1 0
    outer loop
      vertex -5.9579372548428235 -5.75 1.3690942118573766
      vertex -3.0420627451571765 -5.75 1.3690942118573766
      vertex -2.881966011250105 -5.75 1.1755705045849467
    endloop
  endfacet
  facet normal 0 1 0
    outer loop
      vertex -5.774847979497379 -5.75 1.541026485551578
      vertex -3.2251520205026214 -5.75 1.541026485551578
      vertex -3.0420627451571765 -5.75 1.3690942118573766
    endloop
  endfacet
  facet normal 0 1 0
    outer loop
      vertex -3.2251520205026214 -5.75 1.541026485551578
      vertex -5.571653589957993 -5.75 1.6886558510040306
      vertex -3.428346410042007 -5.75 1.6886558510040306
    endloop
  endfacet
  facet normal 0.982287250728689 0 0.18738131458572302
    outer loop
      vertex -2.562833677742738 -6.25 0.49737977432970926
      vertex -2.515770597371045 -5.75 0.2506664671286085
      vertex -2.562833677742738 -5.75 0.49737977432970926
    endloop
  endfacet
  facet normal 0.9980267284282714 0 0.06279051952931566
    outer loop
      vertex -2.5 -6.25 0
      vertex -2.5 -5.75 0
      vertex -2.515770597371045 -6.25 0.2506664671286085
    endloop
  endfacet
  facet normal 0.982287250728689 0 0.18738131458572302
    outer loop
      vertex -2.515770597371045 -6.25 0.2506664671286085
      vertex -2.515770597371045 -5.75 0.2506664671286085
      vertex -2.562833677742738 -6.25 0.49737977432970926
    endloop
  endfacet
  facet normal 0.9980267284282714 0 0.06279051952931566
    outer loop
      vertex -2.515770597371045 -6.25 0.2506664671286085
      vertex -2.5 -5.75 0
      vertex -2.515770597371045 -5.75 0.2506664671286085
    endloop
  endfacet
  facet normal 0.9510565162951548 0 0.30901699437494407
    outer loop
      vertex -2.562833677742738 -6.25 0.49737977432970926
      vertex -2.562833677742738 -5.75 0.49737977432970926
      vertex -2.6404470282234964 -6.25 0.7362491053693558
    endloop
  endfacet
  facet normal 0.904827052466018 0 0.425779291565076
    outer loop
      vertex -2.6404470282234964 -6.25 0.7362491053693558
      vertex -2.6404470282234964 -5.75 0.7362491053693558
      vertex -2.747386639912273 -6.25 0.9635073482034304
    endloop
  endfacet
  facet normal 0.9510565162951548 0 0.30901699437494407
    outer loop
      vertex -2.6404470282234964 -6.25 0.7362491053693558
      vertex -2.562833677742738 -5.75 0.49737977432970926
      vertex -2.6404470282234964 -5.75 0.7362491053693558
    endloop
  endfacet
  facet normal 0.8443279255020163 0 0.5358267949789948
    outer loop
      vertex -2.747386639912273 -6.25 0.9635073482034304
      vertex -2.747386639912273 -5.75 0.9635073482034304
      vertex -2.881966011250105 -6.25 1.1755705045849467
    endloop
  endfacet
  facet normal 0.770513242775788 0 0.6374239897486911
    outer loop
      vertex -2.881966011250105 -6.25 1.1755705045849467
      vertex -2.881966011250105 -5.75 1.1755705045849467
      vertex -3.0420627451571765 -6.25 1.3690942118573766
    endloop
  endfacet
  facet normal 0.904827052466018 0 0.425779291565076
    outer loop
      vertex -2.6404470282234964 -5.75 0.7362491053693558
      vertex -2.747386639912273 -5.75 0.9635073482034304
      vertex -2.747386639912273 -6.25 0.9635073482034304
    endloop
  endfacet
  facet normal 0.8443279255020163 0 0.5358267949789948
    outer loop
      vertex -2.881966011250105 -6.25 1.1755705045849467
      vertex -2.747386639912273 -5.75 0.9635073482034304
      vertex -2.881966011250105 -5.75 1.1755705045849467
    endloop
  endfacet
  facet normal 0.684547105928687 0 0.7289686274214132
    outer loop
      vertex -3.2251520205026214 -6.25 1.541026485551578
      vertex -3.0420627451571765 -6.25 1.3690942118573766
      vertex -3.2251520205026214 -5.75 1.541026485551578
    endloop
  endfacet
  facet normal 0.770513242775788 0 0.6374239897486911
    outer loop
      vertex -3.0420627451571765 -6.25 1.3690942118573766
      vertex -2.881966011250105 -5.75 1.1755705045849467
      vertex -3.0420627451571765 -5.75 1.3690942118573766
    endloop
  endfacet
  facet normal 0.684547105928687 0 0.7289686274214132
    outer loop
      vertex -3.2251520205026214 -5.75 1.541026485551578
      vertex -3.0420627451571765 -6.25 1.3690942118573766
      vertex -3.0420627451571765 -5.75 1.3690942118573766
    endloop
  endfacet
  facet normal -0.48175367410171255 0 0.876306680043865
    outer loop
      vertex -5.571653589957993 -6.25 1.6886558510040306
      vertex -5.351558583130146 -6.25 1.8096541049320383
      vertex -5.571653589957993 -5.75 1.6886558510040306
    endloop
  endfacet
  facet normal -0.36812455268468064 0 0.9297764858882503
    outer loop
      vertex -5.351558583130146 -6.25 1.8096541049320383
      vertex -5.118033988749895 -6.25 1.9021130325903073
      vertex -5.351558583130146 -5.75 1.8096541049320383
    endloop
  endfacet
  facet normal -0.48175367410171255 0 0.876306680043865
    outer loop
      vertex -5.351558583130146 -6.25 1.8096541049320383
      vertex -5.351558583130146 -5.75 1.8096541049320383
      vertex -5.571653589957993 -5.75 1.6886558510040306
    endloop
  endfacet
  facet normal -0.36812455268468064 0 0.9297764858882503
    outer loop
      vertex -5.118033988749895 -6.25 1.9021130325903073
      vertex -5.118033988749895 -5.75 1.9021130325903073
      vertex -5.351558583130146 -5.75 1.8096541049320383
    endloop
  endfacet
  facet normal 0 -1 0
    outer loop
      vertex -5.571653589957993 -6.25 1.6886558510040306
      vertex -3.6484414168698542 -6.25 1.8096541049320383
      vertex -5.351558583130146 -6.25 1.8096541049320383
    endloop
  endfacet
  facet normal 0 -1 0
    outer loop
      vertex -5.351558583130146 -6.25 1.8096541049320383
      vertex -3.881966011250105 -6.25 1.9021130325903073
      vertex -5.118033988749895 -6.25 1.9021130325903073
    endloop
  endfacet
  facet normal -0.2486898871648557 0 0.9685831611286309
    outer loop
      vertex -5.118033988749895 -6.25 1.9021130325903073
      vertex -4.87476262917145 -6.25 1.9645745014573777
      vertex -5.118033988749895 -5.75 1.9021130325903073
    endloop
  endfacet
  facet normal -0.12533323356430467 0 0.9921147013144778
    outer loop
      vertex -4.87476262917145 -6.25 1.9645745014573777
      vertex -4.625581039058627 -6.25 1.9960534568565436
      vertex -4.87476262917145 -5.75 1.9645745014573777
    endloop
  endfacet
  facet normal 0 -1 0
    outer loop
      vertex -5.118033988749895 -6.25 1.9021130325903073
      vertex -4.12523737082855 -6.25 1.9645745014573777
      vertex -4.87476262917145 -6.25 1.9645745014573777
    endloop
  endfacet
  facet normal 0 -1 0
    outer loop
      vertex -4.87476262917145 -6.25 1.9645745014573777
      vertex -4.374418960941373 -6.25 1.9960534568565436
      vertex -4.625581039058627 -6.25 1.9960534568565436
    endloop
  endfacet
  facet normal 0 0 1
    outer loop
      vertex -4.625581039058627 -6.25 1.9960534568565436
      vertex -4.374418960941373 -6.25 1.9960534568565436
      vertex -4.625581039058627 -5.75 1.9960534568565436
    endloop
  endfacet
  facet normal -0.2486898871648557 0 0.9685831611286309
    outer loop
      vertex -4.87476262917145 -6.25 1.9645745014573777
      vertex -4.87476262917145 -5.75 1.9645745014573777
      vertex -5.118033988749895 -5.75 1.9021130325903073
    endloop
  endfacet
  facet normal -0.12533323356430467 0 0.9921147013144778
    outer loop
      vertex -4.625581039058627 -6.25 1.9960534568565436
      vertex -4.625581039058627 -5.75 1.9960534568565436
      vertex -4.87476262917145 -5.75 1.9645745014573777
    endloop
  endfacet
  facet normal 0 1 0
    outer loop
      vertex -5.571653589957993 -5.75 1.6886558510040306
      vertex -5.351558583130146 -5.75 1.8096541049320383
      vertex -3.428346410042007 -5.75 1.6886558510040306
    endloop
  endfacet
  facet normal 0 1 0
    outer loop
      vertex -5.351558583130146 -5.75 1.8096541049320383
      vertex -5.118033988749895 -5.75 1.9021130325903073
      vertex -3.6484414168698542 -5.75 1.8096541049320383
    endloop
  endfacet
  facet normal 0 1 0
    outer loop
      vertex -5.118033988749895 -5.75 1.9021130325903073
      vertex -4.87476262917145 -5.75 1.9645745014573777
      vertex -3.881966011250105 -5.75 1.9021130325903073
    endloop
  endfacet
  facet normal 0 1 0
    outer loop
      vertex -4.87476262917145 -5.75 1.9645745014573777
      vertex -4.625581039058627 -5.75 1.9960534568565436
      vertex -4.12523737082855 -5.75 1.9645745014573777
    endloop
  endfacet
  facet normal 0 -1 0
    outer loop
      vertex -5.571653589957993 -6.25 1.6886558510040306
      vertex -3.428346410042007 -6.25 1.6886558510040306
      vertex -3.6484414168698542 -6.25 1.8096541049320383
    endloop
  endfacet
  facet normal 0 -1 0
    outer loop
      vertex -5.351558583130146 -6.25 1.8096541049320383
      vertex -3.6484414168698542 -6.25 1.8096541049320383
      vertex -3.881966011250105 -6.25 1.9021130325903073
    endloop
  endfacet
  facet normal 0 -1 0
    outer loop
      vertex -5.118033988749895 -6.25 1.9021130325903073
      vertex -3.881966011250105 -6.25 1.9021130325903073
      vertex -4.12523737082855 -6.25 1.9645745014573777
    endloop
  endfacet
  facet normal 0 -1 0
    outer loop
      vertex -4.87476262917145 -6.25 1.9645745014573777
      vertex -4.12523737082855 -6.25 1.9645745014573777
      vertex -4.374418960941373 -6.25 1.9960534568565436
    endloop
  endfacet
  facet normal 0.12533323356430467 0 0.9921147013144778
    outer loop
      vertex -4.374418960941373 -6.25 1.9960534568565436
      vertex -4.12523737082855 -6.25 1.9645745014573777
      vertex -4.374418960941373 -5.75 1.9960534568565436
    endloop
  endfacet
  facet normal 0.2486898871648557 0 0.9685831611286309
    outer loop
      vertex -4.12523737082855 -6.25 1.9645745014573777
      vertex -3.881966011250105 -6.25 1.9021130325903073
      vertex -4.12523737082855 -5.75 1.9645745014573777
    endloop
  endfacet
  facet normal 0 0 1
    outer loop
      vertex -4.625581039058627 -5.75 1.9960534568565436
      vertex -4.374418960941373 -6.25 1.9960534568565436
      vertex -4.374418960941373 -5.75 1.9960534568565436
    endloop
  endfacet
  facet normal 0.12533323356430467 0 0.9921147013144778
    outer loop
      vertex -4.12523737082855 -6.25 1.9645745014573777
      vertex -4.12523737082855 -5.75 1.9645745014573777
      vertex -4.374418960941373 -5.75 1.9960534568565436
    endloop
  endfacet
  facet normal 0.2486898871648557 0 0.9685831611286309
    outer loop
      vertex -3.881966011250105 -6.25 1.9021130325903073
      vertex -3.881966011250105 -5.75 1.9021130325903073
      vertex -4.12523737082855 -5.75 1.9645745014573777
    endloop
  endfacet
  facet normal 0.48175367410171255 0 0.876306680043865
    outer loop
      vertex -3.6484414168698542 -6.25 1.8096541049320383
      vertex -3.428346410042007 -6.25 1.6886558510040306
      vertex -3.6484414168698542 -5.75 1.8096541049320383
    endloop
  endfacet
  facet normal 0.36812455268468064 0 0.9297764858882503
    outer loop
      vertex -3.881966011250105 -6.25 1.9021130325903073
      vertex -3.6484414168698542 -6.25 1.8096541049320383
      vertex -3.881966011250105 -5.75 1.9021130325903073
    endloop
  endfacet
  facet normal 0.48175367410171255 0 0.876306680043865
    outer loop
      vertex -3.428346410042007 -6.25 1.6886558510040306
      vertex -3.428346410042007 -5.75 1.6886558510040306
      vertex -3.6484414168698542 -5.75 1.8096541049320383
    endloop
  endfacet
  facet normal 0.36812455268468064 0 0.9297764858882503
    outer loop
      vertex -3.6484414168698542 -6.25 1.8096541049320383
      vertex -3.6484414168698542 -5.75 1.8096541049320383
      vertex -3.881966011250105 -5.75 1.9021130325903073
    endloop
  endfacet
  facet normal 0 1 0
    outer loop
      vertex -5.351558583130146 -5.75 1.8096541049320383
      vertex -3.6484414168698542 -5.75 1.8096541049320383
      vertex -3.428346410042007 -5.75 1.6886558510040306
    endloop
  endfacet
  facet normal 0 1 0
    outer loop
      vertex -5.118033988749895 -5.75 1.9021130325903073
      vertex -3.881966011250105 -5.75 1.9021130325903073
      vertex -3.6484414168698542 -5.75 1.8096541049320383
    endloop
  endfacet
  facet normal 0 1 0
    outer loop
      vertex -4.625581039058627 -5.75 1.9960534568565436
      vertex -4.374418960941373 -5.75 1.9960534568565436
      vertex -4.12523737082855 -5.75 1.9645745014573777
    endloop
  endfacet
  facet normal 0 1 0
    outer loop
      vertex -4.87476262917145 -5.75 1.9645745014573777
      vertex -4.12523737082855 -5.75 1.9645745014573777
      vertex -3.881966011250105 -5.75 1.9021130325903073
    endloop
  endfacet
  facet normal -0.481753674101718 0 -0.8763066800438621
    outer loop
      vertex -25.271653589957992 -6.25 -1.6886558510040297
      vertex -25.051558583130145 -5.75 -1.8096541049320392
      vertex -25.051558583130145 -6.25 -1.8096541049320392
    endloop
  endfacet
  facet normal -0.36812455268468003 0 -0.9297764858882507
    outer loop
      vertex -25.051558583130145 -6.25 -1.8096541049320392
      vertex -25.051558583130145 -5.75 -1.8096541049320392
      vertex -24.818033988749896 -5.75 -1.9021130325903073
    endloop
  endfacet
  facet normal -0.481753674101718 0 -0.8763066800438621
    outer loop
      vertex -25.271653589957992 -6.25 -1.6886558510040297
      vertex -25.271653589957992 -5.75 -1.6886558510040297
      vertex -25.051558583130145 -5.75 -1.8096541049320392
    endloop
  endfacet
  facet normal -0.24868988716485402 0 -0.9685831611286313
    outer loop
      vertex -24.818033988749896 -6.25 -1.9021130325903073
      vertex -24.57476262917145 -5.75 -1.9645745014573777
      vertex -24.57476262917145 -6.25 -1.9645745014573777
    endloop
  endfacet
  facet normal 0 -1 0
    outer loop
      vertex -24.818033988749896 -6.25 -1.9021130325903073
      vertex -24.57476262917145 -6.25 -1.9645745014573777
      vertex -23.581966011250103 -6.25 -1.9021130325903073
    endloop
  endfacet
  facet normal -0.12533323356430467 0 -0.9921147013144778
    outer loop
      vertex -24.57476262917145 -6.25 -1.9645745014573777
      vertex -24.325581039058626 -5.75 -1.9960534568565436
      vertex -24.325581039058626 -6.25 -1.9960534568565436
    endloop
  endfacet
  facet normal -0.36812455268468003 0 -0.9297764858882507
    outer loop
      vertex -25.051558583130145 -6.25 -1.8096541049320392
      vertex -24.818033988749896 -5.75 -1.9021130325903073
      vertex -24.818033988749896 -6.25 -1.9021130325903073
    endloop
  endfacet
  facet normal 0 -1 0
    outer loop
      vertex -25.051558583130145 -6.25 -1.8096541049320392
      vertex -24.818033988749896 -6.25 -1.9021130325903073
      vertex -23.348441416869854 -6.25 -1.8096541049320392
    endloop
  endfacet
  facet normal 0 -1 0
    outer loop
      vertex -25.271653589957992 -6.25 -1.6886558510040297
      vertex -25.051558583130145 -6.25 -1.8096541049320392
      vertex -23.128346410042006 -6.25 -1.6886558510040306
    endloop
  endfacet
  facet normal -0.24868988716485402 0 -0.9685831611286313
    outer loop
      vertex -24.818033988749896 -6.25 -1.9021130325903073
      vertex -24.818033988749896 -5.75 -1.9021130325903073
      vertex -24.57476262917145 -5.75 -1.9645745014573777
    endloop
  endfacet
  facet normal -0.12533323356430467 0 -0.9921147013144778
    outer loop
      vertex -24.57476262917145 -6.25 -1.9645745014573777
      vertex -24.57476262917145 -5.75 -1.9645745014573777
      vertex -24.325581039058626 -5.75 -1.9960534568565436
    endloop
  endfacet
  facet normal 0 -1 0
    outer loop
      vertex -24.57476262917145 -6.25 -1.9645745014573777
      vertex -24.325581039058626 -6.25 -1.9960534568565436
      vertex -23.82523737082855 -6.25 -1.9645745014573777
    endloop
  endfacet
  facet normal 0 -1 0
    outer loop
      vertex -24.325581039058626 -6.25 -1.9960534568565436
      vertex -24.074418960941372 -6.25 -1.9960534568565436
      vertex -23.82523737082855 -6.25 -1.9645745014573777
    endloop
  endfacet
  facet normal 0 -1 0
    outer loop
      vertex -24.57476262917145 -6.25 -1.9645745014573777
      vertex -23.82523737082855 -6.25 -1.9645745014573777
      vertex -23.581966011250103 -6.25 -1.9021130325903073
    endloop
  endfacet
  facet normal 0 0 -1
    outer loop
      vertex -24.325581039058626 -6.25 -1.9960534568565436
      vertex -24.074418960941372 -5.75 -1.9960534568565436
      vertex -24.074418960941372 -6.25 -1.9960534568565436
    endloop
  endfacet
  facet normal 0.12533323356430467 0 -0.9921147013144778
    outer loop
      vertex -24.074418960941372 -6.25 -1.9960534568565436
      vertex -23.82523737082855 -5.75 -1.9645745014573777
      vertex -23.82523737082855 -6.25 -1.9645745014573777
    endloop
  endfacet
  facet normal 0.24868988716485402 0 -0.9685831611286313
    outer loop
      vertex -23.82523737082855 -6.25 -1.9645745014573777
      vertex -23.581966011250103 -5.75 -1.9021130325903073
      vertex -23.581966011250103 -6.25 -1.9021130325903073
    endloop
  endfacet
  facet normal 0 -1 0
    outer loop
      vertex -24.818033988749896 -6.25 -1.9021130325903073
      vertex -23.581966011250103 -6.25 -1.9021130325903073
      vertex -23.348441416869854 -6.25 -1.8096541049320392
    endloop
  endfacet
  facet normal 0 -1 0
    outer loop
      vertex -25.051558583130145 -6.25 -1.8096541049320392
      vertex -23.348441416869854 -6.25 -1.8096541049320392
      vertex -23.128346410042006 -6.25 -1.6886558510040306
    endloop
  endfacet
  facet normal 0 0 -1
    outer loop
      vertex -24.325581039058626 -6.25 -1.9960534568565436
      vertex -24.325581039058626 -5.75 -1.9960534568565436
      vertex -24.074418960941372 -5.75 -1.9960534568565436
    endloop
  endfacet
  facet normal 0.12533323356430467 0 -0.9921147013144778
    outer loop
      vertex -24.074418960941372 -6.25 -1.9960534568565436
      vertex -24.074418960941372 -5.75 -1.9960534568565436
      vertex -23.82523737082855 -5.75 -1.9645745014573777
    endloop
  endfacet
  facet normal 0.24868988716485402 0 -0.9685831611286313
    outer loop
      vertex -23.82523737082855 -6.25 -1.9645745014573777
      vertex -23.82523737082855 -5.75 -1.9645745014573777
      vertex -23.581966011250103 -5.75 -1.9021130325903073
    endloop
  endfacet
  facet normal 0 1 0
    outer loop
      vertex -24.57476262917145 -5.75 -1.9645745014573777
      vertex -24.074418960941372 -5.75 -1.9960534568565436
      vertex -24.325581039058626 -5.75 -1.9960534568565436
    endloop
  endfacet
  facet normal 0 1 0
    outer loop
      vertex -24.818033988749896 -5.75 -1.9021130325903073
      vertex -23.82523737082855 -5.75 -1.9645745014573777
      vertex -24.57476262917145 -5.75 -1.9645745014573777
    endloop
  endfacet
  facet normal 0 1 0
    outer loop
      vertex -25.051558583130145 -5.75 -1.8096541049320392
      vertex -23.581966011250103 -5.75 -1.9021130325903073
      vertex -24.818033988749896 -5.75 -1.9021130325903073
    endloop
  endfacet
  facet normal 0 1 0
    outer loop
      vertex -25.271653589957992 -5.75 -1.6886558510040297
      vertex -23.348441416869854 -5.75 -1.8096541049320392
      vertex -25.051558583130145 -5.75 -1.8096541049320392
    endloop
  endfacet
  facet normal 0 1 0
    outer loop
      vertex -24.57476262917145 -5.75 -1.9645745014573777
      vertex -23.82523737082855 -5.75 -1.9645745014573777
      vertex -24.074418960941372 -5.75 -1.9960534568565436
    endloop
  endfacet
  facet normal 0 1 0
    outer loop
      vertex -24.818033988749896 -5.75 -1.9021130325903073
      vertex -23.581966011250103 -5.75 -1.9021130325903073
      vertex -23.82523737082855 -5.75 -1.9645745014573777
    endloop
  endfacet
  facet normal 0 1 0
    outer loop
      vertex -25.051558583130145 -5.75 -1.8096541049320392
      vertex -23.348441416869854 -5.75 -1.8096541049320392
      vertex -23.581966011250103 -5.75 -1.9021130325903073
    endloop
  endfacet
  facet normal 0 1 0
    outer loop
      vertex -25.271653589957992 -5.75 -1.6886558510040297
      vertex -23.128346410042006 -5.75 -1.6886558510040306
      vertex -23.348441416869854 -5.75 -1.8096541049320392
    endloop
  endfacet
  facet normal 0.36812455268468003 0 -0.9297764858882507
    outer loop
      vertex -23.581966011250103 -6.25 -1.9021130325903073
      vertex -23.348441416869854 -5.75 -1.8096541049320392
      vertex -23.348441416869854 -6.25 -1.8096541049320392
    endloop
  endfacet
  facet normal 0.4817536741017153 0 -0.8763066800438637
    outer loop
      vertex -23.348441416869854 -6.25 -1.8096541049320392
      vertex -23.128346410042006 -5.75 -1.6886558510040306
      vertex -23.128346410042006 -6.25 -1.6886558510040306
    endloop
  endfacet
  facet normal 0.36812455268468003 0 -0.9297764858882507
    outer loop
      vertex -23.581966011250103 -6.25 -1.9021130325903073
      vertex -23.581966011250103 -5.75 -1.9021130325903073
      vertex -23.348441416869854 -5.75 -1.8096541049320392
    endloop
  endfacet
  facet normal 0.4817536741017153 0 -0.8763066800438637
    outer loop
      vertex -23.348441416869854 -6.25 -1.8096541049320392
      vertex -23.348441416869854 -5.75 -1.8096541049320392
      vertex -23.128346410042006 -5.75 -1.6886558510040306
    endloop
  endfacet
  facet normal -0.6845471059286887 0 -0.7289686274214114
    outer loop
      vertex -25.65793725484282 -6.25 -1.3690942118573766
      vertex -25.65793725484282 -5.75 -1.3690942118573766
      vertex -25.474847979497376 -5.75 -1.541026485551579
    endloop
  endfacet
  facet normal -0.770513242775781 0 -0.6374239897486994
    outer loop
      vertex -25.65793725484282 -6.25 -1.3690942118573766
      vertex -25.818033988749896 -5.75 -1.1755705045849467
      vertex -25.65793725484282 -5.75 -1.3690942118573766
    endloop
  endfacet
  facet normal -0.5877852522924754 0 -0.8090169943749459
    outer loop
      vertex -25.271653589957992 -6.25 -1.6886558510040297
      vertex -25.474847979497376 -6.25 -1.541026485551579
      vertex -25.271653589957992 -5.75 -1.6886558510040297
    endloop
  endfacet
  facet normal -0.6845471059286887 0 -0.7289686274214114
    outer loop
      vertex -25.65793725484282 -6.25 -1.3690942118573766
      vertex -25.474847979497376 -5.75 -1.541026485551579
      vertex -25.474847979497376 -6.25 -1.541026485551579
    endloop
  endfacet
  facet normal -0.5877852522924754 0 -0.8090169943749459
    outer loop
      vertex -25.271653589957992 -5.75 -1.6886558510040297
      vertex -25.474847979497376 -6.25 -1.541026485551579
      vertex -25.474847979497376 -5.75 -1.541026485551579
    endloop
  endfacet
  facet normal -0.770513242775781 0 -0.6374239897486994
    outer loop
      vertex -25.65793725484282 -6.25 -1.3690942118573766
      vertex -25.818033988749896 -6.25 -1.1755705045849467
      vertex -25.818033988749896 -5.75 -1.1755705045849467
    endloop
  endfacet
  facet normal -0.8443279255020226 0 -0.5358267949789847
    outer loop
      vertex -25.818033988749896 -6.25 -1.1755705045849467
      vertex -25.952613360087724 -6.25 -0.9635073482034304
      vertex -25.952613360087724 -5.75 -0.9635073482034304
    endloop
  endfacet
  facet normal -0.8443279255020226 0 -0.5358267949789847
    outer loop
      vertex -25.818033988749896 -6.25 -1.1755705045849467
      vertex -25.952613360087724 -5.75 -0.9635073482034304
      vertex -25.818033988749896 -5.75 -1.1755705045849467
    endloop
  endfacet
  facet normal -0.9048270524660124 0 -0.42577929156508754
    outer loop
      vertex -25.952613360087724 -6.25 -0.9635073482034304
      vertex -26.059552971776505 -5.75 -0.7362491053693558
      vertex -25.952613360087724 -5.75 -0.9635073482034304
    endloop
  endfacet
  facet normal 0 -1 0
    outer loop
      vertex -25.271653589957992 -6.25 -1.6886558510040297
      vertex -22.92515202050262 -6.25 -1.541026485551578
      vertex -25.474847979497376 -6.25 -1.541026485551579
    endloop
  endfacet
  facet normal 0 -1 0
    outer loop
      vertex -25.65793725484282 -6.25 -1.3690942118573766
      vertex -25.474847979497376 -6.25 -1.541026485551579
      vertex -22.742062745157178 -6.25 -1.3690942118573766
    endloop
  endfacet
  facet normal 0 -1 0
    outer loop
      vertex -25.271653589957992 -6.25 -1.6886558510040297
      vertex -23.128346410042006 -6.25 -1.6886558510040306
      vertex -22.92515202050262 -6.25 -1.541026485551578
    endloop
  endfacet
  facet normal 0 -1 0
    outer loop
      vertex -25.474847979497376 -6.25 -1.541026485551579
      vertex -22.92515202050262 -6.25 -1.541026485551578
      vertex -22.742062745157178 -6.25 -1.3690942118573766
    endloop
  endfacet
  facet normal 0 -1 0
    outer loop
      vertex -25.65793725484282 -6.25 -1.3690942118573766
      vertex -22.742062745157178 -6.25 -1.3690942118573766
      vertex -22.581966011250103 -6.25 -1.1755705045849467
    endloop
  endfacet
  facet normal 0 -1 0
    outer loop
      vertex -25.65793725484282 -6.25 -1.3690942118573766
      vertex -22.581966011250103 -6.25 -1.1755705045849467
      vertex -25.818033988749896 -6.25 -1.1755705045849467
    endloop
  endfacet
  facet normal 0 -1 0
    outer loop
      vertex -25.818033988749896 -6.25 -1.1755705045849467
      vertex -22.447386639912274 -6.25 -0.9635073482034304
      vertex -25.952613360087724 -6.25 -0.9635073482034304
    endloop
  endfacet
  facet normal 0 1 0
    outer loop
      vertex -25.271653589957992 -5.75 -1.6886558510040297
      vertex -25.474847979497376 -5.75 -1.541026485551579
      vertex -23.128346410042006 -5.75 -1.6886558510040306
    endloop
  endfacet
  facet normal 0 1 0
    outer loop
      vertex -25.65793725484282 -5.75 -1.3690942118573766
      vertex -22.92515202050262 -5.75 -1.541026485551578
      vertex -25.474847979497376 -5.75 -1.541026485551579
    endloop
  endfacet
  facet normal 0 1 0
    outer loop
      vertex -25.65793725484282 -5.75 -1.3690942118573766
      vertex -25.818033988749896 -5.75 -1.1755705045849467
      vertex -22.742062745157178 -5.75 -1.3690942118573766
    endloop
  endfacet
  facet normal 0 1 0
    outer loop
      vertex -23.128346410042006 -5.75 -1.6886558510040306
      vertex -25.474847979497376 -5.75 -1.541026485551579
      vertex -22.92515202050262 -5.75 -1.541026485551578
    endloop
  endfacet
  facet normal 0 1 0
    outer loop
      vertex -25.65793725484282 -5.75 -1.3690942118573766
      vertex -22.742062745157178 -5.75 -1.3690942118573766
      vertex -22.92515202050262 -5.75 -1.541026485551578
    endloop
  endfacet
  facet normal 0 1 0
    outer loop
      vertex -25.818033988749896 -5.75 -1.1755705045849467
      vertex -25.952613360087724 -5.75 -0.9635073482034304
      vertex -22.581966011250103 -5.75 -1.1755705045849467
    endloop
  endfacet
  facet normal 0 1 0
    outer loop
      vertex -25.952613360087724 -5.75 -0.9635073482034304
      vertex -26.059552971776505 -5.75 -0.7362491053693558
      vertex -22.447386639912274 -5.75 -0.9635073482034304
    endloop
  endfacet
  facet normal 0 1 0
    outer loop
      vertex -25.818033988749896 -5.75 -1.1755705045849467
      vertex -22.581966011250103 -5.75 -1.1755705045849467
      vertex -22.742062745157178 -5.75 -1.3690942118573766
    endloop
  endfacet
  facet normal 0 1 0
    outer loop
      vertex -25.952613360087724 -5.75 -0.9635073482034304
      vertex -22.447386639912274 -5.75 -0.9635073482034304
      vertex -22.581966011250103 -5.75 -1.1755705045849467
    endloop
  endfacet
  facet normal -0.9048270524660124 0 -0.42577929156508754
    outer loop
      vertex -25.952613360087724 -6.25 -0.9635073482034304
      vertex -26.059552971776505 -6.25 -0.7362491053693558
      vertex -26.059552971776505 -5.75 -0.7362491053693558
    endloop
  endfacet
  facet normal -0.9510565162951565 0 -0.3090169943749387
    outer loop
      vertex -26.059552971776505 -6.25 -0.7362491053693558
      vertex -26.13716632225726 -6.25 -0.49737977432971014
      vertex -26.13716632225726 -5.75 -0.49737977432971014
    endloop
  endfacet
  facet normal -0.9510565162951565 0 -0.3090169943749387
    outer loop
      vertex -26.059552971776505 -6.25 -0.7362491053693558
      vertex -26.13716632225726 -5.75 -0.49737977432971014
      vertex -26.059552971776505 -5.75 -0.7362491053693558
    endloop
  endfacet
  facet normal -0.9822872507286892 0 -0.18738131458572235
    outer loop
      vertex -26.13716632225726 -6.25 -0.49737977432971014
      vertex -26.184229402628954 -6.25 -0.2506664671286085
      vertex -26.184229402628954 -5.75 -0.2506664671286085
    endloop
  endfacet
  facet normal -0.9980267284282714 0 -0.06279051952931566
    outer loop
      vertex -26.184229402628954 -6.25 -0.2506664671286085
      vertex -26.2 -6.25 0
      vertex -26.2 -5.75 0
    endloop
  endfacet
  facet normal -0.9822872507286892 0 -0.18738131458572235
    outer loop
      vertex -26.13716632225726 -6.25 -0.49737977432971014
      vertex -26.184229402628954 -5.75 -0.2506664671286085
      vertex -26.13716632225726 -5.75 -0.49737977432971014
    endloop
  endfacet
  facet normal -0.9980267284282714 0 -0.06279051952931566
    outer loop
      vertex -26.184229402628954 -6.25 -0.2506664671286085
      vertex -26.2 -5.75 0
      vertex -26.184229402628954 -5.75 -0.2506664671286085
    endloop
  endfacet
  facet normal 0 -1 0
    outer loop
      vertex -25.952613360087724 -6.25 -0.9635073482034304
      vertex -22.340447028223497 -6.25 -0.7362491053693567
      vertex -26.059552971776505 -6.25 -0.7362491053693558
    endloop
  endfacet
  facet normal 0 -1 0
    outer loop
      vertex -26.059552971776505 -6.25 -0.7362491053693558
      vertex -22.262833677742737 -6.25 -0.49737977432970926
      vertex -26.13716632225726 -6.25 -0.49737977432971014
    endloop
  endfacet
  facet normal 0 -1 0
    outer loop
      vertex -26.13716632225726 -6.25 -0.49737977432971014
      vertex -22.215770597371044 -6.25 -0.2506664671286085
      vertex -26.184229402628954 -6.25 -0.2506664671286085
    endloop
  endfacet
  facet normal 0 -1 0
    outer loop
      vertex -26.184229402628954 -6.25 -0.2506664671286085
      vertex -22.2 -6.25 0
      vertex -26.2 -6.25 0
    endloop
  endfacet
  facet normal 0 1 0
    outer loop
      vertex -26.059552971776505 -5.75 -0.7362491053693558
      vertex -26.13716632225726 -5.75 -0.49737977432971014
      vertex -22.340447028223497 -5.75 -0.7362491053693567
    endloop
  endfacet
  facet normal 0 1 0
    outer loop
      vertex -26.13716632225726 -5.75 -0.49737977432971014
      vertex -26.184229402628954 -5.75 -0.2506664671286085
      vertex -22.262833677742737 -5.75 -0.49737977432970926
    endloop
  endfacet
  facet normal 0 1 0
    outer loop
      vertex -26.184229402628954 -5.75 -0.2506664671286085
      vertex -26.2 -5.75 0
      vertex -22.215770597371044 -5.75 -0.2506664671286085
    endloop
  endfacet
  facet normal 0.5877852522924732 0 -0.8090169943749473
    outer loop
      vertex -23.128346410042006 -6.25 -1.6886558510040306
      vertex -23.128346410042006 -5.75 -1.6886558510040306
      vertex -22.92515202050262 -5.75 -1.541026485551578
    endloop
  endfacet
  facet normal 0.5877852522924732 0 -0.8090169943749473
    outer loop
      vertex -23.128346410042006 -6.25 -1.6886558510040306
      vertex -22.92515202050262 -5.75 -1.541026485551578
      vertex -22.92515202050262 -6.25 -1.541026485551578
    endloop
  endfacet
  facet normal 0.684547105928694 0 -0.7289686274214067
    outer loop
      vertex -22.92515202050262 -6.25 -1.541026485551578
      vertex -22.742062745157178 -5.75 -1.3690942118573766
      vertex -22.742062745157178 -6.25 -1.3690942118573766
    endloop
  endfacet
  facet normal 0.770513242775781 0 -0.6374239897486994
    outer loop
      vertex -22.742062745157178 -6.25 -1.3690942118573766
      vertex -22.742062745157178 -5.75 -1.3690942118573766
      vertex -22.581966011250103 -6.25 -1.1755705045849467
    endloop
  endfacet
  facet normal 0.684547105928694 0 -0.7289686274214067
    outer loop
      vertex -22.92515202050262 -6.25 -1.541026485551578
      vertex -22.92515202050262 -5.75 -1.541026485551578
      vertex -22.742062745157178 -5.75 -1.3690942118573766
    endloop
  endfacet
  facet normal 0 -1 0
    outer loop
      vertex -25.818033988749896 -6.25 -1.1755705045849467
      vertex -22.581966011250103 -6.25 -1.1755705045849467
      vertex -22.447386639912274 -6.25 -0.9635073482034304
    endloop
  endfacet
  facet normal 0 -1 0
    outer loop
      vertex -25.952613360087724 -6.25 -0.9635073482034304
      vertex -22.447386639912274 -6.25 -0.9635073482034304
      vertex -22.340447028223497 -6.25 -0.7362491053693567
    endloop
  endfacet
  facet normal 0.8443279255020226 0 -0.5358267949789847
    outer loop
      vertex -22.581966011250103 -6.25 -1.1755705045849467
      vertex -22.581966011250103 -5.75 -1.1755705045849467
      vertex -22.447386639912274 -6.25 -0.9635073482034304
    endloop
  endfacet
  facet normal 0.9048270524660172 0 -0.4257792915650773
    outer loop
      vertex -22.447386639912274 -6.25 -0.9635073482034304
      vertex -22.447386639912274 -5.75 -0.9635073482034304
      vertex -22.340447028223497 -6.25 -0.7362491053693567
    endloop
  endfacet
  facet normal 0.770513242775781 0 -0.6374239897486994
    outer loop
      vertex -22.581966011250103 -6.25 -1.1755705045849467
      vertex -22.742062745157178 -5.75 -1.3690942118573766
      vertex -22.581966011250103 -5.75 -1.1755705045849467
    endloop
  endfacet
  facet normal 0.8443279255020226 0 -0.5358267949789847
    outer loop
      vertex -22.447386639912274 -6.25 -0.9635073482034304
      vertex -22.581966011250103 -5.75 -1.1755705045849467
      vertex -22.447386639912274 -5.75 -0.9635073482034304
    endloop
  endfacet
  facet normal 0 -1 0
    outer loop
      vertex -26.059552971776505 -6.25 -0.7362491053693558
      vertex -22.340447028223497 -6.25 -0.7362491053693567
      vertex -22.262833677742737 -6.25 -0.49737977432970926
    endloop
  endfacet
  facet normal 0.9048270524660172 0 -0.4257792915650773
    outer loop
      vertex -22.447386639912274 -5.75 -0.9635073482034304
      vertex -22.340447028223497 -5.75 -0.7362491053693567
      vertex -22.340447028223497 -6.25 -0.7362491053693567
    endloop
  endfacet
  facet normal 0 -1 0
    outer loop
      vertex -26.13716632225726 -6.25 -0.49737977432971014
      vertex -22.262833677742737 -6.25 -0.49737977432970926
      vertex -22.215770597371044 -6.25 -0.2506664671286085
    endloop
  endfacet
  facet normal 0 -1 0
    outer loop
      vertex -26.184229402628954 -6.25 -0.2506664671286085
      vertex -22.215770597371044 -6.25 -0.2506664671286085
      vertex -22.2 -6.25 0
    endloop
  endfacet
  facet normal 0 1 0
    outer loop
      vertex -26.059552971776505 -5.75 -0.7362491053693558
      vertex -22.340447028223497 -5.75 -0.7362491053693567
      vertex -22.447386639912274 -5.75 -0.9635073482034304
    endloop
  endfacet
  facet normal 0 1 0
    outer loop
      vertex -26.13716632225726 -5.75 -0.49737977432971014
      vertex -22.262833677742737 -5.75 -0.49737977432970926
      vertex -22.340447028223497 -5.75 -0.7362491053693567
    endloop
  endfacet
  facet normal 0 1 0
    outer loop
      vertex -26.184229402628954 -5.75 -0.2506664671286085
      vertex -22.215770597371044 -5.75 -0.2506664671286085
      vertex -22.262833677742737 -5.75 -0.49737977432970926
    endloop
  endfacet
  facet normal 0 1 0
    outer loop
      vertex -22.215770597371044 -5.75 -0.2506664671286085
      vertex -26.2 -5.75 0
      vertex -22.2 -5.75 0
    endloop
  endfacet
  facet normal 0.9510565162951529 0 -0.3090169943749494
    outer loop
      vertex -22.340447028223497 -6.25 -0.7362491053693567
      vertex -22.340447028223497 -5.75 -0.7362491053693567
      vertex -22.262833677742737 -6.25 -0.49737977432970926
    endloop
  endfacet
  facet normal 0.9510565162951529 0 -0.3090169943749494
    outer loop
      vertex -22.262833677742737 -6.25 -0.49737977432970926
      vertex -22.340447028223497 -5.75 -0.7362491053693567
      vertex -22.262833677742737 -5.75 -0.49737977432970926
    endloop
  endfacet
  facet normal 0.982287250728689 0 -0.18738131458572302
    outer loop
      vertex -22.262833677742737 -6.25 -0.49737977432970926
      vertex -22.262833677742737 -5.75 -0.49737977432970926
      vertex -22.215770597371044 -6.25 -0.2506664671286085
    endloop
  endfacet
  facet normal 0.9980267284282714 0 -0.06279051952931566
    outer loop
      vertex -22.215770597371044 -6.25 -0.2506664671286085
      vertex -22.215770597371044 -5.75 -0.2506664671286085
      vertex -22.2 -6.25 0
    endloop
  endfacet
  facet normal 0.982287250728689 0 -0.18738131458572302
    outer loop
      vertex -22.215770597371044 -6.25 -0.2506664671286085
      vertex -22.262833677742737 -5.75 -0.49737977432970926
      vertex -22.215770597371044 -5.75 -0.2506664671286085
    endloop
  endfacet
  facet normal 0.9980267284282714 0 -0.06279051952931566
    outer loop
      vertex -22.215770597371044 -5.75 -0.2506664671286085
      vertex -22.2 -5.75 0
      vertex -22.2 -6.25 0
    endloop
  endfacet
  facet normal -0.9980267284282714 0 0.06279051952931566
    outer loop
      vertex -26.2 -6.25 0
      vertex -26.184229402628954 -6.25 0.2506664671286085
      vertex -26.184229402628954 -5.75 0.2506664671286085
    endloop
  endfacet
  facet normal -0.9822872507286892 0 0.18738131458572235
    outer loop
      vertex -26.184229402628954 -6.25 0.2506664671286085
      vertex -26.13716632225726 -6.25 0.49737977432971014
      vertex -26.13716632225726 -5.75 0.49737977432971014
    endloop
  endfacet
  facet normal -0.9980267284282714 0 0.06279051952931566
    outer loop
      vertex -26.2 -6.25 0
      vertex -26.184229402628954 -5.75 0.2506664671286085
      vertex -26.2 -5.75 0
    endloop
  endfacet
  facet normal -0.9822872507286892 0 0.18738131458572235
    outer loop
      vertex -26.184229402628954 -6.25 0.2506664671286085
      vertex -26.13716632225726 -5.75 0.49737977432971014
      vertex -26.184229402628954 -5.75 0.2506664671286085
    endloop
  endfacet
  facet normal -0.9510565162951565 0 0.3090169943749387
    outer loop
      vertex -26.13716632225726 -6.25 0.49737977432971014
      vertex -26.059552971776505 -6.25 0.7362491053693558
      vertex -26.059552971776505 -5.75 0.7362491053693558
    endloop
  endfacet
  facet normal -0.9510565162951565 0 0.3090169943749387
    outer loop
      vertex -26.13716632225726 -6.25 0.49737977432971014
      vertex -26.059552971776505 -5.75 0.7362491053693558
      vertex -26.13716632225726 -5.75 0.49737977432971014
    endloop
  endfacet
  facet normal -0.9048270524660124 0 0.42577929156508754
    outer loop
      vertex -26.059552971776505 -6.25 0.7362491053693558
      vertex -25.952613360087724 -5.75 0.9635073482034304
      vertex -26.059552971776505 -5.75 0.7362491053693558
    endloop
  endfacet
  facet normal 0 -1 0
    outer loop
      vertex -26.2 -6.25 0
      vertex -22.215770597371044 -6.25 0.2506664671286085
      vertex -26.184229402628954 -6.25 0.2506664671286085
    endloop
  endfacet
  facet normal 0 -1 0
    outer loop
      vertex -26.184229402628954 -6.25 0.2506664671286085
      vertex -22.262833677742737 -6.25 0.49737977432970926
      vertex -26.13716632225726 -6.25 0.49737977432971014
    endloop
  endfacet
  facet normal 0 -1 0
    outer loop
      vertex -26.13716632225726 -6.25 0.49737977432971014
      vertex -22.340447028223497 -6.25 0.7362491053693558
      vertex -26.059552971776505 -6.25 0.7362491053693558
    endloop
  endfacet
  facet normal 0 1 0
    outer loop
      vertex -26.2 -5.75 0
      vertex -26.184229402628954 -5.75 0.2506664671286085
      vertex -22.2 -5.75 0
    endloop
  endfacet
  facet normal 0 1 0
    outer loop
      vertex -26.184229402628954 -5.75 0.2506664671286085
      vertex -26.13716632225726 -5.75 0.49737977432971014
      vertex -22.215770597371044 -5.75 0.2506664671286085
    endloop
  endfacet
  facet normal 0 1 0
    outer loop
      vertex -26.13716632225726 -5.75 0.49737977432971014
      vertex -26.059552971776505 -5.75 0.7362491053693558
      vertex -22.262833677742737 -5.75 0.49737977432970926
    endloop
  endfacet
  facet normal 0 1 0
    outer loop
      vertex -26.059552971776505 -5.75 0.7362491053693558
      vertex -25.952613360087724 -5.75 0.9635073482034304
      vertex -22.340447028223497 -5.75 0.7362491053693558
    endloop
  endfacet
  facet normal -0.9048270524660124 0 0.42577929156508754
    outer loop
      vertex -26.059552971776505 -6.25 0.7362491053693558
      vertex -25.952613360087724 -6.25 0.9635073482034304
      vertex -25.952613360087724 -5.75 0.9635073482034304
    endloop
  endfacet
  facet normal -0.8443279255020226 0 0.5358267949789847
    outer loop
      vertex -25.952613360087724 -6.25 0.9635073482034304
      vertex -25.818033988749896 -6.25 1.1755705045849467
      vertex -25.818033988749896 -5.75 1.1755705045849467
    endloop
  endfacet
  facet normal -0.8443279255020226 0 0.5358267949789847
    outer loop
      vertex -25.952613360087724 -6.25 0.9635073482034304
      vertex -25.818033988749896 -5.75 1.1755705045849467
      vertex -25.952613360087724 -5.75 0.9635073482034304
    endloop
  endfacet
  facet normal -0.770513242775781 0 0.6374239897486994
    outer loop
      vertex -25.818033988749896 -6.25 1.1755705045849467
      vertex -25.65793725484282 -5.75 1.3690942118573766
      vertex -25.818033988749896 -5.75 1.1755705045849467
    endloop
  endfacet
  facet normal -0.770513242775781 0 0.6374239897486994
    outer loop
      vertex -25.818033988749896 -6.25 1.1755705045849467
      vertex -25.65793725484282 -6.25 1.3690942118573766
      vertex -25.65793725484282 -5.75 1.3690942118573766
    endloop
  endfacet
  facet normal -0.684547105928687 0 0.7289686274214132
    outer loop
      vertex -25.65793725484282 -6.25 1.3690942118573766
      vertex -25.474847979497376 -6.25 1.541026485551578
      vertex -25.65793725484282 -5.75 1.3690942118573766
    endloop
  endfacet
  facet normal -0.58778525229248 0 0.8090169943749426
    outer loop
      vertex -25.474847979497376 -6.25 1.541026485551578
      vertex -25.271653589957992 -6.25 1.6886558510040306
      vertex -25.474847979497376 -5.75 1.541026485551578
    endloop
  endfacet
  facet normal -0.684547105928687 0 0.7289686274214132
    outer loop
      vertex -25.474847979497376 -6.25 1.541026485551578
      vertex -25.474847979497376 -5.75 1.541026485551578
      vertex -25.65793725484282 -5.75 1.3690942118573766
    endloop
  endfacet
  facet normal -0.58778525229248 0 0.8090169943749426
    outer loop
      vertex -25.474847979497376 -5.75 1.541026485551578
      vertex -25.271653589957992 -6.25 1.6886558510040306
      vertex -25.271653589957992 -5.75 1.6886558510040306
    endloop
  endfacet
  facet normal 0 -1 0
    outer loop
      vertex -26.059552971776505 -6.25 0.7362491053693558
      vertex -22.447386639912274 -6.25 0.9635073482034304
      vertex -25.952613360087724 -6.25 0.9635073482034304
    endloop
  endfacet
  facet normal 0 -1 0
    outer loop
      vertex -25.952613360087724 -6.25 0.9635073482034304
      vertex -22.581966011250103 -6.25 1.1755705045849467
      vertex -25.818033988749896 -6.25 1.1755705045849467
    endloop
  endfacet
  facet normal 0 -1 0
    outer loop
      vertex -25.952613360087724 -6.25 0.9635073482034304
      vertex -22.447386639912274 -6.25 0.9635073482034304
      vertex -22.581966011250103 -6.25 1.1755705045849467
    endloop
  endfacet
  facet normal 0 -1 0
    outer loop
      vertex -25.818033988749896 -6.25 1.1755705045849467
      vertex -22.581966011250103 -6.25 1.1755705045849467
      vertex -22.742062745157178 -6.25 1.3690942118573766
    endloop
  endfacet
  facet normal 0 -1 0
    outer loop
      vertex -25.818033988749896 -6.25 1.1755705045849467
      vertex -22.742062745157178 -6.25 1.3690942118573766
      vertex -25.65793725484282 -6.25 1.3690942118573766
    endloop
  endfacet
  facet normal 0 -1 0
    outer loop
      vertex -25.65793725484282 -6.25 1.3690942118573766
      vertex -22.925152020502622 -6.25 1.541026485551578
      vertex -25.474847979497376 -6.25 1.541026485551578
    endloop
  endfacet
  facet normal 0 -1 0
    outer loop
      vertex -25.474847979497376 -6.25 1.541026485551578
      vertex -23.128346410042006 -6.25 1.6886558510040306
      vertex -25.271653589957992 -6.25 1.6886558510040306
    endloop
  endfacet
  facet normal 0 -1 0
    outer loop
      vertex -25.65793725484282 -6.25 1.3690942118573766
      vertex -22.742062745157178 -6.25 1.3690942118573766
      vertex -22.925152020502622 -6.25 1.541026485551578
    endloop
  endfacet
  facet normal 0 -1 0
    outer loop
      vertex -25.474847979497376 -6.25 1.541026485551578
      vertex -22.925152020502622 -6.25 1.541026485551578
      vertex -23.128346410042006 -6.25 1.6886558510040306
    endloop
  endfacet
  facet normal 0 1 0
    outer loop
      vertex -25.952613360087724 -5.75 0.9635073482034304
      vertex -25.818033988749896 -5.75 1.1755705045849467
      vertex -22.447386639912274 -5.75 0.9635073482034304
    endloop
  endfacet
  facet normal 0 1 0
    outer loop
      vertex -25.818033988749896 -5.75 1.1755705045849467
      vertex -25.65793725484282 -5.75 1.3690942118573766
      vertex -22.581966011250103 -5.75 1.1755705045849467
    endloop
  endfacet
  facet normal 0 1 0
    outer loop
      vertex -25.65793725484282 -5.75 1.3690942118573766
      vertex -25.474847979497376 -5.75 1.541026485551578
      vertex -22.742062745157178 -5.75 1.3690942118573766
    endloop
  endfacet
  facet normal 0 1 0
    outer loop
      vertex -25.474847979497376 -5.75 1.541026485551578
      vertex -25.271653589957992 -5.75 1.6886558510040306
      vertex -22.925152020502622 -5.75 1.541026485551578
    endloop
  endfacet
  facet normal 0 1 0
    outer loop
      vertex -25.65793725484282 -5.75 1.3690942118573766
      vertex -22.742062745157178 -5.75 1.3690942118573766
      vertex -22.581966011250103 -5.75 1.1755705045849467
    endloop
  endfacet
  facet normal 0 1 0
    outer loop
      vertex -25.474847979497376 -5.75 1.541026485551578
      vertex -22.925152020502622 -5.75 1.541026485551578
      vertex -22.742062745157178 -5.75 1.3690942118573766
    endloop
  endfacet
  facet normal 0 1 0
    outer loop
      vertex -22.925152020502622 -5.75 1.541026485551578
      vertex -25.271653589957992 -5.75 1.6886558510040306
      vertex -23.128346410042006 -5.75 1.6886558510040306
    endloop
  endfacet
  facet normal 0 -1 0
    outer loop
      vertex -26.2 -6.25 0
      vertex -22.2 -6.25 0
      vertex -22.215770597371044 -6.25 0.2506664671286085
    endloop
  endfacet
  facet normal 0 -1 0
    outer loop
      vertex -26.184229402628954 -6.25 0.2506664671286085
      vertex -22.215770597371044 -6.25 0.2506664671286085
      vertex -22.262833677742737 -6.25 0.49737977432970926
    endloop
  endfacet
  facet normal 0 -1 0
    outer loop
      vertex -26.13716632225726 -6.25 0.49737977432971014
      vertex -22.262833677742737 -6.25 0.49737977432970926
      vertex -22.340447028223497 -6.25 0.7362491053693558
    endloop
  endfacet
  facet normal 0 -1 0
    outer loop
      vertex -26.059552971776505 -6.25 0.7362491053693558
      vertex -22.340447028223497 -6.25 0.7362491053693558
      vertex -22.447386639912274 -6.25 0.9635073482034304
    endloop
  endfacet
  facet normal 0.904827052466018 0 0.425779291565076
    outer loop
      vertex -22.340447028223497 -6.25 0.7362491053693558
      vertex -22.340447028223497 -5.75 0.7362491053693558
      vertex -22.447386639912274 -6.25 0.9635073482034304
    endloop
  endfacet
  facet normal 0 1 0
    outer loop
      vertex -26.184229402628954 -5.75 0.2506664671286085
      vertex -22.215770597371044 -5.75 0.2506664671286085
      vertex -22.2 -5.75 0
    endloop
  endfacet
  facet normal 0 1 0
    outer loop
      vertex -26.13716632225726 -5.75 0.49737977432971014
      vertex -22.262833677742737 -5.75 0.49737977432970926
      vertex -22.215770597371044 -5.75 0.2506664671286085
    endloop
  endfacet
  facet normal 0 1 0
    outer loop
      vertex -26.059552971776505 -5.75 0.7362491053693558
      vertex -22.340447028223497 -5.75 0.7362491053693558
      vertex -22.262833677742737 -5.75 0.49737977432970926
    endloop
  endfacet
  facet normal 0.9980267284282714 0 0.06279051952931566
    outer loop
      vertex -22.2 -6.25 0
      vertex -22.2 -5.75 0
      vertex -22.215770597371044 -6.25 0.2506664671286085
    endloop
  endfacet
  facet normal 0.982287250728689 0 0.18738131458572302
    outer loop
      vertex -22.215770597371044 -6.25 0.2506664671286085
      vertex -22.215770597371044 -5.75 0.2506664671286085
      vertex -22.262833677742737 -6.25 0.49737977432970926
    endloop
  endfacet
  facet normal 0.9980267284282714 0 0.06279051952931566
    outer loop
      vertex -22.215770597371044 -6.25 0.2506664671286085
      vertex -22.2 -5.75 0
      vertex -22.215770597371044 -5.75 0.2506664671286085
    endloop
  endfacet
  facet normal 0.982287250728689 0 0.18738131458572302
    outer loop
      vertex -22.262833677742737 -6.25 0.49737977432970926
      vertex -22.215770597371044 -5.75 0.2506664671286085
      vertex -22.262833677742737 -5.75 0.49737977432970926
    endloop
  endfacet
  facet normal 0.9510565162951526 0 0.30901699437495045
    outer loop
      vertex -22.262833677742737 -6.25 0.49737977432970926
      vertex -22.262833677742737 -5.75 0.49737977432970926
      vertex -22.340447028223497 -6.25 0.7362491053693558
    endloop
  endfacet
  facet normal 0.9510565162951526 0 0.30901699437495045
    outer loop
      vertex -22.340447028223497 -6.25 0.7362491053693558
      vertex -22.262833677742737 -5.75 0.49737977432970926
      vertex -22.340447028223497 -5.75 0.7362491053693558
    endloop
  endfacet
  facet normal 0.8443279255020226 0 0.5358267949789847
    outer loop
      vertex -22.447386639912274 -6.25 0.9635073482034304
      vertex -22.447386639912274 -5.75 0.9635073482034304
      vertex -22.581966011250103 -6.25 1.1755705045849467
    endloop
  endfacet
  facet normal 0.770513242775781 0 0.6374239897486994
    outer loop
      vertex -22.581966011250103 -6.25 1.1755705045849467
      vertex -22.581966011250103 -5.75 1.1755705045849467
      vertex -22.742062745157178 -6.25 1.3690942118573766
    endloop
  endfacet
  facet normal 0.904827052466018 0 0.425779291565076
    outer loop
      vertex -22.340447028223497 -5.75 0.7362491053693558
      vertex -22.447386639912274 -5.75 0.9635073482034304
      vertex -22.447386639912274 -6.25 0.9635073482034304
    endloop
  endfacet
  facet normal 0.8443279255020226 0 0.5358267949789847
    outer loop
      vertex -22.581966011250103 -6.25 1.1755705045849467
      vertex -22.447386639912274 -5.75 0.9635073482034304
      vertex -22.581966011250103 -5.75 1.1755705045849467
    endloop
  endfacet
  facet normal 0.58778525229248 0 0.8090169943749426
    outer loop
      vertex -22.925152020502622 -6.25 1.541026485551578
      vertex -23.128346410042006 -5.75 1.6886558510040306
      vertex -23.128346410042006 -6.25 1.6886558510040306
    endloop
  endfacet
  facet normal 0.684547105928687 0 0.7289686274214132
    outer loop
      vertex -22.742062745157178 -6.25 1.3690942118573766
      vertex -22.925152020502622 -5.75 1.541026485551578
      vertex -22.925152020502622 -6.25 1.541026485551578
    endloop
  endfacet
  facet normal 0.770513242775781 0 0.6374239897486994
    outer loop
      vertex -22.742062745157178 -6.25 1.3690942118573766
      vertex -22.581966011250103 -5.75 1.1755705045849467
      vertex -22.742062745157178 -5.75 1.3690942118573766
    endloop
  endfacet
  facet normal 0.684547105928687 0 0.7289686274214132
    outer loop
      vertex -22.742062745157178 -6.25 1.3690942118573766
      vertex -22.742062745157178 -5.75 1.3690942118573766
      vertex -22.925152020502622 -5.75 1.541026485551578
    endloop
  endfacet
  facet normal 0.58778525229248 0 0.8090169943749426
    outer loop
      vertex -22.925152020502622 -6.25 1.541026485551578
      vertex -22.925152020502622 -5.75 1.541026485551578
      vertex -23.128346410042006 -5.75 1.6886558510040306
    endloop
  endfacet
  facet normal 0 1 0
    outer loop
      vertex -25.952613360087724 -5.75 0.9635073482034304
      vertex -22.447386639912274 -5.75 0.9635073482034304
      vertex -22.340447028223497 -5.75 0.7362491053693558
    endloop
  endfacet
  facet normal 0 1 0
    outer loop
      vertex -25.818033988749896 -5.75 1.1755705045849467
      vertex -22.581966011250103 -5.75 1.1755705045849467
      vertex -22.447386639912274 -5.75 0.9635073482034304
    endloop
  endfacet
  facet normal -0.48175367410171255 0 0.876306680043865
    outer loop
      vertex -25.271653589957992 -6.25 1.6886558510040306
      vertex -25.051558583130145 -6.25 1.8096541049320383
      vertex -25.271653589957992 -5.75 1.6886558510040306
    endloop
  endfacet
  facet normal -0.3681245526846831 0 0.9297764858882495
    outer loop
      vertex -25.051558583130145 -6.25 1.8096541049320383
      vertex -24.818033988749896 -6.25 1.9021130325903073
      vertex -25.051558583130145 -5.75 1.8096541049320383
    endloop
  endfacet
  facet normal -0.48175367410171255 0 0.876306680043865
    outer loop
      vertex -25.051558583130145 -6.25 1.8096541049320383
      vertex -25.051558583130145 -5.75 1.8096541049320383
      vertex -25.271653589957992 -5.75 1.6886558510040306
    endloop
  endfacet
  facet normal 0 -1 0
    outer loop
      vertex -25.271653589957992 -6.25 1.6886558510040306
      vertex -23.348441416869854 -6.25 1.8096541049320383
      vertex -25.051558583130145 -6.25 1.8096541049320383
    endloop
  endfacet
  facet normal 0 -1 0
    outer loop
      vertex -25.051558583130145 -6.25 1.8096541049320383
      vertex -23.581966011250103 -6.25 1.9021130325903073
      vertex -24.818033988749896 -6.25 1.9021130325903073
    endloop
  endfacet
  facet normal -0.24868988716485402 0 0.9685831611286313
    outer loop
      vertex -24.818033988749896 -6.25 1.9021130325903073
      vertex -24.57476262917145 -6.25 1.9645745014573777
      vertex -24.818033988749896 -5.75 1.9021130325903073
    endloop
  endfacet
  facet normal 0 -1 0
    outer loop
      vertex -24.818033988749896 -6.25 1.9021130325903073
      vertex -23.82523737082855 -6.25 1.9645745014573777
      vertex -24.57476262917145 -6.25 1.9645745014573777
    endloop
  endfacet
  facet normal 0 -1 0
    outer loop
      vertex -24.57476262917145 -6.25 1.9645745014573777
      vertex -24.074418960941372 -6.25 1.9960534568565436
      vertex -24.325581039058626 -6.25 1.9960534568565436
    endloop
  endfacet
  facet normal -0.12533323356430467 0 0.9921147013144778
    outer loop
      vertex -24.57476262917145 -6.25 1.9645745014573777
      vertex -24.325581039058626 -6.25 1.9960534568565436
      vertex -24.57476262917145 -5.75 1.9645745014573777
    endloop
  endfacet
  facet normal -0.3681245526846831 0 0.9297764858882495
    outer loop
      vertex -25.051558583130145 -5.75 1.8096541049320383
      vertex -24.818033988749896 -6.25 1.9021130325903073
      vertex -24.818033988749896 -5.75 1.9021130325903073
    endloop
  endfacet
  facet normal -0.24868988716485402 0 0.9685831611286313
    outer loop
      vertex -24.57476262917145 -6.25 1.9645745014573777
      vertex -24.57476262917145 -5.75 1.9645745014573777
      vertex -24.818033988749896 -5.75 1.9021130325903073
    endloop
  endfacet
  facet normal -0.12533323356430467 0 0.9921147013144778
    outer loop
      vertex -24.325581039058626 -6.25 1.9960534568565436
      vertex -24.325581039058626 -5.75 1.9960534568565436
      vertex -24.57476262917145 -5.75 1.9645745014573777
    endloop
  endfacet
  facet normal 0 -1 0
    outer loop
      vertex -25.051558583130145 -6.25 1.8096541049320383
      vertex -23.348441416869854 -6.25 1.8096541049320383
      vertex -23.581966011250103 -6.25 1.9021130325903073
    endloop
  endfacet
  facet normal 0 -1 0
    outer loop
      vertex -25.271653589957992 -6.25 1.6886558510040306
      vertex -23.128346410042006 -6.25 1.6886558510040306
      vertex -23.348441416869854 -6.25 1.8096541049320383
    endloop
  endfacet
  facet normal 0 -1 0
    outer loop
      vertex -24.57476262917145 -6.25 1.9645745014573777
      vertex -23.82523737082855 -6.25 1.9645745014573777
      vertex -24.074418960941372 -6.25 1.9960534568565436
    endloop
  endfacet
  facet normal 0 -1 0
    outer loop
      vertex -24.818033988749896 -6.25 1.9021130325903073
      vertex -23.581966011250103 -6.25 1.9021130325903073
      vertex -23.82523737082855 -6.25 1.9645745014573777
    endloop
  endfacet
  facet normal 0 0 1
    outer loop
      vertex -24.325581039058626 -6.25 1.9960534568565436
      vertex -24.074418960941372 -6.25 1.9960534568565436
      vertex -24.325581039058626 -5.75 1.9960534568565436
    endloop
  endfacet
  facet normal 0.12533323356430467 0 0.9921147013144778
    outer loop
      vertex -24.074418960941372 -6.25 1.9960534568565436
      vertex -23.82523737082855 -6.25 1.9645745014573777
      vertex -24.074418960941372 -5.75 1.9960534568565436
    endloop
  endfacet
  facet normal 0.24868988716485402 0 0.9685831611286313
    outer loop
      vertex -23.82523737082855 -6.25 1.9645745014573777
      vertex -23.581966011250103 -6.25 1.9021130325903073
      vertex -23.82523737082855 -5.75 1.9645745014573777
    endloop
  endfacet
  facet normal 0 0 1
    outer loop
      vertex -24.074418960941372 -6.25 1.9960534568565436
      vertex -24.074418960941372 -5.75 1.9960534568565436
      vertex -24.325581039058626 -5.75 1.9960534568565436
    endloop
  endfacet
  facet normal 0.12533323356430467 0 0.9921147013144778
    outer loop
      vertex -23.82523737082855 -6.25 1.9645745014573777
      vertex -23.82523737082855 -5.75 1.9645745014573777
      vertex -24.074418960941372 -5.75 1.9960534568565436
    endloop
  endfacet
  facet normal 0.24868988716485402 0 0.9685831611286313
    outer loop
      vertex -23.82523737082855 -5.75 1.9645745014573777
      vertex -23.581966011250103 -6.25 1.9021130325903073
      vertex -23.581966011250103 -5.75 1.9021130325903073
    endloop
  endfacet
  facet normal 0 1 0
    outer loop
      vertex -25.271653589957992 -5.75 1.6886558510040306
      vertex -25.051558583130145 -5.75 1.8096541049320383
      vertex -23.128346410042006 -5.75 1.6886558510040306
    endloop
  endfacet
  facet normal 0 1 0
    outer loop
      vertex -25.051558583130145 -5.75 1.8096541049320383
      vertex -24.818033988749896 -5.75 1.9021130325903073
      vertex -23.348441416869854 -5.75 1.8096541049320383
    endloop
  endfacet
  facet normal 0 1 0
    outer loop
      vertex -24.818033988749896 -5.75 1.9021130325903073
      vertex -24.57476262917145 -5.75 1.9645745014573777
      vertex -23.581966011250103 -5.75 1.9021130325903073
    endloop
  endfacet
  facet normal 0 1 0
    outer loop
      vertex -25.051558583130145 -5.75 1.8096541049320383
      vertex -23.348441416869854 -5.75 1.8096541049320383
      vertex -23.128346410042006 -5.75 1.6886558510040306
    endloop
  endfacet
  facet normal 0 1 0
    outer loop
      vertex -24.818033988749896 -5.75 1.9021130325903073
      vertex -23.581966011250103 -5.75 1.9021130325903073
      vertex -23.348441416869854 -5.75 1.8096541049320383
    endloop
  endfacet
  facet normal 0 1 0
    outer loop
      vertex -24.57476262917145 -5.75 1.9645745014573777
      vertex -24.325581039058626 -5.75 1.9960534568565436
      vertex -23.82523737082855 -5.75 1.9645745014573777
    endloop
  endfacet
  facet normal 0 1 0
    outer loop
      vertex -24.57476262917145 -5.75 1.9645745014573777
      vertex -23.82523737082855 -5.75 1.9645745014573777
      vertex -23.581966011250103 -5.75 1.9021130325903073
    endloop
  endfacet
  facet normal 0 1 0
    outer loop
      vertex -24.325581039058626 -5.75 1.9960534568565436
      vertex -24.074418960941372 -5.75 1.9960534568565436
      vertex -23.82523737082855 -5.75 1.9645745014573777
    endloop
  endfacet
  facet normal 0.3681245526846831 0 0.9297764858882495
    outer loop
      vertex -23.348441416869854 -6.25 1.8096541049320383
      vertex -23.581966011250103 -5.75 1.9021130325903073
      vertex -23.581966011250103 -6.25 1.9021130325903073
    endloop
  endfacet
  facet normal 0.48175367410171255 0 0.876306680043865
    outer loop
      vertex -23.348441416869854 -6.25 1.8096541049320383
      vertex -23.128346410042006 -6.25 1.6886558510040306
      vertex -23.348441416869854 -5.75 1.8096541049320383
    endloop
  endfacet
  facet normal 0.3681245526846831 0 0.9297764858882495
    outer loop
      vertex -23.348441416869854 -6.25 1.8096541049320383
      vertex -23.348441416869854 -5.75 1.8096541049320383
      vertex -23.581966011250103 -5.75 1.9021130325903073
    endloop
  endfacet
  facet normal 0.48175367410171255 0 0.876306680043865
    outer loop
      vertex -23.128346410042006 -6.25 1.6886558510040306
      vertex -23.128346410042006 -5.75 1.6886558510040306
      vertex -23.348441416869854 -5.75 1.8096541049320383
    endloop
  endfacet
  facet normal 0 -1 0
    outer loop
      vertex -5.049999999999999 3.55 -6.75
      vertex 5.049999999999999 3.55 -6.75
      vertex 5.049999999999999 3.55 1.75
    endloop
  endfacet
  facet normal 0 -1 0
    outer loop
      vertex -5.049999999999999 3.55 -6.75
      vertex 5.049999999999999 3.55 1.75
      vertex -5.049999999999999 3.55 1.75
    endloop
  endfacet
  facet normal 0 0 -1
    outer loop
      vertex -5.049999999999999 3.55 -6.75
      vertex -5.049999999999999 6.849999999999999 -6.75
      vertex 5.049999999999999 6.849999999999999 -6.75
    endloop
  endfacet
  facet normal 0 1 0
    outer loop
      vertex -5.049999999999999 6.849999999999999 -6.75
      vertex -2 6.849999999999999 -4.75
      vertex 5.049999999999999 6.849999999999999 -6.75
    endloop
  endfacet
  facet normal -1 0 0
    outer loop
      vertex -5.049999999999999 3.55 -6.75
      vertex -5.049999999999999 6.849999999999999 1.75
      vertex -5.049999999999999 6.849999999999999 -6.75
    endloop
  endfacet
  facet normal 0 0 -1
    outer loop
      vertex -5.049999999999999 3.55 -6.75
      vertex 5.049999999999999 6.849999999999999 -6.75
      vertex 5.049999999999999 3.55 -6.75
    endloop
  endfacet
  facet normal 0 1 0
    outer loop
      vertex 5.049999999999999 6.849999999999999 -6.75
      vertex -2 6.849999999999999 -4.75
      vertex -1.4000000000000004 6.849999999999999 -4.75
    endloop
  endfacet
  facet normal 0 1 0
    outer loop
      vertex 5.049999999999999 6.849999999999999 -6.75
      vertex -1.4000000000000004 6.849999999999999 -4.75
      vertex 0 6.849999999999999 -4.75
    endloop
  endfacet
  facet normal 0 1 0
    outer loop
      vertex 5.049999999999999 6.849999999999999 -6.75
      vertex 0 6.849999999999999 -4.75
      vertex 0.5999999999999996 6.849999999999999 -4.75
    endloop
  endfacet
  facet normal 0 1 0
    outer loop
      vertex 5.049999999999999 6.849999999999999 -6.75
      vertex 0.5999999999999996 6.849999999999999 -4.75
      vertex 2.0000000000000018 6.849999999999999 -4.75
    endloop
  endfacet
  facet normal 0 1 0
    outer loop
      vertex 5.049999999999999 6.849999999999999 -6.75
      vertex 2.0000000000000018 6.849999999999999 -4.75
      vertex 2.600000000000003 6.849999999999999 -4.75
    endloop
  endfacet
  facet normal 0 1 0
    outer loop
      vertex -1.4000000000000004 6.849999999999999 -4.75
      vertex 0 6.849999999999999 -0.75
      vertex 0 6.849999999999999 -4.75
    endloop
  endfacet
  facet normal 0 1 0
    outer loop
      vertex 0.5999999999999996 6.849999999999999 -4.75
      vertex 2.0000000000000018 6.849999999999999 -0.75
      vertex 2.0000000000000018 6.849999999999999 -4.75
    endloop
  endfacet
  facet normal 0 1 0
    outer loop
      vertex 5.049999999999999 6.849999999999999 -6.75
      vertex 2.600000000000003 6.849999999999999 -4.75
      vertex 2.600000000000003 6.849999999999999 -0.75
    endloop
  endfacet
  facet normal -1 0 0
    outer loop
      vertex -5.049999999999999 3.55 -6.75
      vertex -5.049999999999999 3.55 1.75
      vertex -5.049999999999999 6.849999999999999 1.75
    endloop
  endfacet
  facet normal 0 1 0
    outer loop
      vertex -5.049999999999999 6.849999999999999 -6.75
      vertex -5.049999999999999 6.849999999999999 1.75
      vertex -2 6.849999999999999 -4.75
    endloop
  endfacet
  facet normal 0 1 0
    outer loop
      vertex 0 6.849999999999999 -0.75
      vertex -1.4000000000000004 6.849999999999999 -4.75
      vertex -1.4000000000000004 6.849999999999999 -0.75
    endloop
  endfacet
  facet normal 0 1 0
    outer loop
      vertex -5.049999999999999 6.849999999999999 1.75
      vertex -2 6.849999999999999 -0.75
      vertex -2 6.849999999999999 -4.75
    endloop
  endfacet
  facet normal 0 1 0
    outer loop
      vertex 2.0000000000000018 6.849999999999999 -0.75
      vertex 0.5999999999999996 6.849999999999999 -4.75
      vertex 0.5999999999999996 6.849999999999999 -0.75
    endloop
  endfacet
  facet normal 0 1 0
    outer loop
      vertex 5.049999999999999 6.849999999999999 -6.75
      vertex 2.600000000000003 6.849999999999999 -0.75
      vertex 5.049999999999999 6.849999999999999 1.75
    endloop
  endfacet
  facet normal 1 0 0
    outer loop
      vertex 5.049999999999999 3.55 -6.75
      vertex 5.049999999999999 6.849999999999999 -6.75
      vertex 5.049999999999999 3.55 1.75
    endloop
  endfacet
  facet normal 1 0 0
    outer loop
      vertex 5.049999999999999 3.55 1.75
      vertex 5.049999999999999 6.849999999999999 -6.75
      vertex 5.049999999999999 6.849999999999999 1.75
    endloop
  endfacet
  facet normal 0 0 1
    outer loop
      vertex -5.049999999999999 3.55 1.75
      vertex 5.049999999999999 3.55 1.75
      vertex -5.049999999999999 6.849999999999999 1.75
    endloop
  endfacet
  facet normal 0 1 0
    outer loop
      vertex -5.049999999999999 6.849999999999999 1.75
      vertex -1.4000000000000004 6.849999999999999 -0.75
      vertex -2 6.849999999999999 -0.75
    endloop
  endfacet
  facet normal 0 1 0
    outer loop
      vertex 5.049999999999999 6.849999999999999 1.75
      vertex 0 6.849999999999999 -0.75
      vertex -1.4000000000000004 6.849999999999999 -0.75
    endloop
  endfacet
  facet normal 0 1 0
    outer loop
      vertex 5.049999999999999 6.849999999999999 1.75
      vertex 0.5999999999999996 6.849999999999999 -0.75
      vertex 0 6.849999999999999 -0.75
    endloop
  endfacet
  facet normal 0 1 0
    outer loop
      vertex -5.049999999999999 6.849999999999999 1.75
      vertex 5.049999999999999 6.849999999999999 1.75
      vertex -1.4000000000000004 6.849999999999999 -0.75
    endloop
  endfacet
  facet normal 0 1 0
    outer loop
      vertex 5.049999999999999 6.849999999999999 1.75
      vertex 2.0000000000000018 6.849999999999999 -0.75
      vertex 0.5999999999999996 6.849999999999999 -0.75
    endloop
  endfacet
  facet normal 0 1 0
    outer loop
      vertex 5.049999999999999 6.849999999999999 1.75
      vertex 2.600000000000003 6.849999999999999 -0.75
      vertex 2.0000000000000018 6.849999999999999 -0.75
    endloop
  endfacet
  facet normal 0 0 1
    outer loop
      vertex -5.049999999999999 6.849999999999999 1.75
      vertex 5.049999999999999 3.55 1.75
      vertex 5.049999999999999 6.849999999999999 1.75
    endloop
  endfacet
endsolid OpenSCAD_Model
