solid OpenSCAD_Model
  facet normal -0.8448535652497072 -0.5349976198870969 0
    outer loop
      vertex -34.30914440001088 -20.564109767728873 0
      vertex -33.25878449210181 -22.222809320784087 0
      vertex -34.30914440001088 -20.564109767728873 90
    endloop
  endfacet
  facet normal -0.7572088465064849 -0.6531728429537764 0
    outer loop
      vertex -30.92041813450948 -25.37573136654582 0
      vertex -29.638045014198365 -26.862358193880738 0
      vertex -30.92041813450948 -25.37573136654582 90
    endloop
  endfacet
  facet normal -0.7242470829514667 -0.6895405447370673 0
    outer loop
      vertex -28.284271247461902 -28.284271247461902 0
      vertex -29.638045014198365 -26.862358193880738 90
      vertex -29.638045014198365 -26.862358193880738 0
    endloop
  endfacet
  facet normal -0.8175848131515847 -0.5758081914178439 0
    outer loop
      vertex -33.25878449210181 -22.222809320784087 0
      vertex -32.1283012592258 -23.827972179697333 0
      vertex -33.25878449210181 -22.222809320784087 90
    endloop
  endfacet
  facet normal -0.7883464276266058 -0.6152315905806276 0
    outer loop
      vertex -30.92041813450948 -25.37573136654582 0
      vertex -32.1283012592258 -23.827972179697333 90
      vertex -32.1283012592258 -23.827972179697333 0
    endloop
  endfacet
  facet normal -0.6531728429537764 -0.7572088465064849 0
    outer loop
      vertex -25.37573136654582 -30.92041813450948 0
      vertex -25.37573136654582 -30.92041813450948 90
      vertex -26.862358193880738 -29.638045014198365 0
    endloop
  endfacet
  facet normal -0.5758081914178439 -0.8175848131515847 0
    outer loop
      vertex -23.827972179697333 -32.1283012592258 0
      vertex -22.222809320784087 -33.25878449210181 0
      vertex -22.222809320784087 -33.25878449210181 90
    endloop
  endfacet
  facet normal -0.6152315905806276 -0.7883464276266058 0
    outer loop
      vertex -25.37573136654582 -30.92041813450948 0
      vertex -23.827972179697333 -32.1283012592258 0
      vertex -23.827972179697333 -32.1283012592258 90
    endloop
  endfacet
  facet normal -0.44961132965460554 -0.8932243011955158 0
    outer loop
      vertex -18.855869473039906 -35.276850573934205 0
      vertex -17.102203737211283 -36.159571724937734 0
      vertex -17.102203737211283 -36.159571724937734 90
    endloop
  endfacet
  facet normal -0.4052413140049901 -0.9142097557035305 0
    outer loop
      vertex -17.102203737211283 -36.159571724937734 0
      vertex -15.307337294603592 -36.95518130045147 0
      vertex -15.307337294603592 -36.95518130045147 90
    endloop
  endfacet
  facet normal -0.5349976198870969 -0.8448535652497072 0
    outer loop
      vertex -22.222809320784087 -33.25878449210181 0
      vertex -20.564109767728873 -34.30914440001088 0
      vertex -20.564109767728873 -34.30914440001088 90
    endloop
  endfacet
  facet normal -0.492898192229786 -0.8700869911087105 0
    outer loop
      vertex -20.564109767728873 -34.30914440001088 0
      vertex -18.855869473039906 -35.276850573934205 0
      vertex -18.855869473039906 -35.276850573934205 90
    endloop
  endfacet
  facet normal -0.6895405447370673 -0.7242470829514667 0
    outer loop
      vertex -28.284271247461902 -28.284271247461902 0
      vertex -26.862358193880738 -29.638045014198365 0
      vertex -26.862358193880738 -29.638045014198365 90
    endloop
  endfacet
  facet normal 0 0 -1
    outer loop
      vertex -36.95518130045147 -15.307337294603592 0
      vertex -36.159571724937734 17.102203737211283 0
      vertex -36.159571724937734 -17.102203737211283 0
    endloop
  endfacet
  facet normal 0 0 -1
    outer loop
      vertex -35.276850573934205 -18.855869473039906 0
      vertex -36.159571724937734 -17.102203737211283 0
      vertex -35.276850573934205 18.855869473039906 0
    endloop
  endfacet
  facet normal 0 0 -1
    outer loop
      vertex -34.30914440001088 -20.564109767728873 0
      vertex -35.276850573934205 -18.855869473039906 0
      vertex -34.30914440001088 20.564109767728873 0
    endloop
  endfacet
  facet normal 0 0 -1
    outer loop
      vertex -38.801250127781756 -9.719207196130554 0
      vertex -39.23141121612922 -7.8036128806451295 0
      vertex -38.801250127781756 9.719207196130554 0
    endloop
  endfacet
  facet normal 0 0 -1
    outer loop
      vertex -37.66176260732083 -13.475594135688802 0
      vertex -38.27761342928835 -11.611387090178493 0
      vertex -37.66176260732083 13.475594135688802 0
    endloop
  endfacet
  facet normal 0 0 -1
    outer loop
      vertex -36.95518130045147 -15.307337294603592 0
      vertex -37.66176260732083 -13.475594135688802 0
      vertex -36.95518130045147 15.307337294603592 0
    endloop
  endfacet
  facet normal 0 0 -1
    outer loop
      vertex -38.27761342928835 -11.611387090178493 0
      vertex -38.801250127781756 -9.719207196130554 0
      vertex -38.27761342928835 11.611387090178493 0
    endloop
  endfacet
  facet normal 0 0 -1
    outer loop
      vertex -39.23141121612922 -7.8036128806451295 0
      vertex -39.56706039859124 -5.8692189782144695 0
      vertex -39.23141121612922 7.8036128806451295 0
    endloop
  endfacet
  facet normal 0 0 -1
    outer loop
      vertex -39.56706039859124 -5.8692189782144695 0
      vertex -39.80738906688788 -3.920685613182424 0
      vertex -39.56706039859124 5.8692189782144695 0
    endloop
  endfacet
  facet normal 0 0 -1
    outer loop
      vertex -39.80738906688788 -3.920685613182424 0
      vertex -39.9518182482069 -1.9627069730967206 0
      vertex -39.80738906688788 3.920685613182424 0
    endloop
  endfacet
  facet normal 0 0 -1
    outer loop
      vertex -30.92041813450948 -25.37573136654582 0
      vertex -32.1283012592258 -23.827972179697333 0
      vertex -30.92041813450948 25.37573136654582 0
    endloop
  endfacet
  facet normal 0 0 -1
    outer loop
      vertex -34.30914440001088 -20.564109767728873 0
      vertex -33.25878449210181 22.222809320784087 0
      vertex -33.25878449210181 -22.222809320784087 0
    endloop
  endfacet
  facet normal 0 0 -1
    outer loop
      vertex -33.25878449210181 -22.222809320784087 0
      vertex -32.1283012592258 23.827972179697333 0
      vertex -32.1283012592258 -23.827972179697333 0
    endloop
  endfacet
  facet normal 0 0 -1
    outer loop
      vertex -30.92041813450948 -25.37573136654582 0
      vertex -29.638045014198365 26.862358193880738 0
      vertex -29.638045014198365 -26.862358193880738 0
    endloop
  endfacet
  facet normal 0 0 -1
    outer loop
      vertex -28.284271247461902 -28.284271247461902 0
      vertex -29.638045014198365 -26.862358193880738 0
      vertex -28.284271247461902 28.284271247461902 0
    endloop
  endfacet
  facet normal 0 0 -1
    outer loop
      vertex -25.37573136654582 -30.92041813450948 0
      vertex -23.827972179697333 32.1283012592258 0
      vertex -23.827972179697333 -32.1283012592258 0
    endloop
  endfacet
  facet normal 0 0 -1
    outer loop
      vertex -23.827972179697333 -32.1283012592258 0
      vertex -22.222809320784087 33.25878449210181 0
      vertex -22.222809320784087 -33.25878449210181 0
    endloop
  endfacet
  facet normal 0 0 -1
    outer loop
      vertex -22.222809320784087 -33.25878449210181 0
      vertex -20.564109767728873 34.30914440001088 0
      vertex -20.564109767728873 -34.30914440001088 0
    endloop
  endfacet
  facet normal 0 0 -1
    outer loop
      vertex -20.564109767728873 -34.30914440001088 0
      vertex -18.855869473039906 35.276850573934205 0
      vertex -18.855869473039906 -35.276850573934205 0
    endloop
  endfacet
  facet normal 0 0 -1
    outer loop
      vertex -18.855869473039906 -35.276850573934205 0
      vertex -17.102203737211283 36.159571724937734 0
      vertex -17.102203737211283 -36.159571724937734 0
    endloop
  endfacet
  facet normal 0 0 -1
    outer loop
      vertex -17.102203737211283 -36.159571724937734 0
      vertex -15.307337294603592 36.95518130045147 0
      vertex -15.307337294603592 -36.95518130045147 0
    endloop
  endfacet
  facet normal 0 0 -1
    outer loop
      vertex -28.284271247461902 -28.284271247461902 0
      vertex -26.862358193880738 29.638045014198365 0
      vertex -26.862358193880738 -29.638045014198365 0
    endloop
  endfacet
  facet normal 0 0 -1
    outer loop
      vertex -25.37573136654582 -30.92041813450948 0
      vertex -26.862358193880738 -29.638045014198365 0
      vertex -25.37573136654582 30.92041813450948 0
    endloop
  endfacet
  facet normal -0.8932243011955158 -0.44961132965460554 0
    outer loop
      vertex -35.276850573934205 -18.855869473039906 0
      vertex -36.159571724937734 -17.102203737211283 90
      vertex -36.159571724937734 -17.102203737211283 0
    endloop
  endfacet
  facet normal -0.8700869911087105 -0.492898192229786 0
    outer loop
      vertex -34.30914440001088 -20.564109767728873 0
      vertex -35.276850573934205 -18.855869473039906 90
      vertex -35.276850573934205 -18.855869473039906 0
    endloop
  endfacet
  facet normal -0.9142097557035305 -0.4052413140049901 0
    outer loop
      vertex -36.95518130045147 -15.307337294603592 0
      vertex -36.159571724937734 -17.102203737211283 0
      vertex -36.95518130045147 -15.307337294603592 90
    endloop
  endfacet
  facet normal -0.9329927988347392 -0.3598950365349876 0
    outer loop
      vertex -36.95518130045147 -15.307337294603592 0
      vertex -37.66176260732083 -13.475594135688802 90
      vertex -37.66176260732083 -13.475594135688802 0
    endloop
  endfacet
  facet normal -0.9637760657954398 -0.2667127574748985 0
    outer loop
      vertex -38.27761342928835 -11.611387090178493 0
      vertex -38.801250127781756 -9.719207196130554 90
      vertex -38.801250127781756 -9.719207196130554 0
    endloop
  endfacet
  facet normal -0.9495281805930372 -0.3136817403988896 0
    outer loop
      vertex -37.66176260732083 -13.475594135688802 0
      vertex -38.27761342928835 -11.611387090178493 90
      vertex -38.27761342928835 -11.611387090178493 0
    endloop
  endfacet
  facet normal -0.9757021300385283 -0.2191012401568711 0
    outer loop
      vertex -38.801250127781756 -9.719207196130554 0
      vertex -39.23141121612922 -7.8036128806451295 90
      vertex -39.23141121612922 -7.8036128806451295 0
    endloop
  endfacet
  facet normal -0.9852776423889413 -0.17096188876030116 0
    outer loop
      vertex -39.23141121612922 -7.8036128806451295 0
      vertex -39.56706039859124 -5.8692189782144695 90
      vertex -39.56706039859124 -5.8692189782144695 0
    endloop
  endfacet
  facet normal -0.9924795345987097 -0.1224106751992185 0
    outer loop
      vertex -39.56706039859124 -5.8692189782144695 0
      vertex -39.80738906688788 -3.920685613182424 90
      vertex -39.80738906688788 -3.920685613182424 0
    endloop
  endfacet
  facet normal -0.9972904566786902 -0.0735645635996668 0
    outer loop
      vertex -39.80738906688788 -3.920685613182424 0
      vertex -39.9518182482069 -1.9627069730967206 90
      vertex -39.9518182482069 -1.9627069730967206 0
    endloop
  endfacet
  facet normal -0.9996988186962042 -0.024541228522911133 0
    outer loop
      vertex -39.9518182482069 -1.9627069730967206 0
      vertex -40 0 90
      vertex -40 0 0
    endloop
  endfacet
  facet normal -0.3598950365349876 -0.9329927988347392 0
    outer loop
      vertex -15.307337294603592 -36.95518130045147 0
      vertex -13.475594135688802 -37.66176260732083 0
      vertex -13.475594135688802 -37.66176260732083 90
    endloop
  endfacet
  facet normal -0.3136817403988896 -0.9495281805930372 0
    outer loop
      vertex -13.475594135688802 -37.66176260732083 0
      vertex -11.611387090178493 -38.27761342928835 0
      vertex -11.611387090178493 -38.27761342928835 90
    endloop
  endfacet
  facet normal -0.2667127574748985 -0.9637760657954398 0
    outer loop
      vertex -11.611387090178493 -38.27761342928835 0
      vertex -9.719207196130554 -38.801250127781756 0
      vertex -9.719207196130554 -38.801250127781756 90
    endloop
  endfacet
  facet normal -0.2191012401568711 -0.9757021300385283 0
    outer loop
      vertex -9.719207196130554 -38.801250127781756 0
      vertex -7.8036128806451295 -39.23141121612922 0
      vertex -7.8036128806451295 -39.23141121612922 90
    endloop
  endfacet
  facet normal -0.17096188876030116 -0.9852776423889413 0
    outer loop
      vertex -7.8036128806451295 -39.23141121612922 0
      vertex -5.8692189782144695 -39.56706039859124 0
      vertex -5.8692189782144695 -39.56706039859124 90
    endloop
  endfacet
  facet normal -0.1224106751992185 -0.9924795345987097 0
    outer loop
      vertex -5.8692189782144695 -39.56706039859124 0
      vertex -3.920685613182424 -39.80738906688788 0
      vertex -3.920685613182424 -39.80738906688788 90
    endloop
  endfacet
  facet normal -0.0735645635996668 -0.9972904566786902 0
    outer loop
      vertex -3.920685613182424 -39.80738906688788 0
      vertex -1.9627069730967206 -39.9518182482069 0
      vertex -1.9627069730967206 -39.9518182482069 90
    endloop
  endfacet
  facet normal -0.024541228522911133 -0.9996988186962042 0
    outer loop
      vertex -1.9627069730967206 -39.9518182482069 0
      vertex 0 -40 0
      vertex 0 -40 90
    endloop
  endfacet
  facet normal 0.024541228522911133 -0.9996988186962042 0
    outer loop
      vertex 0 -40 0
      vertex 1.9627069730967206 -39.9518182482069 0
      vertex 1.9627069730967206 -39.9518182482069 90
    endloop
  endfacet
  facet normal 0.0735645635996668 -0.9972904566786902 0
    outer loop
      vertex 1.9627069730967206 -39.9518182482069 0
      vertex 3.920685613182424 -39.80738906688788 0
      vertex 3.920685613182424 -39.80738906688788 90
    endloop
  endfacet
  facet normal 0.1224106751992185 -0.9924795345987097 0
    outer loop
      vertex 3.920685613182424 -39.80738906688788 0
      vertex 5.8692189782144695 -39.56706039859124 0
      vertex 5.8692189782144695 -39.56706039859124 90
    endloop
  endfacet
  facet normal 0.17096188876030116 -0.9852776423889413 0
    outer loop
      vertex 5.8692189782144695 -39.56706039859124 0
      vertex 7.8036128806451295 -39.23141121612922 0
      vertex 7.8036128806451295 -39.23141121612922 90
    endloop
  endfacet
  facet normal 0.2191012401568711 -0.9757021300385283 0
    outer loop
      vertex 7.8036128806451295 -39.23141121612922 0
      vertex 9.719207196130554 -38.801250127781756 0
      vertex 9.719207196130554 -38.801250127781756 90
    endloop
  endfacet
  facet normal 0 0 -1
    outer loop
      vertex -15.307337294603592 -36.95518130045147 0
      vertex -13.475594135688802 37.66176260732083 0
      vertex -13.475594135688802 -37.66176260732083 0
    endloop
  endfacet
  facet normal 0 0 -1
    outer loop
      vertex -13.475594135688802 -37.66176260732083 0
      vertex -11.611387090178493 38.27761342928835 0
      vertex -11.611387090178493 -38.27761342928835 0
    endloop
  endfacet
  facet normal 0 0 -1
    outer loop
      vertex -11.611387090178493 -38.27761342928835 0
      vertex -9.719207196130554 38.801250127781756 0
      vertex -9.719207196130554 -38.801250127781756 0
    endloop
  endfacet
  facet normal 0 0 -1
    outer loop
      vertex -9.719207196130554 -38.801250127781756 0
      vertex -7.8036128806451295 39.23141121612922 0
      vertex -7.8036128806451295 -39.23141121612922 0
    endloop
  endfacet
  facet normal 0 0 -1
    outer loop
      vertex -7.8036128806451295 -39.23141121612922 0
      vertex -5.8692189782144695 39.56706039859124 0
      vertex -5.8692189782144695 -39.56706039859124 0
    endloop
  endfacet
  facet normal 0 0 -1
    outer loop
      vertex -5.8692189782144695 -39.56706039859124 0
      vertex -3.920685613182424 39.80738906688788 0
      vertex -3.920685613182424 -39.80738906688788 0
    endloop
  endfacet
  facet normal 0 0 -1
    outer loop
      vertex -3.920685613182424 -39.80738906688788 0
      vertex -1.9627069730967206 39.9518182482069 0
      vertex -1.9627069730967206 -39.9518182482069 0
    endloop
  endfacet
  facet normal 0 0 -1
    outer loop
      vertex -1.9627069730967206 -39.9518182482069 0
      vertex 0 40 0
      vertex 0 -40 0
    endloop
  endfacet
  facet normal 0 0 -1
    outer loop
      vertex 0 -40 0
      vertex 1.9627069730967206 39.9518182482069 0
      vertex 1.9627069730967206 -39.9518182482069 0
    endloop
  endfacet
  facet normal 0 0 -1
    outer loop
      vertex 1.9627069730967206 -39.9518182482069 0
      vertex 3.920685613182424 39.80738906688788 0
      vertex 3.920685613182424 -39.80738906688788 0
    endloop
  endfacet
  facet normal 0 0 -1
    outer loop
      vertex 3.920685613182424 -39.80738906688788 0
      vertex 5.8692189782144695 39.56706039859124 0
      vertex 5.8692189782144695 -39.56706039859124 0
    endloop
  endfacet
  facet normal 0 0 -1
    outer loop
      vertex 5.8692189782144695 -39.56706039859124 0
      vertex 7.8036128806451295 39.23141121612922 0
      vertex 7.8036128806451295 -39.23141121612922 0
    endloop
  endfacet
  facet normal 0 0 -1
    outer loop
      vertex 7.8036128806451295 -39.23141121612922 0
      vertex 9.719207196130554 38.801250127781756 0
      vertex 9.719207196130554 -38.801250127781756 0
    endloop
  endfacet
  facet normal -0.7242470829514667 -0.6895405447370673 0
    outer loop
      vertex -28.284271247461902 -28.284271247461902 0
      vertex -28.284271247461902 -28.284271247461902 90
      vertex -29.638045014198365 -26.862358193880738 90
    endloop
  endfacet
  facet normal -0.6895405447370673 -0.7242470829514667 0
    outer loop
      vertex -28.284271247461902 -28.284271247461902 0
      vertex -26.862358193880738 -29.638045014198365 90
      vertex -28.284271247461902 -28.284271247461902 90
    endloop
  endfacet
  facet normal -0.7572088465064849 -0.6531728429537764 0
    outer loop
      vertex -29.638045014198365 -26.862358193880738 0
      vertex -29.638045014198365 -26.862358193880738 90
      vertex -30.92041813450948 -25.37573136654582 90
    endloop
  endfacet
  facet normal -0.8175848131515847 -0.5758081914178439 0
    outer loop
      vertex -32.1283012592258 -23.827972179697333 0
      vertex -32.1283012592258 -23.827972179697333 90
      vertex -33.25878449210181 -22.222809320784087 90
    endloop
  endfacet
  facet normal -0.7883464276266058 -0.6152315905806276 0
    outer loop
      vertex -30.92041813450948 -25.37573136654582 0
      vertex -30.92041813450948 -25.37573136654582 90
      vertex -32.1283012592258 -23.827972179697333 90
    endloop
  endfacet
  facet normal -0.8448535652497072 -0.5349976198870969 0
    outer loop
      vertex -33.25878449210181 -22.222809320784087 0
      vertex -33.25878449210181 -22.222809320784087 90
      vertex -34.30914440001088 -20.564109767728873 90
    endloop
  endfacet
  facet normal -0.6531728429537764 -0.7572088465064849 0
    outer loop
      vertex -26.862358193880738 -29.638045014198365 0
      vertex -25.37573136654582 -30.92041813450948 90
      vertex -26.862358193880738 -29.638045014198365 90
    endloop
  endfacet
  facet normal -0.6152315905806276 -0.7883464276266058 0
    outer loop
      vertex -25.37573136654582 -30.92041813450948 0
      vertex -23.827972179697333 -32.1283012592258 90
      vertex -25.37573136654582 -30.92041813450948 90
    endloop
  endfacet
  facet normal -0.5758081914178439 -0.8175848131515847 0
    outer loop
      vertex -23.827972179697333 -32.1283012592258 0
      vertex -22.222809320784087 -33.25878449210181 90
      vertex -23.827972179697333 -32.1283012592258 90
    endloop
  endfacet
  facet normal -0.5349976198870969 -0.8448535652497072 0
    outer loop
      vertex -22.222809320784087 -33.25878449210181 0
      vertex -20.564109767728873 -34.30914440001088 90
      vertex -22.222809320784087 -33.25878449210181 90
    endloop
  endfacet
  facet normal -0.44961132965460554 -0.8932243011955158 0
    outer loop
      vertex -18.855869473039906 -35.276850573934205 0
      vertex -17.102203737211283 -36.159571724937734 90
      vertex -18.855869473039906 -35.276850573934205 90
    endloop
  endfacet
  facet normal -0.4052413140049901 -0.9142097557035305 0
    outer loop
      vertex -17.102203737211283 -36.159571724937734 0
      vertex -15.307337294603592 -36.95518130045147 90
      vertex -17.102203737211283 -36.159571724937734 90
    endloop
  endfacet
  facet normal -0.492898192229786 -0.8700869911087105 0
    outer loop
      vertex -20.564109767728873 -34.30914440001088 0
      vertex -18.855869473039906 -35.276850573934205 90
      vertex -20.564109767728873 -34.30914440001088 90
    endloop
  endfacet
  facet normal 0 0 1
    outer loop
      vertex -30.92041813450948 -25.37573136654582 90
      vertex -31.639625259320518 -14.964428270059873 90
      vertex -32.1283012592258 -23.827972179697333 90
    endloop
  endfacet
  facet normal 0 0 1
    outer loop
      vertex -30.92041813450948 -25.37573136654582 90
      vertex -29.638045014198365 -26.862358193880738 90
      vertex -30.02050135000952 -17.99359604676276 90
    endloop
  endfacet
  facet normal 0 0 1
    outer loop
      vertex -28.284271247461902 -28.284271247461902 90
      vertex -29.101436430589082 -19.444958155686077 90
      vertex -29.638045014198365 -26.862358193880738 90
    endloop
  endfacet
  facet normal 0 0 1
    outer loop
      vertex -28.284271247461902 -28.284271247461902 90
      vertex -27.055365867695794 -22.203764945727592 90
      vertex -28.112263601822573 -20.849475657235168 90
    endloop
  endfacet
  facet normal 0 0 1
    outer loop
      vertex -28.284271247461902 -28.284271247461902 90
      vertex -28.112263601822573 -20.849475657235168 90
      vertex -29.101436430589082 -19.444958155686077 90
    endloop
  endfacet
  facet normal 0 0 1
    outer loop
      vertex -29.638045014198365 -26.862358193880738 90
      vertex -29.101436430589082 -19.444958155686077 90
      vertex -30.02050135000952 -17.99359604676276 90
    endloop
  endfacet
  facet normal 0 0 1
    outer loop
      vertex -23.827972179697333 -32.1283012592258 90
      vertex -22.222809320784087 -33.25878449210181 90
      vertex -23.504563419645645 -25.933289387423567 90
    endloop
  endfacet
  facet normal 0 0 1
    outer loop
      vertex -20.564109767728873 -34.30914440001088 90
      vertex -18.855869473039906 -35.276850573934205 90
      vertex -19.444958155686077 -29.101436430589082 90
    endloop
  endfacet
  facet normal 0 0 1
    outer loop
      vertex -22.222809320784087 -33.25878449210181 90
      vertex -20.564109767728873 -34.30914440001088 90
      vertex -20.849475657235168 -28.112263601822573 90
    endloop
  endfacet
  facet normal 0 0 1
    outer loop
      vertex -20.564109767728873 -34.30914440001088 90
      vertex -19.444958155686077 -29.101436430589082 90
      vertex -20.849475657235168 -28.112263601822573 90
    endloop
  endfacet
  facet normal 0 0 1
    outer loop
      vertex -18.855869473039906 -35.276850573934205 90
      vertex -17.99359604676276 -30.02050135000952 90
      vertex -19.444958155686077 -29.101436430589082 90
    endloop
  endfacet
  facet normal 0 0 1
    outer loop
      vertex -18.855869473039906 -35.276850573934205 90
      vertex -17.102203737211283 -36.159571724937734 90
      vertex -17.99359604676276 -30.02050135000952 90
    endloop
  endfacet
  facet normal 0 0 1
    outer loop
      vertex -17.102203737211283 -36.159571724937734 90
      vertex -15.307337294603592 -36.95518130045147 90
      vertex -16.498885788909917 -30.867244252192428 90
    endloop
  endfacet
  facet normal 0 0 1
    outer loop
      vertex -15.307337294603592 -36.95518130045147 90
      vertex -14.964428270059873 -31.639625259320518 90
      vertex -16.498885788909917 -30.867244252192428 90
    endloop
  endfacet
  facet normal 0 0 1
    outer loop
      vertex -17.102203737211283 -36.159571724937734 90
      vertex -16.498885788909917 -30.867244252192428 90
      vertex -17.99359604676276 -30.02050135000952 90
    endloop
  endfacet
  facet normal 0 0 1
    outer loop
      vertex -25.37573136654582 -30.92041813450948 90
      vertex -23.827972179697333 -32.1283012592258 90
      vertex -24.748737341529164 -24.748737341529164 90
    endloop
  endfacet
  facet normal 0 0 1
    outer loop
      vertex -25.37573136654582 -30.92041813450948 90
      vertex -25.933289387423567 -23.504563419645645 90
      vertex -26.862358193880738 -29.638045014198365 90
    endloop
  endfacet
  facet normal 0 0 1
    outer loop
      vertex -28.284271247461902 -28.284271247461902 90
      vertex -26.862358193880738 -29.638045014198365 90
      vertex -27.055365867695794 -22.203764945727592 90
    endloop
  endfacet
  facet normal 0 0 1
    outer loop
      vertex -26.862358193880738 -29.638045014198365 90
      vertex -25.933289387423567 -23.504563419645645 90
      vertex -27.055365867695794 -22.203764945727592 90
    endloop
  endfacet
  facet normal 0 0 1
    outer loop
      vertex -25.37573136654582 -30.92041813450948 90
      vertex -24.748737341529164 -24.748737341529164 90
      vertex -25.933289387423567 -23.504563419645645 90
    endloop
  endfacet
  facet normal 0 0 1
    outer loop
      vertex -23.827972179697333 -32.1283012592258 90
      vertex -23.504563419645645 -25.933289387423567 90
      vertex -24.748737341529164 -24.748737341529164 90
    endloop
  endfacet
  facet normal 0 0 1
    outer loop
      vertex -22.222809320784087 -33.25878449210181 90
      vertex -20.849475657235168 -28.112263601822573 90
      vertex -22.203764945727592 -27.055365867695794 90
    endloop
  endfacet
  facet normal 0 0 1
    outer loop
      vertex -22.222809320784087 -33.25878449210181 90
      vertex -22.203764945727592 -27.055365867695794 90
      vertex -23.504563419645645 -25.933289387423567 90
    endloop
  endfacet
  facet normal -0.8932243011955158 -0.44961132965460554 0
    outer loop
      vertex -35.276850573934205 -18.855869473039906 0
      vertex -35.276850573934205 -18.855869473039906 90
      vertex -36.159571724937734 -17.102203737211283 90
    endloop
  endfacet
  facet normal -0.8700869911087105 -0.492898192229786 0
    outer loop
      vertex -34.30914440001088 -20.564109767728873 0
      vertex -34.30914440001088 -20.564109767728873 90
      vertex -35.276850573934205 -18.855869473039906 90
    endloop
  endfacet
  facet normal -0.9142097557035305 -0.4052413140049901 0
    outer loop
      vertex -36.159571724937734 -17.102203737211283 0
      vertex -36.159571724937734 -17.102203737211283 90
      vertex -36.95518130045147 -15.307337294603592 90
    endloop
  endfacet
  facet normal -0.9329927988347392 -0.3598950365349876 0
    outer loop
      vertex -36.95518130045147 -15.307337294603592 0
      vertex -36.95518130045147 -15.307337294603592 90
      vertex -37.66176260732083 -13.475594135688802 90
    endloop
  endfacet
  facet normal -0.9495281805930372 -0.3136817403988896 0
    outer loop
      vertex -37.66176260732083 -13.475594135688802 0
      vertex -37.66176260732083 -13.475594135688802 90
      vertex -38.27761342928835 -11.611387090178493 90
    endloop
  endfacet
  facet normal -0.9637760657954398 -0.2667127574748985 0
    outer loop
      vertex -38.27761342928835 -11.611387090178493 0
      vertex -38.27761342928835 -11.611387090178493 90
      vertex -38.801250127781756 -9.719207196130554 90
    endloop
  endfacet
  facet normal -0.9757021300385283 -0.2191012401568711 0
    outer loop
      vertex -38.801250127781756 -9.719207196130554 0
      vertex -38.801250127781756 -9.719207196130554 90
      vertex -39.23141121612922 -7.8036128806451295 90
    endloop
  endfacet
  facet normal -0.9852776423889413 -0.17096188876030116 0
    outer loop
      vertex -39.23141121612922 -7.8036128806451295 0
      vertex -39.23141121612922 -7.8036128806451295 90
      vertex -39.56706039859124 -5.8692189782144695 90
    endloop
  endfacet
  facet normal -0.9924795345987097 -0.1224106751992185 0
    outer loop
      vertex -39.56706039859124 -5.8692189782144695 0
      vertex -39.56706039859124 -5.8692189782144695 90
      vertex -39.80738906688788 -3.920685613182424 90
    endloop
  endfacet
  facet normal -0.9972904566786902 -0.0735645635996668 0
    outer loop
      vertex -39.80738906688788 -3.920685613182424 0
      vertex -39.80738906688788 -3.920685613182424 90
      vertex -39.9518182482069 -1.9627069730967206 90
    endloop
  endfacet
  facet normal -0.9996988186962042 -0.024541228522911133 0
    outer loop
      vertex -39.9518182482069 -1.9627069730967206 0
      vertex -39.9518182482069 -1.9627069730967206 90
      vertex -40 0 90
    endloop
  endfacet
  facet normal 0 0 1
    outer loop
      vertex -34.30914440001088 -20.564109767728873 90
      vertex -34.831465433526894 -3.430599911534621 90
      vertex -35.276850573934205 -18.855869473039906 90
    endloop
  endfacet
  facet normal 0 0 1
    outer loop
      vertex -34.30914440001088 -20.564109767728873 90
      vertex -33.95109386180904 -8.504306296614235 90
      vertex -34.32748481411306 -6.828161270564489 90
    endloop
  endfacet
  facet normal 0 0 1
    outer loop
      vertex -34.30914440001088 -20.564109767728873 90
      vertex -34.32748481411306 -6.828161270564489 90
      vertex -34.62117784876734 -5.135566605937661 90
    endloop
  endfacet
  facet normal 0 0 1
    outer loop
      vertex -33.25878449210181 -22.222809320784087 90
      vertex -32.1283012592258 -23.827972179697333 90
      vertex -32.95404228140573 -11.791144868727702 90
    endloop
  endfacet
  facet normal 0 0 1
    outer loop
      vertex -30.92041813450948 -25.37573136654582 90
      vertex -30.867244252192428 -16.498885788909917 90
      vertex -31.639625259320518 -14.964428270059873 90
    endloop
  endfacet
  facet normal 0 0 1
    outer loop
      vertex -34.30914440001088 -20.564109767728873 90
      vertex -33.25878449210181 -22.222809320784087 90
      vertex -33.95109386180904 -8.504306296614235 90
    endloop
  endfacet
  facet normal 0 0 1
    outer loop
      vertex -32.1283012592258 -23.827972179697333 90
      vertex -32.335783637895034 -13.393920132778142 90
      vertex -32.95404228140573 -11.791144868727702 90
    endloop
  endfacet
  facet normal 0 0 1
    outer loop
      vertex -32.1283012592258 -23.827972179697333 90
      vertex -31.639625259320518 -14.964428270059873 90
      vertex -32.335783637895034 -13.393920132778142 90
    endloop
  endfacet
  facet normal 0 0 1
    outer loop
      vertex -30.92041813450948 -25.37573136654582 90
      vertex -30.02050135000952 -17.99359604676276 90
      vertex -30.867244252192428 -16.498885788909917 90
    endloop
  endfacet
  facet normal 0 0 1
    outer loop
      vertex -33.25878449210181 -22.222809320784087 90
      vertex -32.95404228140573 -11.791144868727702 90
      vertex -33.49291175062731 -10.15996370390618 90
    endloop
  endfacet
  facet normal 0 0 1
    outer loop
      vertex -33.25878449210181 -22.222809320784087 90
      vertex -33.49291175062731 -10.15996370390618 90
      vertex -33.95109386180904 -8.504306296614235 90
    endloop
  endfacet
  facet normal 0 0 1
    outer loop
      vertex -36.95518130045147 -15.307337294603592 90
      vertex -37.66176260732083 13.475594135688802 90
      vertex -37.66176260732083 -13.475594135688802 90
    endloop
  endfacet
  facet normal 0 0 1
    outer loop
      vertex -34.30914440001088 -20.564109767728873 90
      vertex -34.62117784876734 -5.135566605937661 90
      vertex -34.831465433526894 -3.430599911534621 90
    endloop
  endfacet
  facet normal 0 0 1
    outer loop
      vertex -35.276850573934205 -18.855869473039906 90
      vertex -34.831465433526894 -3.430599911534621 90
      vertex -34.957840967181035 -1.7173686014596306 90
    endloop
  endfacet
  facet normal 0 0 1
    outer loop
      vertex -35.276850573934205 -18.855869473039906 90
      vertex -36.159571724937734 17.102203737211283 90
      vertex -36.159571724937734 -17.102203737211283 90
    endloop
  endfacet
  facet normal 0 0 1
    outer loop
      vertex -36.95518130045147 -15.307337294603592 90
      vertex -36.159571724937734 -17.102203737211283 90
      vertex -36.95518130045147 15.307337294603592 90
    endloop
  endfacet
  facet normal 0 0 1
    outer loop
      vertex -35.276850573934205 -18.855869473039906 90
      vertex -34.957840967181035 -1.7173686014596306 90
      vertex -35 0 90
    endloop
  endfacet
  facet normal 0 0 1
    outer loop
      vertex -38.27761342928835 -11.611387090178493 90
      vertex -38.801250127781756 9.719207196130554 90
      vertex -38.801250127781756 -9.719207196130554 90
    endloop
  endfacet
  facet normal 0 0 1
    outer loop
      vertex -39.23141121612922 -7.8036128806451295 90
      vertex -39.56706039859124 5.8692189782144695 90
      vertex -39.56706039859124 -5.8692189782144695 90
    endloop
  endfacet
  facet normal 0 0 1
    outer loop
      vertex -38.801250127781756 -9.719207196130554 90
      vertex -39.23141121612922 7.8036128806451295 90
      vertex -39.23141121612922 -7.8036128806451295 90
    endloop
  endfacet
  facet normal 0 0 1
    outer loop
      vertex -37.66176260732083 -13.475594135688802 90
      vertex -38.27761342928835 11.611387090178493 90
      vertex -38.27761342928835 -11.611387090178493 90
    endloop
  endfacet
  facet normal 0 0 1
    outer loop
      vertex -39.56706039859124 -5.8692189782144695 90
      vertex -39.80738906688788 3.920685613182424 90
      vertex -39.80738906688788 -3.920685613182424 90
    endloop
  endfacet
  facet normal 0 0 1
    outer loop
      vertex -39.80738906688788 -3.920685613182424 90
      vertex -39.9518182482069 1.9627069730967206 90
      vertex -39.9518182482069 -1.9627069730967206 90
    endloop
  endfacet
  facet normal -0.3136817403988896 -0.9495281805930372 0
    outer loop
      vertex -13.475594135688802 -37.66176260732083 0
      vertex -11.611387090178493 -38.27761342928835 90
      vertex -13.475594135688802 -37.66176260732083 90
    endloop
  endfacet
  facet normal -0.3598950365349876 -0.9329927988347392 0
    outer loop
      vertex -15.307337294603592 -36.95518130045147 0
      vertex -13.475594135688802 -37.66176260732083 90
      vertex -15.307337294603592 -36.95518130045147 90
    endloop
  endfacet
  facet normal -0.2667127574748985 -0.9637760657954398 0
    outer loop
      vertex -11.611387090178493 -38.27761342928835 0
      vertex -9.719207196130554 -38.801250127781756 90
      vertex -11.611387090178493 -38.27761342928835 90
    endloop
  endfacet
  facet normal -0.2191012401568711 -0.9757021300385283 0
    outer loop
      vertex -9.719207196130554 -38.801250127781756 0
      vertex -7.8036128806451295 -39.23141121612922 90
      vertex -9.719207196130554 -38.801250127781756 90
    endloop
  endfacet
  facet normal -0.17096188876030116 -0.9852776423889413 0
    outer loop
      vertex -7.8036128806451295 -39.23141121612922 0
      vertex -5.8692189782144695 -39.56706039859124 90
      vertex -7.8036128806451295 -39.23141121612922 90
    endloop
  endfacet
  facet normal -0.1224106751992185 -0.9924795345987097 0
    outer loop
      vertex -5.8692189782144695 -39.56706039859124 0
      vertex -3.920685613182424 -39.80738906688788 90
      vertex -5.8692189782144695 -39.56706039859124 90
    endloop
  endfacet
  facet normal -0.0735645635996668 -0.9972904566786902 0
    outer loop
      vertex -3.920685613182424 -39.80738906688788 0
      vertex -1.9627069730967206 -39.9518182482069 90
      vertex -3.920685613182424 -39.80738906688788 90
    endloop
  endfacet
  facet normal -0.024541228522911133 -0.9996988186962042 0
    outer loop
      vertex -1.9627069730967206 -39.9518182482069 0
      vertex 0 -40 90
      vertex -1.9627069730967206 -39.9518182482069 90
    endloop
  endfacet
  facet normal 0.024541228522911133 -0.9996988186962042 0
    outer loop
      vertex 0 -40 0
      vertex 1.9627069730967206 -39.9518182482069 90
      vertex 0 -40 90
    endloop
  endfacet
  facet normal 0.0735645635996668 -0.9972904566786902 0
    outer loop
      vertex 1.9627069730967206 -39.9518182482069 0
      vertex 3.920685613182424 -39.80738906688788 90
      vertex 1.9627069730967206 -39.9518182482069 90
    endloop
  endfacet
  facet normal 0.1224106751992185 -0.9924795345987097 0
    outer loop
      vertex 3.920685613182424 -39.80738906688788 0
      vertex 5.8692189782144695 -39.56706039859124 90
      vertex 3.920685613182424 -39.80738906688788 90
    endloop
  endfacet
  facet normal 0.17096188876030116 -0.9852776423889413 0
    outer loop
      vertex 5.8692189782144695 -39.56706039859124 0
      vertex 7.8036128806451295 -39.23141121612922 90
      vertex 5.8692189782144695 -39.56706039859124 90
    endloop
  endfacet
  facet normal 0.2191012401568711 -0.9757021300385283 0
    outer loop
      vertex 7.8036128806451295 -39.23141121612922 0
      vertex 9.719207196130554 -38.801250127781756 90
      vertex 7.8036128806451295 -39.23141121612922 90
    endloop
  endfacet
  facet normal 0 0 1
    outer loop
      vertex -15.307337294603592 -36.95518130045147 90
      vertex -13.475594135688802 -37.66176260732083 90
      vertex -14.964428270059873 -31.639625259320518 90
    endloop
  endfacet
  facet normal 0 0 1
    outer loop
      vertex -13.475594135688802 -37.66176260732083 90
      vertex -11.611387090178493 -38.27761342928835 90
      vertex -11.791144868727702 -32.95404228140573 90
    endloop
  endfacet
  facet normal 0 0 1
    outer loop
      vertex -11.611387090178493 -38.27761342928835 90
      vertex -9.719207196130554 -38.801250127781756 90
      vertex -10.15996370390618 -33.49291175062731 90
    endloop
  endfacet
  facet normal 0 0 1
    outer loop
      vertex -9.719207196130554 -38.801250127781756 90
      vertex -8.504306296614235 -33.95109386180904 90
      vertex -10.15996370390618 -33.49291175062731 90
    endloop
  endfacet
  facet normal 0 0 1
    outer loop
      vertex -13.475594135688802 -37.66176260732083 90
      vertex -13.393920132778142 -32.335783637895034 90
      vertex -14.964428270059873 -31.639625259320518 90
    endloop
  endfacet
  facet normal 0 0 1
    outer loop
      vertex -13.475594135688802 -37.66176260732083 90
      vertex -11.791144868727702 -32.95404228140573 90
      vertex -13.393920132778142 -32.335783637895034 90
    endloop
  endfacet
  facet normal 0 0 1
    outer loop
      vertex -11.611387090178493 -38.27761342928835 90
      vertex -10.15996370390618 -33.49291175062731 90
      vertex -11.791144868727702 -32.95404228140573 90
    endloop
  endfacet
  facet normal 0 0 1
    outer loop
      vertex -7.8036128806451295 -39.23141121612922 90
      vertex -5.8692189782144695 -39.56706039859124 90
      vertex -6.828161270564489 -34.32748481411306 90
    endloop
  endfacet
  facet normal 0 0 1
    outer loop
      vertex -9.719207196130554 -38.801250127781756 90
      vertex -7.8036128806451295 -39.23141121612922 90
      vertex -8.504306296614235 -33.95109386180904 90
    endloop
  endfacet
  facet normal 0 0 1
    outer loop
      vertex -7.8036128806451295 -39.23141121612922 90
      vertex -6.828161270564489 -34.32748481411306 90
      vertex -8.504306296614235 -33.95109386180904 90
    endloop
  endfacet
  facet normal 0 0 1
    outer loop
      vertex -5.8692189782144695 -39.56706039859124 90
      vertex -3.920685613182424 -39.80738906688788 90
      vertex -5.135566605937661 -34.62117784876734 90
    endloop
  endfacet
  facet normal 0 0 1
    outer loop
      vertex -3.920685613182424 -39.80738906688788 90
      vertex -1.9627069730967206 -39.9518182482069 90
      vertex -3.430599911534621 -34.831465433526894 90
    endloop
  endfacet
  facet normal 0 0 1
    outer loop
      vertex -5.8692189782144695 -39.56706039859124 90
      vertex -5.135566605937661 -34.62117784876734 90
      vertex -6.828161270564489 -34.32748481411306 90
    endloop
  endfacet
  facet normal 0 0 1
    outer loop
      vertex -3.920685613182424 -39.80738906688788 90
      vertex -3.430599911534621 -34.831465433526894 90
      vertex -5.135566605937661 -34.62117784876734 90
    endloop
  endfacet
  facet normal 0 0 1
    outer loop
      vertex -1.9627069730967206 -39.9518182482069 90
      vertex 0 -40 90
      vertex -1.7173686014596306 -34.957840967181035 90
    endloop
  endfacet
  facet normal 0 0 1
    outer loop
      vertex -1.9627069730967206 -39.9518182482069 90
      vertex -1.7173686014596306 -34.957840967181035 90
      vertex -3.430599911534621 -34.831465433526894 90
    endloop
  endfacet
  facet normal 0 0 1
    outer loop
      vertex 0 -40 90
      vertex 0 -35 90
      vertex -1.7173686014596306 -34.957840967181035 90
    endloop
  endfacet
  facet normal 0 0 1
    outer loop
      vertex 0 -40 90
      vertex 1.9627069730967206 -39.9518182482069 90
      vertex 0 -35 90
    endloop
  endfacet
  facet normal 0 0 1
    outer loop
      vertex 1.9627069730967206 -39.9518182482069 90
      vertex 3.920685613182424 -39.80738906688788 90
      vertex 1.7173686014596306 -34.957840967181035 90
    endloop
  endfacet
  facet normal 0 0 1
    outer loop
      vertex 1.9627069730967206 -39.9518182482069 90
      vertex 1.7173686014596306 -34.957840967181035 90
      vertex 0 -35 90
    endloop
  endfacet
  facet normal 0 0 1
    outer loop
      vertex 3.920685613182424 -39.80738906688788 90
      vertex 3.430599911534621 -34.831465433526894 90
      vertex 1.7173686014596306 -34.957840967181035 90
    endloop
  endfacet
  facet normal 0 0 1
    outer loop
      vertex 3.920685613182424 -39.80738906688788 90
      vertex 5.8692189782144695 -39.56706039859124 90
      vertex 3.430599911534621 -34.831465433526894 90
    endloop
  endfacet
  facet normal 0 0 1
    outer loop
      vertex 5.8692189782144695 -39.56706039859124 90
      vertex 5.135566605937661 -34.62117784876734 90
      vertex 3.430599911534621 -34.831465433526894 90
    endloop
  endfacet
  facet normal 0 0 1
    outer loop
      vertex 5.8692189782144695 -39.56706039859124 90
      vertex 7.8036128806451295 -39.23141121612922 90
      vertex 5.135566605937661 -34.62117784876734 90
    endloop
  endfacet
  facet normal 0 0 1
    outer loop
      vertex 7.8036128806451295 -39.23141121612922 90
      vertex 6.828161270564489 -34.32748481411306 90
      vertex 5.135566605937661 -34.62117784876734 90
    endloop
  endfacet
  facet normal 0 0 1
    outer loop
      vertex 7.8036128806451295 -39.23141121612922 90
      vertex 9.719207196130554 -38.801250127781756 90
      vertex 6.828161270564489 -34.32748481411306 90
    endloop
  endfacet
  facet normal 0 0 1
    outer loop
      vertex 9.719207196130554 -38.801250127781756 90
      vertex 8.504306296614235 -33.95109386180904 90
      vertex 6.828161270564489 -34.32748481411306 90
    endloop
  endfacet
  facet normal 0 0 -1
    outer loop
      vertex -39.9518182482069 -1.9627069730967206 0
      vertex -40 0 0
      vertex -39.9518182482069 1.9627069730967206 0
    endloop
  endfacet
  facet normal 0 0 -1
    outer loop
      vertex -39.9518182482069 -1.9627069730967206 0
      vertex -39.9518182482069 1.9627069730967206 0
      vertex -39.80738906688788 3.920685613182424 0
    endloop
  endfacet
  facet normal 0 0 -1
    outer loop
      vertex -39.80738906688788 -3.920685613182424 0
      vertex -39.80738906688788 3.920685613182424 0
      vertex -39.56706039859124 5.8692189782144695 0
    endloop
  endfacet
  facet normal 0 0 -1
    outer loop
      vertex -39.56706039859124 -5.8692189782144695 0
      vertex -39.56706039859124 5.8692189782144695 0
      vertex -39.23141121612922 7.8036128806451295 0
    endloop
  endfacet
  facet normal 0 0 -1
    outer loop
      vertex -39.23141121612922 -7.8036128806451295 0
      vertex -39.23141121612922 7.8036128806451295 0
      vertex -38.801250127781756 9.719207196130554 0
    endloop
  endfacet
  facet normal 0 0 -1
    outer loop
      vertex -38.801250127781756 -9.719207196130554 0
      vertex -38.801250127781756 9.719207196130554 0
      vertex -38.27761342928835 11.611387090178493 0
    endloop
  endfacet
  facet normal 0 0 -1
    outer loop
      vertex -38.27761342928835 -11.611387090178493 0
      vertex -38.27761342928835 11.611387090178493 0
      vertex -37.66176260732083 13.475594135688802 0
    endloop
  endfacet
  facet normal 0 0 -1
    outer loop
      vertex -37.66176260732083 -13.475594135688802 0
      vertex -37.66176260732083 13.475594135688802 0
      vertex -36.95518130045147 15.307337294603592 0
    endloop
  endfacet
  facet normal 0 0 -1
    outer loop
      vertex -36.95518130045147 -15.307337294603592 0
      vertex -36.95518130045147 15.307337294603592 0
      vertex -36.159571724937734 17.102203737211283 0
    endloop
  endfacet
  facet normal 0 0 -1
    outer loop
      vertex -36.159571724937734 -17.102203737211283 0
      vertex -36.159571724937734 17.102203737211283 0
      vertex -35.276850573934205 18.855869473039906 0
    endloop
  endfacet
  facet normal 0 0 -1
    outer loop
      vertex -35.276850573934205 -18.855869473039906 0
      vertex -35.276850573934205 18.855869473039906 0
      vertex -34.30914440001088 20.564109767728873 0
    endloop
  endfacet
  facet normal 0 0 -1
    outer loop
      vertex -34.30914440001088 -20.564109767728873 0
      vertex -34.30914440001088 20.564109767728873 0
      vertex -33.25878449210181 22.222809320784087 0
    endloop
  endfacet
  facet normal 0 0 -1
    outer loop
      vertex -33.25878449210181 -22.222809320784087 0
      vertex -33.25878449210181 22.222809320784087 0
      vertex -32.1283012592258 23.827972179697333 0
    endloop
  endfacet
  facet normal 0 0 -1
    outer loop
      vertex -32.1283012592258 -23.827972179697333 0
      vertex -32.1283012592258 23.827972179697333 0
      vertex -30.92041813450948 25.37573136654582 0
    endloop
  endfacet
  facet normal 0 0 -1
    outer loop
      vertex -30.92041813450948 -25.37573136654582 0
      vertex -30.92041813450948 25.37573136654582 0
      vertex -29.638045014198365 26.862358193880738 0
    endloop
  endfacet
  facet normal 0 0 -1
    outer loop
      vertex -29.638045014198365 -26.862358193880738 0
      vertex -29.638045014198365 26.862358193880738 0
      vertex -28.284271247461902 28.284271247461902 0
    endloop
  endfacet
  facet normal 0 0 -1
    outer loop
      vertex -28.284271247461902 -28.284271247461902 0
      vertex -28.284271247461902 28.284271247461902 0
      vertex -26.862358193880738 29.638045014198365 0
    endloop
  endfacet
  facet normal 0 0 -1
    outer loop
      vertex -26.862358193880738 -29.638045014198365 0
      vertex -26.862358193880738 29.638045014198365 0
      vertex -25.37573136654582 30.92041813450948 0
    endloop
  endfacet
  facet normal 0 0 -1
    outer loop
      vertex -25.37573136654582 -30.92041813450948 0
      vertex -25.37573136654582 30.92041813450948 0
      vertex -23.827972179697333 32.1283012592258 0
    endloop
  endfacet
  facet normal 0 0 -1
    outer loop
      vertex -23.827972179697333 -32.1283012592258 0
      vertex -23.827972179697333 32.1283012592258 0
      vertex -22.222809320784087 33.25878449210181 0
    endloop
  endfacet
  facet normal 0 0 -1
    outer loop
      vertex -22.222809320784087 -33.25878449210181 0
      vertex -22.222809320784087 33.25878449210181 0
      vertex -20.564109767728873 34.30914440001088 0
    endloop
  endfacet
  facet normal 0 0 -1
    outer loop
      vertex -20.564109767728873 -34.30914440001088 0
      vertex -20.564109767728873 34.30914440001088 0
      vertex -18.855869473039906 35.276850573934205 0
    endloop
  endfacet
  facet normal 0 0 -1
    outer loop
      vertex -18.855869473039906 -35.276850573934205 0
      vertex -18.855869473039906 35.276850573934205 0
      vertex -17.102203737211283 36.159571724937734 0
    endloop
  endfacet
  facet normal 0 0 -1
    outer loop
      vertex -17.102203737211283 -36.159571724937734 0
      vertex -17.102203737211283 36.159571724937734 0
      vertex -15.307337294603592 36.95518130045147 0
    endloop
  endfacet
  facet normal -0.9996988186962042 0.024541228522911133 0
    outer loop
      vertex -40 0 0
      vertex -39.9518182482069 1.9627069730967206 90
      vertex -39.9518182482069 1.9627069730967206 0
    endloop
  endfacet
  facet normal -0.9972904566786902 0.0735645635996668 0
    outer loop
      vertex -39.9518182482069 1.9627069730967206 0
      vertex -39.80738906688788 3.920685613182424 90
      vertex -39.80738906688788 3.920685613182424 0
    endloop
  endfacet
  facet normal -0.9924795345987097 0.1224106751992185 0
    outer loop
      vertex -39.80738906688788 3.920685613182424 0
      vertex -39.56706039859124 5.8692189782144695 90
      vertex -39.56706039859124 5.8692189782144695 0
    endloop
  endfacet
  facet normal -0.9852776423889413 0.17096188876030116 0
    outer loop
      vertex -39.56706039859124 5.8692189782144695 0
      vertex -39.23141121612922 7.8036128806451295 90
      vertex -39.23141121612922 7.8036128806451295 0
    endloop
  endfacet
  facet normal -0.9757021300385283 0.2191012401568711 0
    outer loop
      vertex -39.23141121612922 7.8036128806451295 0
      vertex -38.801250127781756 9.719207196130554 90
      vertex -38.801250127781756 9.719207196130554 0
    endloop
  endfacet
  facet normal -0.9637760657954398 0.2667127574748985 0
    outer loop
      vertex -38.801250127781756 9.719207196130554 0
      vertex -38.27761342928835 11.611387090178493 90
      vertex -38.27761342928835 11.611387090178493 0
    endloop
  endfacet
  facet normal -0.9495281805930372 0.3136817403988896 0
    outer loop
      vertex -38.27761342928835 11.611387090178493 0
      vertex -37.66176260732083 13.475594135688802 90
      vertex -37.66176260732083 13.475594135688802 0
    endloop
  endfacet
  facet normal -0.9329927988347392 0.3598950365349876 0
    outer loop
      vertex -37.66176260732083 13.475594135688802 0
      vertex -36.95518130045147 15.307337294603592 90
      vertex -36.95518130045147 15.307337294603592 0
    endloop
  endfacet
  facet normal -0.9142097557035305 0.4052413140049901 0
    outer loop
      vertex -36.95518130045147 15.307337294603592 0
      vertex -36.159571724937734 17.102203737211283 90
      vertex -36.159571724937734 17.102203737211283 0
    endloop
  endfacet
  facet normal -0.8932243011955158 0.44961132965460554 0
    outer loop
      vertex -36.159571724937734 17.102203737211283 0
      vertex -35.276850573934205 18.855869473039906 90
      vertex -35.276850573934205 18.855869473039906 0
    endloop
  endfacet
  facet normal -0.8700869911087105 0.492898192229786 0
    outer loop
      vertex -35.276850573934205 18.855869473039906 0
      vertex -34.30914440001088 20.564109767728873 90
      vertex -34.30914440001088 20.564109767728873 0
    endloop
  endfacet
  facet normal -0.8448535652497072 0.5349976198870969 0
    outer loop
      vertex -34.30914440001088 20.564109767728873 0
      vertex -33.25878449210181 22.222809320784087 90
      vertex -33.25878449210181 22.222809320784087 0
    endloop
  endfacet
  facet normal -0.8175848131515847 0.5758081914178439 0
    outer loop
      vertex -33.25878449210181 22.222809320784087 0
      vertex -32.1283012592258 23.827972179697333 90
      vertex -32.1283012592258 23.827972179697333 0
    endloop
  endfacet
  facet normal -0.7883464276266058 0.6152315905806276 0
    outer loop
      vertex -32.1283012592258 23.827972179697333 0
      vertex -30.92041813450948 25.37573136654582 90
      vertex -30.92041813450948 25.37573136654582 0
    endloop
  endfacet
  facet normal -0.7572088465064849 0.6531728429537764 0
    outer loop
      vertex -30.92041813450948 25.37573136654582 0
      vertex -29.638045014198365 26.862358193880738 90
      vertex -29.638045014198365 26.862358193880738 0
    endloop
  endfacet
  facet normal -0.7242470829514667 0.6895405447370673 0
    outer loop
      vertex -29.638045014198365 26.862358193880738 0
      vertex -28.284271247461902 28.284271247461902 90
      vertex -28.284271247461902 28.284271247461902 0
    endloop
  endfacet
  facet normal -0.6895405447370673 0.7242470829514667 0
    outer loop
      vertex -28.284271247461902 28.284271247461902 0
      vertex -28.284271247461902 28.284271247461902 90
      vertex -26.862358193880738 29.638045014198365 0
    endloop
  endfacet
  facet normal -0.6531728429537764 0.7572088465064849 0
    outer loop
      vertex -26.862358193880738 29.638045014198365 0
      vertex -26.862358193880738 29.638045014198365 90
      vertex -25.37573136654582 30.92041813450948 0
    endloop
  endfacet
  facet normal -0.6152315905806276 0.7883464276266058 0
    outer loop
      vertex -25.37573136654582 30.92041813450948 0
      vertex -25.37573136654582 30.92041813450948 90
      vertex -23.827972179697333 32.1283012592258 0
    endloop
  endfacet
  facet normal -0.5758081914178439 0.8175848131515847 0
    outer loop
      vertex -23.827972179697333 32.1283012592258 0
      vertex -23.827972179697333 32.1283012592258 90
      vertex -22.222809320784087 33.25878449210181 0
    endloop
  endfacet
  facet normal -0.5349976198870969 0.8448535652497072 0
    outer loop
      vertex -22.222809320784087 33.25878449210181 0
      vertex -22.222809320784087 33.25878449210181 90
      vertex -20.564109767728873 34.30914440001088 0
    endloop
  endfacet
  facet normal -0.492898192229786 0.8700869911087105 0
    outer loop
      vertex -20.564109767728873 34.30914440001088 0
      vertex -20.564109767728873 34.30914440001088 90
      vertex -18.855869473039906 35.276850573934205 0
    endloop
  endfacet
  facet normal -0.44961132965460554 0.8932243011955158 0
    outer loop
      vertex -18.855869473039906 35.276850573934205 0
      vertex -18.855869473039906 35.276850573934205 90
      vertex -17.102203737211283 36.159571724937734 0
    endloop
  endfacet
  facet normal -0.4052413140049901 0.9142097557035305 0
    outer loop
      vertex -17.102203737211283 36.159571724937734 0
      vertex -17.102203737211283 36.159571724937734 90
      vertex -15.307337294603592 36.95518130045147 0
    endloop
  endfacet
  facet normal 0 0 -1
    outer loop
      vertex -15.307337294603592 -36.95518130045147 0
      vertex -15.307337294603592 36.95518130045147 0
      vertex -13.475594135688802 37.66176260732083 0
    endloop
  endfacet
  facet normal 0 0 -1
    outer loop
      vertex -13.475594135688802 -37.66176260732083 0
      vertex -13.475594135688802 37.66176260732083 0
      vertex -11.611387090178493 38.27761342928835 0
    endloop
  endfacet
  facet normal 0 0 -1
    outer loop
      vertex -11.611387090178493 -38.27761342928835 0
      vertex -11.611387090178493 38.27761342928835 0
      vertex -9.719207196130554 38.801250127781756 0
    endloop
  endfacet
  facet normal 0 0 -1
    outer loop
      vertex -9.719207196130554 -38.801250127781756 0
      vertex -9.719207196130554 38.801250127781756 0
      vertex -7.8036128806451295 39.23141121612922 0
    endloop
  endfacet
  facet normal 0 0 -1
    outer loop
      vertex -7.8036128806451295 -39.23141121612922 0
      vertex -7.8036128806451295 39.23141121612922 0
      vertex -5.8692189782144695 39.56706039859124 0
    endloop
  endfacet
  facet normal 0 0 -1
    outer loop
      vertex -5.8692189782144695 -39.56706039859124 0
      vertex -5.8692189782144695 39.56706039859124 0
      vertex -3.920685613182424 39.80738906688788 0
    endloop
  endfacet
  facet normal 0 0 -1
    outer loop
      vertex -3.920685613182424 -39.80738906688788 0
      vertex -3.920685613182424 39.80738906688788 0
      vertex -1.9627069730967206 39.9518182482069 0
    endloop
  endfacet
  facet normal 0 0 -1
    outer loop
      vertex -1.9627069730967206 -39.9518182482069 0
      vertex -1.9627069730967206 39.9518182482069 0
      vertex 0 40 0
    endloop
  endfacet
  facet normal 0 0 -1
    outer loop
      vertex 0 -40 0
      vertex 0 40 0
      vertex 1.9627069730967206 39.9518182482069 0
    endloop
  endfacet
  facet normal 0 0 -1
    outer loop
      vertex 1.9627069730967206 -39.9518182482069 0
      vertex 1.9627069730967206 39.9518182482069 0
      vertex 3.920685613182424 39.80738906688788 0
    endloop
  endfacet
  facet normal 0 0 -1
    outer loop
      vertex 3.920685613182424 -39.80738906688788 0
      vertex 3.920685613182424 39.80738906688788 0
      vertex 5.8692189782144695 39.56706039859124 0
    endloop
  endfacet
  facet normal 0 0 -1
    outer loop
      vertex 5.8692189782144695 -39.56706039859124 0
      vertex 5.8692189782144695 39.56706039859124 0
      vertex 7.8036128806451295 39.23141121612922 0
    endloop
  endfacet
  facet normal 0 0 -1
    outer loop
      vertex 7.8036128806451295 -39.23141121612922 0
      vertex 7.8036128806451295 39.23141121612922 0
      vertex 9.719207196130554 38.801250127781756 0
    endloop
  endfacet
  facet normal -0.3598950365349876 0.9329927988347392 0
    outer loop
      vertex -15.307337294603592 36.95518130045147 0
      vertex -15.307337294603592 36.95518130045147 90
      vertex -13.475594135688802 37.66176260732083 0
    endloop
  endfacet
  facet normal -0.3136817403988896 0.9495281805930372 0
    outer loop
      vertex -13.475594135688802 37.66176260732083 0
      vertex -13.475594135688802 37.66176260732083 90
      vertex -11.611387090178493 38.27761342928835 0
    endloop
  endfacet
  facet normal -0.2667127574748985 0.9637760657954398 0
    outer loop
      vertex -11.611387090178493 38.27761342928835 0
      vertex -11.611387090178493 38.27761342928835 90
      vertex -9.719207196130554 38.801250127781756 0
    endloop
  endfacet
  facet normal -0.2191012401568711 0.9757021300385283 0
    outer loop
      vertex -9.719207196130554 38.801250127781756 0
      vertex -9.719207196130554 38.801250127781756 90
      vertex -7.8036128806451295 39.23141121612922 0
    endloop
  endfacet
  facet normal -0.17096188876030116 0.9852776423889413 0
    outer loop
      vertex -7.8036128806451295 39.23141121612922 0
      vertex -7.8036128806451295 39.23141121612922 90
      vertex -5.8692189782144695 39.56706039859124 0
    endloop
  endfacet
  facet normal -0.1224106751992185 0.9924795345987097 0
    outer loop
      vertex -5.8692189782144695 39.56706039859124 0
      vertex -5.8692189782144695 39.56706039859124 90
      vertex -3.920685613182424 39.80738906688788 0
    endloop
  endfacet
  facet normal -0.0735645635996668 0.9972904566786902 0
    outer loop
      vertex -3.920685613182424 39.80738906688788 0
      vertex -3.920685613182424 39.80738906688788 90
      vertex -1.9627069730967206 39.9518182482069 0
    endloop
  endfacet
  facet normal -0.024541228522911133 0.9996988186962042 0
    outer loop
      vertex -1.9627069730967206 39.9518182482069 0
      vertex -1.9627069730967206 39.9518182482069 90
      vertex 0 40 0
    endloop
  endfacet
  facet normal 0.024541228522911133 0.9996988186962042 0
    outer loop
      vertex 0 40 0
      vertex 0 40 90
      vertex 1.9627069730967206 39.9518182482069 0
    endloop
  endfacet
  facet normal 0.0735645635996668 0.9972904566786902 0
    outer loop
      vertex 1.9627069730967206 39.9518182482069 0
      vertex 1.9627069730967206 39.9518182482069 90
      vertex 3.920685613182424 39.80738906688788 0
    endloop
  endfacet
  facet normal 0.1224106751992185 0.9924795345987097 0
    outer loop
      vertex 3.920685613182424 39.80738906688788 0
      vertex 3.920685613182424 39.80738906688788 90
      vertex 5.8692189782144695 39.56706039859124 0
    endloop
  endfacet
  facet normal 0.17096188876030116 0.9852776423889413 0
    outer loop
      vertex 5.8692189782144695 39.56706039859124 0
      vertex 5.8692189782144695 39.56706039859124 90
      vertex 7.8036128806451295 39.23141121612922 0
    endloop
  endfacet
  facet normal 0.2191012401568711 0.9757021300385283 0
    outer loop
      vertex 7.8036128806451295 39.23141121612922 0
      vertex 7.8036128806451295 39.23141121612922 90
      vertex 9.719207196130554 38.801250127781756 0
    endloop
  endfacet
  facet normal -0.9996988186962042 0.024541228522911133 0
    outer loop
      vertex -40 0 0
      vertex -40 0 90
      vertex -39.9518182482069 1.9627069730967206 90
    endloop
  endfacet
  facet normal -0.9972904566786902 0.0735645635996668 0
    outer loop
      vertex -39.9518182482069 1.9627069730967206 0
      vertex -39.9518182482069 1.9627069730967206 90
      vertex -39.80738906688788 3.920685613182424 90
    endloop
  endfacet
  facet normal -0.9924795345987097 0.1224106751992185 0
    outer loop
      vertex -39.80738906688788 3.920685613182424 0
      vertex -39.80738906688788 3.920685613182424 90
      vertex -39.56706039859124 5.8692189782144695 90
    endloop
  endfacet
  facet normal -0.9852776423889413 0.17096188876030116 0
    outer loop
      vertex -39.56706039859124 5.8692189782144695 0
      vertex -39.56706039859124 5.8692189782144695 90
      vertex -39.23141121612922 7.8036128806451295 90
    endloop
  endfacet
  facet normal -0.9757021300385283 0.2191012401568711 0
    outer loop
      vertex -39.23141121612922 7.8036128806451295 0
      vertex -39.23141121612922 7.8036128806451295 90
      vertex -38.801250127781756 9.719207196130554 90
    endloop
  endfacet
  facet normal -0.9637760657954398 0.2667127574748985 0
    outer loop
      vertex -38.801250127781756 9.719207196130554 0
      vertex -38.801250127781756 9.719207196130554 90
      vertex -38.27761342928835 11.611387090178493 90
    endloop
  endfacet
  facet normal -0.9495281805930372 0.3136817403988896 0
    outer loop
      vertex -38.27761342928835 11.611387090178493 0
      vertex -38.27761342928835 11.611387090178493 90
      vertex -37.66176260732083 13.475594135688802 90
    endloop
  endfacet
  facet normal -0.9329927988347392 0.3598950365349876 0
    outer loop
      vertex -37.66176260732083 13.475594135688802 0
      vertex -37.66176260732083 13.475594135688802 90
      vertex -36.95518130045147 15.307337294603592 90
    endloop
  endfacet
  facet normal -0.9142097557035305 0.4052413140049901 0
    outer loop
      vertex -36.95518130045147 15.307337294603592 0
      vertex -36.95518130045147 15.307337294603592 90
      vertex -36.159571724937734 17.102203737211283 90
    endloop
  endfacet
  facet normal -0.8932243011955158 0.44961132965460554 0
    outer loop
      vertex -36.159571724937734 17.102203737211283 0
      vertex -36.159571724937734 17.102203737211283 90
      vertex -35.276850573934205 18.855869473039906 90
    endloop
  endfacet
  facet normal -0.8700869911087105 0.492898192229786 0
    outer loop
      vertex -35.276850573934205 18.855869473039906 0
      vertex -35.276850573934205 18.855869473039906 90
      vertex -34.30914440001088 20.564109767728873 90
    endloop
  endfacet
  facet normal 0 0 1
    outer loop
      vertex -39.9518182482069 -1.9627069730967206 90
      vertex -39.9518182482069 1.9627069730967206 90
      vertex -40 0 90
    endloop
  endfacet
  facet normal 0 0 1
    outer loop
      vertex -39.80738906688788 -3.920685613182424 90
      vertex -39.80738906688788 3.920685613182424 90
      vertex -39.9518182482069 1.9627069730967206 90
    endloop
  endfacet
  facet normal 0 0 1
    outer loop
      vertex -39.56706039859124 -5.8692189782144695 90
      vertex -39.56706039859124 5.8692189782144695 90
      vertex -39.80738906688788 3.920685613182424 90
    endloop
  endfacet
  facet normal 0 0 1
    outer loop
      vertex -39.23141121612922 -7.8036128806451295 90
      vertex -39.23141121612922 7.8036128806451295 90
      vertex -39.56706039859124 5.8692189782144695 90
    endloop
  endfacet
  facet normal 0 0 1
    outer loop
      vertex -38.801250127781756 -9.719207196130554 90
      vertex -38.801250127781756 9.719207196130554 90
      vertex -39.23141121612922 7.8036128806451295 90
    endloop
  endfacet
  facet normal 0 0 1
    outer loop
      vertex -38.27761342928835 -11.611387090178493 90
      vertex -38.27761342928835 11.611387090178493 90
      vertex -38.801250127781756 9.719207196130554 90
    endloop
  endfacet
  facet normal 0 0 1
    outer loop
      vertex -37.66176260732083 -13.475594135688802 90
      vertex -37.66176260732083 13.475594135688802 90
      vertex -38.27761342928835 11.611387090178493 90
    endloop
  endfacet
  facet normal 0 0 1
    outer loop
      vertex -36.95518130045147 -15.307337294603592 90
      vertex -36.95518130045147 15.307337294603592 90
      vertex -37.66176260732083 13.475594135688802 90
    endloop
  endfacet
  facet normal 0 0 1
    outer loop
      vertex -35.276850573934205 -18.855869473039906 90
      vertex -35 0 90
      vertex -35.276850573934205 18.855869473039906 90
    endloop
  endfacet
  facet normal 0 0 1
    outer loop
      vertex -36.159571724937734 -17.102203737211283 90
      vertex -36.159571724937734 17.102203737211283 90
      vertex -36.95518130045147 15.307337294603592 90
    endloop
  endfacet
  facet normal 0 0 1
    outer loop
      vertex -35.276850573934205 -18.855869473039906 90
      vertex -35.276850573934205 18.855869473039906 90
      vertex -36.159571724937734 17.102203737211283 90
    endloop
  endfacet
  facet normal 0 0 1
    outer loop
      vertex -35.276850573934205 18.855869473039906 90
      vertex -35 0 90
      vertex -34.957840967181035 1.7173686014596306 90
    endloop
  endfacet
  facet normal 0 0 1
    outer loop
      vertex -35.276850573934205 18.855869473039906 90
      vertex -34.957840967181035 1.7173686014596306 90
      vertex -34.831465433526894 3.430599911534621 90
    endloop
  endfacet
  facet normal 0 0 1
    outer loop
      vertex -35.276850573934205 18.855869473039906 90
      vertex -34.831465433526894 3.430599911534621 90
      vertex -34.62117784876734 5.135566605937661 90
    endloop
  endfacet
  facet normal 0 0 1
    outer loop
      vertex -35.276850573934205 18.855869473039906 90
      vertex -34.62117784876734 5.135566605937661 90
      vertex -34.32748481411306 6.828161270564489 90
    endloop
  endfacet
  facet normal 0 0 1
    outer loop
      vertex -35.276850573934205 18.855869473039906 90
      vertex -34.32748481411306 6.828161270564489 90
      vertex -33.95109386180904 8.504306296614235 90
    endloop
  endfacet
  facet normal 0 0 1
    outer loop
      vertex -34.30914440001088 20.564109767728873 90
      vertex -33.95109386180904 8.504306296614235 90
      vertex -33.49291175062731 10.15996370390618 90
    endloop
  endfacet
  facet normal 0 0 1
    outer loop
      vertex -35.276850573934205 18.855869473039906 90
      vertex -33.95109386180904 8.504306296614235 90
      vertex -34.30914440001088 20.564109767728873 90
    endloop
  endfacet
  facet normal 0 0 1
    outer loop
      vertex -34.30914440001088 20.564109767728873 90
      vertex -33.49291175062731 10.15996370390618 90
      vertex -32.95404228140573 11.791144868727702 90
    endloop
  endfacet
  facet normal 0 0 1
    outer loop
      vertex -33.25878449210181 22.222809320784087 90
      vertex -32.95404228140573 11.791144868727702 90
      vertex -32.335783637895034 13.393920132778142 90
    endloop
  endfacet
  facet normal 0 0 1
    outer loop
      vertex -33.25878449210181 22.222809320784087 90
      vertex -32.335783637895034 13.393920132778142 90
      vertex -31.639625259320518 14.964428270059873 90
    endloop
  endfacet
  facet normal 0 0 1
    outer loop
      vertex -34.30914440001088 20.564109767728873 90
      vertex -32.95404228140573 11.791144868727702 90
      vertex -33.25878449210181 22.222809320784087 90
    endloop
  endfacet
  facet normal 0 0 1
    outer loop
      vertex -32.1283012592258 23.827972179697333 90
      vertex -31.639625259320518 14.964428270059873 90
      vertex -30.867244252192428 16.498885788909917 90
    endloop
  endfacet
  facet normal 0 0 1
    outer loop
      vertex -30.92041813450948 25.37573136654582 90
      vertex -30.867244252192428 16.498885788909917 90
      vertex -30.02050135000952 17.99359604676276 90
    endloop
  endfacet
  facet normal -0.8448535652497072 0.5349976198870969 0
    outer loop
      vertex -34.30914440001088 20.564109767728873 0
      vertex -34.30914440001088 20.564109767728873 90
      vertex -33.25878449210181 22.222809320784087 90
    endloop
  endfacet
  facet normal -0.8175848131515847 0.5758081914178439 0
    outer loop
      vertex -33.25878449210181 22.222809320784087 0
      vertex -33.25878449210181 22.222809320784087 90
      vertex -32.1283012592258 23.827972179697333 90
    endloop
  endfacet
  facet normal -0.7883464276266058 0.6152315905806276 0
    outer loop
      vertex -32.1283012592258 23.827972179697333 0
      vertex -32.1283012592258 23.827972179697333 90
      vertex -30.92041813450948 25.37573136654582 90
    endloop
  endfacet
  facet normal -0.7572088465064849 0.6531728429537764 0
    outer loop
      vertex -30.92041813450948 25.37573136654582 0
      vertex -30.92041813450948 25.37573136654582 90
      vertex -29.638045014198365 26.862358193880738 90
    endloop
  endfacet
  facet normal -0.7242470829514667 0.6895405447370673 0
    outer loop
      vertex -29.638045014198365 26.862358193880738 0
      vertex -29.638045014198365 26.862358193880738 90
      vertex -28.284271247461902 28.284271247461902 90
    endloop
  endfacet
  facet normal -0.6895405447370673 0.7242470829514667 0
    outer loop
      vertex -26.862358193880738 29.638045014198365 0
      vertex -28.284271247461902 28.284271247461902 90
      vertex -26.862358193880738 29.638045014198365 90
    endloop
  endfacet
  facet normal -0.6531728429537764 0.7572088465064849 0
    outer loop
      vertex -25.37573136654582 30.92041813450948 0
      vertex -26.862358193880738 29.638045014198365 90
      vertex -25.37573136654582 30.92041813450948 90
    endloop
  endfacet
  facet normal -0.6152315905806276 0.7883464276266058 0
    outer loop
      vertex -23.827972179697333 32.1283012592258 0
      vertex -25.37573136654582 30.92041813450948 90
      vertex -23.827972179697333 32.1283012592258 90
    endloop
  endfacet
  facet normal -0.5758081914178439 0.8175848131515847 0
    outer loop
      vertex -22.222809320784087 33.25878449210181 0
      vertex -23.827972179697333 32.1283012592258 90
      vertex -22.222809320784087 33.25878449210181 90
    endloop
  endfacet
  facet normal -0.5349976198870969 0.8448535652497072 0
    outer loop
      vertex -20.564109767728873 34.30914440001088 0
      vertex -22.222809320784087 33.25878449210181 90
      vertex -20.564109767728873 34.30914440001088 90
    endloop
  endfacet
  facet normal -0.492898192229786 0.8700869911087105 0
    outer loop
      vertex -18.855869473039906 35.276850573934205 0
      vertex -20.564109767728873 34.30914440001088 90
      vertex -18.855869473039906 35.276850573934205 90
    endloop
  endfacet
  facet normal -0.44961132965460554 0.8932243011955158 0
    outer loop
      vertex -17.102203737211283 36.159571724937734 0
      vertex -18.855869473039906 35.276850573934205 90
      vertex -17.102203737211283 36.159571724937734 90
    endloop
  endfacet
  facet normal -0.4052413140049901 0.9142097557035305 0
    outer loop
      vertex -15.307337294603592 36.95518130045147 0
      vertex -17.102203737211283 36.159571724937734 90
      vertex -15.307337294603592 36.95518130045147 90
    endloop
  endfacet
  facet normal 0 0 1
    outer loop
      vertex -33.25878449210181 22.222809320784087 90
      vertex -31.639625259320518 14.964428270059873 90
      vertex -32.1283012592258 23.827972179697333 90
    endloop
  endfacet
  facet normal 0 0 1
    outer loop
      vertex -32.1283012592258 23.827972179697333 90
      vertex -30.867244252192428 16.498885788909917 90
      vertex -30.92041813450948 25.37573136654582 90
    endloop
  endfacet
  facet normal 0 0 1
    outer loop
      vertex -30.92041813450948 25.37573136654582 90
      vertex -30.02050135000952 17.99359604676276 90
      vertex -29.101436430589082 19.444958155686077 90
    endloop
  endfacet
  facet normal 0 0 1
    outer loop
      vertex -29.638045014198365 26.862358193880738 90
      vertex -29.101436430589082 19.444958155686077 90
      vertex -28.112263601822573 20.849475657235168 90
    endloop
  endfacet
  facet normal 0 0 1
    outer loop
      vertex -30.92041813450948 25.37573136654582 90
      vertex -29.101436430589082 19.444958155686077 90
      vertex -29.638045014198365 26.862358193880738 90
    endloop
  endfacet
  facet normal 0 0 1
    outer loop
      vertex -28.284271247461902 28.284271247461902 90
      vertex -28.112263601822573 20.849475657235168 90
      vertex -27.055365867695794 22.203764945727592 90
    endloop
  endfacet
  facet normal 0 0 1
    outer loop
      vertex -29.638045014198365 26.862358193880738 90
      vertex -28.112263601822573 20.849475657235168 90
      vertex -28.284271247461902 28.284271247461902 90
    endloop
  endfacet
  facet normal 0 0 1
    outer loop
      vertex -28.284271247461902 28.284271247461902 90
      vertex -27.055365867695794 22.203764945727592 90
      vertex -25.933289387423567 23.504563419645645 90
    endloop
  endfacet
  facet normal 0 0 1
    outer loop
      vertex -28.284271247461902 28.284271247461902 90
      vertex -25.933289387423567 23.504563419645645 90
      vertex -26.862358193880738 29.638045014198365 90
    endloop
  endfacet
  facet normal 0 0 1
    outer loop
      vertex -26.862358193880738 29.638045014198365 90
      vertex -25.933289387423567 23.504563419645645 90
      vertex -24.748737341529164 24.748737341529164 90
    endloop
  endfacet
  facet normal 0 0 1
    outer loop
      vertex -26.862358193880738 29.638045014198365 90
      vertex -24.748737341529164 24.748737341529164 90
      vertex -25.37573136654582 30.92041813450948 90
    endloop
  endfacet
  facet normal 0 0 1
    outer loop
      vertex -25.37573136654582 30.92041813450948 90
      vertex -24.748737341529164 24.748737341529164 90
      vertex -23.504563419645645 25.933289387423567 90
    endloop
  endfacet
  facet normal 0 0 1
    outer loop
      vertex -23.827972179697333 32.1283012592258 90
      vertex -23.504563419645645 25.933289387423567 90
      vertex -22.203764945727592 27.055365867695794 90
    endloop
  endfacet
  facet normal 0 0 1
    outer loop
      vertex -25.37573136654582 30.92041813450948 90
      vertex -23.504563419645645 25.933289387423567 90
      vertex -23.827972179697333 32.1283012592258 90
    endloop
  endfacet
  facet normal 0 0 1
    outer loop
      vertex -22.222809320784087 33.25878449210181 90
      vertex -22.203764945727592 27.055365867695794 90
      vertex -20.849475657235168 28.112263601822573 90
    endloop
  endfacet
  facet normal 0 0 1
    outer loop
      vertex -23.827972179697333 32.1283012592258 90
      vertex -22.203764945727592 27.055365867695794 90
      vertex -22.222809320784087 33.25878449210181 90
    endloop
  endfacet
  facet normal 0 0 1
    outer loop
      vertex -22.222809320784087 33.25878449210181 90
      vertex -20.849475657235168 28.112263601822573 90
      vertex -19.444958155686077 29.101436430589082 90
    endloop
  endfacet
  facet normal 0 0 1
    outer loop
      vertex -22.222809320784087 33.25878449210181 90
      vertex -19.444958155686077 29.101436430589082 90
      vertex -20.564109767728873 34.30914440001088 90
    endloop
  endfacet
  facet normal 0 0 1
    outer loop
      vertex -20.564109767728873 34.30914440001088 90
      vertex -19.444958155686077 29.101436430589082 90
      vertex -17.99359604676276 30.02050135000952 90
    endloop
  endfacet
  facet normal 0 0 1
    outer loop
      vertex -20.564109767728873 34.30914440001088 90
      vertex -17.99359604676276 30.02050135000952 90
      vertex -18.855869473039906 35.276850573934205 90
    endloop
  endfacet
  facet normal 0 0 1
    outer loop
      vertex -18.855869473039906 35.276850573934205 90
      vertex -17.99359604676276 30.02050135000952 90
      vertex -16.498885788909917 30.867244252192428 90
    endloop
  endfacet
  facet normal 0 0 1
    outer loop
      vertex -18.855869473039906 35.276850573934205 90
      vertex -16.498885788909917 30.867244252192428 90
      vertex -17.102203737211283 36.159571724937734 90
    endloop
  endfacet
  facet normal 0 0 1
    outer loop
      vertex -17.102203737211283 36.159571724937734 90
      vertex -16.498885788909917 30.867244252192428 90
      vertex -14.964428270059873 31.639625259320518 90
    endloop
  endfacet
  facet normal 0 0 1
    outer loop
      vertex -17.102203737211283 36.159571724937734 90
      vertex -14.964428270059873 31.639625259320518 90
      vertex -15.307337294603592 36.95518130045147 90
    endloop
  endfacet
  facet normal -0.3598950365349876 0.9329927988347392 0
    outer loop
      vertex -13.475594135688802 37.66176260732083 0
      vertex -15.307337294603592 36.95518130045147 90
      vertex -13.475594135688802 37.66176260732083 90
    endloop
  endfacet
  facet normal -0.3136817403988896 0.9495281805930372 0
    outer loop
      vertex -11.611387090178493 38.27761342928835 0
      vertex -13.475594135688802 37.66176260732083 90
      vertex -11.611387090178493 38.27761342928835 90
    endloop
  endfacet
  facet normal -0.2667127574748985 0.9637760657954398 0
    outer loop
      vertex -9.719207196130554 38.801250127781756 0
      vertex -11.611387090178493 38.27761342928835 90
      vertex -9.719207196130554 38.801250127781756 90
    endloop
  endfacet
  facet normal -0.2191012401568711 0.9757021300385283 0
    outer loop
      vertex -7.8036128806451295 39.23141121612922 0
      vertex -9.719207196130554 38.801250127781756 90
      vertex -7.8036128806451295 39.23141121612922 90
    endloop
  endfacet
  facet normal -0.17096188876030116 0.9852776423889413 0
    outer loop
      vertex -5.8692189782144695 39.56706039859124 0
      vertex -7.8036128806451295 39.23141121612922 90
      vertex -5.8692189782144695 39.56706039859124 90
    endloop
  endfacet
  facet normal -0.1224106751992185 0.9924795345987097 0
    outer loop
      vertex -3.920685613182424 39.80738906688788 0
      vertex -5.8692189782144695 39.56706039859124 90
      vertex -3.920685613182424 39.80738906688788 90
    endloop
  endfacet
  facet normal -0.0735645635996668 0.9972904566786902 0
    outer loop
      vertex -1.9627069730967206 39.9518182482069 0
      vertex -3.920685613182424 39.80738906688788 90
      vertex -1.9627069730967206 39.9518182482069 90
    endloop
  endfacet
  facet normal -0.024541228522911133 0.9996988186962042 0
    outer loop
      vertex -1.9627069730967206 39.9518182482069 90
      vertex 0 40 90
      vertex 0 40 0
    endloop
  endfacet
  facet normal 0.024541228522911133 0.9996988186962042 0
    outer loop
      vertex 1.9627069730967206 39.9518182482069 0
      vertex 0 40 90
      vertex 1.9627069730967206 39.9518182482069 90
    endloop
  endfacet
  facet normal 0.0735645635996668 0.9972904566786902 0
    outer loop
      vertex 3.920685613182424 39.80738906688788 0
      vertex 1.9627069730967206 39.9518182482069 90
      vertex 3.920685613182424 39.80738906688788 90
    endloop
  endfacet
  facet normal 0.1224106751992185 0.9924795345987097 0
    outer loop
      vertex 5.8692189782144695 39.56706039859124 0
      vertex 3.920685613182424 39.80738906688788 90
      vertex 5.8692189782144695 39.56706039859124 90
    endloop
  endfacet
  facet normal 0.17096188876030116 0.9852776423889413 0
    outer loop
      vertex 7.8036128806451295 39.23141121612922 0
      vertex 5.8692189782144695 39.56706039859124 90
      vertex 7.8036128806451295 39.23141121612922 90
    endloop
  endfacet
  facet normal 0.2191012401568711 0.9757021300385283 0
    outer loop
      vertex 9.719207196130554 38.801250127781756 0
      vertex 7.8036128806451295 39.23141121612922 90
      vertex 9.719207196130554 38.801250127781756 90
    endloop
  endfacet
  facet normal 0 0 1
    outer loop
      vertex -15.307337294603592 36.95518130045147 90
      vertex -14.964428270059873 31.639625259320518 90
      vertex -13.393920132778142 32.335783637895034 90
    endloop
  endfacet
  facet normal 0 0 1
    outer loop
      vertex -13.475594135688802 37.66176260732083 90
      vertex -13.393920132778142 32.335783637895034 90
      vertex -11.791144868727702 32.95404228140573 90
    endloop
  endfacet
  facet normal 0 0 1
    outer loop
      vertex -13.475594135688802 37.66176260732083 90
      vertex -11.791144868727702 32.95404228140573 90
      vertex -10.15996370390618 33.49291175062731 90
    endloop
  endfacet
  facet normal 0 0 1
    outer loop
      vertex -15.307337294603592 36.95518130045147 90
      vertex -13.393920132778142 32.335783637895034 90
      vertex -13.475594135688802 37.66176260732083 90
    endloop
  endfacet
  facet normal 0 0 1
    outer loop
      vertex -13.475594135688802 37.66176260732083 90
      vertex -10.15996370390618 33.49291175062731 90
      vertex -11.611387090178493 38.27761342928835 90
    endloop
  endfacet
  facet normal 0 0 1
    outer loop
      vertex -11.611387090178493 38.27761342928835 90
      vertex -10.15996370390618 33.49291175062731 90
      vertex -8.504306296614235 33.95109386180904 90
    endloop
  endfacet
  facet normal 0 0 1
    outer loop
      vertex -11.611387090178493 38.27761342928835 90
      vertex -8.504306296614235 33.95109386180904 90
      vertex -9.719207196130554 38.801250127781756 90
    endloop
  endfacet
  facet normal 0 0 1
    outer loop
      vertex -9.719207196130554 38.801250127781756 90
      vertex -8.504306296614235 33.95109386180904 90
      vertex -6.828161270564489 34.32748481411306 90
    endloop
  endfacet
  facet normal 0 0 1
    outer loop
      vertex -9.719207196130554 38.801250127781756 90
      vertex -6.828161270564489 34.32748481411306 90
      vertex -7.8036128806451295 39.23141121612922 90
    endloop
  endfacet
  facet normal 0 0 1
    outer loop
      vertex -7.8036128806451295 39.23141121612922 90
      vertex -6.828161270564489 34.32748481411306 90
      vertex -5.135566605937661 34.62117784876734 90
    endloop
  endfacet
  facet normal 0 0 1
    outer loop
      vertex -7.8036128806451295 39.23141121612922 90
      vertex -5.135566605937661 34.62117784876734 90
      vertex -5.8692189782144695 39.56706039859124 90
    endloop
  endfacet
  facet normal 0 0 1
    outer loop
      vertex -5.8692189782144695 39.56706039859124 90
      vertex -5.135566605937661 34.62117784876734 90
      vertex -3.430599911534621 34.831465433526894 90
    endloop
  endfacet
  facet normal 0 0 1
    outer loop
      vertex -5.8692189782144695 39.56706039859124 90
      vertex -3.430599911534621 34.831465433526894 90
      vertex -3.920685613182424 39.80738906688788 90
    endloop
  endfacet
  facet normal 0 0 1
    outer loop
      vertex -3.920685613182424 39.80738906688788 90
      vertex -3.430599911534621 34.831465433526894 90
      vertex -1.7173686014596306 34.957840967181035 90
    endloop
  endfacet
  facet normal 0 0 1
    outer loop
      vertex -1.9627069730967206 39.9518182482069 90
      vertex -1.7173686014596306 34.957840967181035 90
      vertex 0 35 90
    endloop
  endfacet
  facet normal 0 0 1
    outer loop
      vertex -3.920685613182424 39.80738906688788 90
      vertex -1.7173686014596306 34.957840967181035 90
      vertex -1.9627069730967206 39.9518182482069 90
    endloop
  endfacet
  facet normal 0 0 1
    outer loop
      vertex -1.9627069730967206 39.9518182482069 90
      vertex 0 35 90
      vertex 0 40 90
    endloop
  endfacet
  facet normal 0 0 1
    outer loop
      vertex 0 40 90
      vertex 0 35 90
      vertex 1.7173686014596306 34.957840967181035 90
    endloop
  endfacet
  facet normal 0 0 1
    outer loop
      vertex 1.9627069730967206 39.9518182482069 90
      vertex 1.7173686014596306 34.957840967181035 90
      vertex 3.430599911534621 34.831465433526894 90
    endloop
  endfacet
  facet normal 0 0 1
    outer loop
      vertex 0 40 90
      vertex 1.7173686014596306 34.957840967181035 90
      vertex 1.9627069730967206 39.9518182482069 90
    endloop
  endfacet
  facet normal 0 0 1
    outer loop
      vertex 3.920685613182424 39.80738906688788 90
      vertex 3.430599911534621 34.831465433526894 90
      vertex 5.135566605937661 34.62117784876734 90
    endloop
  endfacet
  facet normal 0 0 1
    outer loop
      vertex 5.8692189782144695 39.56706039859124 90
      vertex 5.135566605937661 34.62117784876734 90
      vertex 6.828161270564489 34.32748481411306 90
    endloop
  endfacet
  facet normal 0 0 1
    outer loop
      vertex 1.9627069730967206 39.9518182482069 90
      vertex 3.430599911534621 34.831465433526894 90
      vertex 3.920685613182424 39.80738906688788 90
    endloop
  endfacet
  facet normal 0 0 1
    outer loop
      vertex 3.920685613182424 39.80738906688788 90
      vertex 5.135566605937661 34.62117784876734 90
      vertex 5.8692189782144695 39.56706039859124 90
    endloop
  endfacet
  facet normal 0 0 1
    outer loop
      vertex 7.8036128806451295 39.23141121612922 90
      vertex 6.828161270564489 34.32748481411306 90
      vertex 8.504306296614235 33.95109386180904 90
    endloop
  endfacet
  facet normal 0 0 1
    outer loop
      vertex 7.8036128806451295 39.23141121612922 90
      vertex 8.504306296614235 33.95109386180904 90
      vertex 9.719207196130554 38.801250127781756 90
    endloop
  endfacet
  facet normal 0 0 1
    outer loop
      vertex 5.8692189782144695 39.56706039859124 90
      vertex 6.828161270564489 34.32748481411306 90
      vertex 7.8036128806451295 39.23141121612922 90
    endloop
  endfacet
  facet normal 0.2667127574748985 -0.9637760657954398 0
    outer loop
      vertex 9.719207196130554 -38.801250127781756 0
      vertex 11.611387090178493 -38.27761342928835 0
      vertex 11.611387090178493 -38.27761342928835 90
    endloop
  endfacet
  facet normal 0.3136817403988896 -0.9495281805930372 0
    outer loop
      vertex 11.611387090178493 -38.27761342928835 0
      vertex 13.475594135688802 -37.66176260732083 0
      vertex 13.475594135688802 -37.66176260732083 90
    endloop
  endfacet
  facet normal 0.3598950365349876 -0.9329927988347392 0
    outer loop
      vertex 13.475594135688802 -37.66176260732083 0
      vertex 15.307337294603592 -36.95518130045147 0
      vertex 15.307337294603592 -36.95518130045147 90
    endloop
  endfacet
  facet normal 0.4052413140049901 -0.9142097557035305 0
    outer loop
      vertex 15.307337294603592 -36.95518130045147 0
      vertex 17.102203737211283 -36.159571724937734 0
      vertex 17.102203737211283 -36.159571724937734 90
    endloop
  endfacet
  facet normal 0.44961132965460554 -0.8932243011955158 0
    outer loop
      vertex 17.102203737211283 -36.159571724937734 0
      vertex 18.855869473039906 -35.276850573934205 0
      vertex 18.855869473039906 -35.276850573934205 90
    endloop
  endfacet
  facet normal 0.492898192229786 -0.8700869911087105 0
    outer loop
      vertex 18.855869473039906 -35.276850573934205 0
      vertex 20.564109767728873 -34.30914440001088 0
      vertex 20.564109767728873 -34.30914440001088 90
    endloop
  endfacet
  facet normal 0.5349976198870969 -0.8448535652497072 0
    outer loop
      vertex 20.564109767728873 -34.30914440001088 0
      vertex 22.222809320784087 -33.25878449210181 0
      vertex 22.222809320784087 -33.25878449210181 90
    endloop
  endfacet
  facet normal 0.5758081914178439 -0.8175848131515847 0
    outer loop
      vertex 22.222809320784087 -33.25878449210181 0
      vertex 23.827972179697333 -32.1283012592258 0
      vertex 23.827972179697333 -32.1283012592258 90
    endloop
  endfacet
  facet normal 0.6152315905806276 -0.7883464276266058 0
    outer loop
      vertex 23.827972179697333 -32.1283012592258 0
      vertex 25.37573136654582 -30.92041813450948 0
      vertex 25.37573136654582 -30.92041813450948 90
    endloop
  endfacet
  facet normal 0.6531728429537764 -0.7572088465064849 0
    outer loop
      vertex 25.37573136654582 -30.92041813450948 0
      vertex 26.862358193880738 -29.638045014198365 0
      vertex 26.862358193880738 -29.638045014198365 90
    endloop
  endfacet
  facet normal 0.6895405447370673 -0.7242470829514667 0
    outer loop
      vertex 26.862358193880738 -29.638045014198365 0
      vertex 28.284271247461902 -28.284271247461902 0
      vertex 28.284271247461902 -28.284271247461902 90
    endloop
  endfacet
  facet normal 0.7242470829514667 -0.6895405447370673 0
    outer loop
      vertex 28.284271247461902 -28.284271247461902 0
      vertex 29.638045014198365 -26.862358193880738 0
      vertex 28.284271247461902 -28.284271247461902 90
    endloop
  endfacet
  facet normal 0.7572088465064849 -0.6531728429537764 0
    outer loop
      vertex 29.638045014198365 -26.862358193880738 0
      vertex 30.92041813450948 -25.37573136654582 0
      vertex 29.638045014198365 -26.862358193880738 90
    endloop
  endfacet
  facet normal 0.7883464276266058 -0.6152315905806276 0
    outer loop
      vertex 30.92041813450948 -25.37573136654582 0
      vertex 32.1283012592258 -23.827972179697333 0
      vertex 30.92041813450948 -25.37573136654582 90
    endloop
  endfacet
  facet normal 0.8175848131515847 -0.5758081914178439 0
    outer loop
      vertex 32.1283012592258 -23.827972179697333 0
      vertex 33.25878449210181 -22.222809320784087 0
      vertex 32.1283012592258 -23.827972179697333 90
    endloop
  endfacet
  facet normal 0.8448535652497072 -0.5349976198870969 0
    outer loop
      vertex 33.25878449210181 -22.222809320784087 0
      vertex 34.30914440001088 -20.564109767728873 0
      vertex 33.25878449210181 -22.222809320784087 90
    endloop
  endfacet
  facet normal 0 0 -1
    outer loop
      vertex 9.719207196130554 -38.801250127781756 0
      vertex 11.611387090178493 38.27761342928835 0
      vertex 11.611387090178493 -38.27761342928835 0
    endloop
  endfacet
  facet normal 0 0 -1
    outer loop
      vertex 11.611387090178493 -38.27761342928835 0
      vertex 13.475594135688802 37.66176260732083 0
      vertex 13.475594135688802 -37.66176260732083 0
    endloop
  endfacet
  facet normal 0 0 -1
    outer loop
      vertex 13.475594135688802 -37.66176260732083 0
      vertex 15.307337294603592 36.95518130045147 0
      vertex 15.307337294603592 -36.95518130045147 0
    endloop
  endfacet
  facet normal 0 0 -1
    outer loop
      vertex 15.307337294603592 -36.95518130045147 0
      vertex 17.102203737211283 36.159571724937734 0
      vertex 17.102203737211283 -36.159571724937734 0
    endloop
  endfacet
  facet normal 0 0 -1
    outer loop
      vertex 17.102203737211283 -36.159571724937734 0
      vertex 18.855869473039906 35.276850573934205 0
      vertex 18.855869473039906 -35.276850573934205 0
    endloop
  endfacet
  facet normal 0 0 -1
    outer loop
      vertex 18.855869473039906 -35.276850573934205 0
      vertex 20.564109767728873 34.30914440001088 0
      vertex 20.564109767728873 -34.30914440001088 0
    endloop
  endfacet
  facet normal 0 0 -1
    outer loop
      vertex 20.564109767728873 -34.30914440001088 0
      vertex 22.222809320784087 33.25878449210181 0
      vertex 22.222809320784087 -33.25878449210181 0
    endloop
  endfacet
  facet normal 0 0 -1
    outer loop
      vertex 22.222809320784087 -33.25878449210181 0
      vertex 23.827972179697333 32.1283012592258 0
      vertex 23.827972179697333 -32.1283012592258 0
    endloop
  endfacet
  facet normal 0 0 -1
    outer loop
      vertex 23.827972179697333 -32.1283012592258 0
      vertex 25.37573136654582 30.92041813450948 0
      vertex 25.37573136654582 -30.92041813450948 0
    endloop
  endfacet
  facet normal 0 0 -1
    outer loop
      vertex 25.37573136654582 -30.92041813450948 0
      vertex 26.862358193880738 29.638045014198365 0
      vertex 26.862358193880738 -29.638045014198365 0
    endloop
  endfacet
  facet normal 0 0 -1
    outer loop
      vertex 26.862358193880738 -29.638045014198365 0
      vertex 28.284271247461902 28.284271247461902 0
      vertex 28.284271247461902 -28.284271247461902 0
    endloop
  endfacet
  facet normal 0 0 -1
    outer loop
      vertex 28.284271247461902 -28.284271247461902 0
      vertex 29.638045014198365 26.862358193880738 0
      vertex 29.638045014198365 -26.862358193880738 0
    endloop
  endfacet
  facet normal 0 0 -1
    outer loop
      vertex 29.638045014198365 -26.862358193880738 0
      vertex 30.92041813450948 25.37573136654582 0
      vertex 30.92041813450948 -25.37573136654582 0
    endloop
  endfacet
  facet normal 0 0 -1
    outer loop
      vertex 30.92041813450948 -25.37573136654582 0
      vertex 32.1283012592258 23.827972179697333 0
      vertex 32.1283012592258 -23.827972179697333 0
    endloop
  endfacet
  facet normal 0 0 -1
    outer loop
      vertex 32.1283012592258 -23.827972179697333 0
      vertex 33.25878449210181 22.222809320784087 0
      vertex 33.25878449210181 -22.222809320784087 0
    endloop
  endfacet
  facet normal 0 0 -1
    outer loop
      vertex 33.25878449210181 -22.222809320784087 0
      vertex 34.30914440001088 20.564109767728873 0
      vertex 34.30914440001088 -20.564109767728873 0
    endloop
  endfacet
  facet normal 0 0 -1
    outer loop
      vertex 34.30914440001088 -20.564109767728873 0
      vertex 35.276850573934205 18.855869473039906 0
      vertex 35.276850573934205 -18.855869473039906 0
    endloop
  endfacet
  facet normal 0 0 -1
    outer loop
      vertex 35.276850573934205 -18.855869473039906 0
      vertex 36.159571724937734 17.102203737211283 0
      vertex 36.159571724937734 -17.102203737211283 0
    endloop
  endfacet
  facet normal 0 0 -1
    outer loop
      vertex 36.159571724937734 -17.102203737211283 0
      vertex 36.95518130045147 15.307337294603592 0
      vertex 36.95518130045147 -15.307337294603592 0
    endloop
  endfacet
  facet normal 0 0 -1
    outer loop
      vertex 36.95518130045147 -15.307337294603592 0
      vertex 37.66176260732083 13.475594135688802 0
      vertex 37.66176260732083 -13.475594135688802 0
    endloop
  endfacet
  facet normal 0 0 -1
    outer loop
      vertex 37.66176260732083 -13.475594135688802 0
      vertex 38.27761342928835 11.611387090178493 0
      vertex 38.27761342928835 -11.611387090178493 0
    endloop
  endfacet
  facet normal 0 0 -1
    outer loop
      vertex 38.27761342928835 -11.611387090178493 0
      vertex 38.801250127781756 9.719207196130554 0
      vertex 38.801250127781756 -9.719207196130554 0
    endloop
  endfacet
  facet normal 0 0 -1
    outer loop
      vertex 38.801250127781756 -9.719207196130554 0
      vertex 39.23141121612922 7.8036128806451295 0
      vertex 39.23141121612922 -7.8036128806451295 0
    endloop
  endfacet
  facet normal 0 0 -1
    outer loop
      vertex 39.23141121612922 -7.8036128806451295 0
      vertex 39.56706039859124 5.8692189782144695 0
      vertex 39.56706039859124 -5.8692189782144695 0
    endloop
  endfacet
  facet normal 0 0 -1
    outer loop
      vertex 39.56706039859124 -5.8692189782144695 0
      vertex 39.80738906688788 3.920685613182424 0
      vertex 39.80738906688788 -3.920685613182424 0
    endloop
  endfacet
  facet normal 0 0 -1
    outer loop
      vertex 39.80738906688788 -3.920685613182424 0
      vertex 39.9518182482069 1.9627069730967206 0
      vertex 39.9518182482069 -1.9627069730967206 0
    endloop
  endfacet
  facet normal 0.8700869911087105 -0.492898192229786 0
    outer loop
      vertex 34.30914440001088 -20.564109767728873 0
      vertex 35.276850573934205 -18.855869473039906 0
      vertex 34.30914440001088 -20.564109767728873 90
    endloop
  endfacet
  facet normal 0.8932243011955158 -0.44961132965460554 0
    outer loop
      vertex 35.276850573934205 -18.855869473039906 0
      vertex 36.159571724937734 -17.102203737211283 0
      vertex 35.276850573934205 -18.855869473039906 90
    endloop
  endfacet
  facet normal 0.9142097557035305 -0.4052413140049901 0
    outer loop
      vertex 36.159571724937734 -17.102203737211283 0
      vertex 36.95518130045147 -15.307337294603592 0
      vertex 36.159571724937734 -17.102203737211283 90
    endloop
  endfacet
  facet normal 0.9329927988347392 -0.3598950365349876 0
    outer loop
      vertex 36.95518130045147 -15.307337294603592 0
      vertex 37.66176260732083 -13.475594135688802 0
      vertex 36.95518130045147 -15.307337294603592 90
    endloop
  endfacet
  facet normal 0.9495281805930372 -0.3136817403988896 0
    outer loop
      vertex 37.66176260732083 -13.475594135688802 0
      vertex 38.27761342928835 -11.611387090178493 0
      vertex 37.66176260732083 -13.475594135688802 90
    endloop
  endfacet
  facet normal 0.9637760657954398 -0.2667127574748985 0
    outer loop
      vertex 38.27761342928835 -11.611387090178493 0
      vertex 38.801250127781756 -9.719207196130554 0
      vertex 38.27761342928835 -11.611387090178493 90
    endloop
  endfacet
  facet normal 0.9757021300385283 -0.2191012401568711 0
    outer loop
      vertex 38.801250127781756 -9.719207196130554 0
      vertex 39.23141121612922 -7.8036128806451295 0
      vertex 38.801250127781756 -9.719207196130554 90
    endloop
  endfacet
  facet normal 0.9852776423889413 -0.17096188876030116 0
    outer loop
      vertex 39.23141121612922 -7.8036128806451295 0
      vertex 39.56706039859124 -5.8692189782144695 0
      vertex 39.23141121612922 -7.8036128806451295 90
    endloop
  endfacet
  facet normal 0.9924795345987097 -0.1224106751992185 0
    outer loop
      vertex 39.56706039859124 -5.8692189782144695 0
      vertex 39.80738906688788 -3.920685613182424 0
      vertex 39.56706039859124 -5.8692189782144695 90
    endloop
  endfacet
  facet normal 0.9972904566786902 -0.0735645635996668 0
    outer loop
      vertex 39.80738906688788 -3.920685613182424 0
      vertex 39.9518182482069 -1.9627069730967206 0
      vertex 39.80738906688788 -3.920685613182424 90
    endloop
  endfacet
  facet normal 0.9996988186962042 -0.024541228522911133 0
    outer loop
      vertex 39.9518182482069 -1.9627069730967206 0
      vertex 40 0 0
      vertex 39.9518182482069 -1.9627069730967206 90
    endloop
  endfacet
  facet normal 0.2667127574748985 -0.9637760657954398 0
    outer loop
      vertex 9.719207196130554 -38.801250127781756 0
      vertex 11.611387090178493 -38.27761342928835 90
      vertex 9.719207196130554 -38.801250127781756 90
    endloop
  endfacet
  facet normal 0.3136817403988896 -0.9495281805930372 0
    outer loop
      vertex 11.611387090178493 -38.27761342928835 0
      vertex 13.475594135688802 -37.66176260732083 90
      vertex 11.611387090178493 -38.27761342928835 90
    endloop
  endfacet
  facet normal 0.3598950365349876 -0.9329927988347392 0
    outer loop
      vertex 13.475594135688802 -37.66176260732083 0
      vertex 15.307337294603592 -36.95518130045147 90
      vertex 13.475594135688802 -37.66176260732083 90
    endloop
  endfacet
  facet normal 0.4052413140049901 -0.9142097557035305 0
    outer loop
      vertex 15.307337294603592 -36.95518130045147 0
      vertex 17.102203737211283 -36.159571724937734 90
      vertex 15.307337294603592 -36.95518130045147 90
    endloop
  endfacet
  facet normal 0.44961132965460554 -0.8932243011955158 0
    outer loop
      vertex 17.102203737211283 -36.159571724937734 0
      vertex 18.855869473039906 -35.276850573934205 90
      vertex 17.102203737211283 -36.159571724937734 90
    endloop
  endfacet
  facet normal 0.492898192229786 -0.8700869911087105 0
    outer loop
      vertex 18.855869473039906 -35.276850573934205 0
      vertex 20.564109767728873 -34.30914440001088 90
      vertex 18.855869473039906 -35.276850573934205 90
    endloop
  endfacet
  facet normal 0.5349976198870969 -0.8448535652497072 0
    outer loop
      vertex 20.564109767728873 -34.30914440001088 0
      vertex 22.222809320784087 -33.25878449210181 90
      vertex 20.564109767728873 -34.30914440001088 90
    endloop
  endfacet
  facet normal 0.5758081914178439 -0.8175848131515847 0
    outer loop
      vertex 22.222809320784087 -33.25878449210181 0
      vertex 23.827972179697333 -32.1283012592258 90
      vertex 22.222809320784087 -33.25878449210181 90
    endloop
  endfacet
  facet normal 0.6152315905806276 -0.7883464276266058 0
    outer loop
      vertex 23.827972179697333 -32.1283012592258 0
      vertex 25.37573136654582 -30.92041813450948 90
      vertex 23.827972179697333 -32.1283012592258 90
    endloop
  endfacet
  facet normal 0.6531728429537764 -0.7572088465064849 0
    outer loop
      vertex 25.37573136654582 -30.92041813450948 0
      vertex 26.862358193880738 -29.638045014198365 90
      vertex 25.37573136654582 -30.92041813450948 90
    endloop
  endfacet
  facet normal 0.6895405447370673 -0.7242470829514667 0
    outer loop
      vertex 26.862358193880738 -29.638045014198365 0
      vertex 28.284271247461902 -28.284271247461902 90
      vertex 26.862358193880738 -29.638045014198365 90
    endloop
  endfacet
  facet normal 0.7242470829514667 -0.6895405447370673 0
    outer loop
      vertex 29.638045014198365 -26.862358193880738 0
      vertex 29.638045014198365 -26.862358193880738 90
      vertex 28.284271247461902 -28.284271247461902 90
    endloop
  endfacet
  facet normal 0.7572088465064849 -0.6531728429537764 0
    outer loop
      vertex 30.92041813450948 -25.37573136654582 0
      vertex 30.92041813450948 -25.37573136654582 90
      vertex 29.638045014198365 -26.862358193880738 90
    endloop
  endfacet
  facet normal 0.7883464276266058 -0.6152315905806276 0
    outer loop
      vertex 32.1283012592258 -23.827972179697333 0
      vertex 32.1283012592258 -23.827972179697333 90
      vertex 30.92041813450948 -25.37573136654582 90
    endloop
  endfacet
  facet normal 0.8175848131515847 -0.5758081914178439 0
    outer loop
      vertex 33.25878449210181 -22.222809320784087 0
      vertex 33.25878449210181 -22.222809320784087 90
      vertex 32.1283012592258 -23.827972179697333 90
    endloop
  endfacet
  facet normal 0 0 1
    outer loop
      vertex 9.719207196130554 -38.801250127781756 90
      vertex 11.611387090178493 -38.27761342928835 90
      vertex 8.504306296614235 -33.95109386180904 90
    endloop
  endfacet
  facet normal 0 0 1
    outer loop
      vertex 11.611387090178493 -38.27761342928835 90
      vertex 10.15996370390618 -33.49291175062731 90
      vertex 8.504306296614235 -33.95109386180904 90
    endloop
  endfacet
  facet normal 0 0 1
    outer loop
      vertex 11.611387090178493 -38.27761342928835 90
      vertex 13.475594135688802 -37.66176260732083 90
      vertex 10.15996370390618 -33.49291175062731 90
    endloop
  endfacet
  facet normal 0 0 1
    outer loop
      vertex 13.475594135688802 -37.66176260732083 90
      vertex 15.307337294603592 -36.95518130045147 90
      vertex 13.393920132778142 -32.335783637895034 90
    endloop
  endfacet
  facet normal 0 0 1
    outer loop
      vertex 13.475594135688802 -37.66176260732083 90
      vertex 11.791144868727702 -32.95404228140573 90
      vertex 10.15996370390618 -33.49291175062731 90
    endloop
  endfacet
  facet normal 0 0 1
    outer loop
      vertex 13.475594135688802 -37.66176260732083 90
      vertex 13.393920132778142 -32.335783637895034 90
      vertex 11.791144868727702 -32.95404228140573 90
    endloop
  endfacet
  facet normal 0 0 1
    outer loop
      vertex 15.307337294603592 -36.95518130045147 90
      vertex 14.964428270059873 -31.639625259320518 90
      vertex 13.393920132778142 -32.335783637895034 90
    endloop
  endfacet
  facet normal 0 0 1
    outer loop
      vertex 15.307337294603592 -36.95518130045147 90
      vertex 17.102203737211283 -36.159571724937734 90
      vertex 14.964428270059873 -31.639625259320518 90
    endloop
  endfacet
  facet normal 0 0 1
    outer loop
      vertex 17.102203737211283 -36.159571724937734 90
      vertex 16.498885788909917 -30.867244252192428 90
      vertex 14.964428270059873 -31.639625259320518 90
    endloop
  endfacet
  facet normal 0 0 1
    outer loop
      vertex 17.102203737211283 -36.159571724937734 90
      vertex 18.855869473039906 -35.276850573934205 90
      vertex 16.498885788909917 -30.867244252192428 90
    endloop
  endfacet
  facet normal 0 0 1
    outer loop
      vertex 18.855869473039906 -35.276850573934205 90
      vertex 17.99359604676276 -30.02050135000952 90
      vertex 16.498885788909917 -30.867244252192428 90
    endloop
  endfacet
  facet normal 0 0 1
    outer loop
      vertex 18.855869473039906 -35.276850573934205 90
      vertex 20.564109767728873 -34.30914440001088 90
      vertex 17.99359604676276 -30.02050135000952 90
    endloop
  endfacet
  facet normal 0 0 1
    outer loop
      vertex 20.564109767728873 -34.30914440001088 90
      vertex 19.444958155686077 -29.101436430589082 90
      vertex 17.99359604676276 -30.02050135000952 90
    endloop
  endfacet
  facet normal 0 0 1
    outer loop
      vertex 20.564109767728873 -34.30914440001088 90
      vertex 22.222809320784087 -33.25878449210181 90
      vertex 19.444958155686077 -29.101436430589082 90
    endloop
  endfacet
  facet normal 0 0 1
    outer loop
      vertex 22.222809320784087 -33.25878449210181 90
      vertex 20.849475657235168 -28.112263601822573 90
      vertex 19.444958155686077 -29.101436430589082 90
    endloop
  endfacet
  facet normal 0 0 1
    outer loop
      vertex 22.222809320784087 -33.25878449210181 90
      vertex 23.827972179697333 -32.1283012592258 90
      vertex 22.203764945727592 -27.055365867695794 90
    endloop
  endfacet
  facet normal 0 0 1
    outer loop
      vertex 22.222809320784087 -33.25878449210181 90
      vertex 22.203764945727592 -27.055365867695794 90
      vertex 20.849475657235168 -28.112263601822573 90
    endloop
  endfacet
  facet normal 0 0 1
    outer loop
      vertex 23.827972179697333 -32.1283012592258 90
      vertex 25.37573136654582 -30.92041813450948 90
      vertex 23.504563419645645 -25.933289387423567 90
    endloop
  endfacet
  facet normal 0 0 1
    outer loop
      vertex 23.827972179697333 -32.1283012592258 90
      vertex 23.504563419645645 -25.933289387423567 90
      vertex 22.203764945727592 -27.055365867695794 90
    endloop
  endfacet
  facet normal 0 0 1
    outer loop
      vertex 25.37573136654582 -30.92041813450948 90
      vertex 24.748737341529164 -24.748737341529164 90
      vertex 23.504563419645645 -25.933289387423567 90
    endloop
  endfacet
  facet normal 0 0 1
    outer loop
      vertex 25.37573136654582 -30.92041813450948 90
      vertex 26.862358193880738 -29.638045014198365 90
      vertex 24.748737341529164 -24.748737341529164 90
    endloop
  endfacet
  facet normal 0 0 1
    outer loop
      vertex 26.862358193880738 -29.638045014198365 90
      vertex 25.933289387423567 -23.504563419645645 90
      vertex 24.748737341529164 -24.748737341529164 90
    endloop
  endfacet
  facet normal 0 0 1
    outer loop
      vertex 26.862358193880738 -29.638045014198365 90
      vertex 28.284271247461902 -28.284271247461902 90
      vertex 25.933289387423567 -23.504563419645645 90
    endloop
  endfacet
  facet normal 0 0 1
    outer loop
      vertex 28.284271247461902 -28.284271247461902 90
      vertex 27.055365867695794 -22.203764945727592 90
      vertex 25.933289387423567 -23.504563419645645 90
    endloop
  endfacet
  facet normal 0 0 1
    outer loop
      vertex 28.284271247461902 -28.284271247461902 90
      vertex 29.638045014198365 -26.862358193880738 90
      vertex 28.112263601822573 -20.849475657235168 90
    endloop
  endfacet
  facet normal 0 0 1
    outer loop
      vertex 28.284271247461902 -28.284271247461902 90
      vertex 28.112263601822573 -20.849475657235168 90
      vertex 27.055365867695794 -22.203764945727592 90
    endloop
  endfacet
  facet normal 0 0 1
    outer loop
      vertex 29.638045014198365 -26.862358193880738 90
      vertex 30.92041813450948 -25.37573136654582 90
      vertex 29.101436430589082 -19.444958155686077 90
    endloop
  endfacet
  facet normal 0 0 1
    outer loop
      vertex 29.638045014198365 -26.862358193880738 90
      vertex 29.101436430589082 -19.444958155686077 90
      vertex 28.112263601822573 -20.849475657235168 90
    endloop
  endfacet
  facet normal 0 0 1
    outer loop
      vertex 30.92041813450948 -25.37573136654582 90
      vertex 30.02050135000952 -17.99359604676276 90
      vertex 29.101436430589082 -19.444958155686077 90
    endloop
  endfacet
  facet normal 0 0 1
    outer loop
      vertex 30.92041813450948 -25.37573136654582 90
      vertex 32.1283012592258 -23.827972179697333 90
      vertex 30.867244252192428 -16.498885788909917 90
    endloop
  endfacet
  facet normal 0 0 1
    outer loop
      vertex 32.1283012592258 -23.827972179697333 90
      vertex 33.25878449210181 -22.222809320784087 90
      vertex 31.639625259320518 -14.964428270059873 90
    endloop
  endfacet
  facet normal 0 0 1
    outer loop
      vertex 30.92041813450948 -25.37573136654582 90
      vertex 30.867244252192428 -16.498885788909917 90
      vertex 30.02050135000952 -17.99359604676276 90
    endloop
  endfacet
  facet normal 0 0 1
    outer loop
      vertex 32.1283012592258 -23.827972179697333 90
      vertex 31.639625259320518 -14.964428270059873 90
      vertex 30.867244252192428 -16.498885788909917 90
    endloop
  endfacet
  facet normal 0 0 1
    outer loop
      vertex 33.25878449210181 -22.222809320784087 90
      vertex 34.30914440001088 -20.564109767728873 90
      vertex 32.95404228140573 -11.791144868727702 90
    endloop
  endfacet
  facet normal 0 0 1
    outer loop
      vertex 33.25878449210181 -22.222809320784087 90
      vertex 32.335783637895034 -13.393920132778142 90
      vertex 31.639625259320518 -14.964428270059873 90
    endloop
  endfacet
  facet normal 0 0 1
    outer loop
      vertex 33.25878449210181 -22.222809320784087 90
      vertex 32.95404228140573 -11.791144868727702 90
      vertex 32.335783637895034 -13.393920132778142 90
    endloop
  endfacet
  facet normal 0 0 1
    outer loop
      vertex 34.30914440001088 -20.564109767728873 90
      vertex 33.49291175062731 -10.15996370390618 90
      vertex 32.95404228140573 -11.791144868727702 90
    endloop
  endfacet
  facet normal 0.8448535652497072 -0.5349976198870969 0
    outer loop
      vertex 34.30914440001088 -20.564109767728873 0
      vertex 34.30914440001088 -20.564109767728873 90
      vertex 33.25878449210181 -22.222809320784087 90
    endloop
  endfacet
  facet normal 0.8700869911087105 -0.492898192229786 0
    outer loop
      vertex 35.276850573934205 -18.855869473039906 0
      vertex 35.276850573934205 -18.855869473039906 90
      vertex 34.30914440001088 -20.564109767728873 90
    endloop
  endfacet
  facet normal 0.8932243011955158 -0.44961132965460554 0
    outer loop
      vertex 36.159571724937734 -17.102203737211283 0
      vertex 36.159571724937734 -17.102203737211283 90
      vertex 35.276850573934205 -18.855869473039906 90
    endloop
  endfacet
  facet normal 0.9142097557035305 -0.4052413140049901 0
    outer loop
      vertex 36.95518130045147 -15.307337294603592 0
      vertex 36.95518130045147 -15.307337294603592 90
      vertex 36.159571724937734 -17.102203737211283 90
    endloop
  endfacet
  facet normal 0.9329927988347392 -0.3598950365349876 0
    outer loop
      vertex 37.66176260732083 -13.475594135688802 0
      vertex 37.66176260732083 -13.475594135688802 90
      vertex 36.95518130045147 -15.307337294603592 90
    endloop
  endfacet
  facet normal 0.9495281805930372 -0.3136817403988896 0
    outer loop
      vertex 38.27761342928835 -11.611387090178493 0
      vertex 38.27761342928835 -11.611387090178493 90
      vertex 37.66176260732083 -13.475594135688802 90
    endloop
  endfacet
  facet normal 0.9637760657954398 -0.2667127574748985 0
    outer loop
      vertex 38.801250127781756 -9.719207196130554 0
      vertex 38.801250127781756 -9.719207196130554 90
      vertex 38.27761342928835 -11.611387090178493 90
    endloop
  endfacet
  facet normal 0.9757021300385283 -0.2191012401568711 0
    outer loop
      vertex 39.23141121612922 -7.8036128806451295 0
      vertex 39.23141121612922 -7.8036128806451295 90
      vertex 38.801250127781756 -9.719207196130554 90
    endloop
  endfacet
  facet normal 0.9852776423889413 -0.17096188876030116 0
    outer loop
      vertex 39.56706039859124 -5.8692189782144695 0
      vertex 39.56706039859124 -5.8692189782144695 90
      vertex 39.23141121612922 -7.8036128806451295 90
    endloop
  endfacet
  facet normal 0.9924795345987097 -0.1224106751992185 0
    outer loop
      vertex 39.80738906688788 -3.920685613182424 0
      vertex 39.80738906688788 -3.920685613182424 90
      vertex 39.56706039859124 -5.8692189782144695 90
    endloop
  endfacet
  facet normal 0.9972904566786902 -0.0735645635996668 0
    outer loop
      vertex 39.9518182482069 -1.9627069730967206 0
      vertex 39.9518182482069 -1.9627069730967206 90
      vertex 39.80738906688788 -3.920685613182424 90
    endloop
  endfacet
  facet normal 0.9996988186962042 -0.024541228522911133 0
    outer loop
      vertex 39.9518182482069 -1.9627069730967206 90
      vertex 40 0 0
      vertex 40 0 90
    endloop
  endfacet
  facet normal 0 0 1
    outer loop
      vertex 34.30914440001088 -20.564109767728873 90
      vertex 35.276850573934205 -18.855869473039906 90
      vertex 33.95109386180904 -8.504306296614235 90
    endloop
  endfacet
  facet normal 0 0 1
    outer loop
      vertex 34.30914440001088 -20.564109767728873 90
      vertex 33.95109386180904 -8.504306296614235 90
      vertex 33.49291175062731 -10.15996370390618 90
    endloop
  endfacet
  facet normal 0 0 1
    outer loop
      vertex 35.276850573934205 -18.855869473039906 90
      vertex 34.32748481411306 -6.828161270564489 90
      vertex 33.95109386180904 -8.504306296614235 90
    endloop
  endfacet
  facet normal 0 0 1
    outer loop
      vertex 35.276850573934205 -18.855869473039906 90
      vertex 34.62117784876734 -5.135566605937661 90
      vertex 34.32748481411306 -6.828161270564489 90
    endloop
  endfacet
  facet normal 0 0 1
    outer loop
      vertex 35.276850573934205 -18.855869473039906 90
      vertex 34.831465433526894 -3.430599911534621 90
      vertex 34.62117784876734 -5.135566605937661 90
    endloop
  endfacet
  facet normal 0 0 1
    outer loop
      vertex 35.276850573934205 -18.855869473039906 90
      vertex 34.957840967181035 -1.7173686014596306 90
      vertex 34.831465433526894 -3.430599911534621 90
    endloop
  endfacet
  facet normal 0 0 1
    outer loop
      vertex 35.276850573934205 -18.855869473039906 90
      vertex 35 0 90
      vertex 34.957840967181035 -1.7173686014596306 90
    endloop
  endfacet
  facet normal 0 0 1
    outer loop
      vertex 35.276850573934205 -18.855869473039906 90
      vertex 36.159571724937734 -17.102203737211283 90
      vertex 35.276850573934205 18.855869473039906 90
    endloop
  endfacet
  facet normal 0 0 1
    outer loop
      vertex 36.159571724937734 -17.102203737211283 90
      vertex 36.95518130045147 -15.307337294603592 90
      vertex 36.159571724937734 17.102203737211283 90
    endloop
  endfacet
  facet normal 0 0 1
    outer loop
      vertex 36.95518130045147 -15.307337294603592 90
      vertex 37.66176260732083 -13.475594135688802 90
      vertex 36.95518130045147 15.307337294603592 90
    endloop
  endfacet
  facet normal 0 0 1
    outer loop
      vertex 37.66176260732083 -13.475594135688802 90
      vertex 38.27761342928835 -11.611387090178493 90
      vertex 37.66176260732083 13.475594135688802 90
    endloop
  endfacet
  facet normal 0 0 1
    outer loop
      vertex 38.27761342928835 -11.611387090178493 90
      vertex 38.801250127781756 -9.719207196130554 90
      vertex 38.27761342928835 11.611387090178493 90
    endloop
  endfacet
  facet normal 0 0 1
    outer loop
      vertex 38.801250127781756 -9.719207196130554 90
      vertex 39.23141121612922 -7.8036128806451295 90
      vertex 38.801250127781756 9.719207196130554 90
    endloop
  endfacet
  facet normal 0 0 1
    outer loop
      vertex 39.23141121612922 -7.8036128806451295 90
      vertex 39.56706039859124 -5.8692189782144695 90
      vertex 39.23141121612922 7.8036128806451295 90
    endloop
  endfacet
  facet normal 0 0 1
    outer loop
      vertex 39.56706039859124 -5.8692189782144695 90
      vertex 39.80738906688788 -3.920685613182424 90
      vertex 39.56706039859124 5.8692189782144695 90
    endloop
  endfacet
  facet normal 0 0 1
    outer loop
      vertex 39.80738906688788 -3.920685613182424 90
      vertex 39.9518182482069 -1.9627069730967206 90
      vertex 39.80738906688788 3.920685613182424 90
    endloop
  endfacet
  facet normal 0 0 -1
    outer loop
      vertex 9.719207196130554 -38.801250127781756 0
      vertex 9.719207196130554 38.801250127781756 0
      vertex 11.611387090178493 38.27761342928835 0
    endloop
  endfacet
  facet normal 0 0 -1
    outer loop
      vertex 11.611387090178493 -38.27761342928835 0
      vertex 11.611387090178493 38.27761342928835 0
      vertex 13.475594135688802 37.66176260732083 0
    endloop
  endfacet
  facet normal 0 0 -1
    outer loop
      vertex 13.475594135688802 -37.66176260732083 0
      vertex 13.475594135688802 37.66176260732083 0
      vertex 15.307337294603592 36.95518130045147 0
    endloop
  endfacet
  facet normal 0 0 -1
    outer loop
      vertex 15.307337294603592 -36.95518130045147 0
      vertex 15.307337294603592 36.95518130045147 0
      vertex 17.102203737211283 36.159571724937734 0
    endloop
  endfacet
  facet normal 0 0 -1
    outer loop
      vertex 17.102203737211283 -36.159571724937734 0
      vertex 17.102203737211283 36.159571724937734 0
      vertex 18.855869473039906 35.276850573934205 0
    endloop
  endfacet
  facet normal 0 0 -1
    outer loop
      vertex 18.855869473039906 -35.276850573934205 0
      vertex 18.855869473039906 35.276850573934205 0
      vertex 20.564109767728873 34.30914440001088 0
    endloop
  endfacet
  facet normal 0 0 -1
    outer loop
      vertex 20.564109767728873 -34.30914440001088 0
      vertex 20.564109767728873 34.30914440001088 0
      vertex 22.222809320784087 33.25878449210181 0
    endloop
  endfacet
  facet normal 0 0 -1
    outer loop
      vertex 25.37573136654582 -30.92041813450948 0
      vertex 25.37573136654582 30.92041813450948 0
      vertex 26.862358193880738 29.638045014198365 0
    endloop
  endfacet
  facet normal 0 0 -1
    outer loop
      vertex 26.862358193880738 -29.638045014198365 0
      vertex 26.862358193880738 29.638045014198365 0
      vertex 28.284271247461902 28.284271247461902 0
    endloop
  endfacet
  facet normal 0 0 -1
    outer loop
      vertex 28.284271247461902 -28.284271247461902 0
      vertex 28.284271247461902 28.284271247461902 0
      vertex 29.638045014198365 26.862358193880738 0
    endloop
  endfacet
  facet normal 0 0 -1
    outer loop
      vertex 29.638045014198365 -26.862358193880738 0
      vertex 29.638045014198365 26.862358193880738 0
      vertex 30.92041813450948 25.37573136654582 0
    endloop
  endfacet
  facet normal 0 0 -1
    outer loop
      vertex 32.1283012592258 -23.827972179697333 0
      vertex 32.1283012592258 23.827972179697333 0
      vertex 33.25878449210181 22.222809320784087 0
    endloop
  endfacet
  facet normal 0 0 -1
    outer loop
      vertex 33.25878449210181 -22.222809320784087 0
      vertex 33.25878449210181 22.222809320784087 0
      vertex 34.30914440001088 20.564109767728873 0
    endloop
  endfacet
  facet normal 0 0 -1
    outer loop
      vertex 30.92041813450948 -25.37573136654582 0
      vertex 30.92041813450948 25.37573136654582 0
      vertex 32.1283012592258 23.827972179697333 0
    endloop
  endfacet
  facet normal 0 0 -1
    outer loop
      vertex 22.222809320784087 -33.25878449210181 0
      vertex 22.222809320784087 33.25878449210181 0
      vertex 23.827972179697333 32.1283012592258 0
    endloop
  endfacet
  facet normal 0 0 -1
    outer loop
      vertex 23.827972179697333 -32.1283012592258 0
      vertex 23.827972179697333 32.1283012592258 0
      vertex 25.37573136654582 30.92041813450948 0
    endloop
  endfacet
  facet normal 0.2667127574748985 0.9637760657954398 0
    outer loop
      vertex 9.719207196130554 38.801250127781756 0
      vertex 9.719207196130554 38.801250127781756 90
      vertex 11.611387090178493 38.27761342928835 0
    endloop
  endfacet
  facet normal 0.3136817403988896 0.9495281805930372 0
    outer loop
      vertex 11.611387090178493 38.27761342928835 0
      vertex 11.611387090178493 38.27761342928835 90
      vertex 13.475594135688802 37.66176260732083 0
    endloop
  endfacet
  facet normal 0.3598950365349876 0.9329927988347392 0
    outer loop
      vertex 13.475594135688802 37.66176260732083 0
      vertex 13.475594135688802 37.66176260732083 90
      vertex 15.307337294603592 36.95518130045147 0
    endloop
  endfacet
  facet normal 0.492898192229786 0.8700869911087105 0
    outer loop
      vertex 18.855869473039906 35.276850573934205 0
      vertex 18.855869473039906 35.276850573934205 90
      vertex 20.564109767728873 34.30914440001088 0
    endloop
  endfacet
  facet normal 0.5349976198870969 0.8448535652497072 0
    outer loop
      vertex 20.564109767728873 34.30914440001088 0
      vertex 20.564109767728873 34.30914440001088 90
      vertex 22.222809320784087 33.25878449210181 0
    endloop
  endfacet
  facet normal 0.4052413140049901 0.9142097557035305 0
    outer loop
      vertex 15.307337294603592 36.95518130045147 0
      vertex 15.307337294603592 36.95518130045147 90
      vertex 17.102203737211283 36.159571724937734 0
    endloop
  endfacet
  facet normal 0.44961132965460554 0.8932243011955158 0
    outer loop
      vertex 17.102203737211283 36.159571724937734 0
      vertex 17.102203737211283 36.159571724937734 90
      vertex 18.855869473039906 35.276850573934205 0
    endloop
  endfacet
  facet normal 0.6895405447370673 0.7242470829514667 0
    outer loop
      vertex 26.862358193880738 29.638045014198365 0
      vertex 26.862358193880738 29.638045014198365 90
      vertex 28.284271247461902 28.284271247461902 0
    endloop
  endfacet
  facet normal 0.7883464276266058 0.6152315905806276 0
    outer loop
      vertex 32.1283012592258 23.827972179697333 0
      vertex 30.92041813450948 25.37573136654582 0
      vertex 32.1283012592258 23.827972179697333 90
    endloop
  endfacet
  facet normal 0.8175848131515847 0.5758081914178439 0
    outer loop
      vertex 32.1283012592258 23.827972179697333 0
      vertex 33.25878449210181 22.222809320784087 90
      vertex 33.25878449210181 22.222809320784087 0
    endloop
  endfacet
  facet normal 0.7242470829514667 0.6895405447370673 0
    outer loop
      vertex 29.638045014198365 26.862358193880738 0
      vertex 28.284271247461902 28.284271247461902 0
      vertex 29.638045014198365 26.862358193880738 90
    endloop
  endfacet
  facet normal 0.7572088465064849 0.6531728429537764 0
    outer loop
      vertex 29.638045014198365 26.862358193880738 0
      vertex 30.92041813450948 25.37573136654582 90
      vertex 30.92041813450948 25.37573136654582 0
    endloop
  endfacet
  facet normal 0.6152315905806276 0.7883464276266058 0
    outer loop
      vertex 23.827972179697333 32.1283012592258 0
      vertex 23.827972179697333 32.1283012592258 90
      vertex 25.37573136654582 30.92041813450948 0
    endloop
  endfacet
  facet normal 0.5758081914178439 0.8175848131515847 0
    outer loop
      vertex 22.222809320784087 33.25878449210181 0
      vertex 22.222809320784087 33.25878449210181 90
      vertex 23.827972179697333 32.1283012592258 0
    endloop
  endfacet
  facet normal 0.6531728429537764 0.7572088465064849 0
    outer loop
      vertex 26.862358193880738 29.638045014198365 0
      vertex 25.37573136654582 30.92041813450948 0
      vertex 25.37573136654582 30.92041813450948 90
    endloop
  endfacet
  facet normal 0 0 -1
    outer loop
      vertex 39.9518182482069 -1.9627069730967206 0
      vertex 39.9518182482069 1.9627069730967206 0
      vertex 40 0 0
    endloop
  endfacet
  facet normal 0 0 -1
    outer loop
      vertex 39.80738906688788 -3.920685613182424 0
      vertex 39.80738906688788 3.920685613182424 0
      vertex 39.9518182482069 1.9627069730967206 0
    endloop
  endfacet
  facet normal 0 0 -1
    outer loop
      vertex 39.56706039859124 -5.8692189782144695 0
      vertex 39.56706039859124 5.8692189782144695 0
      vertex 39.80738906688788 3.920685613182424 0
    endloop
  endfacet
  facet normal 0 0 -1
    outer loop
      vertex 39.23141121612922 -7.8036128806451295 0
      vertex 39.23141121612922 7.8036128806451295 0
      vertex 39.56706039859124 5.8692189782144695 0
    endloop
  endfacet
  facet normal 0 0 -1
    outer loop
      vertex 38.27761342928835 -11.611387090178493 0
      vertex 38.27761342928835 11.611387090178493 0
      vertex 38.801250127781756 9.719207196130554 0
    endloop
  endfacet
  facet normal 0 0 -1
    outer loop
      vertex 36.95518130045147 -15.307337294603592 0
      vertex 36.95518130045147 15.307337294603592 0
      vertex 37.66176260732083 13.475594135688802 0
    endloop
  endfacet
  facet normal 0 0 -1
    outer loop
      vertex 37.66176260732083 -13.475594135688802 0
      vertex 37.66176260732083 13.475594135688802 0
      vertex 38.27761342928835 11.611387090178493 0
    endloop
  endfacet
  facet normal 0 0 -1
    outer loop
      vertex 38.801250127781756 -9.719207196130554 0
      vertex 38.801250127781756 9.719207196130554 0
      vertex 39.23141121612922 7.8036128806451295 0
    endloop
  endfacet
  facet normal 0 0 -1
    outer loop
      vertex 34.30914440001088 -20.564109767728873 0
      vertex 34.30914440001088 20.564109767728873 0
      vertex 35.276850573934205 18.855869473039906 0
    endloop
  endfacet
  facet normal 0 0 -1
    outer loop
      vertex 35.276850573934205 -18.855869473039906 0
      vertex 35.276850573934205 18.855869473039906 0
      vertex 36.159571724937734 17.102203737211283 0
    endloop
  endfacet
  facet normal 0 0 -1
    outer loop
      vertex 36.159571724937734 -17.102203737211283 0
      vertex 36.159571724937734 17.102203737211283 0
      vertex 36.95518130045147 15.307337294603592 0
    endloop
  endfacet
  facet normal 0.9996988186962042 0.024541228522911133 0
    outer loop
      vertex 40 0 0
      vertex 39.9518182482069 1.9627069730967206 0
      vertex 40 0 90
    endloop
  endfacet
  facet normal 0.9972904566786902 0.0735645635996668 0
    outer loop
      vertex 39.9518182482069 1.9627069730967206 0
      vertex 39.80738906688788 3.920685613182424 0
      vertex 39.9518182482069 1.9627069730967206 90
    endloop
  endfacet
  facet normal 0.9924795345987097 0.1224106751992185 0
    outer loop
      vertex 39.80738906688788 3.920685613182424 0
      vertex 39.56706039859124 5.8692189782144695 0
      vertex 39.80738906688788 3.920685613182424 90
    endloop
  endfacet
  facet normal 0.9852776423889413 0.17096188876030116 0
    outer loop
      vertex 39.56706039859124 5.8692189782144695 0
      vertex 39.23141121612922 7.8036128806451295 0
      vertex 39.56706039859124 5.8692189782144695 90
    endloop
  endfacet
  facet normal 0.9757021300385283 0.2191012401568711 0
    outer loop
      vertex 39.23141121612922 7.8036128806451295 0
      vertex 38.801250127781756 9.719207196130554 0
      vertex 39.23141121612922 7.8036128806451295 90
    endloop
  endfacet
  facet normal 0.9495281805930372 0.3136817403988896 0
    outer loop
      vertex 38.27761342928835 11.611387090178493 0
      vertex 37.66176260732083 13.475594135688802 0
      vertex 38.27761342928835 11.611387090178493 90
    endloop
  endfacet
  facet normal 0.9637760657954398 0.2667127574748985 0
    outer loop
      vertex 38.801250127781756 9.719207196130554 0
      vertex 38.27761342928835 11.611387090178493 0
      vertex 38.801250127781756 9.719207196130554 90
    endloop
  endfacet
  facet normal 0.9329927988347392 0.3598950365349876 0
    outer loop
      vertex 37.66176260732083 13.475594135688802 0
      vertex 36.95518130045147 15.307337294603592 0
      vertex 37.66176260732083 13.475594135688802 90
    endloop
  endfacet
  facet normal 0.9142097557035305 0.4052413140049901 0
    outer loop
      vertex 36.159571724937734 17.102203737211283 0
      vertex 36.95518130045147 15.307337294603592 90
      vertex 36.95518130045147 15.307337294603592 0
    endloop
  endfacet
  facet normal 0.8700869911087105 0.492898192229786 0
    outer loop
      vertex 35.276850573934205 18.855869473039906 0
      vertex 34.30914440001088 20.564109767728873 0
      vertex 35.276850573934205 18.855869473039906 90
    endloop
  endfacet
  facet normal 0.8932243011955158 0.44961132965460554 0
    outer loop
      vertex 36.159571724937734 17.102203737211283 0
      vertex 35.276850573934205 18.855869473039906 0
      vertex 36.159571724937734 17.102203737211283 90
    endloop
  endfacet
  facet normal 0.8448535652497072 0.5349976198870969 0
    outer loop
      vertex 33.25878449210181 22.222809320784087 0
      vertex 34.30914440001088 20.564109767728873 90
      vertex 34.30914440001088 20.564109767728873 0
    endloop
  endfacet
  facet normal 0 0 1
    outer loop
      vertex 33.25878449210181 22.222809320784087 90
      vertex 33.49291175062731 10.15996370390618 90
      vertex 33.95109386180904 8.504306296614235 90
    endloop
  endfacet
  facet normal 0 0 1
    outer loop
      vertex 33.25878449210181 22.222809320784087 90
      vertex 32.95404228140573 11.791144868727702 90
      vertex 33.49291175062731 10.15996370390618 90
    endloop
  endfacet
  facet normal 0 0 1
    outer loop
      vertex 30.92041813450948 25.37573136654582 90
      vertex 30.02050135000952 17.99359604676276 90
      vertex 30.867244252192428 16.498885788909917 90
    endloop
  endfacet
  facet normal 0 0 1
    outer loop
      vertex 32.1283012592258 23.827972179697333 90
      vertex 31.639625259320518 14.964428270059873 90
      vertex 32.335783637895034 13.393920132778142 90
    endloop
  endfacet
  facet normal 0 0 1
    outer loop
      vertex 32.1283012592258 23.827972179697333 90
      vertex 32.335783637895034 13.393920132778142 90
      vertex 32.95404228140573 11.791144868727702 90
    endloop
  endfacet
  facet normal 0 0 1
    outer loop
      vertex 33.25878449210181 22.222809320784087 90
      vertex 33.95109386180904 8.504306296614235 90
      vertex 34.30914440001088 20.564109767728873 90
    endloop
  endfacet
  facet normal 0 0 1
    outer loop
      vertex 30.92041813450948 25.37573136654582 90
      vertex 30.867244252192428 16.498885788909917 90
      vertex 31.639625259320518 14.964428270059873 90
    endloop
  endfacet
  facet normal 0 0 1
    outer loop
      vertex 32.1283012592258 23.827972179697333 90
      vertex 32.95404228140573 11.791144868727702 90
      vertex 33.25878449210181 22.222809320784087 90
    endloop
  endfacet
  facet normal 0.2667127574748985 0.9637760657954398 0
    outer loop
      vertex 11.611387090178493 38.27761342928835 0
      vertex 9.719207196130554 38.801250127781756 90
      vertex 11.611387090178493 38.27761342928835 90
    endloop
  endfacet
  facet normal 0.3598950365349876 0.9329927988347392 0
    outer loop
      vertex 15.307337294603592 36.95518130045147 0
      vertex 13.475594135688802 37.66176260732083 90
      vertex 15.307337294603592 36.95518130045147 90
    endloop
  endfacet
  facet normal 0.3136817403988896 0.9495281805930372 0
    outer loop
      vertex 13.475594135688802 37.66176260732083 0
      vertex 11.611387090178493 38.27761342928835 90
      vertex 13.475594135688802 37.66176260732083 90
    endloop
  endfacet
  facet normal 0.492898192229786 0.8700869911087105 0
    outer loop
      vertex 20.564109767728873 34.30914440001088 0
      vertex 18.855869473039906 35.276850573934205 90
      vertex 20.564109767728873 34.30914440001088 90
    endloop
  endfacet
  facet normal 0.4052413140049901 0.9142097557035305 0
    outer loop
      vertex 17.102203737211283 36.159571724937734 0
      vertex 15.307337294603592 36.95518130045147 90
      vertex 17.102203737211283 36.159571724937734 90
    endloop
  endfacet
  facet normal 0.44961132965460554 0.8932243011955158 0
    outer loop
      vertex 18.855869473039906 35.276850573934205 0
      vertex 17.102203737211283 36.159571724937734 90
      vertex 18.855869473039906 35.276850573934205 90
    endloop
  endfacet
  facet normal 0.8448535652497072 0.5349976198870969 0
    outer loop
      vertex 33.25878449210181 22.222809320784087 0
      vertex 33.25878449210181 22.222809320784087 90
      vertex 34.30914440001088 20.564109767728873 90
    endloop
  endfacet
  facet normal 0.7883464276266058 0.6152315905806276 0
    outer loop
      vertex 30.92041813450948 25.37573136654582 0
      vertex 30.92041813450948 25.37573136654582 90
      vertex 32.1283012592258 23.827972179697333 90
    endloop
  endfacet
  facet normal 0.8175848131515847 0.5758081914178439 0
    outer loop
      vertex 32.1283012592258 23.827972179697333 0
      vertex 32.1283012592258 23.827972179697333 90
      vertex 33.25878449210181 22.222809320784087 90
    endloop
  endfacet
  facet normal 0.7572088465064849 0.6531728429537764 0
    outer loop
      vertex 29.638045014198365 26.862358193880738 0
      vertex 29.638045014198365 26.862358193880738 90
      vertex 30.92041813450948 25.37573136654582 90
    endloop
  endfacet
  facet normal 0.6895405447370673 0.7242470829514667 0
    outer loop
      vertex 28.284271247461902 28.284271247461902 0
      vertex 26.862358193880738 29.638045014198365 90
      vertex 28.284271247461902 28.284271247461902 90
    endloop
  endfacet
  facet normal 0.7242470829514667 0.6895405447370673 0
    outer loop
      vertex 28.284271247461902 28.284271247461902 0
      vertex 28.284271247461902 28.284271247461902 90
      vertex 29.638045014198365 26.862358193880738 90
    endloop
  endfacet
  facet normal 0.5349976198870969 0.8448535652497072 0
    outer loop
      vertex 22.222809320784087 33.25878449210181 0
      vertex 20.564109767728873 34.30914440001088 90
      vertex 22.222809320784087 33.25878449210181 90
    endloop
  endfacet
  facet normal 0.5758081914178439 0.8175848131515847 0
    outer loop
      vertex 23.827972179697333 32.1283012592258 0
      vertex 22.222809320784087 33.25878449210181 90
      vertex 23.827972179697333 32.1283012592258 90
    endloop
  endfacet
  facet normal 0.6152315905806276 0.7883464276266058 0
    outer loop
      vertex 25.37573136654582 30.92041813450948 0
      vertex 23.827972179697333 32.1283012592258 90
      vertex 25.37573136654582 30.92041813450948 90
    endloop
  endfacet
  facet normal 0.6531728429537764 0.7572088465064849 0
    outer loop
      vertex 26.862358193880738 29.638045014198365 0
      vertex 25.37573136654582 30.92041813450948 90
      vertex 26.862358193880738 29.638045014198365 90
    endloop
  endfacet
  facet normal 0 0 1
    outer loop
      vertex 11.611387090178493 38.27761342928835 90
      vertex 10.15996370390618 33.49291175062731 90
      vertex 11.791144868727702 32.95404228140573 90
    endloop
  endfacet
  facet normal 0 0 1
    outer loop
      vertex 13.475594135688802 37.66176260732083 90
      vertex 11.791144868727702 32.95404228140573 90
      vertex 13.393920132778142 32.335783637895034 90
    endloop
  endfacet
  facet normal 0 0 1
    outer loop
      vertex 13.475594135688802 37.66176260732083 90
      vertex 13.393920132778142 32.335783637895034 90
      vertex 14.964428270059873 31.639625259320518 90
    endloop
  endfacet
  facet normal 0 0 1
    outer loop
      vertex 9.719207196130554 38.801250127781756 90
      vertex 8.504306296614235 33.95109386180904 90
      vertex 10.15996370390618 33.49291175062731 90
    endloop
  endfacet
  facet normal 0 0 1
    outer loop
      vertex 9.719207196130554 38.801250127781756 90
      vertex 10.15996370390618 33.49291175062731 90
      vertex 11.611387090178493 38.27761342928835 90
    endloop
  endfacet
  facet normal 0 0 1
    outer loop
      vertex 11.611387090178493 38.27761342928835 90
      vertex 11.791144868727702 32.95404228140573 90
      vertex 13.475594135688802 37.66176260732083 90
    endloop
  endfacet
  facet normal 0 0 1
    outer loop
      vertex 13.475594135688802 37.66176260732083 90
      vertex 14.964428270059873 31.639625259320518 90
      vertex 15.307337294603592 36.95518130045147 90
    endloop
  endfacet
  facet normal 0 0 1
    outer loop
      vertex 17.102203737211283 36.159571724937734 90
      vertex 16.498885788909917 30.867244252192428 90
      vertex 17.99359604676276 30.02050135000952 90
    endloop
  endfacet
  facet normal 0 0 1
    outer loop
      vertex 15.307337294603592 36.95518130045147 90
      vertex 14.964428270059873 31.639625259320518 90
      vertex 16.498885788909917 30.867244252192428 90
    endloop
  endfacet
  facet normal 0 0 1
    outer loop
      vertex 15.307337294603592 36.95518130045147 90
      vertex 16.498885788909917 30.867244252192428 90
      vertex 17.102203737211283 36.159571724937734 90
    endloop
  endfacet
  facet normal 0 0 1
    outer loop
      vertex 17.102203737211283 36.159571724937734 90
      vertex 17.99359604676276 30.02050135000952 90
      vertex 18.855869473039906 35.276850573934205 90
    endloop
  endfacet
  facet normal 0 0 1
    outer loop
      vertex 18.855869473039906 35.276850573934205 90
      vertex 17.99359604676276 30.02050135000952 90
      vertex 19.444958155686077 29.101436430589082 90
    endloop
  endfacet
  facet normal 0 0 1
    outer loop
      vertex 20.564109767728873 34.30914440001088 90
      vertex 19.444958155686077 29.101436430589082 90
      vertex 20.849475657235168 28.112263601822573 90
    endloop
  endfacet
  facet normal 0 0 1
    outer loop
      vertex 20.564109767728873 34.30914440001088 90
      vertex 20.849475657235168 28.112263601822573 90
      vertex 22.222809320784087 33.25878449210181 90
    endloop
  endfacet
  facet normal 0 0 1
    outer loop
      vertex 18.855869473039906 35.276850573934205 90
      vertex 19.444958155686077 29.101436430589082 90
      vertex 20.564109767728873 34.30914440001088 90
    endloop
  endfacet
  facet normal 0 0 1
    outer loop
      vertex 22.222809320784087 33.25878449210181 90
      vertex 22.203764945727592 27.055365867695794 90
      vertex 23.504563419645645 25.933289387423567 90
    endloop
  endfacet
  facet normal 0 0 1
    outer loop
      vertex 22.222809320784087 33.25878449210181 90
      vertex 20.849475657235168 28.112263601822573 90
      vertex 22.203764945727592 27.055365867695794 90
    endloop
  endfacet
  facet normal 0 0 1
    outer loop
      vertex 23.827972179697333 32.1283012592258 90
      vertex 23.504563419645645 25.933289387423567 90
      vertex 24.748737341529164 24.748737341529164 90
    endloop
  endfacet
  facet normal 0 0 1
    outer loop
      vertex 25.37573136654582 30.92041813450948 90
      vertex 24.748737341529164 24.748737341529164 90
      vertex 25.933289387423567 23.504563419645645 90
    endloop
  endfacet
  facet normal 0 0 1
    outer loop
      vertex 26.862358193880738 29.638045014198365 90
      vertex 25.933289387423567 23.504563419645645 90
      vertex 27.055365867695794 22.203764945727592 90
    endloop
  endfacet
  facet normal 0 0 1
    outer loop
      vertex 26.862358193880738 29.638045014198365 90
      vertex 27.055365867695794 22.203764945727592 90
      vertex 28.284271247461902 28.284271247461902 90
    endloop
  endfacet
  facet normal 0 0 1
    outer loop
      vertex 26.862358193880738 29.638045014198365 90
      vertex 25.37573136654582 30.92041813450948 90
      vertex 25.933289387423567 23.504563419645645 90
    endloop
  endfacet
  facet normal 0 0 1
    outer loop
      vertex 23.827972179697333 32.1283012592258 90
      vertex 24.748737341529164 24.748737341529164 90
      vertex 25.37573136654582 30.92041813450948 90
    endloop
  endfacet
  facet normal 0 0 1
    outer loop
      vertex 29.638045014198365 26.862358193880738 90
      vertex 29.101436430589082 19.444958155686077 90
      vertex 30.02050135000952 17.99359604676276 90
    endloop
  endfacet
  facet normal 0 0 1
    outer loop
      vertex 28.284271247461902 28.284271247461902 90
      vertex 28.112263601822573 20.849475657235168 90
      vertex 29.101436430589082 19.444958155686077 90
    endloop
  endfacet
  facet normal 0 0 1
    outer loop
      vertex 28.284271247461902 28.284271247461902 90
      vertex 27.055365867695794 22.203764945727592 90
      vertex 28.112263601822573 20.849475657235168 90
    endloop
  endfacet
  facet normal 0 0 1
    outer loop
      vertex 29.638045014198365 26.862358193880738 90
      vertex 28.284271247461902 28.284271247461902 90
      vertex 29.101436430589082 19.444958155686077 90
    endloop
  endfacet
  facet normal 0 0 1
    outer loop
      vertex 29.638045014198365 26.862358193880738 90
      vertex 30.02050135000952 17.99359604676276 90
      vertex 30.92041813450948 25.37573136654582 90
    endloop
  endfacet
  facet normal 0 0 1
    outer loop
      vertex 32.1283012592258 23.827972179697333 90
      vertex 30.92041813450948 25.37573136654582 90
      vertex 31.639625259320518 14.964428270059873 90
    endloop
  endfacet
  facet normal 0 0 1
    outer loop
      vertex 22.222809320784087 33.25878449210181 90
      vertex 23.504563419645645 25.933289387423567 90
      vertex 23.827972179697333 32.1283012592258 90
    endloop
  endfacet
  facet normal 0.9996988186962042 0.024541228522911133 0
    outer loop
      vertex 39.9518182482069 1.9627069730967206 0
      vertex 39.9518182482069 1.9627069730967206 90
      vertex 40 0 90
    endloop
  endfacet
  facet normal 0.9972904566786902 0.0735645635996668 0
    outer loop
      vertex 39.80738906688788 3.920685613182424 0
      vertex 39.80738906688788 3.920685613182424 90
      vertex 39.9518182482069 1.9627069730967206 90
    endloop
  endfacet
  facet normal 0.9924795345987097 0.1224106751992185 0
    outer loop
      vertex 39.56706039859124 5.8692189782144695 0
      vertex 39.56706039859124 5.8692189782144695 90
      vertex 39.80738906688788 3.920685613182424 90
    endloop
  endfacet
  facet normal 0.9852776423889413 0.17096188876030116 0
    outer loop
      vertex 39.23141121612922 7.8036128806451295 0
      vertex 39.23141121612922 7.8036128806451295 90
      vertex 39.56706039859124 5.8692189782144695 90
    endloop
  endfacet
  facet normal 0.9757021300385283 0.2191012401568711 0
    outer loop
      vertex 38.801250127781756 9.719207196130554 0
      vertex 38.801250127781756 9.719207196130554 90
      vertex 39.23141121612922 7.8036128806451295 90
    endloop
  endfacet
  facet normal 0.9637760657954398 0.2667127574748985 0
    outer loop
      vertex 38.27761342928835 11.611387090178493 0
      vertex 38.27761342928835 11.611387090178493 90
      vertex 38.801250127781756 9.719207196130554 90
    endloop
  endfacet
  facet normal 0.9495281805930372 0.3136817403988896 0
    outer loop
      vertex 37.66176260732083 13.475594135688802 0
      vertex 37.66176260732083 13.475594135688802 90
      vertex 38.27761342928835 11.611387090178493 90
    endloop
  endfacet
  facet normal 0.9329927988347392 0.3598950365349876 0
    outer loop
      vertex 36.95518130045147 15.307337294603592 0
      vertex 36.95518130045147 15.307337294603592 90
      vertex 37.66176260732083 13.475594135688802 90
    endloop
  endfacet
  facet normal 0.9142097557035305 0.4052413140049901 0
    outer loop
      vertex 36.159571724937734 17.102203737211283 0
      vertex 36.159571724937734 17.102203737211283 90
      vertex 36.95518130045147 15.307337294603592 90
    endloop
  endfacet
  facet normal 0.8700869911087105 0.492898192229786 0
    outer loop
      vertex 34.30914440001088 20.564109767728873 0
      vertex 34.30914440001088 20.564109767728873 90
      vertex 35.276850573934205 18.855869473039906 90
    endloop
  endfacet
  facet normal 0.8932243011955158 0.44961132965460554 0
    outer loop
      vertex 35.276850573934205 18.855869473039906 0
      vertex 35.276850573934205 18.855869473039906 90
      vertex 36.159571724937734 17.102203737211283 90
    endloop
  endfacet
  facet normal 0 0 1
    outer loop
      vertex 35.276850573934205 -18.855869473039906 90
      vertex 35.276850573934205 18.855869473039906 90
      vertex 35 0 90
    endloop
  endfacet
  facet normal 0 0 1
    outer loop
      vertex 39.9518182482069 -1.9627069730967206 90
      vertex 40 0 90
      vertex 39.9518182482069 1.9627069730967206 90
    endloop
  endfacet
  facet normal 0 0 1
    outer loop
      vertex 39.9518182482069 -1.9627069730967206 90
      vertex 39.9518182482069 1.9627069730967206 90
      vertex 39.80738906688788 3.920685613182424 90
    endloop
  endfacet
  facet normal 0 0 1
    outer loop
      vertex 39.80738906688788 -3.920685613182424 90
      vertex 39.80738906688788 3.920685613182424 90
      vertex 39.56706039859124 5.8692189782144695 90
    endloop
  endfacet
  facet normal 0 0 1
    outer loop
      vertex 38.27761342928835 -11.611387090178493 90
      vertex 38.27761342928835 11.611387090178493 90
      vertex 37.66176260732083 13.475594135688802 90
    endloop
  endfacet
  facet normal 0 0 1
    outer loop
      vertex 39.23141121612922 -7.8036128806451295 90
      vertex 39.23141121612922 7.8036128806451295 90
      vertex 38.801250127781756 9.719207196130554 90
    endloop
  endfacet
  facet normal 0 0 1
    outer loop
      vertex 39.56706039859124 -5.8692189782144695 90
      vertex 39.56706039859124 5.8692189782144695 90
      vertex 39.23141121612922 7.8036128806451295 90
    endloop
  endfacet
  facet normal 0 0 1
    outer loop
      vertex 38.801250127781756 -9.719207196130554 90
      vertex 38.801250127781756 9.719207196130554 90
      vertex 38.27761342928835 11.611387090178493 90
    endloop
  endfacet
  facet normal 0 0 1
    outer loop
      vertex 35.276850573934205 18.855869473039906 90
      vertex 34.957840967181035 1.7173686014596306 90
      vertex 35 0 90
    endloop
  endfacet
  facet normal 0 0 1
    outer loop
      vertex 36.95518130045147 -15.307337294603592 90
      vertex 36.95518130045147 15.307337294603592 90
      vertex 36.159571724937734 17.102203737211283 90
    endloop
  endfacet
  facet normal 0 0 1
    outer loop
      vertex 36.159571724937734 -17.102203737211283 90
      vertex 36.159571724937734 17.102203737211283 90
      vertex 35.276850573934205 18.855869473039906 90
    endloop
  endfacet
  facet normal 0 0 1
    outer loop
      vertex 35.276850573934205 18.855869473039906 90
      vertex 34.831465433526894 3.430599911534621 90
      vertex 34.957840967181035 1.7173686014596306 90
    endloop
  endfacet
  facet normal 0 0 1
    outer loop
      vertex 34.30914440001088 20.564109767728873 90
      vertex 34.62117784876734 5.135566605937661 90
      vertex 34.831465433526894 3.430599911534621 90
    endloop
  endfacet
  facet normal 0 0 1
    outer loop
      vertex 37.66176260732083 -13.475594135688802 90
      vertex 37.66176260732083 13.475594135688802 90
      vertex 36.95518130045147 15.307337294603592 90
    endloop
  endfacet
  facet normal 0 0 1
    outer loop
      vertex 34.30914440001088 20.564109767728873 90
      vertex 34.32748481411306 6.828161270564489 90
      vertex 34.62117784876734 5.135566605937661 90
    endloop
  endfacet
  facet normal 0 0 1
    outer loop
      vertex 34.30914440001088 20.564109767728873 90
      vertex 33.95109386180904 8.504306296614235 90
      vertex 34.32748481411306 6.828161270564489 90
    endloop
  endfacet
  facet normal 0 0 1
    outer loop
      vertex 35.276850573934205 18.855869473039906 90
      vertex 34.30914440001088 20.564109767728873 90
      vertex 34.831465433526894 3.430599911534621 90
    endloop
  endfacet
  facet normal 0.788346427626606 0.6152315905806273 0
    outer loop
      vertex -27.055365867695794 -22.203764945727592 6
      vertex -28.112263601822573 -20.849475657235168 6
      vertex -28.112263601822573 -20.849475657235168 90
    endloop
  endfacet
  facet normal 0.4928981922297851 0.8700869911087108 0
    outer loop
      vertex -17.99359604676276 -30.02050135000952 6
      vertex -17.99359604676276 -30.02050135000952 90
      vertex -16.498885788909917 -30.867244252192428 6
    endloop
  endfacet
  facet normal 0.4496113296546062 0.8932243011955154 0
    outer loop
      vertex -16.498885788909917 -30.867244252192428 6
      vertex -16.498885788909917 -30.867244252192428 90
      vertex -14.964428270059873 -31.639625259320518 6
    endloop
  endfacet
  facet normal 0.6531728429537768 0.7572088465064845 0
    outer loop
      vertex -22.203764945727592 -27.055365867695794 6
      vertex -23.504563419645645 -25.933289387423567 6
      vertex -23.504563419645645 -25.933289387423567 90
    endloop
  endfacet
  facet normal 0.6895405447370665 0.7242470829514673 0
    outer loop
      vertex -24.748737341529164 -24.748737341529164 6
      vertex -24.748737341529164 -24.748737341529164 90
      vertex -23.504563419645645 -25.933289387423567 6
    endloop
  endfacet
  facet normal 0.6152315905806273 0.788346427626606 0
    outer loop
      vertex -22.203764945727592 -27.055365867695794 6
      vertex -22.203764945727592 -27.055365867695794 90
      vertex -20.849475657235168 -28.112263601822573 6
    endloop
  endfacet
  facet normal 0.7572088465064845 0.6531728429537768 0
    outer loop
      vertex -27.055365867695794 -22.203764945727592 6
      vertex -27.055365867695794 -22.203764945727592 90
      vertex -25.933289387423567 -23.504563419645645 6
    endloop
  endfacet
  facet normal 0.7242470829514673 0.6895405447370665 0
    outer loop
      vertex -24.748737341529164 -24.748737341529164 6
      vertex -25.933289387423567 -23.504563419645645 6
      vertex -25.933289387423567 -23.504563419645645 90
    endloop
  endfacet
  facet normal 0.5758081914178442 0.8175848131515845 0
    outer loop
      vertex -20.849475657235168 -28.112263601822573 6
      vertex -20.849475657235168 -28.112263601822573 90
      vertex -19.444958155686077 -29.101436430589082 6
    endloop
  endfacet
  facet normal 0.5349976198870975 0.844853565249707 0
    outer loop
      vertex -19.444958155686077 -29.101436430589082 6
      vertex -19.444958155686077 -29.101436430589082 90
      vertex -17.99359604676276 -30.02050135000952 6
    endloop
  endfacet
  facet normal 0 0 1
    outer loop
      vertex -33.95109386180904 -8.504306296614235 6
      vertex -33.95109386180904 8.504306296614235 6
      vertex -34.32748481411306 -6.828161270564489 6
    endloop
  endfacet
  facet normal 0 0 1
    outer loop
      vertex -34.32748481411306 -6.828161270564489 6
      vertex -34.32748481411306 6.828161270564489 6
      vertex -34.62117784876734 -5.135566605937661 6
    endloop
  endfacet
  facet normal 0 0 1
    outer loop
      vertex -34.62117784876734 -5.135566605937661 6
      vertex -34.62117784876734 5.135566605937661 6
      vertex -34.831465433526894 -3.430599911534621 6
    endloop
  endfacet
  facet normal 0 0 1
    outer loop
      vertex -34.831465433526894 -3.430599911534621 6
      vertex -34.831465433526894 3.430599911534621 6
      vertex -34.957840967181035 -1.7173686014596306 6
    endloop
  endfacet
  facet normal 0 0 1
    outer loop
      vertex -30.02050135000952 -17.99359604676276 6
      vertex -30.02050135000952 17.99359604676276 6
      vertex -30.867244252192428 -16.498885788909917 6
    endloop
  endfacet
  facet normal 0 0 1
    outer loop
      vertex -30.02050135000952 -17.99359604676276 6
      vertex -29.101436430589082 -19.444958155686077 6
      vertex -29.101436430589082 19.444958155686077 6
    endloop
  endfacet
  facet normal 0 0 1
    outer loop
      vertex -29.101436430589082 -19.444958155686077 6
      vertex -28.112263601822573 -20.849475657235168 6
      vertex -28.112263601822573 20.849475657235168 6
    endloop
  endfacet
  facet normal 0 0 1
    outer loop
      vertex -32.335783637895034 -13.393920132778142 6
      vertex -32.335783637895034 13.393920132778142 6
      vertex -32.95404228140573 -11.791144868727702 6
    endloop
  endfacet
  facet normal 0 0 1
    outer loop
      vertex -32.95404228140573 -11.791144868727702 6
      vertex -32.95404228140573 11.791144868727702 6
      vertex -33.49291175062731 -10.15996370390618 6
    endloop
  endfacet
  facet normal 0 0 1
    outer loop
      vertex -33.49291175062731 -10.15996370390618 6
      vertex -33.49291175062731 10.15996370390618 6
      vertex -33.95109386180904 -8.504306296614235 6
    endloop
  endfacet
  facet normal 0 0 1
    outer loop
      vertex -32.335783637895034 -13.393920132778142 6
      vertex -31.639625259320518 -14.964428270059873 6
      vertex -31.639625259320518 14.964428270059873 6
    endloop
  endfacet
  facet normal 0 0 1
    outer loop
      vertex -30.867244252192428 -16.498885788909917 6
      vertex -30.867244252192428 16.498885788909917 6
      vertex -31.639625259320518 -14.964428270059873 6
    endloop
  endfacet
  facet normal 0 0 1
    outer loop
      vertex -17.99359604676276 -30.02050135000952 6
      vertex -16.498885788909917 -30.867244252192428 6
      vertex -16.498885788909917 30.867244252192428 6
    endloop
  endfacet
  facet normal 0 0 1
    outer loop
      vertex -16.498885788909917 -30.867244252192428 6
      vertex -14.964428270059873 -31.639625259320518 6
      vertex -14.964428270059873 31.639625259320518 6
    endloop
  endfacet
  facet normal 0 0 1
    outer loop
      vertex -24.748737341529164 -24.748737341529164 6
      vertex -24.748737341529164 24.748737341529164 6
      vertex -25.933289387423567 -23.504563419645645 6
    endloop
  endfacet
  facet normal 0 0 1
    outer loop
      vertex -27.055365867695794 -22.203764945727592 6
      vertex -27.055365867695794 22.203764945727592 6
      vertex -28.112263601822573 -20.849475657235168 6
    endloop
  endfacet
  facet normal 0 0 1
    outer loop
      vertex -27.055365867695794 -22.203764945727592 6
      vertex -25.933289387423567 -23.504563419645645 6
      vertex -25.933289387423567 23.504563419645645 6
    endloop
  endfacet
  facet normal 0 0 1
    outer loop
      vertex -24.748737341529164 -24.748737341529164 6
      vertex -23.504563419645645 -25.933289387423567 6
      vertex -23.504563419645645 25.933289387423567 6
    endloop
  endfacet
  facet normal 0 0 1
    outer loop
      vertex -22.203764945727592 -27.055365867695794 6
      vertex -22.203764945727592 27.055365867695794 6
      vertex -23.504563419645645 -25.933289387423567 6
    endloop
  endfacet
  facet normal 0 0 1
    outer loop
      vertex -22.203764945727592 -27.055365867695794 6
      vertex -20.849475657235168 -28.112263601822573 6
      vertex -20.849475657235168 28.112263601822573 6
    endloop
  endfacet
  facet normal 0 0 1
    outer loop
      vertex -20.849475657235168 -28.112263601822573 6
      vertex -19.444958155686077 -29.101436430589082 6
      vertex -19.444958155686077 29.101436430589082 6
    endloop
  endfacet
  facet normal 0 0 1
    outer loop
      vertex -19.444958155686077 -29.101436430589082 6
      vertex -17.99359604676276 -30.02050135000952 6
      vertex -17.99359604676276 30.02050135000952 6
    endloop
  endfacet
  facet normal 0.8932243011955154 0.4496113296546062 0
    outer loop
      vertex -30.867244252192428 -16.498885788909917 6
      vertex -31.639625259320518 -14.964428270059873 6
      vertex -31.639625259320518 -14.964428270059873 90
    endloop
  endfacet
  facet normal 0.844853565249707 0.5349976198870975 0
    outer loop
      vertex -30.02050135000952 -17.99359604676276 6
      vertex -30.02050135000952 -17.99359604676276 90
      vertex -29.101436430589082 -19.444958155686077 6
    endloop
  endfacet
  facet normal 0.8175848131515845 0.5758081914178442 0
    outer loop
      vertex -29.101436430589082 -19.444958155686077 6
      vertex -29.101436430589082 -19.444958155686077 90
      vertex -28.112263601822573 -20.849475657235168 6
    endloop
  endfacet
  facet normal 0.8700869911087108 0.4928981922297851 0
    outer loop
      vertex -30.02050135000952 -17.99359604676276 6
      vertex -30.867244252192428 -16.498885788909917 6
      vertex -30.867244252192428 -16.498885788909917 90
    endloop
  endfacet
  facet normal 0.9142097557035314 0.4052413140049881 0
    outer loop
      vertex -32.335783637895034 -13.393920132778142 6
      vertex -32.335783637895034 -13.393920132778142 90
      vertex -31.639625259320518 -14.964428270059873 6
    endloop
  endfacet
  facet normal 0.9329927988347384 0.3598950365349893 0
    outer loop
      vertex -32.335783637895034 -13.393920132778142 6
      vertex -32.95404228140573 -11.791144868727702 6
      vertex -32.95404228140573 -11.791144868727702 90
    endloop
  endfacet
  facet normal 0.9495281805930372 0.31368174039888985 0
    outer loop
      vertex -32.95404228140573 -11.791144868727702 6
      vertex -33.49291175062731 -10.15996370390618 6
      vertex -33.49291175062731 -10.15996370390618 90
    endloop
  endfacet
  facet normal 0.9757021300385291 0.2191012401568672 0
    outer loop
      vertex -33.95109386180904 -8.504306296614235 6
      vertex -34.32748481411306 -6.828161270564489 6
      vertex -34.32748481411306 -6.828161270564489 90
    endloop
  endfacet
  facet normal 0.9852776423889404 0.1709618887603051 0
    outer loop
      vertex -34.32748481411306 -6.828161270564489 6
      vertex -34.62117784876734 -5.135566605937661 6
      vertex -34.62117784876734 -5.135566605937661 90
    endloop
  endfacet
  facet normal 0.99247953459871 0.12241067519921543 0
    outer loop
      vertex -34.62117784876734 -5.135566605937661 6
      vertex -34.831465433526894 -3.430599911534621 6
      vertex -34.831465433526894 -3.430599911534621 90
    endloop
  endfacet
  facet normal 0.9972904566786902 0.07356456359966629 0
    outer loop
      vertex -34.831465433526894 -3.430599911534621 6
      vertex -34.957840967181035 -1.7173686014596306 6
      vertex -34.957840967181035 -1.7173686014596306 90
    endloop
  endfacet
  facet normal 0.9996988186962041 0.02454122852291165 0
    outer loop
      vertex -34.957840967181035 -1.7173686014596306 6
      vertex -35 0 6
      vertex -35 0 90
    endloop
  endfacet
  facet normal 0.963776065795439 0.26671275747490136 0
    outer loop
      vertex -33.49291175062731 -10.15996370390618 6
      vertex -33.95109386180904 -8.504306296614235 6
      vertex -33.95109386180904 -8.504306296614235 90
    endloop
  endfacet
  facet normal 0.3598950365349893 0.9329927988347384 0
    outer loop
      vertex -13.393920132778142 -32.335783637895034 6
      vertex -13.393920132778142 -32.335783637895034 90
      vertex -11.791144868727702 -32.95404228140573 6
    endloop
  endfacet
  facet normal 0.4052413140049881 0.9142097557035314 0
    outer loop
      vertex -14.964428270059873 -31.639625259320518 6
      vertex -14.964428270059873 -31.639625259320518 90
      vertex -13.393920132778142 -32.335783637895034 6
    endloop
  endfacet
  facet normal 0.31368174039888985 0.9495281805930372 0
    outer loop
      vertex -11.791144868727702 -32.95404228140573 6
      vertex -11.791144868727702 -32.95404228140573 90
      vertex -10.15996370390618 -33.49291175062731 6
    endloop
  endfacet
  facet normal 0.26671275747490136 0.963776065795439 0
    outer loop
      vertex -10.15996370390618 -33.49291175062731 6
      vertex -10.15996370390618 -33.49291175062731 90
      vertex -8.504306296614235 -33.95109386180904 6
    endloop
  endfacet
  facet normal 0.2191012401568672 0.9757021300385291 0
    outer loop
      vertex -8.504306296614235 -33.95109386180904 6
      vertex -8.504306296614235 -33.95109386180904 90
      vertex -6.828161270564489 -34.32748481411306 6
    endloop
  endfacet
  facet normal 0.1709618887603051 0.9852776423889404 0
    outer loop
      vertex -6.828161270564489 -34.32748481411306 6
      vertex -6.828161270564489 -34.32748481411306 90
      vertex -5.135566605937661 -34.62117784876734 6
    endloop
  endfacet
  facet normal 0.12241067519921543 0.99247953459871 0
    outer loop
      vertex -5.135566605937661 -34.62117784876734 6
      vertex -5.135566605937661 -34.62117784876734 90
      vertex -3.430599911534621 -34.831465433526894 6
    endloop
  endfacet
  facet normal 0.07356456359966629 0.9972904566786902 0
    outer loop
      vertex -3.430599911534621 -34.831465433526894 6
      vertex -3.430599911534621 -34.831465433526894 90
      vertex -1.7173686014596306 -34.957840967181035 6
    endloop
  endfacet
  facet normal 0.02454122852291165 0.9996988186962041 0
    outer loop
      vertex -1.7173686014596306 -34.957840967181035 6
      vertex -1.7173686014596306 -34.957840967181035 90
      vertex 0 -35 6
    endloop
  endfacet
  facet normal -0.02454122852291165 0.9996988186962041 0
    outer loop
      vertex 0 -35 6
      vertex 0 -35 90
      vertex 1.7173686014596306 -34.957840967181035 6
    endloop
  endfacet
  facet normal -0.07356456359966629 0.9972904566786902 0
    outer loop
      vertex 1.7173686014596306 -34.957840967181035 6
      vertex 1.7173686014596306 -34.957840967181035 90
      vertex 3.430599911534621 -34.831465433526894 6
    endloop
  endfacet
  facet normal -0.12241067519921543 0.99247953459871 0
    outer loop
      vertex 3.430599911534621 -34.831465433526894 6
      vertex 3.430599911534621 -34.831465433526894 90
      vertex 5.135566605937661 -34.62117784876734 6
    endloop
  endfacet
  facet normal -0.1709618887603051 0.9852776423889404 0
    outer loop
      vertex 5.135566605937661 -34.62117784876734 6
      vertex 5.135566605937661 -34.62117784876734 90
      vertex 6.828161270564489 -34.32748481411306 6
    endloop
  endfacet
  facet normal -0.2191012401568672 0.9757021300385291 0
    outer loop
      vertex 6.828161270564489 -34.32748481411306 6
      vertex 6.828161270564489 -34.32748481411306 90
      vertex 8.504306296614235 -33.95109386180904 6
    endloop
  endfacet
  facet normal -0.26671275747490136 0.963776065795439 0
    outer loop
      vertex 8.504306296614235 -33.95109386180904 6
      vertex 8.504306296614235 -33.95109386180904 90
      vertex 10.15996370390618 -33.49291175062731 6
    endloop
  endfacet
  facet normal 0 0 1
    outer loop
      vertex -14.964428270059873 -31.639625259320518 6
      vertex -13.393920132778142 -32.335783637895034 6
      vertex -13.393920132778142 32.335783637895034 6
    endloop
  endfacet
  facet normal 0 0 1
    outer loop
      vertex -13.393920132778142 -32.335783637895034 6
      vertex -11.791144868727702 -32.95404228140573 6
      vertex -11.791144868727702 32.95404228140573 6
    endloop
  endfacet
  facet normal 0 0 1
    outer loop
      vertex -11.791144868727702 -32.95404228140573 6
      vertex -10.15996370390618 -33.49291175062731 6
      vertex -10.15996370390618 33.49291175062731 6
    endloop
  endfacet
  facet normal 0 0 1
    outer loop
      vertex -10.15996370390618 -33.49291175062731 6
      vertex -8.504306296614235 -33.95109386180904 6
      vertex -8.504306296614235 33.95109386180904 6
    endloop
  endfacet
  facet normal 0 0 1
    outer loop
      vertex -8.504306296614235 -33.95109386180904 6
      vertex -6.828161270564489 -34.32748481411306 6
      vertex -6.828161270564489 34.32748481411306 6
    endloop
  endfacet
  facet normal 0 0 1
    outer loop
      vertex -6.828161270564489 -34.32748481411306 6
      vertex -5.135566605937661 -34.62117784876734 6
      vertex -5.135566605937661 34.62117784876734 6
    endloop
  endfacet
  facet normal 0 0 1
    outer loop
      vertex -5.135566605937661 -34.62117784876734 6
      vertex -3.430599911534621 -34.831465433526894 6
      vertex -3.430599911534621 34.831465433526894 6
    endloop
  endfacet
  facet normal 0 0 1
    outer loop
      vertex -3.430599911534621 -34.831465433526894 6
      vertex -1.7173686014596306 -34.957840967181035 6
      vertex -1.7173686014596306 34.957840967181035 6
    endloop
  endfacet
  facet normal 0 0 1
    outer loop
      vertex -1.7173686014596306 -34.957840967181035 6
      vertex 0 -35 6
      vertex 0 35 6
    endloop
  endfacet
  facet normal 0 0 1
    outer loop
      vertex 0 -35 6
      vertex 1.7173686014596306 -34.957840967181035 6
      vertex 1.7173686014596306 34.957840967181035 6
    endloop
  endfacet
  facet normal 0 0 1
    outer loop
      vertex 1.7173686014596306 -34.957840967181035 6
      vertex 3.430599911534621 -34.831465433526894 6
      vertex 3.430599911534621 34.831465433526894 6
    endloop
  endfacet
  facet normal 0 0 1
    outer loop
      vertex 3.430599911534621 -34.831465433526894 6
      vertex 5.135566605937661 -34.62117784876734 6
      vertex 5.135566605937661 34.62117784876734 6
    endloop
  endfacet
  facet normal 0 0 1
    outer loop
      vertex 5.135566605937661 -34.62117784876734 6
      vertex 6.828161270564489 -34.32748481411306 6
      vertex 6.828161270564489 34.32748481411306 6
    endloop
  endfacet
  facet normal 0 0 1
    outer loop
      vertex 6.828161270564489 -34.32748481411306 6
      vertex 8.504306296614235 -33.95109386180904 6
      vertex 8.504306296614235 33.95109386180904 6
    endloop
  endfacet
  facet normal 0.8175848131515845 0.5758081914178442 0
    outer loop
      vertex -28.112263601822573 -20.849475657235168 6
      vertex -29.101436430589082 -19.444958155686077 90
      vertex -28.112263601822573 -20.849475657235168 90
    endloop
  endfacet
  facet normal 0.4928981922297851 0.8700869911087108 0
    outer loop
      vertex -16.498885788909917 -30.867244252192428 6
      vertex -17.99359604676276 -30.02050135000952 90
      vertex -16.498885788909917 -30.867244252192428 90
    endloop
  endfacet
  facet normal 0.4496113296546062 0.8932243011955154 0
    outer loop
      vertex -14.964428270059873 -31.639625259320518 6
      vertex -16.498885788909917 -30.867244252192428 90
      vertex -14.964428270059873 -31.639625259320518 90
    endloop
  endfacet
  facet normal 0.6895405447370665 0.7242470829514673 0
    outer loop
      vertex -23.504563419645645 -25.933289387423567 6
      vertex -24.748737341529164 -24.748737341529164 90
      vertex -23.504563419645645 -25.933289387423567 90
    endloop
  endfacet
  facet normal 0.6531728429537768 0.7572088465064845 0
    outer loop
      vertex -22.203764945727592 -27.055365867695794 6
      vertex -23.504563419645645 -25.933289387423567 90
      vertex -22.203764945727592 -27.055365867695794 90
    endloop
  endfacet
  facet normal 0.7572088465064845 0.6531728429537768 0
    outer loop
      vertex -25.933289387423567 -23.504563419645645 6
      vertex -27.055365867695794 -22.203764945727592 90
      vertex -25.933289387423567 -23.504563419645645 90
    endloop
  endfacet
  facet normal 0.7242470829514673 0.6895405447370665 0
    outer loop
      vertex -24.748737341529164 -24.748737341529164 6
      vertex -25.933289387423567 -23.504563419645645 90
      vertex -24.748737341529164 -24.748737341529164 90
    endloop
  endfacet
  facet normal 0.788346427626606 0.6152315905806273 0
    outer loop
      vertex -27.055365867695794 -22.203764945727592 6
      vertex -28.112263601822573 -20.849475657235168 90
      vertex -27.055365867695794 -22.203764945727592 90
    endloop
  endfacet
  facet normal 0.6152315905806273 0.788346427626606 0
    outer loop
      vertex -20.849475657235168 -28.112263601822573 6
      vertex -22.203764945727592 -27.055365867695794 90
      vertex -20.849475657235168 -28.112263601822573 90
    endloop
  endfacet
  facet normal 0.5758081914178442 0.8175848131515845 0
    outer loop
      vertex -19.444958155686077 -29.101436430589082 6
      vertex -20.849475657235168 -28.112263601822573 90
      vertex -19.444958155686077 -29.101436430589082 90
    endloop
  endfacet
  facet normal 0.5349976198870975 0.844853565249707 0
    outer loop
      vertex -17.99359604676276 -30.02050135000952 6
      vertex -19.444958155686077 -29.101436430589082 90
      vertex -17.99359604676276 -30.02050135000952 90
    endloop
  endfacet
  facet normal 0.8932243011955154 0.4496113296546062 0
    outer loop
      vertex -30.867244252192428 -16.498885788909917 6
      vertex -31.639625259320518 -14.964428270059873 90
      vertex -30.867244252192428 -16.498885788909917 90
    endloop
  endfacet
  facet normal 0.844853565249707 0.5349976198870975 0
    outer loop
      vertex -29.101436430589082 -19.444958155686077 6
      vertex -30.02050135000952 -17.99359604676276 90
      vertex -29.101436430589082 -19.444958155686077 90
    endloop
  endfacet
  facet normal 0.8700869911087108 0.4928981922297851 0
    outer loop
      vertex -30.02050135000952 -17.99359604676276 6
      vertex -30.867244252192428 -16.498885788909917 90
      vertex -30.02050135000952 -17.99359604676276 90
    endloop
  endfacet
  facet normal 0.9329927988347384 0.3598950365349893 0
    outer loop
      vertex -32.335783637895034 -13.393920132778142 6
      vertex -32.95404228140573 -11.791144868727702 90
      vertex -32.335783637895034 -13.393920132778142 90
    endloop
  endfacet
  facet normal 0.9142097557035314 0.4052413140049881 0
    outer loop
      vertex -31.639625259320518 -14.964428270059873 6
      vertex -32.335783637895034 -13.393920132778142 90
      vertex -31.639625259320518 -14.964428270059873 90
    endloop
  endfacet
  facet normal 0.9495281805930372 0.31368174039888985 0
    outer loop
      vertex -32.95404228140573 -11.791144868727702 6
      vertex -33.49291175062731 -10.15996370390618 90
      vertex -32.95404228140573 -11.791144868727702 90
    endloop
  endfacet
  facet normal 0.9757021300385291 0.2191012401568672 0
    outer loop
      vertex -33.95109386180904 -8.504306296614235 6
      vertex -34.32748481411306 -6.828161270564489 90
      vertex -33.95109386180904 -8.504306296614235 90
    endloop
  endfacet
  facet normal 0.9852776423889404 0.1709618887603051 0
    outer loop
      vertex -34.32748481411306 -6.828161270564489 6
      vertex -34.62117784876734 -5.135566605937661 90
      vertex -34.32748481411306 -6.828161270564489 90
    endloop
  endfacet
  facet normal 0.99247953459871 0.12241067519921543 0
    outer loop
      vertex -34.62117784876734 -5.135566605937661 6
      vertex -34.831465433526894 -3.430599911534621 90
      vertex -34.62117784876734 -5.135566605937661 90
    endloop
  endfacet
  facet normal 0.9972904566786902 0.07356456359966629 0
    outer loop
      vertex -34.831465433526894 -3.430599911534621 6
      vertex -34.957840967181035 -1.7173686014596306 90
      vertex -34.831465433526894 -3.430599911534621 90
    endloop
  endfacet
  facet normal 0.9996988186962041 0.02454122852291165 0
    outer loop
      vertex -34.957840967181035 -1.7173686014596306 6
      vertex -35 0 90
      vertex -34.957840967181035 -1.7173686014596306 90
    endloop
  endfacet
  facet normal 0.963776065795439 0.26671275747490136 0
    outer loop
      vertex -33.49291175062731 -10.15996370390618 6
      vertex -33.95109386180904 -8.504306296614235 90
      vertex -33.49291175062731 -10.15996370390618 90
    endloop
  endfacet
  facet normal 0.3598950365349893 0.9329927988347384 0
    outer loop
      vertex -11.791144868727702 -32.95404228140573 6
      vertex -13.393920132778142 -32.335783637895034 90
      vertex -11.791144868727702 -32.95404228140573 90
    endloop
  endfacet
  facet normal 0.4052413140049881 0.9142097557035314 0
    outer loop
      vertex -13.393920132778142 -32.335783637895034 6
      vertex -14.964428270059873 -31.639625259320518 90
      vertex -13.393920132778142 -32.335783637895034 90
    endloop
  endfacet
  facet normal 0.31368174039888985 0.9495281805930372 0
    outer loop
      vertex -10.15996370390618 -33.49291175062731 6
      vertex -11.791144868727702 -32.95404228140573 90
      vertex -10.15996370390618 -33.49291175062731 90
    endloop
  endfacet
  facet normal 0.26671275747490136 0.963776065795439 0
    outer loop
      vertex -8.504306296614235 -33.95109386180904 6
      vertex -10.15996370390618 -33.49291175062731 90
      vertex -8.504306296614235 -33.95109386180904 90
    endloop
  endfacet
  facet normal 0.2191012401568672 0.9757021300385291 0
    outer loop
      vertex -6.828161270564489 -34.32748481411306 6
      vertex -8.504306296614235 -33.95109386180904 90
      vertex -6.828161270564489 -34.32748481411306 90
    endloop
  endfacet
  facet normal 0.1709618887603051 0.9852776423889404 0
    outer loop
      vertex -5.135566605937661 -34.62117784876734 6
      vertex -6.828161270564489 -34.32748481411306 90
      vertex -5.135566605937661 -34.62117784876734 90
    endloop
  endfacet
  facet normal 0.12241067519921543 0.99247953459871 0
    outer loop
      vertex -3.430599911534621 -34.831465433526894 6
      vertex -5.135566605937661 -34.62117784876734 90
      vertex -3.430599911534621 -34.831465433526894 90
    endloop
  endfacet
  facet normal 0.07356456359966629 0.9972904566786902 0
    outer loop
      vertex -1.7173686014596306 -34.957840967181035 6
      vertex -3.430599911534621 -34.831465433526894 90
      vertex -1.7173686014596306 -34.957840967181035 90
    endloop
  endfacet
  facet normal 0.02454122852291165 0.9996988186962041 0
    outer loop
      vertex 0 -35 6
      vertex -1.7173686014596306 -34.957840967181035 90
      vertex 0 -35 90
    endloop
  endfacet
  facet normal -0.02454122852291165 0.9996988186962041 0
    outer loop
      vertex 1.7173686014596306 -34.957840967181035 6
      vertex 0 -35 90
      vertex 1.7173686014596306 -34.957840967181035 90
    endloop
  endfacet
  facet normal -0.07356456359966629 0.9972904566786902 0
    outer loop
      vertex 3.430599911534621 -34.831465433526894 6
      vertex 1.7173686014596306 -34.957840967181035 90
      vertex 3.430599911534621 -34.831465433526894 90
    endloop
  endfacet
  facet normal -0.12241067519921543 0.99247953459871 0
    outer loop
      vertex 5.135566605937661 -34.62117784876734 6
      vertex 3.430599911534621 -34.831465433526894 90
      vertex 5.135566605937661 -34.62117784876734 90
    endloop
  endfacet
  facet normal -0.1709618887603051 0.9852776423889404 0
    outer loop
      vertex 6.828161270564489 -34.32748481411306 6
      vertex 5.135566605937661 -34.62117784876734 90
      vertex 6.828161270564489 -34.32748481411306 90
    endloop
  endfacet
  facet normal -0.2191012401568672 0.9757021300385291 0
    outer loop
      vertex 8.504306296614235 -33.95109386180904 6
      vertex 6.828161270564489 -34.32748481411306 90
      vertex 8.504306296614235 -33.95109386180904 90
    endloop
  endfacet
  facet normal 0 0 1
    outer loop
      vertex -34.957840967181035 -1.7173686014596306 6
      vertex -34.957840967181035 1.7173686014596306 6
      vertex -35 0 6
    endloop
  endfacet
  facet normal 0 0 1
    outer loop
      vertex -34.957840967181035 -1.7173686014596306 6
      vertex -34.831465433526894 3.430599911534621 6
      vertex -34.957840967181035 1.7173686014596306 6
    endloop
  endfacet
  facet normal 0 0 1
    outer loop
      vertex -34.831465433526894 -3.430599911534621 6
      vertex -34.62117784876734 5.135566605937661 6
      vertex -34.831465433526894 3.430599911534621 6
    endloop
  endfacet
  facet normal 0 0 1
    outer loop
      vertex -34.62117784876734 -5.135566605937661 6
      vertex -34.32748481411306 6.828161270564489 6
      vertex -34.62117784876734 5.135566605937661 6
    endloop
  endfacet
  facet normal 0 0 1
    outer loop
      vertex -34.32748481411306 -6.828161270564489 6
      vertex -33.95109386180904 8.504306296614235 6
      vertex -34.32748481411306 6.828161270564489 6
    endloop
  endfacet
  facet normal 0 0 1
    outer loop
      vertex -33.95109386180904 -8.504306296614235 6
      vertex -33.49291175062731 10.15996370390618 6
      vertex -33.95109386180904 8.504306296614235 6
    endloop
  endfacet
  facet normal 0 0 1
    outer loop
      vertex -33.49291175062731 -10.15996370390618 6
      vertex -32.95404228140573 11.791144868727702 6
      vertex -33.49291175062731 10.15996370390618 6
    endloop
  endfacet
  facet normal 0 0 1
    outer loop
      vertex -32.95404228140573 -11.791144868727702 6
      vertex -32.335783637895034 13.393920132778142 6
      vertex -32.95404228140573 11.791144868727702 6
    endloop
  endfacet
  facet normal 0 0 1
    outer loop
      vertex -32.335783637895034 -13.393920132778142 6
      vertex -31.639625259320518 14.964428270059873 6
      vertex -32.335783637895034 13.393920132778142 6
    endloop
  endfacet
  facet normal 0 0 1
    outer loop
      vertex -31.639625259320518 -14.964428270059873 6
      vertex -30.867244252192428 16.498885788909917 6
      vertex -31.639625259320518 14.964428270059873 6
    endloop
  endfacet
  facet normal 0 0 1
    outer loop
      vertex -30.867244252192428 -16.498885788909917 6
      vertex -30.02050135000952 17.99359604676276 6
      vertex -30.867244252192428 16.498885788909917 6
    endloop
  endfacet
  facet normal 0 0 1
    outer loop
      vertex -30.02050135000952 -17.99359604676276 6
      vertex -29.101436430589082 19.444958155686077 6
      vertex -30.02050135000952 17.99359604676276 6
    endloop
  endfacet
  facet normal 0 0 1
    outer loop
      vertex -29.101436430589082 -19.444958155686077 6
      vertex -28.112263601822573 20.849475657235168 6
      vertex -29.101436430589082 19.444958155686077 6
    endloop
  endfacet
  facet normal 0 0 1
    outer loop
      vertex -28.112263601822573 -20.849475657235168 6
      vertex -27.055365867695794 22.203764945727592 6
      vertex -28.112263601822573 20.849475657235168 6
    endloop
  endfacet
  facet normal 0 0 1
    outer loop
      vertex -27.055365867695794 -22.203764945727592 6
      vertex -25.933289387423567 23.504563419645645 6
      vertex -27.055365867695794 22.203764945727592 6
    endloop
  endfacet
  facet normal 0 0 1
    outer loop
      vertex -25.933289387423567 -23.504563419645645 6
      vertex -24.748737341529164 24.748737341529164 6
      vertex -25.933289387423567 23.504563419645645 6
    endloop
  endfacet
  facet normal 0 0 1
    outer loop
      vertex -24.748737341529164 -24.748737341529164 6
      vertex -23.504563419645645 25.933289387423567 6
      vertex -24.748737341529164 24.748737341529164 6
    endloop
  endfacet
  facet normal 0 0 1
    outer loop
      vertex -23.504563419645645 -25.933289387423567 6
      vertex -22.203764945727592 27.055365867695794 6
      vertex -23.504563419645645 25.933289387423567 6
    endloop
  endfacet
  facet normal 0 0 1
    outer loop
      vertex -22.203764945727592 -27.055365867695794 6
      vertex -20.849475657235168 28.112263601822573 6
      vertex -22.203764945727592 27.055365867695794 6
    endloop
  endfacet
  facet normal 0 0 1
    outer loop
      vertex -20.849475657235168 -28.112263601822573 6
      vertex -19.444958155686077 29.101436430589082 6
      vertex -20.849475657235168 28.112263601822573 6
    endloop
  endfacet
  facet normal 0 0 1
    outer loop
      vertex -19.444958155686077 -29.101436430589082 6
      vertex -17.99359604676276 30.02050135000952 6
      vertex -19.444958155686077 29.101436430589082 6
    endloop
  endfacet
  facet normal 0 0 1
    outer loop
      vertex -17.99359604676276 -30.02050135000952 6
      vertex -16.498885788909917 30.867244252192428 6
      vertex -17.99359604676276 30.02050135000952 6
    endloop
  endfacet
  facet normal 0 0 1
    outer loop
      vertex -16.498885788909917 -30.867244252192428 6
      vertex -14.964428270059873 31.639625259320518 6
      vertex -16.498885788909917 30.867244252192428 6
    endloop
  endfacet
  facet normal 0.9996988186962041 -0.02454122852291165 0
    outer loop
      vertex -35 0 6
      vertex -34.957840967181035 1.7173686014596306 6
      vertex -34.957840967181035 1.7173686014596306 90
    endloop
  endfacet
  facet normal 0.9972904566786902 -0.07356456359966629 0
    outer loop
      vertex -34.957840967181035 1.7173686014596306 6
      vertex -34.831465433526894 3.430599911534621 6
      vertex -34.831465433526894 3.430599911534621 90
    endloop
  endfacet
  facet normal 0.99247953459871 -0.12241067519921543 0
    outer loop
      vertex -34.831465433526894 3.430599911534621 6
      vertex -34.62117784876734 5.135566605937661 6
      vertex -34.62117784876734 5.135566605937661 90
    endloop
  endfacet
  facet normal 0.9852776423889404 -0.1709618887603051 0
    outer loop
      vertex -34.62117784876734 5.135566605937661 6
      vertex -34.32748481411306 6.828161270564489 6
      vertex -34.32748481411306 6.828161270564489 90
    endloop
  endfacet
  facet normal 0.9757021300385291 -0.2191012401568672 0
    outer loop
      vertex -34.32748481411306 6.828161270564489 6
      vertex -33.95109386180904 8.504306296614235 6
      vertex -33.95109386180904 8.504306296614235 90
    endloop
  endfacet
  facet normal 0.963776065795439 -0.26671275747490136 0
    outer loop
      vertex -33.95109386180904 8.504306296614235 6
      vertex -33.49291175062731 10.15996370390618 6
      vertex -33.49291175062731 10.15996370390618 90
    endloop
  endfacet
  facet normal 0.9495281805930372 -0.31368174039888985 0
    outer loop
      vertex -33.49291175062731 10.15996370390618 6
      vertex -32.95404228140573 11.791144868727702 6
      vertex -32.95404228140573 11.791144868727702 90
    endloop
  endfacet
  facet normal 0.9329927988347384 -0.3598950365349893 0
    outer loop
      vertex -32.95404228140573 11.791144868727702 6
      vertex -32.335783637895034 13.393920132778142 6
      vertex -32.335783637895034 13.393920132778142 90
    endloop
  endfacet
  facet normal 0.9142097557035314 -0.4052413140049881 0
    outer loop
      vertex -32.335783637895034 13.393920132778142 6
      vertex -31.639625259320518 14.964428270059873 6
      vertex -31.639625259320518 14.964428270059873 90
    endloop
  endfacet
  facet normal 0.8932243011955154 -0.4496113296546062 0
    outer loop
      vertex -31.639625259320518 14.964428270059873 6
      vertex -30.867244252192428 16.498885788909917 6
      vertex -30.867244252192428 16.498885788909917 90
    endloop
  endfacet
  facet normal 0.8700869911087108 -0.4928981922297851 0
    outer loop
      vertex -30.867244252192428 16.498885788909917 6
      vertex -30.02050135000952 17.99359604676276 6
      vertex -30.02050135000952 17.99359604676276 90
    endloop
  endfacet
  facet normal 0.844853565249707 -0.5349976198870975 0
    outer loop
      vertex -30.02050135000952 17.99359604676276 6
      vertex -29.101436430589082 19.444958155686077 6
      vertex -29.101436430589082 19.444958155686077 90
    endloop
  endfacet
  facet normal 0.8175848131515845 -0.5758081914178442 0
    outer loop
      vertex -29.101436430589082 19.444958155686077 6
      vertex -28.112263601822573 20.849475657235168 6
      vertex -28.112263601822573 20.849475657235168 90
    endloop
  endfacet
  facet normal 0.788346427626606 -0.6152315905806273 0
    outer loop
      vertex -28.112263601822573 20.849475657235168 6
      vertex -27.055365867695794 22.203764945727592 6
      vertex -27.055365867695794 22.203764945727592 90
    endloop
  endfacet
  facet normal 0.7572088465064845 -0.6531728429537768 0
    outer loop
      vertex -27.055365867695794 22.203764945727592 6
      vertex -25.933289387423567 23.504563419645645 6
      vertex -25.933289387423567 23.504563419645645 90
    endloop
  endfacet
  facet normal 0.7242470829514673 -0.6895405447370665 0
    outer loop
      vertex -25.933289387423567 23.504563419645645 6
      vertex -24.748737341529164 24.748737341529164 6
      vertex -24.748737341529164 24.748737341529164 90
    endloop
  endfacet
  facet normal 0.6895405447370665 -0.7242470829514673 0
    outer loop
      vertex -24.748737341529164 24.748737341529164 6
      vertex -23.504563419645645 25.933289387423567 6
      vertex -23.504563419645645 25.933289387423567 90
    endloop
  endfacet
  facet normal 0.6531728429537768 -0.7572088465064845 0
    outer loop
      vertex -23.504563419645645 25.933289387423567 6
      vertex -22.203764945727592 27.055365867695794 6
      vertex -22.203764945727592 27.055365867695794 90
    endloop
  endfacet
  facet normal 0.6152315905806273 -0.788346427626606 0
    outer loop
      vertex -22.203764945727592 27.055365867695794 6
      vertex -20.849475657235168 28.112263601822573 6
      vertex -20.849475657235168 28.112263601822573 90
    endloop
  endfacet
  facet normal 0.5758081914178442 -0.8175848131515845 0
    outer loop
      vertex -20.849475657235168 28.112263601822573 6
      vertex -19.444958155686077 29.101436430589082 6
      vertex -19.444958155686077 29.101436430589082 90
    endloop
  endfacet
  facet normal 0.5349976198870975 -0.844853565249707 0
    outer loop
      vertex -19.444958155686077 29.101436430589082 6
      vertex -17.99359604676276 30.02050135000952 6
      vertex -17.99359604676276 30.02050135000952 90
    endloop
  endfacet
  facet normal 0.4928981922297851 -0.8700869911087108 0
    outer loop
      vertex -17.99359604676276 30.02050135000952 6
      vertex -16.498885788909917 30.867244252192428 6
      vertex -16.498885788909917 30.867244252192428 90
    endloop
  endfacet
  facet normal 0.4496113296546062 -0.8932243011955154 0
    outer loop
      vertex -16.498885788909917 30.867244252192428 6
      vertex -14.964428270059873 31.639625259320518 6
      vertex -14.964428270059873 31.639625259320518 90
    endloop
  endfacet
  facet normal 0 0 1
    outer loop
      vertex -14.964428270059873 -31.639625259320518 6
      vertex -13.393920132778142 32.335783637895034 6
      vertex -14.964428270059873 31.639625259320518 6
    endloop
  endfacet
  facet normal 0 0 1
    outer loop
      vertex -13.393920132778142 -32.335783637895034 6
      vertex -11.791144868727702 32.95404228140573 6
      vertex -13.393920132778142 32.335783637895034 6
    endloop
  endfacet
  facet normal 0 0 1
    outer loop
      vertex -11.791144868727702 -32.95404228140573 6
      vertex -10.15996370390618 33.49291175062731 6
      vertex -11.791144868727702 32.95404228140573 6
    endloop
  endfacet
  facet normal 0 0 1
    outer loop
      vertex -10.15996370390618 -33.49291175062731 6
      vertex -8.504306296614235 33.95109386180904 6
      vertex -10.15996370390618 33.49291175062731 6
    endloop
  endfacet
  facet normal 0 0 1
    outer loop
      vertex -8.504306296614235 -33.95109386180904 6
      vertex -6.828161270564489 34.32748481411306 6
      vertex -8.504306296614235 33.95109386180904 6
    endloop
  endfacet
  facet normal 0 0 1
    outer loop
      vertex -6.828161270564489 -34.32748481411306 6
      vertex -5.135566605937661 34.62117784876734 6
      vertex -6.828161270564489 34.32748481411306 6
    endloop
  endfacet
  facet normal 0 0 1
    outer loop
      vertex -5.135566605937661 -34.62117784876734 6
      vertex -3.430599911534621 34.831465433526894 6
      vertex -5.135566605937661 34.62117784876734 6
    endloop
  endfacet
  facet normal 0 0 1
    outer loop
      vertex -3.430599911534621 -34.831465433526894 6
      vertex -1.7173686014596306 34.957840967181035 6
      vertex -3.430599911534621 34.831465433526894 6
    endloop
  endfacet
  facet normal 0 0 1
    outer loop
      vertex -1.7173686014596306 -34.957840967181035 6
      vertex 0 35 6
      vertex -1.7173686014596306 34.957840967181035 6
    endloop
  endfacet
  facet normal 0 0 1
    outer loop
      vertex 0 -35 6
      vertex 1.7173686014596306 34.957840967181035 6
      vertex 0 35 6
    endloop
  endfacet
  facet normal 0 0 1
    outer loop
      vertex 1.7173686014596306 -34.957840967181035 6
      vertex 3.430599911534621 34.831465433526894 6
      vertex 1.7173686014596306 34.957840967181035 6
    endloop
  endfacet
  facet normal 0 0 1
    outer loop
      vertex 3.430599911534621 -34.831465433526894 6
      vertex 5.135566605937661 34.62117784876734 6
      vertex 3.430599911534621 34.831465433526894 6
    endloop
  endfacet
  facet normal 0 0 1
    outer loop
      vertex 5.135566605937661 -34.62117784876734 6
      vertex 6.828161270564489 34.32748481411306 6
      vertex 5.135566605937661 34.62117784876734 6
    endloop
  endfacet
  facet normal 0 0 1
    outer loop
      vertex 6.828161270564489 -34.32748481411306 6
      vertex 8.504306296614235 33.95109386180904 6
      vertex 6.828161270564489 34.32748481411306 6
    endloop
  endfacet
  facet normal 0 0 1
    outer loop
      vertex 8.504306296614235 -33.95109386180904 6
      vertex 10.15996370390618 33.49291175062731 6
      vertex 8.504306296614235 33.95109386180904 6
    endloop
  endfacet
  facet normal 0.4052413140049881 -0.9142097557035314 0
    outer loop
      vertex -14.964428270059873 31.639625259320518 6
      vertex -13.393920132778142 32.335783637895034 6
      vertex -13.393920132778142 32.335783637895034 90
    endloop
  endfacet
  facet normal 0.3598950365349893 -0.9329927988347384 0
    outer loop
      vertex -13.393920132778142 32.335783637895034 6
      vertex -11.791144868727702 32.95404228140573 6
      vertex -11.791144868727702 32.95404228140573 90
    endloop
  endfacet
  facet normal 0.31368174039888985 -0.9495281805930372 0
    outer loop
      vertex -11.791144868727702 32.95404228140573 6
      vertex -10.15996370390618 33.49291175062731 6
      vertex -10.15996370390618 33.49291175062731 90
    endloop
  endfacet
  facet normal 0.26671275747490136 -0.963776065795439 0
    outer loop
      vertex -10.15996370390618 33.49291175062731 6
      vertex -8.504306296614235 33.95109386180904 6
      vertex -8.504306296614235 33.95109386180904 90
    endloop
  endfacet
  facet normal 0.2191012401568672 -0.9757021300385291 0
    outer loop
      vertex -8.504306296614235 33.95109386180904 6
      vertex -6.828161270564489 34.32748481411306 6
      vertex -6.828161270564489 34.32748481411306 90
    endloop
  endfacet
  facet normal 0.1709618887603051 -0.9852776423889404 0
    outer loop
      vertex -6.828161270564489 34.32748481411306 6
      vertex -5.135566605937661 34.62117784876734 6
      vertex -5.135566605937661 34.62117784876734 90
    endloop
  endfacet
  facet normal 0.12241067519921543 -0.99247953459871 0
    outer loop
      vertex -5.135566605937661 34.62117784876734 6
      vertex -3.430599911534621 34.831465433526894 6
      vertex -3.430599911534621 34.831465433526894 90
    endloop
  endfacet
  facet normal 0.07356456359966629 -0.9972904566786902 0
    outer loop
      vertex -3.430599911534621 34.831465433526894 6
      vertex -1.7173686014596306 34.957840967181035 6
      vertex -1.7173686014596306 34.957840967181035 90
    endloop
  endfacet
  facet normal 0.02454122852291165 -0.9996988186962041 0
    outer loop
      vertex -1.7173686014596306 34.957840967181035 6
      vertex 0 35 6
      vertex 0 35 90
    endloop
  endfacet
  facet normal -0.02454122852291165 -0.9996988186962041 0
    outer loop
      vertex 0 35 6
      vertex 1.7173686014596306 34.957840967181035 6
      vertex 1.7173686014596306 34.957840967181035 90
    endloop
  endfacet
  facet normal -0.07356456359966629 -0.9972904566786902 0
    outer loop
      vertex 1.7173686014596306 34.957840967181035 6
      vertex 3.430599911534621 34.831465433526894 6
      vertex 3.430599911534621 34.831465433526894 90
    endloop
  endfacet
  facet normal -0.12241067519921543 -0.99247953459871 0
    outer loop
      vertex 3.430599911534621 34.831465433526894 6
      vertex 5.135566605937661 34.62117784876734 6
      vertex 5.135566605937661 34.62117784876734 90
    endloop
  endfacet
  facet normal -0.1709618887603051 -0.9852776423889404 0
    outer loop
      vertex 5.135566605937661 34.62117784876734 6
      vertex 6.828161270564489 34.32748481411306 6
      vertex 6.828161270564489 34.32748481411306 90
    endloop
  endfacet
  facet normal -0.2191012401568672 -0.9757021300385291 0
    outer loop
      vertex 6.828161270564489 34.32748481411306 6
      vertex 8.504306296614235 33.95109386180904 6
      vertex 8.504306296614235 33.95109386180904 90
    endloop
  endfacet
  facet normal 0.9996988186962041 -0.02454122852291165 0
    outer loop
      vertex -35 0 6
      vertex -34.957840967181035 1.7173686014596306 90
      vertex -35 0 90
    endloop
  endfacet
  facet normal 0.9972904566786902 -0.07356456359966629 0
    outer loop
      vertex -34.957840967181035 1.7173686014596306 6
      vertex -34.831465433526894 3.430599911534621 90
      vertex -34.957840967181035 1.7173686014596306 90
    endloop
  endfacet
  facet normal 0.99247953459871 -0.12241067519921543 0
    outer loop
      vertex -34.831465433526894 3.430599911534621 6
      vertex -34.62117784876734 5.135566605937661 90
      vertex -34.831465433526894 3.430599911534621 90
    endloop
  endfacet
  facet normal 0.9852776423889404 -0.1709618887603051 0
    outer loop
      vertex -34.62117784876734 5.135566605937661 6
      vertex -34.32748481411306 6.828161270564489 90
      vertex -34.62117784876734 5.135566605937661 90
    endloop
  endfacet
  facet normal 0.9757021300385291 -0.2191012401568672 0
    outer loop
      vertex -34.32748481411306 6.828161270564489 6
      vertex -33.95109386180904 8.504306296614235 90
      vertex -34.32748481411306 6.828161270564489 90
    endloop
  endfacet
  facet normal 0.963776065795439 -0.26671275747490136 0
    outer loop
      vertex -33.95109386180904 8.504306296614235 6
      vertex -33.49291175062731 10.15996370390618 90
      vertex -33.95109386180904 8.504306296614235 90
    endloop
  endfacet
  facet normal 0.9495281805930372 -0.31368174039888985 0
    outer loop
      vertex -33.49291175062731 10.15996370390618 6
      vertex -32.95404228140573 11.791144868727702 90
      vertex -33.49291175062731 10.15996370390618 90
    endloop
  endfacet
  facet normal 0.9329927988347384 -0.3598950365349893 0
    outer loop
      vertex -32.95404228140573 11.791144868727702 6
      vertex -32.335783637895034 13.393920132778142 90
      vertex -32.95404228140573 11.791144868727702 90
    endloop
  endfacet
  facet normal 0.9142097557035314 -0.4052413140049881 0
    outer loop
      vertex -32.335783637895034 13.393920132778142 6
      vertex -31.639625259320518 14.964428270059873 90
      vertex -32.335783637895034 13.393920132778142 90
    endloop
  endfacet
  facet normal 0.8932243011955154 -0.4496113296546062 0
    outer loop
      vertex -31.639625259320518 14.964428270059873 6
      vertex -30.867244252192428 16.498885788909917 90
      vertex -31.639625259320518 14.964428270059873 90
    endloop
  endfacet
  facet normal 0.8700869911087108 -0.4928981922297851 0
    outer loop
      vertex -30.867244252192428 16.498885788909917 6
      vertex -30.02050135000952 17.99359604676276 90
      vertex -30.867244252192428 16.498885788909917 90
    endloop
  endfacet
  facet normal 0.844853565249707 -0.5349976198870975 0
    outer loop
      vertex -30.02050135000952 17.99359604676276 6
      vertex -29.101436430589082 19.444958155686077 90
      vertex -30.02050135000952 17.99359604676276 90
    endloop
  endfacet
  facet normal 0.8175848131515845 -0.5758081914178442 0
    outer loop
      vertex -29.101436430589082 19.444958155686077 6
      vertex -28.112263601822573 20.849475657235168 90
      vertex -29.101436430589082 19.444958155686077 90
    endloop
  endfacet
  facet normal 0.788346427626606 -0.6152315905806273 0
    outer loop
      vertex -28.112263601822573 20.849475657235168 6
      vertex -27.055365867695794 22.203764945727592 90
      vertex -28.112263601822573 20.849475657235168 90
    endloop
  endfacet
  facet normal 0.7572088465064845 -0.6531728429537768 0
    outer loop
      vertex -27.055365867695794 22.203764945727592 6
      vertex -25.933289387423567 23.504563419645645 90
      vertex -27.055365867695794 22.203764945727592 90
    endloop
  endfacet
  facet normal 0.7242470829514673 -0.6895405447370665 0
    outer loop
      vertex -25.933289387423567 23.504563419645645 6
      vertex -24.748737341529164 24.748737341529164 90
      vertex -25.933289387423567 23.504563419645645 90
    endloop
  endfacet
  facet normal 0.6895405447370665 -0.7242470829514673 0
    outer loop
      vertex -24.748737341529164 24.748737341529164 6
      vertex -23.504563419645645 25.933289387423567 90
      vertex -24.748737341529164 24.748737341529164 90
    endloop
  endfacet
  facet normal 0.6531728429537768 -0.7572088465064845 0
    outer loop
      vertex -23.504563419645645 25.933289387423567 6
      vertex -22.203764945727592 27.055365867695794 90
      vertex -23.504563419645645 25.933289387423567 90
    endloop
  endfacet
  facet normal 0.6152315905806273 -0.788346427626606 0
    outer loop
      vertex -22.203764945727592 27.055365867695794 6
      vertex -20.849475657235168 28.112263601822573 90
      vertex -22.203764945727592 27.055365867695794 90
    endloop
  endfacet
  facet normal 0.5758081914178442 -0.8175848131515845 0
    outer loop
      vertex -20.849475657235168 28.112263601822573 6
      vertex -19.444958155686077 29.101436430589082 90
      vertex -20.849475657235168 28.112263601822573 90
    endloop
  endfacet
  facet normal 0.5349976198870975 -0.844853565249707 0
    outer loop
      vertex -19.444958155686077 29.101436430589082 6
      vertex -17.99359604676276 30.02050135000952 90
      vertex -19.444958155686077 29.101436430589082 90
    endloop
  endfacet
  facet normal 0.4928981922297851 -0.8700869911087108 0
    outer loop
      vertex -17.99359604676276 30.02050135000952 6
      vertex -16.498885788909917 30.867244252192428 90
      vertex -17.99359604676276 30.02050135000952 90
    endloop
  endfacet
  facet normal 0.4496113296546062 -0.8932243011955154 0
    outer loop
      vertex -16.498885788909917 30.867244252192428 6
      vertex -14.964428270059873 31.639625259320518 90
      vertex -16.498885788909917 30.867244252192428 90
    endloop
  endfacet
  facet normal 0.4052413140049881 -0.9142097557035314 0
    outer loop
      vertex -14.964428270059873 31.639625259320518 6
      vertex -13.393920132778142 32.335783637895034 90
      vertex -14.964428270059873 31.639625259320518 90
    endloop
  endfacet
  facet normal 0.3598950365349893 -0.9329927988347384 0
    outer loop
      vertex -13.393920132778142 32.335783637895034 6
      vertex -11.791144868727702 32.95404228140573 90
      vertex -13.393920132778142 32.335783637895034 90
    endloop
  endfacet
  facet normal 0.31368174039888985 -0.9495281805930372 0
    outer loop
      vertex -11.791144868727702 32.95404228140573 6
      vertex -10.15996370390618 33.49291175062731 90
      vertex -11.791144868727702 32.95404228140573 90
    endloop
  endfacet
  facet normal 0.26671275747490136 -0.963776065795439 0
    outer loop
      vertex -10.15996370390618 33.49291175062731 6
      vertex -8.504306296614235 33.95109386180904 90
      vertex -10.15996370390618 33.49291175062731 90
    endloop
  endfacet
  facet normal 0.2191012401568672 -0.9757021300385291 0
    outer loop
      vertex -8.504306296614235 33.95109386180904 6
      vertex -6.828161270564489 34.32748481411306 90
      vertex -8.504306296614235 33.95109386180904 90
    endloop
  endfacet
  facet normal 0.1709618887603051 -0.9852776423889404 0
    outer loop
      vertex -6.828161270564489 34.32748481411306 6
      vertex -5.135566605937661 34.62117784876734 90
      vertex -6.828161270564489 34.32748481411306 90
    endloop
  endfacet
  facet normal 0.12241067519921543 -0.99247953459871 0
    outer loop
      vertex -5.135566605937661 34.62117784876734 6
      vertex -3.430599911534621 34.831465433526894 90
      vertex -5.135566605937661 34.62117784876734 90
    endloop
  endfacet
  facet normal 0.07356456359966629 -0.9972904566786902 0
    outer loop
      vertex -3.430599911534621 34.831465433526894 6
      vertex -1.7173686014596306 34.957840967181035 90
      vertex -3.430599911534621 34.831465433526894 90
    endloop
  endfacet
  facet normal 0.02454122852291165 -0.9996988186962041 0
    outer loop
      vertex -1.7173686014596306 34.957840967181035 6
      vertex 0 35 90
      vertex -1.7173686014596306 34.957840967181035 90
    endloop
  endfacet
  facet normal -0.02454122852291165 -0.9996988186962041 0
    outer loop
      vertex 0 35 6
      vertex 1.7173686014596306 34.957840967181035 90
      vertex 0 35 90
    endloop
  endfacet
  facet normal -0.07356456359966629 -0.9972904566786902 0
    outer loop
      vertex 1.7173686014596306 34.957840967181035 6
      vertex 3.430599911534621 34.831465433526894 90
      vertex 1.7173686014596306 34.957840967181035 90
    endloop
  endfacet
  facet normal -0.12241067519921543 -0.99247953459871 0
    outer loop
      vertex 3.430599911534621 34.831465433526894 6
      vertex 5.135566605937661 34.62117784876734 90
      vertex 3.430599911534621 34.831465433526894 90
    endloop
  endfacet
  facet normal -0.1709618887603051 -0.9852776423889404 0
    outer loop
      vertex 5.135566605937661 34.62117784876734 6
      vertex 6.828161270564489 34.32748481411306 90
      vertex 5.135566605937661 34.62117784876734 90
    endloop
  endfacet
  facet normal -0.2191012401568672 -0.9757021300385291 0
    outer loop
      vertex 6.828161270564489 34.32748481411306 6
      vertex 8.504306296614235 33.95109386180904 90
      vertex 6.828161270564489 34.32748481411306 90
    endloop
  endfacet
  facet normal -0.26671275747490136 -0.963776065795439 0
    outer loop
      vertex 8.504306296614235 33.95109386180904 6
      vertex 10.15996370390618 33.49291175062731 90
      vertex 8.504306296614235 33.95109386180904 90
    endloop
  endfacet
  facet normal -0.31368174039888985 0.9495281805930372 0
    outer loop
      vertex 10.15996370390618 -33.49291175062731 6
      vertex 10.15996370390618 -33.49291175062731 90
      vertex 11.791144868727702 -32.95404228140573 6
    endloop
  endfacet
  facet normal -0.3598950365349893 0.9329927988347384 0
    outer loop
      vertex 11.791144868727702 -32.95404228140573 6
      vertex 11.791144868727702 -32.95404228140573 90
      vertex 13.393920132778142 -32.335783637895034 6
    endloop
  endfacet
  facet normal -0.4052413140049881 0.9142097557035314 0
    outer loop
      vertex 13.393920132778142 -32.335783637895034 6
      vertex 13.393920132778142 -32.335783637895034 90
      vertex 14.964428270059873 -31.639625259320518 6
    endloop
  endfacet
  facet normal -0.4496113296546062 0.8932243011955154 0
    outer loop
      vertex 14.964428270059873 -31.639625259320518 6
      vertex 14.964428270059873 -31.639625259320518 90
      vertex 16.498885788909917 -30.867244252192428 6
    endloop
  endfacet
  facet normal -0.4928981922297851 0.8700869911087108 0
    outer loop
      vertex 16.498885788909917 -30.867244252192428 6
      vertex 16.498885788909917 -30.867244252192428 90
      vertex 17.99359604676276 -30.02050135000952 6
    endloop
  endfacet
  facet normal -0.5349976198870975 0.844853565249707 0
    outer loop
      vertex 17.99359604676276 -30.02050135000952 6
      vertex 17.99359604676276 -30.02050135000952 90
      vertex 19.444958155686077 -29.101436430589082 6
    endloop
  endfacet
  facet normal -0.5758081914178442 0.8175848131515845 0
    outer loop
      vertex 19.444958155686077 -29.101436430589082 6
      vertex 19.444958155686077 -29.101436430589082 90
      vertex 20.849475657235168 -28.112263601822573 6
    endloop
  endfacet
  facet normal -0.6152315905806273 0.788346427626606 0
    outer loop
      vertex 20.849475657235168 -28.112263601822573 6
      vertex 20.849475657235168 -28.112263601822573 90
      vertex 22.203764945727592 -27.055365867695794 6
    endloop
  endfacet
  facet normal -0.6531728429537768 0.7572088465064845 0
    outer loop
      vertex 22.203764945727592 -27.055365867695794 6
      vertex 22.203764945727592 -27.055365867695794 90
      vertex 23.504563419645645 -25.933289387423567 6
    endloop
  endfacet
  facet normal -0.6895405447370665 0.7242470829514673 0
    outer loop
      vertex 23.504563419645645 -25.933289387423567 6
      vertex 23.504563419645645 -25.933289387423567 90
      vertex 24.748737341529164 -24.748737341529164 6
    endloop
  endfacet
  facet normal -0.7242470829514673 0.6895405447370665 0
    outer loop
      vertex 24.748737341529164 -24.748737341529164 6
      vertex 24.748737341529164 -24.748737341529164 90
      vertex 25.933289387423567 -23.504563419645645 6
    endloop
  endfacet
  facet normal -0.7572088465064845 0.6531728429537768 0
    outer loop
      vertex 25.933289387423567 -23.504563419645645 6
      vertex 25.933289387423567 -23.504563419645645 90
      vertex 27.055365867695794 -22.203764945727592 6
    endloop
  endfacet
  facet normal -0.788346427626606 0.6152315905806273 0
    outer loop
      vertex 27.055365867695794 -22.203764945727592 6
      vertex 27.055365867695794 -22.203764945727592 90
      vertex 28.112263601822573 -20.849475657235168 6
    endloop
  endfacet
  facet normal -0.8175848131515845 0.5758081914178442 0
    outer loop
      vertex 28.112263601822573 -20.849475657235168 6
      vertex 28.112263601822573 -20.849475657235168 90
      vertex 29.101436430589082 -19.444958155686077 6
    endloop
  endfacet
  facet normal 0 0 1
    outer loop
      vertex 8.504306296614235 -33.95109386180904 6
      vertex 10.15996370390618 -33.49291175062731 6
      vertex 10.15996370390618 33.49291175062731 6
    endloop
  endfacet
  facet normal 0 0 1
    outer loop
      vertex 10.15996370390618 -33.49291175062731 6
      vertex 11.791144868727702 -32.95404228140573 6
      vertex 11.791144868727702 32.95404228140573 6
    endloop
  endfacet
  facet normal 0 0 1
    outer loop
      vertex 11.791144868727702 -32.95404228140573 6
      vertex 13.393920132778142 -32.335783637895034 6
      vertex 13.393920132778142 32.335783637895034 6
    endloop
  endfacet
  facet normal 0 0 1
    outer loop
      vertex 13.393920132778142 -32.335783637895034 6
      vertex 14.964428270059873 -31.639625259320518 6
      vertex 14.964428270059873 31.639625259320518 6
    endloop
  endfacet
  facet normal 0 0 1
    outer loop
      vertex 14.964428270059873 -31.639625259320518 6
      vertex 16.498885788909917 -30.867244252192428 6
      vertex 16.498885788909917 30.867244252192428 6
    endloop
  endfacet
  facet normal 0 0 1
    outer loop
      vertex 16.498885788909917 -30.867244252192428 6
      vertex 17.99359604676276 -30.02050135000952 6
      vertex 17.99359604676276 30.02050135000952 6
    endloop
  endfacet
  facet normal 0 0 1
    outer loop
      vertex 17.99359604676276 -30.02050135000952 6
      vertex 19.444958155686077 -29.101436430589082 6
      vertex 19.444958155686077 29.101436430589082 6
    endloop
  endfacet
  facet normal 0 0 1
    outer loop
      vertex 19.444958155686077 -29.101436430589082 6
      vertex 20.849475657235168 -28.112263601822573 6
      vertex 20.849475657235168 28.112263601822573 6
    endloop
  endfacet
  facet normal 0 0 1
    outer loop
      vertex 20.849475657235168 -28.112263601822573 6
      vertex 22.203764945727592 -27.055365867695794 6
      vertex 22.203764945727592 27.055365867695794 6
    endloop
  endfacet
  facet normal 0 0 1
    outer loop
      vertex 22.203764945727592 -27.055365867695794 6
      vertex 23.504563419645645 -25.933289387423567 6
      vertex 23.504563419645645 25.933289387423567 6
    endloop
  endfacet
  facet normal 0 0 1
    outer loop
      vertex 23.504563419645645 -25.933289387423567 6
      vertex 24.748737341529164 -24.748737341529164 6
      vertex 24.748737341529164 24.748737341529164 6
    endloop
  endfacet
  facet normal 0 0 1
    outer loop
      vertex 24.748737341529164 -24.748737341529164 6
      vertex 25.933289387423567 -23.504563419645645 6
      vertex 25.933289387423567 23.504563419645645 6
    endloop
  endfacet
  facet normal 0 0 1
    outer loop
      vertex 25.933289387423567 -23.504563419645645 6
      vertex 27.055365867695794 -22.203764945727592 6
      vertex 27.055365867695794 22.203764945727592 6
    endloop
  endfacet
  facet normal 0 0 1
    outer loop
      vertex 27.055365867695794 -22.203764945727592 6
      vertex 28.112263601822573 -20.849475657235168 6
      vertex 28.112263601822573 20.849475657235168 6
    endloop
  endfacet
  facet normal 0 0 1
    outer loop
      vertex 28.112263601822573 -20.849475657235168 6
      vertex 29.101436430589082 -19.444958155686077 6
      vertex 29.101436430589082 19.444958155686077 6
    endloop
  endfacet
  facet normal 0 0 1
    outer loop
      vertex 29.101436430589082 -19.444958155686077 6
      vertex 30.02050135000952 -17.99359604676276 6
      vertex 30.02050135000952 17.99359604676276 6
    endloop
  endfacet
  facet normal 0 0 1
    outer loop
      vertex 30.02050135000952 -17.99359604676276 6
      vertex 30.867244252192428 -16.498885788909917 6
      vertex 30.867244252192428 16.498885788909917 6
    endloop
  endfacet
  facet normal 0 0 1
    outer loop
      vertex 30.867244252192428 -16.498885788909917 6
      vertex 31.639625259320518 -14.964428270059873 6
      vertex 31.639625259320518 14.964428270059873 6
    endloop
  endfacet
  facet normal 0 0 1
    outer loop
      vertex 31.639625259320518 -14.964428270059873 6
      vertex 32.335783637895034 -13.393920132778142 6
      vertex 32.335783637895034 13.393920132778142 6
    endloop
  endfacet
  facet normal 0 0 1
    outer loop
      vertex 32.335783637895034 -13.393920132778142 6
      vertex 32.95404228140573 -11.791144868727702 6
      vertex 32.95404228140573 11.791144868727702 6
    endloop
  endfacet
  facet normal 0 0 1
    outer loop
      vertex 32.95404228140573 -11.791144868727702 6
      vertex 33.49291175062731 -10.15996370390618 6
      vertex 33.49291175062731 10.15996370390618 6
    endloop
  endfacet
  facet normal 0 0 1
    outer loop
      vertex 33.49291175062731 -10.15996370390618 6
      vertex 33.95109386180904 -8.504306296614235 6
      vertex 33.95109386180904 8.504306296614235 6
    endloop
  endfacet
  facet normal -0.844853565249707 0.5349976198870975 0
    outer loop
      vertex 29.101436430589082 -19.444958155686077 6
      vertex 29.101436430589082 -19.444958155686077 90
      vertex 30.02050135000952 -17.99359604676276 6
    endloop
  endfacet
  facet normal -0.8700869911087108 0.4928981922297851 0
    outer loop
      vertex 30.02050135000952 -17.99359604676276 6
      vertex 30.02050135000952 -17.99359604676276 90
      vertex 30.867244252192428 -16.498885788909917 6
    endloop
  endfacet
  facet normal -0.8932243011955154 0.4496113296546062 0
    outer loop
      vertex 30.867244252192428 -16.498885788909917 6
      vertex 30.867244252192428 -16.498885788909917 90
      vertex 31.639625259320518 -14.964428270059873 6
    endloop
  endfacet
  facet normal -0.9142097557035314 0.4052413140049881 0
    outer loop
      vertex 31.639625259320518 -14.964428270059873 6
      vertex 31.639625259320518 -14.964428270059873 90
      vertex 32.335783637895034 -13.393920132778142 6
    endloop
  endfacet
  facet normal -0.9329927988347384 0.3598950365349893 0
    outer loop
      vertex 32.335783637895034 -13.393920132778142 6
      vertex 32.335783637895034 -13.393920132778142 90
      vertex 32.95404228140573 -11.791144868727702 6
    endloop
  endfacet
  facet normal -0.9495281805930372 0.31368174039888985 0
    outer loop
      vertex 32.95404228140573 -11.791144868727702 6
      vertex 32.95404228140573 -11.791144868727702 90
      vertex 33.49291175062731 -10.15996370390618 6
    endloop
  endfacet
  facet normal -0.963776065795439 0.26671275747490136 0
    outer loop
      vertex 33.49291175062731 -10.15996370390618 6
      vertex 33.49291175062731 -10.15996370390618 90
      vertex 33.95109386180904 -8.504306296614235 6
    endloop
  endfacet
  facet normal 0 0 1
    outer loop
      vertex 33.95109386180904 -8.504306296614235 6
      vertex 34.32748481411306 -6.828161270564489 6
      vertex 34.32748481411306 6.828161270564489 6
    endloop
  endfacet
  facet normal 0 0 1
    outer loop
      vertex 34.32748481411306 -6.828161270564489 6
      vertex 34.62117784876734 -5.135566605937661 6
      vertex 34.62117784876734 5.135566605937661 6
    endloop
  endfacet
  facet normal 0 0 1
    outer loop
      vertex 34.62117784876734 -5.135566605937661 6
      vertex 34.831465433526894 -3.430599911534621 6
      vertex 34.831465433526894 3.430599911534621 6
    endloop
  endfacet
  facet normal 0 0 1
    outer loop
      vertex 34.831465433526894 -3.430599911534621 6
      vertex 34.957840967181035 -1.7173686014596306 6
      vertex 34.957840967181035 1.7173686014596306 6
    endloop
  endfacet
  facet normal -0.9757021300385291 0.2191012401568672 0
    outer loop
      vertex 33.95109386180904 -8.504306296614235 6
      vertex 33.95109386180904 -8.504306296614235 90
      vertex 34.32748481411306 -6.828161270564489 6
    endloop
  endfacet
  facet normal -0.9852776423889404 0.1709618887603051 0
    outer loop
      vertex 34.32748481411306 -6.828161270564489 6
      vertex 34.32748481411306 -6.828161270564489 90
      vertex 34.62117784876734 -5.135566605937661 6
    endloop
  endfacet
  facet normal -0.99247953459871 0.12241067519921543 0
    outer loop
      vertex 34.62117784876734 -5.135566605937661 6
      vertex 34.62117784876734 -5.135566605937661 90
      vertex 34.831465433526894 -3.430599911534621 6
    endloop
  endfacet
  facet normal -0.9972904566786902 0.07356456359966629 0
    outer loop
      vertex 34.831465433526894 -3.430599911534621 6
      vertex 34.831465433526894 -3.430599911534621 90
      vertex 34.957840967181035 -1.7173686014596306 6
    endloop
  endfacet
  facet normal -0.9996988186962041 0.02454122852291165 0
    outer loop
      vertex 34.957840967181035 -1.7173686014596306 6
      vertex 34.957840967181035 -1.7173686014596306 90
      vertex 35 0 6
    endloop
  endfacet
  facet normal -0.26671275747490136 0.963776065795439 0
    outer loop
      vertex 10.15996370390618 -33.49291175062731 6
      vertex 8.504306296614235 -33.95109386180904 90
      vertex 10.15996370390618 -33.49291175062731 90
    endloop
  endfacet
  facet normal -0.31368174039888985 0.9495281805930372 0
    outer loop
      vertex 11.791144868727702 -32.95404228140573 6
      vertex 10.15996370390618 -33.49291175062731 90
      vertex 11.791144868727702 -32.95404228140573 90
    endloop
  endfacet
  facet normal -0.3598950365349893 0.9329927988347384 0
    outer loop
      vertex 13.393920132778142 -32.335783637895034 6
      vertex 11.791144868727702 -32.95404228140573 90
      vertex 13.393920132778142 -32.335783637895034 90
    endloop
  endfacet
  facet normal -0.4052413140049881 0.9142097557035314 0
    outer loop
      vertex 14.964428270059873 -31.639625259320518 6
      vertex 13.393920132778142 -32.335783637895034 90
      vertex 14.964428270059873 -31.639625259320518 90
    endloop
  endfacet
  facet normal -0.4496113296546062 0.8932243011955154 0
    outer loop
      vertex 16.498885788909917 -30.867244252192428 6
      vertex 14.964428270059873 -31.639625259320518 90
      vertex 16.498885788909917 -30.867244252192428 90
    endloop
  endfacet
  facet normal -0.4928981922297851 0.8700869911087108 0
    outer loop
      vertex 17.99359604676276 -30.02050135000952 6
      vertex 16.498885788909917 -30.867244252192428 90
      vertex 17.99359604676276 -30.02050135000952 90
    endloop
  endfacet
  facet normal -0.5349976198870975 0.844853565249707 0
    outer loop
      vertex 19.444958155686077 -29.101436430589082 6
      vertex 17.99359604676276 -30.02050135000952 90
      vertex 19.444958155686077 -29.101436430589082 90
    endloop
  endfacet
  facet normal -0.5758081914178442 0.8175848131515845 0
    outer loop
      vertex 20.849475657235168 -28.112263601822573 6
      vertex 19.444958155686077 -29.101436430589082 90
      vertex 20.849475657235168 -28.112263601822573 90
    endloop
  endfacet
  facet normal -0.6152315905806273 0.788346427626606 0
    outer loop
      vertex 22.203764945727592 -27.055365867695794 6
      vertex 20.849475657235168 -28.112263601822573 90
      vertex 22.203764945727592 -27.055365867695794 90
    endloop
  endfacet
  facet normal -0.6531728429537768 0.7572088465064845 0
    outer loop
      vertex 23.504563419645645 -25.933289387423567 6
      vertex 22.203764945727592 -27.055365867695794 90
      vertex 23.504563419645645 -25.933289387423567 90
    endloop
  endfacet
  facet normal -0.6895405447370665 0.7242470829514673 0
    outer loop
      vertex 24.748737341529164 -24.748737341529164 6
      vertex 23.504563419645645 -25.933289387423567 90
      vertex 24.748737341529164 -24.748737341529164 90
    endloop
  endfacet
  facet normal -0.7242470829514673 0.6895405447370665 0
    outer loop
      vertex 25.933289387423567 -23.504563419645645 6
      vertex 24.748737341529164 -24.748737341529164 90
      vertex 25.933289387423567 -23.504563419645645 90
    endloop
  endfacet
  facet normal -0.7572088465064845 0.6531728429537768 0
    outer loop
      vertex 27.055365867695794 -22.203764945727592 6
      vertex 25.933289387423567 -23.504563419645645 90
      vertex 27.055365867695794 -22.203764945727592 90
    endloop
  endfacet
  facet normal -0.788346427626606 0.6152315905806273 0
    outer loop
      vertex 28.112263601822573 -20.849475657235168 6
      vertex 27.055365867695794 -22.203764945727592 90
      vertex 28.112263601822573 -20.849475657235168 90
    endloop
  endfacet
  facet normal -0.8175848131515845 0.5758081914178442 0
    outer loop
      vertex 29.101436430589082 -19.444958155686077 6
      vertex 28.112263601822573 -20.849475657235168 90
      vertex 29.101436430589082 -19.444958155686077 90
    endloop
  endfacet
  facet normal -0.844853565249707 0.5349976198870975 0
    outer loop
      vertex 30.02050135000952 -17.99359604676276 6
      vertex 29.101436430589082 -19.444958155686077 90
      vertex 30.02050135000952 -17.99359604676276 90
    endloop
  endfacet
  facet normal -0.8700869911087108 0.4928981922297851 0
    outer loop
      vertex 30.867244252192428 -16.498885788909917 6
      vertex 30.02050135000952 -17.99359604676276 90
      vertex 30.867244252192428 -16.498885788909917 90
    endloop
  endfacet
  facet normal -0.8932243011955154 0.4496113296546062 0
    outer loop
      vertex 31.639625259320518 -14.964428270059873 6
      vertex 30.867244252192428 -16.498885788909917 90
      vertex 31.639625259320518 -14.964428270059873 90
    endloop
  endfacet
  facet normal -0.9142097557035314 0.4052413140049881 0
    outer loop
      vertex 32.335783637895034 -13.393920132778142 6
      vertex 31.639625259320518 -14.964428270059873 90
      vertex 32.335783637895034 -13.393920132778142 90
    endloop
  endfacet
  facet normal -0.9329927988347384 0.3598950365349893 0
    outer loop
      vertex 32.95404228140573 -11.791144868727702 6
      vertex 32.335783637895034 -13.393920132778142 90
      vertex 32.95404228140573 -11.791144868727702 90
    endloop
  endfacet
  facet normal -0.9495281805930372 0.31368174039888985 0
    outer loop
      vertex 33.49291175062731 -10.15996370390618 6
      vertex 32.95404228140573 -11.791144868727702 90
      vertex 33.49291175062731 -10.15996370390618 90
    endloop
  endfacet
  facet normal -0.963776065795439 0.26671275747490136 0
    outer loop
      vertex 33.95109386180904 -8.504306296614235 6
      vertex 33.49291175062731 -10.15996370390618 90
      vertex 33.95109386180904 -8.504306296614235 90
    endloop
  endfacet
  facet normal -0.9757021300385291 0.2191012401568672 0
    outer loop
      vertex 34.32748481411306 -6.828161270564489 6
      vertex 33.95109386180904 -8.504306296614235 90
      vertex 34.32748481411306 -6.828161270564489 90
    endloop
  endfacet
  facet normal -0.9852776423889404 0.1709618887603051 0
    outer loop
      vertex 34.62117784876734 -5.135566605937661 6
      vertex 34.32748481411306 -6.828161270564489 90
      vertex 34.62117784876734 -5.135566605937661 90
    endloop
  endfacet
  facet normal -0.99247953459871 0.12241067519921543 0
    outer loop
      vertex 34.831465433526894 -3.430599911534621 6
      vertex 34.62117784876734 -5.135566605937661 90
      vertex 34.831465433526894 -3.430599911534621 90
    endloop
  endfacet
  facet normal -0.9972904566786902 0.07356456359966629 0
    outer loop
      vertex 34.957840967181035 -1.7173686014596306 6
      vertex 34.831465433526894 -3.430599911534621 90
      vertex 34.957840967181035 -1.7173686014596306 90
    endloop
  endfacet
  facet normal -0.9996988186962041 0.02454122852291165 0
    outer loop
      vertex 35 0 6
      vertex 34.957840967181035 -1.7173686014596306 90
      vertex 35 0 90
    endloop
  endfacet
  facet normal 0 0 1
    outer loop
      vertex 17.99359604676276 -30.02050135000952 6
      vertex 19.444958155686077 29.101436430589082 6
      vertex 17.99359604676276 30.02050135000952 6
    endloop
  endfacet
  facet normal 0 0 1
    outer loop
      vertex 19.444958155686077 -29.101436430589082 6
      vertex 20.849475657235168 28.112263601822573 6
      vertex 19.444958155686077 29.101436430589082 6
    endloop
  endfacet
  facet normal 0 0 1
    outer loop
      vertex 20.849475657235168 -28.112263601822573 6
      vertex 22.203764945727592 27.055365867695794 6
      vertex 20.849475657235168 28.112263601822573 6
    endloop
  endfacet
  facet normal 0 0 1
    outer loop
      vertex 10.15996370390618 -33.49291175062731 6
      vertex 11.791144868727702 32.95404228140573 6
      vertex 10.15996370390618 33.49291175062731 6
    endloop
  endfacet
  facet normal 0 0 1
    outer loop
      vertex 11.791144868727702 -32.95404228140573 6
      vertex 13.393920132778142 32.335783637895034 6
      vertex 11.791144868727702 32.95404228140573 6
    endloop
  endfacet
  facet normal 0 0 1
    outer loop
      vertex 13.393920132778142 -32.335783637895034 6
      vertex 14.964428270059873 31.639625259320518 6
      vertex 13.393920132778142 32.335783637895034 6
    endloop
  endfacet
  facet normal 0 0 1
    outer loop
      vertex 14.964428270059873 -31.639625259320518 6
      vertex 16.498885788909917 30.867244252192428 6
      vertex 14.964428270059873 31.639625259320518 6
    endloop
  endfacet
  facet normal 0 0 1
    outer loop
      vertex 16.498885788909917 -30.867244252192428 6
      vertex 17.99359604676276 30.02050135000952 6
      vertex 16.498885788909917 30.867244252192428 6
    endloop
  endfacet
  facet normal 0 0 1
    outer loop
      vertex 22.203764945727592 -27.055365867695794 6
      vertex 23.504563419645645 25.933289387423567 6
      vertex 22.203764945727592 27.055365867695794 6
    endloop
  endfacet
  facet normal 0 0 1
    outer loop
      vertex 23.504563419645645 -25.933289387423567 6
      vertex 24.748737341529164 24.748737341529164 6
      vertex 23.504563419645645 25.933289387423567 6
    endloop
  endfacet
  facet normal 0 0 1
    outer loop
      vertex 25.933289387423567 -23.504563419645645 6
      vertex 27.055365867695794 22.203764945727592 6
      vertex 25.933289387423567 23.504563419645645 6
    endloop
  endfacet
  facet normal 0 0 1
    outer loop
      vertex 27.055365867695794 -22.203764945727592 6
      vertex 28.112263601822573 20.849475657235168 6
      vertex 27.055365867695794 22.203764945727592 6
    endloop
  endfacet
  facet normal 0 0 1
    outer loop
      vertex 24.748737341529164 -24.748737341529164 6
      vertex 25.933289387423567 23.504563419645645 6
      vertex 24.748737341529164 24.748737341529164 6
    endloop
  endfacet
  facet normal 0 0 1
    outer loop
      vertex 30.867244252192428 -16.498885788909917 6
      vertex 31.639625259320518 14.964428270059873 6
      vertex 30.867244252192428 16.498885788909917 6
    endloop
  endfacet
  facet normal 0 0 1
    outer loop
      vertex 31.639625259320518 -14.964428270059873 6
      vertex 32.335783637895034 13.393920132778142 6
      vertex 31.639625259320518 14.964428270059873 6
    endloop
  endfacet
  facet normal 0 0 1
    outer loop
      vertex 33.49291175062731 -10.15996370390618 6
      vertex 33.95109386180904 8.504306296614235 6
      vertex 33.49291175062731 10.15996370390618 6
    endloop
  endfacet
  facet normal 0 0 1
    outer loop
      vertex 32.95404228140573 -11.791144868727702 6
      vertex 33.49291175062731 10.15996370390618 6
      vertex 32.95404228140573 11.791144868727702 6
    endloop
  endfacet
  facet normal 0 0 1
    outer loop
      vertex 32.335783637895034 -13.393920132778142 6
      vertex 32.95404228140573 11.791144868727702 6
      vertex 32.335783637895034 13.393920132778142 6
    endloop
  endfacet
  facet normal 0 0 1
    outer loop
      vertex 28.112263601822573 -20.849475657235168 6
      vertex 29.101436430589082 19.444958155686077 6
      vertex 28.112263601822573 20.849475657235168 6
    endloop
  endfacet
  facet normal 0 0 1
    outer loop
      vertex 29.101436430589082 -19.444958155686077 6
      vertex 30.02050135000952 17.99359604676276 6
      vertex 29.101436430589082 19.444958155686077 6
    endloop
  endfacet
  facet normal 0 0 1
    outer loop
      vertex 30.02050135000952 -17.99359604676276 6
      vertex 30.867244252192428 16.498885788909917 6
      vertex 30.02050135000952 17.99359604676276 6
    endloop
  endfacet
  facet normal -0.963776065795439 -0.26671275747490136 0
    outer loop
      vertex 33.95109386180904 8.504306296614235 6
      vertex 33.95109386180904 8.504306296614235 90
      vertex 33.49291175062731 10.15996370390618 6
    endloop
  endfacet
  facet normal -0.9495281805930372 -0.31368174039888985 0
    outer loop
      vertex 33.49291175062731 10.15996370390618 6
      vertex 33.49291175062731 10.15996370390618 90
      vertex 32.95404228140573 11.791144868727702 6
    endloop
  endfacet
  facet normal -0.9329927988347384 -0.3598950365349893 0
    outer loop
      vertex 32.95404228140573 11.791144868727702 6
      vertex 32.95404228140573 11.791144868727702 90
      vertex 32.335783637895034 13.393920132778142 6
    endloop
  endfacet
  facet normal -0.9142097557035314 -0.4052413140049881 0
    outer loop
      vertex 31.639625259320518 14.964428270059873 6
      vertex 32.335783637895034 13.393920132778142 6
      vertex 32.335783637895034 13.393920132778142 90
    endloop
  endfacet
  facet normal -0.8700869911087108 -0.4928981922297851 0
    outer loop
      vertex 30.867244252192428 16.498885788909917 6
      vertex 30.867244252192428 16.498885788909917 90
      vertex 30.02050135000952 17.99359604676276 6
    endloop
  endfacet
  facet normal -0.8175848131515845 -0.5758081914178442 0
    outer loop
      vertex 28.112263601822573 20.849475657235168 6
      vertex 29.101436430589082 19.444958155686077 6
      vertex 29.101436430589082 19.444958155686077 90
    endloop
  endfacet
  facet normal -0.844853565249707 -0.5349976198870975 0
    outer loop
      vertex 29.101436430589082 19.444958155686077 6
      vertex 30.02050135000952 17.99359604676276 6
      vertex 30.02050135000952 17.99359604676276 90
    endloop
  endfacet
  facet normal -0.8932243011955154 -0.4496113296546062 0
    outer loop
      vertex 31.639625259320518 14.964428270059873 6
      vertex 31.639625259320518 14.964428270059873 90
      vertex 30.867244252192428 16.498885788909917 6
    endloop
  endfacet
  facet normal -0.5349976198870975 -0.844853565249707 0
    outer loop
      vertex 17.99359604676276 30.02050135000952 6
      vertex 19.444958155686077 29.101436430589082 6
      vertex 19.444958155686077 29.101436430589082 90
    endloop
  endfacet
  facet normal -0.5758081914178442 -0.8175848131515845 0
    outer loop
      vertex 19.444958155686077 29.101436430589082 6
      vertex 20.849475657235168 28.112263601822573 6
      vertex 20.849475657235168 28.112263601822573 90
    endloop
  endfacet
  facet normal -0.26671275747490136 -0.963776065795439 0
    outer loop
      vertex 8.504306296614235 33.95109386180904 6
      vertex 10.15996370390618 33.49291175062731 6
      vertex 10.15996370390618 33.49291175062731 90
    endloop
  endfacet
  facet normal -0.31368174039888985 -0.9495281805930372 0
    outer loop
      vertex 10.15996370390618 33.49291175062731 6
      vertex 11.791144868727702 32.95404228140573 6
      vertex 11.791144868727702 32.95404228140573 90
    endloop
  endfacet
  facet normal -0.4052413140049881 -0.9142097557035314 0
    outer loop
      vertex 13.393920132778142 32.335783637895034 6
      vertex 14.964428270059873 31.639625259320518 6
      vertex 14.964428270059873 31.639625259320518 90
    endloop
  endfacet
  facet normal -0.3598950365349893 -0.9329927988347384 0
    outer loop
      vertex 11.791144868727702 32.95404228140573 6
      vertex 13.393920132778142 32.335783637895034 6
      vertex 13.393920132778142 32.335783637895034 90
    endloop
  endfacet
  facet normal -0.4496113296546062 -0.8932243011955154 0
    outer loop
      vertex 14.964428270059873 31.639625259320518 6
      vertex 16.498885788909917 30.867244252192428 6
      vertex 16.498885788909917 30.867244252192428 90
    endloop
  endfacet
  facet normal -0.4928981922297851 -0.8700869911087108 0
    outer loop
      vertex 16.498885788909917 30.867244252192428 6
      vertex 17.99359604676276 30.02050135000952 6
      vertex 17.99359604676276 30.02050135000952 90
    endloop
  endfacet
  facet normal -0.7242470829514673 -0.6895405447370665 0
    outer loop
      vertex 25.933289387423567 23.504563419645645 6
      vertex 25.933289387423567 23.504563419645645 90
      vertex 24.748737341529164 24.748737341529164 6
    endloop
  endfacet
  facet normal -0.7572088465064845 -0.6531728429537768 0
    outer loop
      vertex 25.933289387423567 23.504563419645645 6
      vertex 27.055365867695794 22.203764945727592 6
      vertex 27.055365867695794 22.203764945727592 90
    endloop
  endfacet
  facet normal -0.6152315905806273 -0.788346427626606 0
    outer loop
      vertex 20.849475657235168 28.112263601822573 6
      vertex 22.203764945727592 27.055365867695794 6
      vertex 22.203764945727592 27.055365867695794 90
    endloop
  endfacet
  facet normal -0.6531728429537768 -0.7572088465064845 0
    outer loop
      vertex 23.504563419645645 25.933289387423567 6
      vertex 23.504563419645645 25.933289387423567 90
      vertex 22.203764945727592 27.055365867695794 6
    endloop
  endfacet
  facet normal -0.6895405447370665 -0.7242470829514673 0
    outer loop
      vertex 23.504563419645645 25.933289387423567 6
      vertex 24.748737341529164 24.748737341529164 6
      vertex 24.748737341529164 24.748737341529164 90
    endloop
  endfacet
  facet normal -0.788346427626606 -0.6152315905806273 0
    outer loop
      vertex 28.112263601822573 20.849475657235168 6
      vertex 28.112263601822573 20.849475657235168 90
      vertex 27.055365867695794 22.203764945727592 6
    endloop
  endfacet
  facet normal 0 0 1
    outer loop
      vertex 34.957840967181035 -1.7173686014596306 6
      vertex 35 0 6
      vertex 34.957840967181035 1.7173686014596306 6
    endloop
  endfacet
  facet normal 0 0 1
    outer loop
      vertex 34.831465433526894 -3.430599911534621 6
      vertex 34.957840967181035 1.7173686014596306 6
      vertex 34.831465433526894 3.430599911534621 6
    endloop
  endfacet
  facet normal 0 0 1
    outer loop
      vertex 34.62117784876734 -5.135566605937661 6
      vertex 34.831465433526894 3.430599911534621 6
      vertex 34.62117784876734 5.135566605937661 6
    endloop
  endfacet
  facet normal 0 0 1
    outer loop
      vertex 34.32748481411306 -6.828161270564489 6
      vertex 34.62117784876734 5.135566605937661 6
      vertex 34.32748481411306 6.828161270564489 6
    endloop
  endfacet
  facet normal 0 0 1
    outer loop
      vertex 33.95109386180904 -8.504306296614235 6
      vertex 34.32748481411306 6.828161270564489 6
      vertex 33.95109386180904 8.504306296614235 6
    endloop
  endfacet
  facet normal -0.9996988186962041 -0.02454122852291165 0
    outer loop
      vertex 35 0 6
      vertex 35 0 90
      vertex 34.957840967181035 1.7173686014596306 6
    endloop
  endfacet
  facet normal -0.9972904566786902 -0.07356456359966629 0
    outer loop
      vertex 34.957840967181035 1.7173686014596306 6
      vertex 34.957840967181035 1.7173686014596306 90
      vertex 34.831465433526894 3.430599911534621 6
    endloop
  endfacet
  facet normal -0.99247953459871 -0.12241067519921543 0
    outer loop
      vertex 34.831465433526894 3.430599911534621 6
      vertex 34.831465433526894 3.430599911534621 90
      vertex 34.62117784876734 5.135566605937661 6
    endloop
  endfacet
  facet normal -0.9852776423889404 -0.1709618887603051 0
    outer loop
      vertex 34.62117784876734 5.135566605937661 6
      vertex 34.62117784876734 5.135566605937661 90
      vertex 34.32748481411306 6.828161270564489 6
    endloop
  endfacet
  facet normal -0.9757021300385291 -0.2191012401568672 0
    outer loop
      vertex 34.32748481411306 6.828161270564489 6
      vertex 34.32748481411306 6.828161270564489 90
      vertex 33.95109386180904 8.504306296614235 6
    endloop
  endfacet
  facet normal -0.963776065795439 -0.26671275747490136 0
    outer loop
      vertex 33.49291175062731 10.15996370390618 6
      vertex 33.95109386180904 8.504306296614235 90
      vertex 33.49291175062731 10.15996370390618 90
    endloop
  endfacet
  facet normal -0.9495281805930372 -0.31368174039888985 0
    outer loop
      vertex 32.95404228140573 11.791144868727702 6
      vertex 33.49291175062731 10.15996370390618 90
      vertex 32.95404228140573 11.791144868727702 90
    endloop
  endfacet
  facet normal -0.9142097557035314 -0.4052413140049881 0
    outer loop
      vertex 31.639625259320518 14.964428270059873 6
      vertex 32.335783637895034 13.393920132778142 90
      vertex 31.639625259320518 14.964428270059873 90
    endloop
  endfacet
  facet normal -0.9329927988347384 -0.3598950365349893 0
    outer loop
      vertex 32.335783637895034 13.393920132778142 6
      vertex 32.95404228140573 11.791144868727702 90
      vertex 32.335783637895034 13.393920132778142 90
    endloop
  endfacet
  facet normal -0.8700869911087108 -0.4928981922297851 0
    outer loop
      vertex 30.02050135000952 17.99359604676276 6
      vertex 30.867244252192428 16.498885788909917 90
      vertex 30.02050135000952 17.99359604676276 90
    endloop
  endfacet
  facet normal -0.844853565249707 -0.5349976198870975 0
    outer loop
      vertex 29.101436430589082 19.444958155686077 6
      vertex 30.02050135000952 17.99359604676276 90
      vertex 29.101436430589082 19.444958155686077 90
    endloop
  endfacet
  facet normal -0.8932243011955154 -0.4496113296546062 0
    outer loop
      vertex 30.867244252192428 16.498885788909917 6
      vertex 31.639625259320518 14.964428270059873 90
      vertex 30.867244252192428 16.498885788909917 90
    endloop
  endfacet
  facet normal -0.5349976198870975 -0.844853565249707 0
    outer loop
      vertex 17.99359604676276 30.02050135000952 6
      vertex 19.444958155686077 29.101436430589082 90
      vertex 17.99359604676276 30.02050135000952 90
    endloop
  endfacet
  facet normal -0.5758081914178442 -0.8175848131515845 0
    outer loop
      vertex 19.444958155686077 29.101436430589082 6
      vertex 20.849475657235168 28.112263601822573 90
      vertex 19.444958155686077 29.101436430589082 90
    endloop
  endfacet
  facet normal -0.6152315905806273 -0.788346427626606 0
    outer loop
      vertex 20.849475657235168 28.112263601822573 6
      vertex 22.203764945727592 27.055365867695794 90
      vertex 20.849475657235168 28.112263601822573 90
    endloop
  endfacet
  facet normal -0.31368174039888985 -0.9495281805930372 0
    outer loop
      vertex 10.15996370390618 33.49291175062731 6
      vertex 11.791144868727702 32.95404228140573 90
      vertex 10.15996370390618 33.49291175062731 90
    endloop
  endfacet
  facet normal -0.3598950365349893 -0.9329927988347384 0
    outer loop
      vertex 11.791144868727702 32.95404228140573 6
      vertex 13.393920132778142 32.335783637895034 90
      vertex 11.791144868727702 32.95404228140573 90
    endloop
  endfacet
  facet normal -0.4052413140049881 -0.9142097557035314 0
    outer loop
      vertex 13.393920132778142 32.335783637895034 6
      vertex 14.964428270059873 31.639625259320518 90
      vertex 13.393920132778142 32.335783637895034 90
    endloop
  endfacet
  facet normal -0.4496113296546062 -0.8932243011955154 0
    outer loop
      vertex 14.964428270059873 31.639625259320518 6
      vertex 16.498885788909917 30.867244252192428 90
      vertex 14.964428270059873 31.639625259320518 90
    endloop
  endfacet
  facet normal -0.4928981922297851 -0.8700869911087108 0
    outer loop
      vertex 16.498885788909917 30.867244252192428 6
      vertex 17.99359604676276 30.02050135000952 90
      vertex 16.498885788909917 30.867244252192428 90
    endloop
  endfacet
  facet normal -0.788346427626606 -0.6152315905806273 0
    outer loop
      vertex 27.055365867695794 22.203764945727592 6
      vertex 28.112263601822573 20.849475657235168 90
      vertex 27.055365867695794 22.203764945727592 90
    endloop
  endfacet
  facet normal -0.7242470829514673 -0.6895405447370665 0
    outer loop
      vertex 24.748737341529164 24.748737341529164 6
      vertex 25.933289387423567 23.504563419645645 90
      vertex 24.748737341529164 24.748737341529164 90
    endloop
  endfacet
  facet normal -0.7572088465064845 -0.6531728429537768 0
    outer loop
      vertex 25.933289387423567 23.504563419645645 6
      vertex 27.055365867695794 22.203764945727592 90
      vertex 25.933289387423567 23.504563419645645 90
    endloop
  endfacet
  facet normal -0.6531728429537768 -0.7572088465064845 0
    outer loop
      vertex 22.203764945727592 27.055365867695794 6
      vertex 23.504563419645645 25.933289387423567 90
      vertex 22.203764945727592 27.055365867695794 90
    endloop
  endfacet
  facet normal -0.6895405447370665 -0.7242470829514673 0
    outer loop
      vertex 23.504563419645645 25.933289387423567 6
      vertex 24.748737341529164 24.748737341529164 90
      vertex 23.504563419645645 25.933289387423567 90
    endloop
  endfacet
  facet normal -0.8175848131515845 -0.5758081914178442 0
    outer loop
      vertex 28.112263601822573 20.849475657235168 6
      vertex 29.101436430589082 19.444958155686077 90
      vertex 28.112263601822573 20.849475657235168 90
    endloop
  endfacet
  facet normal -0.9996988186962041 -0.02454122852291165 0
    outer loop
      vertex 34.957840967181035 1.7173686014596306 6
      vertex 35 0 90
      vertex 34.957840967181035 1.7173686014596306 90
    endloop
  endfacet
  facet normal -0.9972904566786902 -0.07356456359966629 0
    outer loop
      vertex 34.831465433526894 3.430599911534621 6
      vertex 34.957840967181035 1.7173686014596306 90
      vertex 34.831465433526894 3.430599911534621 90
    endloop
  endfacet
  facet normal -0.99247953459871 -0.12241067519921543 0
    outer loop
      vertex 34.62117784876734 5.135566605937661 6
      vertex 34.831465433526894 3.430599911534621 90
      vertex 34.62117784876734 5.135566605937661 90
    endloop
  endfacet
  facet normal -0.9852776423889404 -0.1709618887603051 0
    outer loop
      vertex 34.32748481411306 6.828161270564489 6
      vertex 34.62117784876734 5.135566605937661 90
      vertex 34.32748481411306 6.828161270564489 90
    endloop
  endfacet
  facet normal -0.9757021300385291 -0.2191012401568672 0
    outer loop
      vertex 33.95109386180904 8.504306296614235 6
      vertex 34.32748481411306 6.828161270564489 90
      vertex 33.95109386180904 8.504306296614235 90
    endloop
  endfacet
  facet normal -1 0 0
    outer loop
      vertex 40.5 -3.644702695310116 25.449531204998493
      vertex 40.5 -4.859603598713875 20.599374935030937
      vertex 40.5 -5.805693544447422 20.861193284392357
    endloop
  endfacet
  facet normal -1 0 0
    outer loop
      vertex 40.5 -2.926354832947254 25.288220793008804
      vertex 40.5 -3.9018064439296722 20.384294390678406
      vertex 40.5 -4.859603598713875 20.599374935030937
    endloop
  endfacet
  facet normal -1 0 0
    outer loop
      vertex 40.5 -2.2009571194648743 25.162352353334427
      vertex 40.5 -2.9346094876527786 20.216469801962376
      vertex 40.5 -3.9018064439296722 20.384294390678406
    endloop
  endfacet
  facet normal -1 0 0
    outer loop
      vertex 40.5 -1.4702571034431458 25.072229102253914
      vertex 40.5 -1.9603428095579147 20.09630546718836
      vertex 40.5 -2.9346094876527786 20.216469801962376
    endloop
  endfacet
  facet normal -1 0 0
    outer loop
      vertex 40.5 -0.736015111207962 25.01806815713644
      vertex 40.5 -0.9813534840941429 20.024090878665447
      vertex 40.5 -1.9603428095579147 20.09630546718836
    endloop
  endfacet
  facet normal -1 0 0
    outer loop
      vertex 40.5 0 25
      vertex 40.5 0 20
      vertex 40.5 -0.9813534840941429 20.024090878665447
    endloop
  endfacet
  facet normal 0 -0.44961132670072995 -0.893224302682372
    outer loop
      vertex 40.5 -8.551101870834827 21.920214138925076
      vertex 58.5 -9.427934736013412 22.361574709415436
      vertex 40.5 -9.427934736013412 22.361574709415436
    endloop
  endfacet
  facet normal 0 -0.4052413152583876 -0.9142097551479376
    outer loop
      vertex 40.5 -7.653668649494648 21.522409349679947
      vertex 58.5 -8.551101870834827 21.920214138925076
      vertex 40.5 -8.551101870834827 21.920214138925076
    endloop
  endfacet
  facet normal 0 -0.313681740209826 -0.9495281806554954
    outer loop
      vertex 40.5 -5.805693544447422 20.861193284392357
      vertex 58.5 -6.737797066569328 21.16911869496107
      vertex 40.5 -6.737797066569328 21.16911869496107
    endloop
  endfacet
  facet normal 0 -0.3598950364875197 -0.9329927988530494
    outer loop
      vertex 40.5 -6.737797066569328 21.16911869496107
      vertex 58.5 -7.653668649494648 21.522409349679947
      vertex 40.5 -7.653668649494648 21.522409349679947
    endloop
  endfacet
  facet normal 0 -0.2667127579213527 -0.9637760656718893
    outer loop
      vertex 40.5 -4.859603598713875 20.599374935030937
      vertex 58.5 -5.805693544447422 20.861193284392357
      vertex 40.5 -5.805693544447422 20.861193284392357
    endloop
  endfacet
  facet normal 0 -0.21910124097455688 -0.9757021298549108
    outer loop
      vertex 40.5 -3.9018064439296722 20.384294390678406
      vertex 58.5 -4.859603598713875 20.599374935030937
      vertex 40.5 -4.859603598713875 20.599374935030937
    endloop
  endfacet
  facet normal 0 -0.17096188540465498 -0.9852776429712011
    outer loop
      vertex 40.5 -2.9346094876527786 20.216469801962376
      vertex 58.5 -3.9018064439296722 20.384294390678406
      vertex 40.5 -3.9018064439296722 20.384294390678406
    endloop
  endfacet
  facet normal 0 -0.12241067637422907 -0.9924795344537859
    outer loop
      vertex 40.5 -1.9603428095579147 20.09630546718836
      vertex 58.5 -2.9346094876527786 20.216469801962376
      vertex 40.5 -2.9346094876527786 20.216469801962376
    endloop
  endfacet
  facet normal 0 -0.0735645610297641 -0.9972904568682577
    outer loop
      vertex 40.5 -0.9813534840941429 20.024090878665447
      vertex 58.5 -1.9603428095579147 20.09630546718836
      vertex 40.5 -1.9603428095579147 20.09630546718836
    endloop
  endfacet
  facet normal 0 -0.02454123140320701 -0.999698818625497
    outer loop
      vertex 40.5 0 20
      vertex 58.5 -0.9813534840941429 20.024090878665447
      vertex 40.5 -0.9813534840941429 20.024090878665447
    endloop
  endfacet
  facet normal 0 -0.44961132670072995 -0.893224302682372
    outer loop
      vertex 40.5 -8.551101870834827 21.920214138925076
      vertex 58.5 -8.551101870834827 21.920214138925076
      vertex 58.5 -9.427934736013412 22.361574709415436
    endloop
  endfacet
  facet normal 0 -0.4052413152583876 -0.9142097551479376
    outer loop
      vertex 40.5 -7.653668649494648 21.522409349679947
      vertex 58.5 -7.653668649494648 21.522409349679947
      vertex 58.5 -8.551101870834827 21.920214138925076
    endloop
  endfacet
  facet normal 0 -0.3598950364875197 -0.9329927988530494
    outer loop
      vertex 40.5 -6.737797066569328 21.16911869496107
      vertex 58.5 -6.737797066569328 21.16911869496107
      vertex 58.5 -7.653668649494648 21.522409349679947
    endloop
  endfacet
  facet normal 0 -0.313681740209826 -0.9495281806554954
    outer loop
      vertex 40.5 -5.805693544447422 20.861193284392357
      vertex 58.5 -5.805693544447422 20.861193284392357
      vertex 58.5 -6.737797066569328 21.16911869496107
    endloop
  endfacet
  facet normal 0 -0.2667127579213527 -0.9637760656718893
    outer loop
      vertex 40.5 -4.859603598713875 20.599374935030937
      vertex 58.5 -4.859603598713875 20.599374935030937
      vertex 58.5 -5.805693544447422 20.861193284392357
    endloop
  endfacet
  facet normal 0 -0.21910124097455688 -0.9757021298549108
    outer loop
      vertex 40.5 -3.9018064439296722 20.384294390678406
      vertex 58.5 -3.9018064439296722 20.384294390678406
      vertex 58.5 -4.859603598713875 20.599374935030937
    endloop
  endfacet
  facet normal 0 -0.17096188540465498 -0.9852776429712011
    outer loop
      vertex 40.5 -2.9346094876527786 20.216469801962376
      vertex 58.5 -2.9346094876527786 20.216469801962376
      vertex 58.5 -3.9018064439296722 20.384294390678406
    endloop
  endfacet
  facet normal 0 -0.12241067637422907 -0.9924795344537859
    outer loop
      vertex 40.5 -1.9603428095579147 20.09630546718836
      vertex 58.5 -1.9603428095579147 20.09630546718836
      vertex 58.5 -2.9346094876527786 20.216469801962376
    endloop
  endfacet
  facet normal 0 -0.0735645610297641 -0.9972904568682577
    outer loop
      vertex 40.5 -0.9813534840941429 20.024090878665447
      vertex 58.5 -0.9813534840941429 20.024090878665447
      vertex 58.5 -1.9603428095579147 20.09630546718836
    endloop
  endfacet
  facet normal 0 -0.02454123140320701 -0.999698818625497
    outer loop
      vertex 40.5 0 20
      vertex 58.5 0 20
      vertex 58.5 -0.9813534840941429 20.024090878665447
    endloop
  endfacet
  facet normal 1 0 0
    outer loop
      vertex 58.5 -5.805693544447422 20.861193284392357
      vertex 58.5 -4.859603598713875 20.599374935030937
      vertex 58.5 -3.644702695310116 25.449531204998493
    endloop
  endfacet
  facet normal 1 0 0
    outer loop
      vertex 58.5 -4.859603598713875 20.599374935030937
      vertex 58.5 -3.9018064439296722 20.384294390678406
      vertex 58.5 -2.926354832947254 25.288220793008804
    endloop
  endfacet
  facet normal 1 0 0
    outer loop
      vertex 58.5 -3.9018064439296722 20.384294390678406
      vertex 58.5 -2.9346094876527786 20.216469801962376
      vertex 58.5 -2.2009571194648743 25.162352353334427
    endloop
  endfacet
  facet normal 1 0 0
    outer loop
      vertex 58.5 -2.9346094876527786 20.216469801962376
      vertex 58.5 -1.9603428095579147 20.09630546718836
      vertex 58.5 -1.4702571034431458 25.072229102253914
    endloop
  endfacet
  facet normal 1 0 0
    outer loop
      vertex 58.5 -1.9603428095579147 20.09630546718836
      vertex 58.5 -0.9813534840941429 20.024090878665447
      vertex 58.5 -0.736015111207962 25.01806815713644
    endloop
  endfacet
  facet normal 1 0 0
    outer loop
      vertex 58.5 -0.9813534840941429 20.024090878665447
      vertex 58.5 0 20
      vertex 58.5 0 25
    endloop
  endfacet
  facet normal -1 0 0
    outer loop
      vertex 40.5 -12.865929149091244 32.288458839058876
      vertex 40.5 -17.154572196304798 29.717945113778114
      vertex 40.5 -17.638425290584564 30.572065263986588
    endloop
  endfacet
  facet normal -1 0 0
    outer loop
      vertex 40.5 -12.472044184803963 31.66644650697708
      vertex 40.5 -16.629392243921757 28.88859534263611
      vertex 40.5 -17.154572196304798 29.717945113778114
    endloop
  endfacet
  facet normal -1 0 0
    outer loop
      vertex 40.5 -13.228818967938423 32.92904894798994
      vertex 40.5 -17.638425290584564 30.572065263986588
      vertex 40.5 -18.079785861074924 31.448898129165173
    endloop
  endfacet
  facet normal -1 0 0
    outer loop
      vertex 40.5 -13.85819298774004 34.25974851101637
      vertex 40.5 -18.477590650320053 32.34633135050535
      vertex 40.5 -18.83088130503893 33.26220293343067
    endloop
  endfacet
  facet normal -1 0 0
    outer loop
      vertex 40.5 -13.559839397668839 33.586673595011234
      vertex 40.5 -18.079785861074924 31.448898129165173
      vertex 40.5 -18.477590650320053 32.34633135050535
    endloop
  endfacet
  facet normal -1 0 0
    outer loop
      vertex 40.5 -13.85819298774004 34.25974851101637
      vertex 40.5 -13.559839397668839 33.586673595011234
      vertex 40.5 -18.477590650320053 32.34633135050535
    endloop
  endfacet
  facet normal -1 0 0
    outer loop
      vertex 40.5 -11.114266879856586 29.926615677773952
      vertex 40.5 -14.819022506475449 26.568820901215076
      vertex 40.5 -15.46020906418562 27.312134318053722
    endloop
  endfacet
  facet normal -1 0 0
    outer loop
      vertex 40.5 -10.073384322226048 28.885733120143414
      vertex 40.5 -13.431179098784924 25.18097749352455
      vertex 40.5 -14.142135620117188 25.857864379882812
    endloop
  endfacet
  facet normal -1 0 0
    outer loop
      vertex 40.5 -10.60660171508789 29.39339828491211
      vertex 40.5 -14.142135620117188 25.857864379882812
      vertex 40.5 -14.819022506475449 26.568820901215076
    endloop
  endfacet
  facet normal -1 0 0
    outer loop
      vertex 40.5 -8.333553493022919 27.527955815196037
      vertex 40.5 -11.111404657363892 23.370607756078243
      vertex 40.5 -11.913986086845398 23.935849368572235
    endloop
  endfacet
  facet normal -1 0 0
    outer loop
      vertex 40.5 -9.515899263322353 28.40484319627285
      vertex 40.5 -12.687865681946278 24.53979093581438
      vertex 40.5 -13.431179098784924 25.18097749352455
    endloop
  endfacet
  facet normal -1 0 0
    outer loop
      vertex 40.5 -10.60660171508789 29.39339828491211
      vertex 40.5 -10.073384322226048 28.885733120143414
      vertex 40.5 -14.142135620117188 25.857864379882812
    endloop
  endfacet
  facet normal -1 0 0
    outer loop
      vertex 40.5 -8.935489565134048 27.951887026429176
      vertex 40.5 -11.913986086845398 23.935849368572235
      vertex 40.5 -12.687865681946278 24.53979093581438
    endloop
  endfacet
  facet normal -1 0 0
    outer loop
      vertex 40.5 -10.073384322226048 28.885733120143414
      vertex 40.5 -9.515899263322353 28.40484319627285
      vertex 40.5 -13.431179098784924 25.18097749352455
    endloop
  endfacet
  facet normal -1 0 0
    outer loop
      vertex 40.5 -9.515899263322353 28.40484319627285
      vertex 40.5 -8.935489565134048 27.951887026429176
      vertex 40.5 -12.687865681946278 24.53979093581438
    endloop
  endfacet
  facet normal -1 0 0
    outer loop
      vertex 40.5 -12.048112973570824 31.06451043486595
      vertex 40.5 -16.064150631427765 28.086013913154602
      vertex 40.5 -16.629392243921757 28.88859534263611
    endloop
  endfacet
  facet normal -1 0 0
    outer loop
      vertex 40.5 -11.59515680372715 30.484100736677647
      vertex 40.5 -15.46020906418562 27.312134318053722
      vertex 40.5 -16.064150631427765 28.086013913154602
    endloop
  endfacet
  facet normal -1 0 0
    outer loop
      vertex 40.5 -11.59515680372715 30.484100736677647
      vertex 40.5 -11.114266879856586 29.926615677773952
      vertex 40.5 -15.46020906418562 27.312134318053722
    endloop
  endfacet
  facet normal -1 0 0
    outer loop
      vertex 40.5 -12.048112973570824 31.06451043486595
      vertex 40.5 -11.59515680372715 30.484100736677647
      vertex 40.5 -16.064150631427765 28.086013913154602
    endloop
  endfacet
  facet normal -1 0 0
    outer loop
      vertex 40.5 -12.472044184803963 31.66644650697708
      vertex 40.5 -12.048112973570824 31.06451043486595
      vertex 40.5 -16.629392243921757 28.88859534263611
    endloop
  endfacet
  facet normal -1 0 0
    outer loop
      vertex 40.5 -13.228818967938423 32.92904894798994
      vertex 40.5 -12.865929149091244 32.288458839058876
      vertex 40.5 -17.638425290584564 30.572065263986588
    endloop
  endfacet
  facet normal -1 0 0
    outer loop
      vertex 40.5 -12.865929149091244 32.288458839058876
      vertex 40.5 -12.472044184803963 31.66644650697708
      vertex 40.5 -17.154572196304798 29.717945113778114
    endloop
  endfacet
  facet normal -1 0 0
    outer loop
      vertex 40.5 -13.559839397668839 33.586673595011234
      vertex 40.5 -13.228818967938423 32.92904894798994
      vertex 40.5 -18.079785861074924 31.448898129165173
    endloop
  endfacet
  facet normal -1 0 0
    outer loop
      vertex 40.5 -11.114266879856586 29.926615677773952
      vertex 40.5 -10.60660171508789 29.39339828491211
      vertex 40.5 -14.819022506475449 26.568820901215076
    endloop
  endfacet
  facet normal -1 0 0
    outer loop
      vertex 40.5 -14.354105032980442 35.64572983980179
      vertex 40.5 -19.138806715607643 34.19430645555258
      vertex 40.5 -19.400625064969063 35.140396401286125
    endloop
  endfacet
  facet normal -1 0 0
    outer loop
      vertex 40.5 -14.550468795001507 36.355297304689884
      vertex 40.5 -19.400625064969063 35.140396401286125
      vertex 40.5 -19.615705609321594 36.09819355607033
    endloop
  endfacet
  facet normal -1 0 0
    outer loop
      vertex 40.5 -14.837647646665573 37.799042880535126
      vertex 40.5 -19.783530198037624 37.06539051234722
      vertex 40.5 -19.90369453281164 38.039657190442085
    endloop
  endfacet
  facet normal -1 0 0
    outer loop
      vertex 40.5 -14.711779206991196 37.073645167052746
      vertex 40.5 -19.615705609321594 36.09819355607033
      vertex 40.5 -19.783530198037624 37.06539051234722
    endloop
  endfacet
  facet normal -1 0 0
    outer loop
      vertex 40.5 -14.927770897746086 38.529742896556854
      vertex 40.5 -19.90369453281164 38.039657190442085
      vertex 40.5 -19.975909121334553 39.01864651590586
    endloop
  endfacet
  facet normal -1 0 0
    outer loop
      vertex 40.5 -14.123160980641842 34.94665219634771
      vertex 40.5 -18.83088130503893 33.26220293343067
      vertex 40.5 -19.138806715607643 34.19430645555258
    endloop
  endfacet
  facet normal -1 0 0
    outer loop
      vertex 40.5 -14.711779206991196 37.073645167052746
      vertex 40.5 -14.550468795001507 36.355297304689884
      vertex 40.5 -19.615705609321594 36.09819355607033
    endloop
  endfacet
  facet normal -1 0 0
    outer loop
      vertex 40.5 -14.354105032980442 35.64572983980179
      vertex 40.5 -14.123160980641842 34.94665219634771
      vertex 40.5 -19.138806715607643 34.19430645555258
    endloop
  endfacet
  facet normal -1 0 0
    outer loop
      vertex 40.5 -14.123160980641842 34.94665219634771
      vertex 40.5 -13.85819298774004 34.25974851101637
      vertex 40.5 -18.83088130503893 33.26220293343067
    endloop
  endfacet
  facet normal -1 0 0
    outer loop
      vertex 40.5 -14.550468795001507 36.355297304689884
      vertex 40.5 -14.354105032980442 35.64572983980179
      vertex 40.5 -19.400625064969063 35.140396401286125
    endloop
  endfacet
  facet normal -1 0 0
    outer loop
      vertex 40.5 -14.837647646665573 37.799042880535126
      vertex 40.5 -14.711779206991196 37.073645167052746
      vertex 40.5 -19.783530198037624 37.06539051234722
    endloop
  endfacet
  facet normal -1 0 0
    outer loop
      vertex 40.5 -14.927770897746086 38.529742896556854
      vertex 40.5 -14.837647646665573 37.799042880535126
      vertex 40.5 -19.90369453281164 38.039657190442085
    endloop
  endfacet
  facet normal -1 0 0
    outer loop
      vertex 40.5 -14.98193184286356 39.26398488879204
      vertex 40.5 -14.927770897746086 38.529742896556854
      vertex 40.5 -19.975909121334553 39.01864651590586
    endloop
  endfacet
  facet normal -1 0 0
    outer loop
      vertex 40.5 -15 39.79999999701977
      vertex 40.5 -14.98193184286356 39.26398488879204
      vertex 40.5 -19.975909121334553 39.01864651590586
    endloop
  endfacet
  facet normal -1 0 0
    outer loop
      vertex 40.5 -15 39.79999999701977
      vertex 40.5 -19.975909121334553 39.01864651590586
      vertex 40.5 -20 40
    endloop
  endfacet
  facet normal -1 0 0
    outer loop
      vertex 40.5 -15 39.79999999701977
      vertex 40.5 -20 40
      vertex 40.5 -19.361772142350674 45
    endloop
  endfacet
  facet normal -1 0 0
    outer loop
      vertex 40.5 -20 40
      vertex 40.5 -20 45
      vertex 40.5 -19.361772142350674 45
    endloop
  endfacet
  facet normal -1 0 0
    outer loop
      vertex 40.5 -15 45
      vertex 40.5 -15 39.79999999701977
      vertex 40.5 -19.361772142350674 45
    endloop
  endfacet
  facet normal -1 0 0
    outer loop
      vertex 40.5 -15 39.79999999701977
      vertex 40.5 -14.995090268552303 39.79999999701977
      vertex 40.5 -14.98193184286356 39.26398488879204
    endloop
  endfacet
  facet normal -1 0 0
    outer loop
      vertex 40.5 -7.711541160941124 27.134070850908756
      vertex 40.5 -10.282054886221886 22.845427803695202
      vertex 40.5 -11.111404657363892 23.370607756078243
    endloop
  endfacet
  facet normal -1 0 0
    outer loop
      vertex 40.5 -7.070951052010059 26.771181032061577
      vertex 40.5 -9.427934736013412 22.361574709415436
      vertex 40.5 -10.282054886221886 22.845427803695202
    endloop
  endfacet
  facet normal -1 0 0
    outer loop
      vertex 40.5 -6.413326404988766 26.44016060233116
      vertex 40.5 -8.551101870834827 21.920214138925076
      vertex 40.5 -9.427934736013412 22.361574709415436
    endloop
  endfacet
  facet normal -1 0 0
    outer loop
      vertex 40.5 -7.070951052010059 26.771181032061577
      vertex 40.5 -6.413326404988766 26.44016060233116
      vertex 40.5 -9.427934736013412 22.361574709415436
    endloop
  endfacet
  facet normal -1 0 0
    outer loop
      vertex 40.5 -8.935489565134048 27.951887026429176
      vertex 40.5 -8.333553493022919 27.527955815196037
      vertex 40.5 -11.913986086845398 23.935849368572235
    endloop
  endfacet
  facet normal -1 0 0
    outer loop
      vertex 40.5 -8.333553493022919 27.527955815196037
      vertex 40.5 -7.711541160941124 27.134070850908756
      vertex 40.5 -11.111404657363892 23.370607756078243
    endloop
  endfacet
  facet normal -1 0 0
    outer loop
      vertex 40.5 -7.711541160941124 27.134070850908756
      vertex 40.5 -7.070951052010059 26.771181032061577
      vertex 40.5 -10.282054886221886 22.845427803695202
    endloop
  endfacet
  facet normal -1 0 0
    outer loop
      vertex 40.5 -5.740251488983631 26.14180701225996
      vertex 40.5 -7.653668649494648 21.522409349679947
      vertex 40.5 -8.551101870834827 21.920214138925076
    endloop
  endfacet
  facet normal -1 0 0
    outer loop
      vertex 40.5 -5.0533478036522865 25.876839019358158
      vertex 40.5 -6.737797066569328 21.16911869496107
      vertex 40.5 -7.653668649494648 21.522409349679947
    endloop
  endfacet
  facet normal -1 0 0
    outer loop
      vertex 40.5 -6.413326404988766 26.44016060233116
      vertex 40.5 -5.740251488983631 26.14180701225996
      vertex 40.5 -8.551101870834827 21.920214138925076
    endloop
  endfacet
  facet normal -1 0 0
    outer loop
      vertex 40.5 -4.354270160198212 25.645894967019558
      vertex 40.5 -5.805693544447422 20.861193284392357
      vertex 40.5 -6.737797066569328 21.16911869496107
    endloop
  endfacet
  facet normal -1 0 0
    outer loop
      vertex 40.5 -5.740251488983631 26.14180701225996
      vertex 40.5 -5.0533478036522865 25.876839019358158
      vertex 40.5 -7.653668649494648 21.522409349679947
    endloop
  endfacet
  facet normal -1 0 0
    outer loop
      vertex 40.5 -5.0533478036522865 25.876839019358158
      vertex 40.5 -4.354270160198212 25.645894967019558
      vertex 40.5 -6.737797066569328 21.16911869496107
    endloop
  endfacet
  facet normal -1 0 0
    outer loop
      vertex 40.5 -3.644702695310116 25.449531204998493
      vertex 40.5 -2.926354832947254 25.288220793008804
      vertex 40.5 -4.859603598713875 20.599374935030937
    endloop
  endfacet
  facet normal -1 0 0
    outer loop
      vertex 40.5 -4.354270160198212 25.645894967019558
      vertex 40.5 -3.644702695310116 25.449531204998493
      vertex 40.5 -5.805693544447422 20.861193284392357
    endloop
  endfacet
  facet normal -1 0 0
    outer loop
      vertex 40.5 -2.926354832947254 25.288220793008804
      vertex 40.5 -2.2009571194648743 25.162352353334427
      vertex 40.5 -3.9018064439296722 20.384294390678406
    endloop
  endfacet
  facet normal -1 0 0
    outer loop
      vertex 40.5 -2.2009571194648743 25.162352353334427
      vertex 40.5 -1.4702571034431458 25.072229102253914
      vertex 40.5 -2.9346094876527786 20.216469801962376
    endloop
  endfacet
  facet normal -1 0 0
    outer loop
      vertex 40.5 -1.4702571034431458 25.072229102253914
      vertex 40.5 -0.736015111207962 25.01806815713644
      vertex 40.5 -1.9603428095579147 20.09630546718836
    endloop
  endfacet
  facet normal -1 0 0
    outer loop
      vertex 40.5 -0.736015111207962 25.01806815713644
      vertex 40.5 0 25
      vertex 40.5 -0.9813534840941429 20.024090878665447
    endloop
  endfacet
  facet normal 0 -0.7883464258600014 -0.6152315928443219
    outer loop
      vertex 40.5 -15.46020906418562 27.312134318053722
      vertex 58.5 -16.064150631427765 28.086013913154602
      vertex 40.5 -16.064150631427765 28.086013913154602
    endloop
  endfacet
  facet normal 0 -0.7572088491167842 -0.6531728399277139
    outer loop
      vertex 40.5 -14.819022506475449 26.568820901215076
      vertex 58.5 -15.46020906418562 27.312134318053722
      vertex 40.5 -15.46020906418562 27.312134318053722
    endloop
  endfacet
  facet normal 0 -0.9142097551479376 -0.4052413152583876
    outer loop
      vertex 40.5 -18.079785861074924 31.448898129165173
      vertex 58.5 -18.477590650320053 32.34633135050535
      vertex 40.5 -18.477590650320053 32.34633135050535
    endloop
  endfacet
  facet normal 0 -0.893224302682372 -0.44961132670072995
    outer loop
      vertex 40.5 -17.638425290584564 30.572065263986588
      vertex 58.5 -18.079785861074924 31.448898129165173
      vertex 40.5 -18.079785861074924 31.448898129165173
    endloop
  endfacet
  facet normal 0 -0.9329927988530494 -0.3598950364875197
    outer loop
      vertex 40.5 -18.477590650320053 32.34633135050535
      vertex 58.5 -18.83088130503893 33.26220293343067
      vertex 40.5 -18.83088130503893 33.26220293343067
    endloop
  endfacet
  facet normal 0 -0.8448535644029957 -0.5349976212242004
    outer loop
      vertex 40.5 -16.629392243921757 28.88859534263611
      vertex 58.5 -17.154572196304798 29.717945113778114
      vertex 40.5 -17.154572196304798 29.717945113778114
    endloop
  endfacet
  facet normal 0 -0.8175848150514297 -0.5758081887202712
    outer loop
      vertex 40.5 -16.064150631427765 28.086013913154602
      vertex 58.5 -16.629392243921757 28.88859534263611
      vertex 40.5 -16.629392243921757 28.88859534263611
    endloop
  endfacet
  facet normal 0 -0.8700869886203763 -0.49289819662230966
    outer loop
      vertex 40.5 -17.154572196304798 29.717945113778114
      vertex 58.5 -17.638425290584564 30.572065263986588
      vertex 40.5 -17.638425290584564 30.572065263986588
    endloop
  endfacet
  facet normal 0 -0.6531728399277139 -0.7572088491167842
    outer loop
      vertex 40.5 -12.687865681946278 24.53979093581438
      vertex 58.5 -13.431179098784924 25.18097749352455
      vertex 40.5 -13.431179098784924 25.18097749352455
    endloop
  endfacet
  facet normal 0 -0.7242470787865777 -0.6895405491115867
    outer loop
      vertex 40.5 -14.142135620117188 25.857864379882812
      vertex 58.5 -14.819022506475449 26.568820901215076
      vertex 40.5 -14.819022506475449 26.568820901215076
    endloop
  endfacet
  facet normal 0 -0.6895405491115867 -0.7242470787865777
    outer loop
      vertex 40.5 -13.431179098784924 25.18097749352455
      vertex 58.5 -14.142135620117188 25.857864379882812
      vertex 40.5 -14.142135620117188 25.857864379882812
    endloop
  endfacet
  facet normal 0 -0.5758081887202712 -0.8175848150514297
    outer loop
      vertex 40.5 -11.111404657363892 23.370607756078243
      vertex 58.5 -11.913986086845398 23.935849368572235
      vertex 40.5 -11.913986086845398 23.935849368572235
    endloop
  endfacet
  facet normal 0 -0.6152315928443219 -0.7883464258600014
    outer loop
      vertex 40.5 -11.913986086845398 23.935849368572235
      vertex 58.5 -12.687865681946278 24.53979093581438
      vertex 40.5 -12.687865681946278 24.53979093581438
    endloop
  endfacet
  facet normal 0 -0.5349976212242004 -0.8448535644029957
    outer loop
      vertex 40.5 -10.282054886221886 22.845427803695202
      vertex 58.5 -11.111404657363892 23.370607756078243
      vertex 40.5 -11.111404657363892 23.370607756078243
    endloop
  endfacet
  facet normal 0 0.8448535658512549 0.5349976189371493
    outer loop
      vertex 40.5 -12.865929149091244 32.288458839058876
      vertex 58.5 -12.865929149091244 32.288458839058876
      vertex 40.5 -12.472044184803963 31.66644650697708
    endloop
  endfacet
  facet normal 0 0.893224301154902 0.4496113297352916
    outer loop
      vertex 40.5 -13.559839397668839 33.586673595011234
      vertex 58.5 -13.559839397668839 33.586673595011234
      vertex 40.5 -13.228818967938423 32.92904894798994
    endloop
  endfacet
  facet normal 0 0.8700869884760856 0.49289819687701847
    outer loop
      vertex 40.5 -13.228818967938423 32.92904894798994
      vertex 58.5 -13.228818967938423 32.92904894798994
      vertex 40.5 -12.865929149091244 32.288458839058876
    endloop
  endfacet
  facet normal 0 0.788346430498815 0.6152315869002314
    outer loop
      vertex 40.5 -12.048112973570824 31.06451043486595
      vertex 58.5 -12.048112973570824 31.06451043486595
      vertex 40.5 -11.59515680372715 30.484100736677647
    endloop
  endfacet
  facet normal 0 0.7572088432041958 0.6531728467820472
    outer loop
      vertex 40.5 -11.59515680372715 30.484100736677647
      vertex 58.5 -11.59515680372715 30.484100736677647
      vertex 40.5 -11.114266879856586 29.926615677773952
    endloop
  endfacet
  facet normal 0 0.6895405478481337 0.7242470799894851
    outer loop
      vertex 40.5 -10.60660171508789 29.39339828491211
      vertex 58.5 -10.60660171508789 29.39339828491211
      vertex 40.5 -10.073384322226048 28.885733120143414
    endloop
  endfacet
  facet normal 0 0.7242470799894851 0.6895405478481337
    outer loop
      vertex 40.5 -11.114266879856586 29.926615677773952
      vertex 58.5 -11.114266879856586 29.926615677773952
      vertex 40.5 -10.60660171508789 29.39339828491211
    endloop
  endfacet
  facet normal 0 0.8175848138603983 0.5758081904114059
    outer loop
      vertex 40.5 -12.472044184803963 31.66644650697708
      vertex 58.5 -12.472044184803963 31.66644650697708
      vertex 40.5 -12.048112973570824 31.06451043486595
    endloop
  endfacet
  facet normal 0 -0.7883464258600014 -0.6152315928443219
    outer loop
      vertex 40.5 -15.46020906418562 27.312134318053722
      vertex 58.5 -15.46020906418562 27.312134318053722
      vertex 58.5 -16.064150631427765 28.086013913154602
    endloop
  endfacet
  facet normal 0 -0.7572088491167842 -0.6531728399277139
    outer loop
      vertex 40.5 -14.819022506475449 26.568820901215076
      vertex 58.5 -14.819022506475449 26.568820901215076
      vertex 58.5 -15.46020906418562 27.312134318053722
    endloop
  endfacet
  facet normal 0 -0.893224302682372 -0.44961132670072995
    outer loop
      vertex 40.5 -17.638425290584564 30.572065263986588
      vertex 58.5 -17.638425290584564 30.572065263986588
      vertex 58.5 -18.079785861074924 31.448898129165173
    endloop
  endfacet
  facet normal 0 -0.9495281806554954 -0.313681740209826
    outer loop
      vertex 40.5 -18.83088130503893 33.26220293343067
      vertex 58.5 -18.83088130503893 33.26220293343067
      vertex 58.5 -19.138806715607643 34.19430645555258
    endloop
  endfacet
  facet normal 0 -0.9142097551479376 -0.4052413152583876
    outer loop
      vertex 40.5 -18.079785861074924 31.448898129165173
      vertex 58.5 -18.079785861074924 31.448898129165173
      vertex 58.5 -18.477590650320053 32.34633135050535
    endloop
  endfacet
  facet normal 0 -0.9329927988530494 -0.3598950364875197
    outer loop
      vertex 40.5 -18.477590650320053 32.34633135050535
      vertex 58.5 -18.477590650320053 32.34633135050535
      vertex 58.5 -18.83088130503893 33.26220293343067
    endloop
  endfacet
  facet normal 0 -0.8175848150514297 -0.5758081887202712
    outer loop
      vertex 40.5 -16.064150631427765 28.086013913154602
      vertex 58.5 -16.064150631427765 28.086013913154602
      vertex 58.5 -16.629392243921757 28.88859534263611
    endloop
  endfacet
  facet normal 0 -0.8448535644029957 -0.5349976212242004
    outer loop
      vertex 40.5 -16.629392243921757 28.88859534263611
      vertex 58.5 -16.629392243921757 28.88859534263611
      vertex 58.5 -17.154572196304798 29.717945113778114
    endloop
  endfacet
  facet normal 0 -0.8700869886203763 -0.49289819662230966
    outer loop
      vertex 40.5 -17.154572196304798 29.717945113778114
      vertex 58.5 -17.154572196304798 29.717945113778114
      vertex 58.5 -17.638425290584564 30.572065263986588
    endloop
  endfacet
  facet normal 1 0 0
    outer loop
      vertex 58.5 -17.638425290584564 30.572065263986588
      vertex 58.5 -17.154572196304798 29.717945113778114
      vertex 58.5 -12.865929149091244 32.288458839058876
    endloop
  endfacet
  facet normal 1 0 0
    outer loop
      vertex 58.5 -17.154572196304798 29.717945113778114
      vertex 58.5 -16.629392243921757 28.88859534263611
      vertex 58.5 -12.472044184803963 31.66644650697708
    endloop
  endfacet
  facet normal 1 0 0
    outer loop
      vertex 58.5 -18.079785861074924 31.448898129165173
      vertex 58.5 -17.638425290584564 30.572065263986588
      vertex 58.5 -13.228818967938423 32.92904894798994
    endloop
  endfacet
  facet normal 1 0 0
    outer loop
      vertex 58.5 -18.83088130503893 33.26220293343067
      vertex 58.5 -18.477590650320053 32.34633135050535
      vertex 58.5 -13.85819298774004 34.25974851101637
    endloop
  endfacet
  facet normal 1 0 0
    outer loop
      vertex 58.5 -18.477590650320053 32.34633135050535
      vertex 58.5 -18.079785861074924 31.448898129165173
      vertex 58.5 -13.559839397668839 33.586673595011234
    endloop
  endfacet
  facet normal 1 0 0
    outer loop
      vertex 58.5 -18.477590650320053 32.34633135050535
      vertex 58.5 -13.559839397668839 33.586673595011234
      vertex 58.5 -13.85819298774004 34.25974851101637
    endloop
  endfacet
  facet normal 0 -0.6531728399277139 -0.7572088491167842
    outer loop
      vertex 40.5 -12.687865681946278 24.53979093581438
      vertex 58.5 -12.687865681946278 24.53979093581438
      vertex 58.5 -13.431179098784924 25.18097749352455
    endloop
  endfacet
  facet normal 0 -0.7242470787865777 -0.6895405491115867
    outer loop
      vertex 40.5 -14.142135620117188 25.857864379882812
      vertex 58.5 -14.142135620117188 25.857864379882812
      vertex 58.5 -14.819022506475449 26.568820901215076
    endloop
  endfacet
  facet normal 0 -0.6895405491115867 -0.7242470787865777
    outer loop
      vertex 40.5 -13.431179098784924 25.18097749352455
      vertex 58.5 -13.431179098784924 25.18097749352455
      vertex 58.5 -14.142135620117188 25.857864379882812
    endloop
  endfacet
  facet normal 0 -0.5758081887202712 -0.8175848150514297
    outer loop
      vertex 40.5 -11.111404657363892 23.370607756078243
      vertex 58.5 -11.111404657363892 23.370607756078243
      vertex 58.5 -11.913986086845398 23.935849368572235
    endloop
  endfacet
  facet normal 0 -0.6152315928443219 -0.7883464258600014
    outer loop
      vertex 40.5 -11.913986086845398 23.935849368572235
      vertex 58.5 -11.913986086845398 23.935849368572235
      vertex 58.5 -12.687865681946278 24.53979093581438
    endloop
  endfacet
  facet normal 0 -0.5349976212242004 -0.8448535644029957
    outer loop
      vertex 40.5 -10.282054886221886 22.845427803695202
      vertex 58.5 -10.282054886221886 22.845427803695202
      vertex 58.5 -11.111404657363892 23.370607756078243
    endloop
  endfacet
  facet normal 1 0 0
    outer loop
      vertex 58.5 -15.46020906418562 27.312134318053722
      vertex 58.5 -14.819022506475449 26.568820901215076
      vertex 58.5 -11.114266879856586 29.926615677773952
    endloop
  endfacet
  facet normal 1 0 0
    outer loop
      vertex 58.5 -14.142135620117188 25.857864379882812
      vertex 58.5 -13.431179098784924 25.18097749352455
      vertex 58.5 -10.073384322226048 28.885733120143414
    endloop
  endfacet
  facet normal 1 0 0
    outer loop
      vertex 58.5 -14.819022506475449 26.568820901215076
      vertex 58.5 -14.142135620117188 25.857864379882812
      vertex 58.5 -10.60660171508789 29.39339828491211
    endloop
  endfacet
  facet normal 1 0 0
    outer loop
      vertex 58.5 -11.913986086845398 23.935849368572235
      vertex 58.5 -11.111404657363892 23.370607756078243
      vertex 58.5 -8.333553493022919 27.527955815196037
    endloop
  endfacet
  facet normal 1 0 0
    outer loop
      vertex 58.5 -13.431179098784924 25.18097749352455
      vertex 58.5 -12.687865681946278 24.53979093581438
      vertex 58.5 -9.515899263322353 28.40484319627285
    endloop
  endfacet
  facet normal 1 0 0
    outer loop
      vertex 58.5 -14.142135620117188 25.857864379882812
      vertex 58.5 -10.073384322226048 28.885733120143414
      vertex 58.5 -10.60660171508789 29.39339828491211
    endloop
  endfacet
  facet normal 1 0 0
    outer loop
      vertex 58.5 -12.687865681946278 24.53979093581438
      vertex 58.5 -11.913986086845398 23.935849368572235
      vertex 58.5 -8.935489565134048 27.951887026429176
    endloop
  endfacet
  facet normal 1 0 0
    outer loop
      vertex 58.5 -13.431179098784924 25.18097749352455
      vertex 58.5 -9.515899263322353 28.40484319627285
      vertex 58.5 -10.073384322226048 28.885733120143414
    endloop
  endfacet
  facet normal 1 0 0
    outer loop
      vertex 58.5 -12.687865681946278 24.53979093581438
      vertex 58.5 -8.935489565134048 27.951887026429176
      vertex 58.5 -9.515899263322353 28.40484319627285
    endloop
  endfacet
  facet normal 0 0.8448535658512549 0.5349976189371493
    outer loop
      vertex 58.5 -12.472044184803963 31.66644650697708
      vertex 40.5 -12.472044184803963 31.66644650697708
      vertex 58.5 -12.865929149091244 32.288458839058876
    endloop
  endfacet
  facet normal 0 0.893224301154902 0.4496113297352916
    outer loop
      vertex 58.5 -13.228818967938423 32.92904894798994
      vertex 40.5 -13.228818967938423 32.92904894798994
      vertex 58.5 -13.559839397668839 33.586673595011234
    endloop
  endfacet
  facet normal 0 0.8700869884760856 0.49289819687701847
    outer loop
      vertex 58.5 -12.865929149091244 32.288458839058876
      vertex 40.5 -12.865929149091244 32.288458839058876
      vertex 58.5 -13.228818967938423 32.92904894798994
    endloop
  endfacet
  facet normal 0 0.7572088432041958 0.6531728467820472
    outer loop
      vertex 58.5 -11.114266879856586 29.926615677773952
      vertex 40.5 -11.114266879856586 29.926615677773952
      vertex 58.5 -11.59515680372715 30.484100736677647
    endloop
  endfacet
  facet normal 0 0.788346430498815 0.6152315869002314
    outer loop
      vertex 58.5 -11.59515680372715 30.484100736677647
      vertex 40.5 -11.59515680372715 30.484100736677647
      vertex 58.5 -12.048112973570824 31.06451043486595
    endloop
  endfacet
  facet normal 0 0.6895405478481337 0.7242470799894851
    outer loop
      vertex 58.5 -10.073384322226048 28.885733120143414
      vertex 40.5 -10.073384322226048 28.885733120143414
      vertex 58.5 -10.60660171508789 29.39339828491211
    endloop
  endfacet
  facet normal 0 0.7242470799894851 0.6895405478481337
    outer loop
      vertex 58.5 -10.60660171508789 29.39339828491211
      vertex 40.5 -10.60660171508789 29.39339828491211
      vertex 58.5 -11.114266879856586 29.926615677773952
    endloop
  endfacet
  facet normal 0 0.8175848138603983 0.5758081904114059
    outer loop
      vertex 58.5 -12.048112973570824 31.06451043486595
      vertex 40.5 -12.048112973570824 31.06451043486595
      vertex 58.5 -12.472044184803963 31.66644650697708
    endloop
  endfacet
  facet normal 1 0 0
    outer loop
      vertex 58.5 -16.629392243921757 28.88859534263611
      vertex 58.5 -16.064150631427765 28.086013913154602
      vertex 58.5 -12.048112973570824 31.06451043486595
    endloop
  endfacet
  facet normal 1 0 0
    outer loop
      vertex 58.5 -16.064150631427765 28.086013913154602
      vertex 58.5 -15.46020906418562 27.312134318053722
      vertex 58.5 -11.59515680372715 30.484100736677647
    endloop
  endfacet
  facet normal 1 0 0
    outer loop
      vertex 58.5 -15.46020906418562 27.312134318053722
      vertex 58.5 -11.114266879856586 29.926615677773952
      vertex 58.5 -11.59515680372715 30.484100736677647
    endloop
  endfacet
  facet normal 1 0 0
    outer loop
      vertex 58.5 -16.064150631427765 28.086013913154602
      vertex 58.5 -11.59515680372715 30.484100736677647
      vertex 58.5 -12.048112973570824 31.06451043486595
    endloop
  endfacet
  facet normal 1 0 0
    outer loop
      vertex 58.5 -16.629392243921757 28.88859534263611
      vertex 58.5 -12.048112973570824 31.06451043486595
      vertex 58.5 -12.472044184803963 31.66644650697708
    endloop
  endfacet
  facet normal 1 0 0
    outer loop
      vertex 58.5 -17.638425290584564 30.572065263986588
      vertex 58.5 -12.865929149091244 32.288458839058876
      vertex 58.5 -13.228818967938423 32.92904894798994
    endloop
  endfacet
  facet normal 1 0 0
    outer loop
      vertex 58.5 -17.154572196304798 29.717945113778114
      vertex 58.5 -12.472044184803963 31.66644650697708
      vertex 58.5 -12.865929149091244 32.288458839058876
    endloop
  endfacet
  facet normal 1 0 0
    outer loop
      vertex 58.5 -18.079785861074924 31.448898129165173
      vertex 58.5 -13.228818967938423 32.92904894798994
      vertex 58.5 -13.559839397668839 33.586673595011234
    endloop
  endfacet
  facet normal 1 0 0
    outer loop
      vertex 58.5 -14.819022506475449 26.568820901215076
      vertex 58.5 -10.60660171508789 29.39339828491211
      vertex 58.5 -11.114266879856586 29.926615677773952
    endloop
  endfacet
  facet normal 0 -0.9495281806554954 -0.313681740209826
    outer loop
      vertex 40.5 -18.83088130503893 33.26220293343067
      vertex 58.5 -19.138806715607643 34.19430645555258
      vertex 40.5 -19.138806715607643 34.19430645555258
    endloop
  endfacet
  facet normal 0 -0.9637760656718893 -0.2667127579213527
    outer loop
      vertex 40.5 -19.138806715607643 34.19430645555258
      vertex 58.5 -19.400625064969063 35.140396401286125
      vertex 40.5 -19.400625064969063 35.140396401286125
    endloop
  endfacet
  facet normal 0 -0.9757021298549108 -0.21910124097455688
    outer loop
      vertex 40.5 -19.400625064969063 35.140396401286125
      vertex 58.5 -19.615705609321594 36.09819355607033
      vertex 40.5 -19.615705609321594 36.09819355607033
    endloop
  endfacet
  facet normal 0 -0.9852776429712011 -0.17096188540465498
    outer loop
      vertex 40.5 -19.615705609321594 36.09819355607033
      vertex 58.5 -19.783530198037624 37.06539051234722
      vertex 40.5 -19.783530198037624 37.06539051234722
    endloop
  endfacet
  facet normal 0 -0.9924795344537859 -0.12241067637422907
    outer loop
      vertex 40.5 -19.783530198037624 37.06539051234722
      vertex 58.5 -19.90369453281164 38.039657190442085
      vertex 40.5 -19.90369453281164 38.039657190442085
    endloop
  endfacet
  facet normal 0 -0.9972904568682577 -0.0735645610297641
    outer loop
      vertex 40.5 -19.90369453281164 38.039657190442085
      vertex 58.5 -19.975909121334553 39.01864651590586
      vertex 40.5 -19.975909121334553 39.01864651590586
    endloop
  endfacet
  facet normal 0 -0.999698818625497 -0.02454123140320701
    outer loop
      vertex 40.5 -19.975909121334553 39.01864651590586
      vertex 58.5 -20 40
      vertex 40.5 -20 40
    endloop
  endfacet
  facet normal 0 -1 0
    outer loop
      vertex 40.5 -20 40
      vertex 58.5 -20 45
      vertex 40.5 -20 45
    endloop
  endfacet
  facet normal 0 0.9142097560852237 0.4052413131439042
    outer loop
      vertex 40.5 -13.85819298774004 34.25974851101637
      vertex 58.5 -13.85819298774004 34.25974851101637
      vertex 40.5 -13.559839397668839 33.586673595011234
    endloop
  endfacet
  facet normal 0 0.9329927976758522 0.3598950395392891
    outer loop
      vertex 40.5 -14.123160980641842 34.94665219634771
      vertex 58.5 -14.123160980641842 34.94665219634771
      vertex 40.5 -13.85819298774004 34.25974851101637
    endloop
  endfacet
  facet normal 0 0.9637760662117993 0.2667127559703685
    outer loop
      vertex 40.5 -14.550468795001507 36.355297304689884
      vertex 58.5 -14.550468795001507 36.355297304689884
      vertex 40.5 -14.354105032980442 35.64572983980179
    endloop
  endfacet
  facet normal 0 0.9495281831650708 0.31368173261323284
    outer loop
      vertex 40.5 -14.354105032980442 35.64572983980179
      vertex 58.5 -14.354105032980442 35.64572983980179
      vertex 40.5 -14.123160980641842 34.94665219634771
    endloop
  endfacet
  facet normal 0 0.9757021285303136 0.21910124687325624
    outer loop
      vertex 40.5 -14.711779206991196 37.073645167052746
      vertex 58.5 -14.711779206991196 37.073645167052746
      vertex 40.5 -14.550468795001507 36.355297304689884
    endloop
  endfacet
  facet normal 0 0.9852776432494681 0.1709618838009624
    outer loop
      vertex 40.5 -14.837647646665573 37.799042880535126
      vertex 58.5 -14.837647646665573 37.799042880535126
      vertex 40.5 -14.711779206991196 37.073645167052746
    endloop
  endfacet
  facet normal 0 0.9924795346054252 0.12241067514477189
    outer loop
      vertex 40.5 -14.927770897746086 38.529742896556854
      vertex 58.5 -14.927770897746086 38.529742896556854
      vertex 40.5 -14.837647646665573 37.799042880535126
    endloop
  endfacet
  facet normal 0 0.9972904564833448 0.07356456624789917
    outer loop
      vertex 40.5 -14.98193184286356 39.26398488879204
      vertex 58.5 -14.98193184286356 39.26398488879204
      vertex 40.5 -14.927770897746086 38.529742896556854
    endloop
  endfacet
  facet normal 0 0.9996988190003882 0.024541216131826964
    outer loop
      vertex 40.5 -14.995090268552303 39.79999999701977
      vertex 58.5 -14.995090268552303 39.79999999701977
      vertex 40.5 -14.98193184286356 39.26398488879204
    endloop
  endfacet
  facet normal 0 0 1
    outer loop
      vertex 40.5 -15 39.79999999701977
      vertex 58.5 -15 39.79999999701977
      vertex 40.5 -14.995090268552303 39.79999999701977
    endloop
  endfacet
  facet normal 0 1 0
    outer loop
      vertex 40.5 -15 45
      vertex 58.5 -15 45
      vertex 40.5 -15 39.79999999701977
    endloop
  endfacet
  facet normal 0 -0.9637760656718893 -0.2667127579213527
    outer loop
      vertex 40.5 -19.138806715607643 34.19430645555258
      vertex 58.5 -19.138806715607643 34.19430645555258
      vertex 58.5 -19.400625064969063 35.140396401286125
    endloop
  endfacet
  facet normal 0 -0.9757021298549108 -0.21910124097455688
    outer loop
      vertex 40.5 -19.400625064969063 35.140396401286125
      vertex 58.5 -19.400625064969063 35.140396401286125
      vertex 58.5 -19.615705609321594 36.09819355607033
    endloop
  endfacet
  facet normal 0 -0.9852776429712011 -0.17096188540465498
    outer loop
      vertex 40.5 -19.615705609321594 36.09819355607033
      vertex 58.5 -19.615705609321594 36.09819355607033
      vertex 58.5 -19.783530198037624 37.06539051234722
    endloop
  endfacet
  facet normal 0 -0.9924795344537859 -0.12241067637422907
    outer loop
      vertex 40.5 -19.783530198037624 37.06539051234722
      vertex 58.5 -19.783530198037624 37.06539051234722
      vertex 58.5 -19.90369453281164 38.039657190442085
    endloop
  endfacet
  facet normal 0 -0.9972904568682577 -0.0735645610297641
    outer loop
      vertex 40.5 -19.90369453281164 38.039657190442085
      vertex 58.5 -19.90369453281164 38.039657190442085
      vertex 58.5 -19.975909121334553 39.01864651590586
    endloop
  endfacet
  facet normal 0 -0.999698818625497 -0.02454123140320701
    outer loop
      vertex 40.5 -19.975909121334553 39.01864651590586
      vertex 58.5 -19.975909121334553 39.01864651590586
      vertex 58.5 -20 40
    endloop
  endfacet
  facet normal 1 0 0
    outer loop
      vertex 58.5 -19.400625064969063 35.140396401286125
      vertex 58.5 -19.138806715607643 34.19430645555258
      vertex 58.5 -14.354105032980442 35.64572983980179
    endloop
  endfacet
  facet normal 1 0 0
    outer loop
      vertex 58.5 -19.615705609321594 36.09819355607033
      vertex 58.5 -19.400625064969063 35.140396401286125
      vertex 58.5 -14.550468795001507 36.355297304689884
    endloop
  endfacet
  facet normal 1 0 0
    outer loop
      vertex 58.5 -19.90369453281164 38.039657190442085
      vertex 58.5 -19.783530198037624 37.06539051234722
      vertex 58.5 -14.837647646665573 37.799042880535126
    endloop
  endfacet
  facet normal 1 0 0
    outer loop
      vertex 58.5 -19.783530198037624 37.06539051234722
      vertex 58.5 -19.615705609321594 36.09819355607033
      vertex 58.5 -14.711779206991196 37.073645167052746
    endloop
  endfacet
  facet normal 1 0 0
    outer loop
      vertex 58.5 -19.975909121334553 39.01864651590586
      vertex 58.5 -19.90369453281164 38.039657190442085
      vertex 58.5 -14.927770897746086 38.529742896556854
    endloop
  endfacet
  facet normal 1 0 0
    outer loop
      vertex 58.5 -19.138806715607643 34.19430645555258
      vertex 58.5 -18.83088130503893 33.26220293343067
      vertex 58.5 -14.123160980641842 34.94665219634771
    endloop
  endfacet
  facet normal 1 0 0
    outer loop
      vertex 58.5 -19.615705609321594 36.09819355607033
      vertex 58.5 -14.550468795001507 36.355297304689884
      vertex 58.5 -14.711779206991196 37.073645167052746
    endloop
  endfacet
  facet normal 1 0 0
    outer loop
      vertex 58.5 -19.138806715607643 34.19430645555258
      vertex 58.5 -14.123160980641842 34.94665219634771
      vertex 58.5 -14.354105032980442 35.64572983980179
    endloop
  endfacet
  facet normal 1 0 0
    outer loop
      vertex 58.5 -18.83088130503893 33.26220293343067
      vertex 58.5 -13.85819298774004 34.25974851101637
      vertex 58.5 -14.123160980641842 34.94665219634771
    endloop
  endfacet
  facet normal 1 0 0
    outer loop
      vertex 58.5 -19.400625064969063 35.140396401286125
      vertex 58.5 -14.354105032980442 35.64572983980179
      vertex 58.5 -14.550468795001507 36.355297304689884
    endloop
  endfacet
  facet normal 1 0 0
    outer loop
      vertex 58.5 -19.783530198037624 37.06539051234722
      vertex 58.5 -14.711779206991196 37.073645167052746
      vertex 58.5 -14.837647646665573 37.799042880535126
    endloop
  endfacet
  facet normal 1 0 0
    outer loop
      vertex 58.5 -19.90369453281164 38.039657190442085
      vertex 58.5 -14.837647646665573 37.799042880535126
      vertex 58.5 -14.927770897746086 38.529742896556854
    endloop
  endfacet
  facet normal 1 0 0
    outer loop
      vertex 58.5 -19.975909121334553 39.01864651590586
      vertex 58.5 -14.927770897746086 38.529742896556854
      vertex 58.5 -14.98193184286356 39.26398488879204
    endloop
  endfacet
  facet normal 1 0 0
    outer loop
      vertex 58.5 -19.975909121334553 39.01864651590586
      vertex 58.5 -14.98193184286356 39.26398488879204
      vertex 58.5 -15 39.79999999701977
    endloop
  endfacet
  facet normal 0 -1 0
    outer loop
      vertex 40.5 -20 40
      vertex 58.5 -20 40
      vertex 58.5 -20 45
    endloop
  endfacet
  facet normal 1 0 0
    outer loop
      vertex 58.5 -20 40
      vertex 58.5 -19.975909121334553 39.01864651590586
      vertex 58.5 -15 39.79999999701977
    endloop
  endfacet
  facet normal 1 0 0
    outer loop
      vertex 58.5 -19.361772142350674 45
      vertex 58.5 -20 40
      vertex 58.5 -15 39.79999999701977
    endloop
  endfacet
  facet normal 1 0 0
    outer loop
      vertex 58.5 -19.361772142350674 45
      vertex 58.5 -20 45
      vertex 58.5 -20 40
    endloop
  endfacet
  facet normal 1 0 0
    outer loop
      vertex 58.5 -19.361772142350674 45
      vertex 58.5 -15 39.79999999701977
      vertex 58.5 -15 45
    endloop
  endfacet
  facet normal 0 0.9329927976758522 0.3598950395392891
    outer loop
      vertex 58.5 -13.85819298774004 34.25974851101637
      vertex 40.5 -13.85819298774004 34.25974851101637
      vertex 58.5 -14.123160980641842 34.94665219634771
    endloop
  endfacet
  facet normal 0 0.9637760662117993 0.2667127559703685
    outer loop
      vertex 58.5 -14.354105032980442 35.64572983980179
      vertex 40.5 -14.354105032980442 35.64572983980179
      vertex 58.5 -14.550468795001507 36.355297304689884
    endloop
  endfacet
  facet normal 0 0.9495281831650708 0.31368173261323284
    outer loop
      vertex 58.5 -14.123160980641842 34.94665219634771
      vertex 40.5 -14.123160980641842 34.94665219634771
      vertex 58.5 -14.354105032980442 35.64572983980179
    endloop
  endfacet
  facet normal 0 0.9142097560852237 0.4052413131439042
    outer loop
      vertex 58.5 -13.559839397668839 33.586673595011234
      vertex 40.5 -13.559839397668839 33.586673595011234
      vertex 58.5 -13.85819298774004 34.25974851101637
    endloop
  endfacet
  facet normal 0 0.9757021285303136 0.21910124687325624
    outer loop
      vertex 58.5 -14.550468795001507 36.355297304689884
      vertex 40.5 -14.550468795001507 36.355297304689884
      vertex 58.5 -14.711779206991196 37.073645167052746
    endloop
  endfacet
  facet normal 0 0.9852776432494681 0.1709618838009624
    outer loop
      vertex 58.5 -14.711779206991196 37.073645167052746
      vertex 40.5 -14.711779206991196 37.073645167052746
      vertex 58.5 -14.837647646665573 37.799042880535126
    endloop
  endfacet
  facet normal 0 0.9924795346054252 0.12241067514477189
    outer loop
      vertex 58.5 -14.837647646665573 37.799042880535126
      vertex 40.5 -14.837647646665573 37.799042880535126
      vertex 58.5 -14.927770897746086 38.529742896556854
    endloop
  endfacet
  facet normal 0 0.9972904564833448 0.07356456624789917
    outer loop
      vertex 58.5 -14.927770897746086 38.529742896556854
      vertex 40.5 -14.927770897746086 38.529742896556854
      vertex 58.5 -14.98193184286356 39.26398488879204
    endloop
  endfacet
  facet normal 0 0.9996988190003882 0.024541216131826964
    outer loop
      vertex 58.5 -14.98193184286356 39.26398488879204
      vertex 40.5 -14.98193184286356 39.26398488879204
      vertex 58.5 -14.995090268552303 39.79999999701977
    endloop
  endfacet
  facet normal 0 0 1
    outer loop
      vertex 58.5 -14.995090268552303 39.79999999701977
      vertex 40.5 -14.995090268552303 39.79999999701977
      vertex 58.5 -15 39.79999999701977
    endloop
  endfacet
  facet normal 0 1 0
    outer loop
      vertex 58.5 -15 39.79999999701977
      vertex 40.5 -15 39.79999999701977
      vertex 58.5 -15 45
    endloop
  endfacet
  facet normal 1 0 0
    outer loop
      vertex 58.5 -14.98193184286356 39.26398488879204
      vertex 58.5 -14.995090268552303 39.79999999701977
      vertex 58.5 -15 39.79999999701977
    endloop
  endfacet
  facet normal 0 -0.49289819662230966 -0.8700869886203763
    outer loop
      vertex 40.5 -9.427934736013412 22.361574709415436
      vertex 58.5 -10.282054886221886 22.845427803695202
      vertex 40.5 -10.282054886221886 22.845427803695202
    endloop
  endfacet
  facet normal 0 0.5349976189371493 0.8448535658512549
    outer loop
      vertex 40.5 -8.333553493022919 27.527955815196037
      vertex 58.5 -8.333553493022919 27.527955815196037
      vertex 40.5 -7.711541160941124 27.134070850908756
    endloop
  endfacet
  facet normal 0 0.5758081904114059 0.8175848138603983
    outer loop
      vertex 40.5 -8.935489565134048 27.951887026429176
      vertex 58.5 -8.935489565134048 27.951887026429176
      vertex 40.5 -8.333553493022919 27.527955815196037
    endloop
  endfacet
  facet normal 0 0.4496113297352916 0.893224301154902
    outer loop
      vertex 40.5 -7.070951052010059 26.771181032061577
      vertex 58.5 -7.070951052010059 26.771181032061577
      vertex 40.5 -6.413326404988766 26.44016060233116
    endloop
  endfacet
  facet normal 0 0.49289819687701847 0.8700869884760856
    outer loop
      vertex 40.5 -7.711541160941124 27.134070850908756
      vertex 58.5 -7.711541160941124 27.134070850908756
      vertex 40.5 -7.070951052010059 26.771181032061577
    endloop
  endfacet
  facet normal 0 0.4052413131439042 0.9142097560852237
    outer loop
      vertex 40.5 -6.413326404988766 26.44016060233116
      vertex 58.5 -6.413326404988766 26.44016060233116
      vertex 40.5 -5.740251488983631 26.14180701225996
    endloop
  endfacet
  facet normal 0 0.3598950395392891 0.9329927976758522
    outer loop
      vertex 40.5 -5.740251488983631 26.14180701225996
      vertex 58.5 -5.740251488983631 26.14180701225996
      vertex 40.5 -5.0533478036522865 25.876839019358158
    endloop
  endfacet
  facet normal 0 0.6531728467820472 0.7572088432041958
    outer loop
      vertex 40.5 -10.073384322226048 28.885733120143414
      vertex 58.5 -10.073384322226048 28.885733120143414
      vertex 40.5 -9.515899263322353 28.40484319627285
    endloop
  endfacet
  facet normal 0 0.6152315869002314 0.788346430498815
    outer loop
      vertex 40.5 -9.515899263322353 28.40484319627285
      vertex 58.5 -9.515899263322353 28.40484319627285
      vertex 40.5 -8.935489565134048 27.951887026429176
    endloop
  endfacet
  facet normal 0 0.1709618838009624 0.9852776432494681
    outer loop
      vertex 40.5 -2.926354832947254 25.288220793008804
      vertex 58.5 -2.926354832947254 25.288220793008804
      vertex 40.5 -2.2009571194648743 25.162352353334427
    endloop
  endfacet
  facet normal 0 0.31368173261323284 0.9495281831650708
    outer loop
      vertex 40.5 -5.0533478036522865 25.876839019358158
      vertex 58.5 -5.0533478036522865 25.876839019358158
      vertex 40.5 -4.354270160198212 25.645894967019558
    endloop
  endfacet
  facet normal 0 0.2667127559703685 0.9637760662117993
    outer loop
      vertex 40.5 -4.354270160198212 25.645894967019558
      vertex 58.5 -4.354270160198212 25.645894967019558
      vertex 40.5 -3.644702695310116 25.449531204998493
    endloop
  endfacet
  facet normal 0 0.21910124687325624 0.9757021285303136
    outer loop
      vertex 40.5 -3.644702695310116 25.449531204998493
      vertex 58.5 -3.644702695310116 25.449531204998493
      vertex 40.5 -2.926354832947254 25.288220793008804
    endloop
  endfacet
  facet normal 0 0.12241067514477189 0.9924795346054252
    outer loop
      vertex 40.5 -2.2009571194648743 25.162352353334427
      vertex 58.5 -2.2009571194648743 25.162352353334427
      vertex 40.5 -1.4702571034431458 25.072229102253914
    endloop
  endfacet
  facet normal 0 0.07356456624789917 0.9972904564833448
    outer loop
      vertex 40.5 -1.4702571034431458 25.072229102253914
      vertex 58.5 -1.4702571034431458 25.072229102253914
      vertex 40.5 -0.736015111207962 25.01806815713644
    endloop
  endfacet
  facet normal 0 0.024541228936846505 0.9996988186860427
    outer loop
      vertex 40.5 -0.736015111207962 25.01806815713644
      vertex 58.5 -0.736015111207962 25.01806815713644
      vertex 40.5 0 25
    endloop
  endfacet
  facet normal 0 -0.49289819662230966 -0.8700869886203763
    outer loop
      vertex 40.5 -9.427934736013412 22.361574709415436
      vertex 58.5 -9.427934736013412 22.361574709415436
      vertex 58.5 -10.282054886221886 22.845427803695202
    endloop
  endfacet
  facet normal 0 0.6152315869002314 0.788346430498815
    outer loop
      vertex 58.5 -8.935489565134048 27.951887026429176
      vertex 40.5 -8.935489565134048 27.951887026429176
      vertex 58.5 -9.515899263322353 28.40484319627285
    endloop
  endfacet
  facet normal 0 0.5758081904114059 0.8175848138603983
    outer loop
      vertex 58.5 -8.333553493022919 27.527955815196037
      vertex 40.5 -8.333553493022919 27.527955815196037
      vertex 58.5 -8.935489565134048 27.951887026429176
    endloop
  endfacet
  facet normal 0 0.5349976189371493 0.8448535658512549
    outer loop
      vertex 58.5 -7.711541160941124 27.134070850908756
      vertex 40.5 -7.711541160941124 27.134070850908756
      vertex 58.5 -8.333553493022919 27.527955815196037
    endloop
  endfacet
  facet normal 0 0.4496113297352916 0.893224301154902
    outer loop
      vertex 58.5 -6.413326404988766 26.44016060233116
      vertex 40.5 -6.413326404988766 26.44016060233116
      vertex 58.5 -7.070951052010059 26.771181032061577
    endloop
  endfacet
  facet normal 0 0.49289819687701847 0.8700869884760856
    outer loop
      vertex 58.5 -7.070951052010059 26.771181032061577
      vertex 40.5 -7.070951052010059 26.771181032061577
      vertex 58.5 -7.711541160941124 27.134070850908756
    endloop
  endfacet
  facet normal 0 0.4052413131439042 0.9142097560852237
    outer loop
      vertex 58.5 -5.740251488983631 26.14180701225996
      vertex 40.5 -5.740251488983631 26.14180701225996
      vertex 58.5 -6.413326404988766 26.44016060233116
    endloop
  endfacet
  facet normal 0 0.3598950395392891 0.9329927976758522
    outer loop
      vertex 58.5 -5.0533478036522865 25.876839019358158
      vertex 40.5 -5.0533478036522865 25.876839019358158
      vertex 58.5 -5.740251488983631 26.14180701225996
    endloop
  endfacet
  facet normal 1 0 0
    outer loop
      vertex 58.5 -11.111404657363892 23.370607756078243
      vertex 58.5 -10.282054886221886 22.845427803695202
      vertex 58.5 -7.711541160941124 27.134070850908756
    endloop
  endfacet
  facet normal 1 0 0
    outer loop
      vertex 58.5 -10.282054886221886 22.845427803695202
      vertex 58.5 -9.427934736013412 22.361574709415436
      vertex 58.5 -7.070951052010059 26.771181032061577
    endloop
  endfacet
  facet normal 1 0 0
    outer loop
      vertex 58.5 -9.427934736013412 22.361574709415436
      vertex 58.5 -8.551101870834827 21.920214138925076
      vertex 58.5 -6.413326404988766 26.44016060233116
    endloop
  endfacet
  facet normal 1 0 0
    outer loop
      vertex 58.5 -9.427934736013412 22.361574709415436
      vertex 58.5 -6.413326404988766 26.44016060233116
      vertex 58.5 -7.070951052010059 26.771181032061577
    endloop
  endfacet
  facet normal 1 0 0
    outer loop
      vertex 58.5 -11.913986086845398 23.935849368572235
      vertex 58.5 -8.333553493022919 27.527955815196037
      vertex 58.5 -8.935489565134048 27.951887026429176
    endloop
  endfacet
  facet normal 1 0 0
    outer loop
      vertex 58.5 -11.111404657363892 23.370607756078243
      vertex 58.5 -7.711541160941124 27.134070850908756
      vertex 58.5 -8.333553493022919 27.527955815196037
    endloop
  endfacet
  facet normal 1 0 0
    outer loop
      vertex 58.5 -10.282054886221886 22.845427803695202
      vertex 58.5 -7.070951052010059 26.771181032061577
      vertex 58.5 -7.711541160941124 27.134070850908756
    endloop
  endfacet
  facet normal 1 0 0
    outer loop
      vertex 58.5 -8.551101870834827 21.920214138925076
      vertex 58.5 -7.653668649494648 21.522409349679947
      vertex 58.5 -5.740251488983631 26.14180701225996
    endloop
  endfacet
  facet normal 1 0 0
    outer loop
      vertex 58.5 -7.653668649494648 21.522409349679947
      vertex 58.5 -6.737797066569328 21.16911869496107
      vertex 58.5 -5.0533478036522865 25.876839019358158
    endloop
  endfacet
  facet normal 1 0 0
    outer loop
      vertex 58.5 -8.551101870834827 21.920214138925076
      vertex 58.5 -5.740251488983631 26.14180701225996
      vertex 58.5 -6.413326404988766 26.44016060233116
    endloop
  endfacet
  facet normal 1 0 0
    outer loop
      vertex 58.5 -6.737797066569328 21.16911869496107
      vertex 58.5 -5.805693544447422 20.861193284392357
      vertex 58.5 -4.354270160198212 25.645894967019558
    endloop
  endfacet
  facet normal 1 0 0
    outer loop
      vertex 58.5 -7.653668649494648 21.522409349679947
      vertex 58.5 -5.0533478036522865 25.876839019358158
      vertex 58.5 -5.740251488983631 26.14180701225996
    endloop
  endfacet
  facet normal 1 0 0
    outer loop
      vertex 58.5 -6.737797066569328 21.16911869496107
      vertex 58.5 -4.354270160198212 25.645894967019558
      vertex 58.5 -5.0533478036522865 25.876839019358158
    endloop
  endfacet
  facet normal 0 0.6531728467820472 0.7572088432041958
    outer loop
      vertex 58.5 -9.515899263322353 28.40484319627285
      vertex 40.5 -9.515899263322353 28.40484319627285
      vertex 58.5 -10.073384322226048 28.885733120143414
    endloop
  endfacet
  facet normal 0 0.31368173261323284 0.9495281831650708
    outer loop
      vertex 58.5 -4.354270160198212 25.645894967019558
      vertex 40.5 -4.354270160198212 25.645894967019558
      vertex 58.5 -5.0533478036522865 25.876839019358158
    endloop
  endfacet
  facet normal 0 0.2667127559703685 0.9637760662117993
    outer loop
      vertex 58.5 -3.644702695310116 25.449531204998493
      vertex 40.5 -3.644702695310116 25.449531204998493
      vertex 58.5 -4.354270160198212 25.645894967019558
    endloop
  endfacet
  facet normal 0 0.21910124687325624 0.9757021285303136
    outer loop
      vertex 58.5 -2.926354832947254 25.288220793008804
      vertex 40.5 -2.926354832947254 25.288220793008804
      vertex 58.5 -3.644702695310116 25.449531204998493
    endloop
  endfacet
  facet normal 0 0.1709618838009624 0.9852776432494681
    outer loop
      vertex 58.5 -2.2009571194648743 25.162352353334427
      vertex 40.5 -2.2009571194648743 25.162352353334427
      vertex 58.5 -2.926354832947254 25.288220793008804
    endloop
  endfacet
  facet normal 0 0.12241067514477189 0.9924795346054252
    outer loop
      vertex 58.5 -1.4702571034431458 25.072229102253914
      vertex 40.5 -1.4702571034431458 25.072229102253914
      vertex 58.5 -2.2009571194648743 25.162352353334427
    endloop
  endfacet
  facet normal 0 0.07356456624789917 0.9972904564833448
    outer loop
      vertex 58.5 -0.736015111207962 25.01806815713644
      vertex 40.5 -0.736015111207962 25.01806815713644
      vertex 58.5 -1.4702571034431458 25.072229102253914
    endloop
  endfacet
  facet normal 0 0.024541228936846505 0.9996988186860427
    outer loop
      vertex 58.5 0 25
      vertex 40.5 0 25
      vertex 58.5 -0.736015111207962 25.01806815713644
    endloop
  endfacet
  facet normal 1 0 0
    outer loop
      vertex 58.5 -4.859603598713875 20.599374935030937
      vertex 58.5 -2.926354832947254 25.288220793008804
      vertex 58.5 -3.644702695310116 25.449531204998493
    endloop
  endfacet
  facet normal 1 0 0
    outer loop
      vertex 58.5 -5.805693544447422 20.861193284392357
      vertex 58.5 -3.644702695310116 25.449531204998493
      vertex 58.5 -4.354270160198212 25.645894967019558
    endloop
  endfacet
  facet normal 1 0 0
    outer loop
      vertex 58.5 -3.9018064439296722 20.384294390678406
      vertex 58.5 -2.2009571194648743 25.162352353334427
      vertex 58.5 -2.926354832947254 25.288220793008804
    endloop
  endfacet
  facet normal 1 0 0
    outer loop
      vertex 58.5 -2.9346094876527786 20.216469801962376
      vertex 58.5 -1.4702571034431458 25.072229102253914
      vertex 58.5 -2.2009571194648743 25.162352353334427
    endloop
  endfacet
  facet normal 1 0 0
    outer loop
      vertex 58.5 -1.9603428095579147 20.09630546718836
      vertex 58.5 -0.736015111207962 25.01806815713644
      vertex 58.5 -1.4702571034431458 25.072229102253914
    endloop
  endfacet
  facet normal 1 0 0
    outer loop
      vertex 58.5 -0.9813534840941429 20.024090878665447
      vertex 58.5 0 25
      vertex 58.5 -0.736015111207962 25.01806815713644
    endloop
  endfacet
  facet normal -1 0 0
    outer loop
      vertex 40.5 -15 45
      vertex 40.5 -19.361772142350674 45
      vertex 40.5 -19.138806715607643 45.80569354444742
    endloop
  endfacet
  facet normal -1 0 0
    outer loop
      vertex 40.5 -15 45
      vertex 40.5 -19.138806715607643 45.80569354444742
      vertex 40.5 -18.83088130503893 46.73779706656933
    endloop
  endfacet
  facet normal -1 0 0
    outer loop
      vertex 40.5 -15 45
      vertex 40.5 -18.83088130503893 46.73779706656933
      vertex 40.5 -18.477590650320053 47.65366864949465
    endloop
  endfacet
  facet normal -1 0 0
    outer loop
      vertex 40.5 -15 45
      vertex 40.5 -18.477590650320053 47.65366864949465
      vertex 40.5 -18.079785861074924 48.55110187083483
    endloop
  endfacet
  facet normal -1 0 0
    outer loop
      vertex 40.5 -15 45
      vertex 40.5 -18.079785861074924 48.55110187083483
      vertex 40.5 -17.638425290584564 49.42793473601341
    endloop
  endfacet
  facet normal -1 0 0
    outer loop
      vertex 40.5 -13.85819298774004 45.74025148898363
      vertex 40.5 -15 45
      vertex 40.5 -17.638425290584564 49.42793473601341
    endloop
  endfacet
  facet normal -1 0 0
    outer loop
      vertex 40.5 -13.559839397668839 46.413326404988766
      vertex 40.5 -13.85819298774004 45.74025148898363
      vertex 40.5 -17.638425290584564 49.42793473601341
    endloop
  endfacet
  facet normal -1 0 0
    outer loop
      vertex 40.5 -13.228818967938423 47.07095105201006
      vertex 40.5 -17.638425290584564 49.42793473601341
      vertex 40.5 -17.154572196304798 50.282054886221886
    endloop
  endfacet
  facet normal -1 0 0
    outer loop
      vertex 40.5 -12.865929149091244 47.711541160941124
      vertex 40.5 -17.154572196304798 50.282054886221886
      vertex 40.5 -16.629392243921757 51.11140465736389
    endloop
  endfacet
  facet normal -1 0 0
    outer loop
      vertex 40.5 -12.472044184803963 48.33355349302292
      vertex 40.5 -16.629392243921757 51.11140465736389
      vertex 40.5 -16.064150631427765 51.9139860868454
    endloop
  endfacet
  facet normal -1 0 0
    outer loop
      vertex 40.5 -14.123160980641842 45.05334780365229
      vertex 40.5 -14.140784710645676 45
      vertex 40.5 -15 45
    endloop
  endfacet
  facet normal -1 0 0
    outer loop
      vertex 40.5 -13.85819298774004 45.74025148898363
      vertex 40.5 -14.123160980641842 45.05334780365229
      vertex 40.5 -15 45
    endloop
  endfacet
  facet normal -1 0 0
    outer loop
      vertex 40.5 -13.228818967938423 47.07095105201006
      vertex 40.5 -13.559839397668839 46.413326404988766
      vertex 40.5 -17.638425290584564 49.42793473601341
    endloop
  endfacet
  facet normal -1 0 0
    outer loop
      vertex 40.5 -12.865929149091244 47.711541160941124
      vertex 40.5 -13.228818967938423 47.07095105201006
      vertex 40.5 -17.154572196304798 50.282054886221886
    endloop
  endfacet
  facet normal -1 0 0
    outer loop
      vertex 40.5 -12.472044184803963 48.33355349302292
      vertex 40.5 -12.865929149091244 47.711541160941124
      vertex 40.5 -16.629392243921757 51.11140465736389
    endloop
  endfacet
  facet normal -1 0 0
    outer loop
      vertex 40.5 -12.048112973570824 48.93548956513405
      vertex 40.5 -12.472044184803963 48.33355349302292
      vertex 40.5 -16.064150631427765 51.9139860868454
    endloop
  endfacet
  facet normal -1 0 0
    outer loop
      vertex 40.5 -11.59515680372715 49.51589926332235
      vertex 40.5 -12.048112973570824 48.93548956513405
      vertex 40.5 -15.46020906418562 52.68786568194628
    endloop
  endfacet
  facet normal -1 0 0
    outer loop
      vertex 40.5 -12.048112973570824 48.93548956513405
      vertex 40.5 -16.064150631427765 51.9139860868454
      vertex 40.5 -15.46020906418562 52.68786568194628
    endloop
  endfacet
  facet normal -1 0 0
    outer loop
      vertex 40.5 -11.59515680372715 49.51589926332235
      vertex 40.5 -15.46020906418562 52.68786568194628
      vertex 40.5 -14.819022506475449 53.431179098784924
    endloop
  endfacet
  facet normal -1 0 0
    outer loop
      vertex 40.5 -11.114266879856586 50.07338432222605
      vertex 40.5 -11.59515680372715 49.51589926332235
      vertex 40.5 -14.819022506475449 53.431179098784924
    endloop
  endfacet
  facet normal -1 0 0
    outer loop
      vertex 40.5 -11.114266879856586 50.07338432222605
      vertex 40.5 -14.819022506475449 53.431179098784924
      vertex 40.5 -14.142135620117188 54.14213562011719
    endloop
  endfacet
  facet normal -1 0 0
    outer loop
      vertex 40.5 -10.60660171508789 50.60660171508789
      vertex 40.5 -14.142135620117188 54.14213562011719
      vertex 40.5 -13.431179098784924 54.81902250647545
    endloop
  endfacet
  facet normal -1 0 0
    outer loop
      vertex 40.5 -10.60660171508789 50.60660171508789
      vertex 40.5 -11.114266879856586 50.07338432222605
      vertex 40.5 -14.142135620117188 54.14213562011719
    endloop
  endfacet
  facet normal -1 0 0
    outer loop
      vertex 40.5 -10.073384322226048 51.11426687985659
      vertex 40.5 -10.60660171508789 50.60660171508789
      vertex 40.5 -13.431179098784924 54.81902250647545
    endloop
  endfacet
  facet normal -1 0 0
    outer loop
      vertex 40.5 -9.515899263322353 51.59515680372715
      vertex 40.5 -10.073384322226048 51.11426687985659
      vertex 40.5 -12.687865681946278 55.46020906418562
    endloop
  endfacet
  facet normal -1 0 0
    outer loop
      vertex 40.5 -8.935489565134048 52.048112973570824
      vertex 40.5 -9.515899263322353 51.59515680372715
      vertex 40.5 -11.913986086845398 56.064150631427765
    endloop
  endfacet
  facet normal -1 0 0
    outer loop
      vertex 40.5 -10.073384322226048 51.11426687985659
      vertex 40.5 -13.431179098784924 54.81902250647545
      vertex 40.5 -12.687865681946278 55.46020906418562
    endloop
  endfacet
  facet normal -1 0 0
    outer loop
      vertex 40.5 -9.515899263322353 51.59515680372715
      vertex 40.5 -12.687865681946278 55.46020906418562
      vertex 40.5 -11.913986086845398 56.064150631427765
    endloop
  endfacet
  facet normal -1 0 0
    outer loop
      vertex 40.5 -8.935489565134048 52.048112973570824
      vertex 40.5 -11.913986086845398 56.064150631427765
      vertex 40.5 -11.111404657363892 56.62939224392176
    endloop
  endfacet
  facet normal -1 0 0
    outer loop
      vertex 40.5 -8.333553493022919 52.47204418480396
      vertex 40.5 -8.935489565134048 52.048112973570824
      vertex 40.5 -11.111404657363892 56.62939224392176
    endloop
  endfacet
  facet normal -1 0 0
    outer loop
      vertex 40.5 -7.711541160941124 52.865929149091244
      vertex 40.5 -8.333553493022919 52.47204418480396
      vertex 40.5 -10.282054886221886 57.1545721963048
    endloop
  endfacet
  facet normal -1 0 0
    outer loop
      vertex 40.5 -8.333553493022919 52.47204418480396
      vertex 40.5 -11.111404657363892 56.62939224392176
      vertex 40.5 -10.282054886221886 57.1545721963048
    endloop
  endfacet
  facet normal -1 0 0
    outer loop
      vertex 40.5 -7.711541160941124 52.865929149091244
      vertex 40.5 -10.282054886221886 57.1545721963048
      vertex 40.5 -9.427934736013412 57.638425290584564
    endloop
  endfacet
  facet normal -1 0 0
    outer loop
      vertex 40.5 -7.070951052010059 53.22881896793842
      vertex 40.5 -7.711541160941124 52.865929149091244
      vertex 40.5 -9.427934736013412 57.638425290584564
    endloop
  endfacet
  facet normal -1 0 0
    outer loop
      vertex 40.5 -6.413326404988766 53.55983939766884
      vertex 40.5 -7.070951052010059 53.22881896793842
      vertex 40.5 -8.551101870834827 58.079785861074924
    endloop
  endfacet
  facet normal -1 0 0
    outer loop
      vertex 40.5 -5.740251488983631 53.85819298774004
      vertex 40.5 -6.413326404988766 53.55983939766884
      vertex 40.5 -7.653668649494648 58.47759065032005
    endloop
  endfacet
  facet normal -1 0 0
    outer loop
      vertex 40.5 -5.0533478036522865 54.12316098064184
      vertex 40.5 -5.740251488983631 53.85819298774004
      vertex 40.5 -6.737797066569328 58.83088130503893
    endloop
  endfacet
  facet normal -1 0 0
    outer loop
      vertex 40.5 -4.354270160198212 54.35410503298044
      vertex 40.5 -5.0533478036522865 54.12316098064184
      vertex 40.5 -5.805693544447422 59.13880671560764
    endloop
  endfacet
  facet normal -1 0 0
    outer loop
      vertex 40.5 -3.644702695310116 54.55046879500151
      vertex 40.5 -4.354270160198212 54.35410503298044
      vertex 40.5 -4.859603598713875 59.40062506496906
    endloop
  endfacet
  facet normal -1 0 0
    outer loop
      vertex 40.5 -7.070951052010059 53.22881896793842
      vertex 40.5 -9.427934736013412 57.638425290584564
      vertex 40.5 -8.551101870834827 58.079785861074924
    endloop
  endfacet
  facet normal -1 0 0
    outer loop
      vertex 40.5 -6.413326404988766 53.55983939766884
      vertex 40.5 -8.551101870834827 58.079785861074924
      vertex 40.5 -7.653668649494648 58.47759065032005
    endloop
  endfacet
  facet normal -1 0 0
    outer loop
      vertex 40.5 -5.740251488983631 53.85819298774004
      vertex 40.5 -7.653668649494648 58.47759065032005
      vertex 40.5 -6.737797066569328 58.83088130503893
    endloop
  endfacet
  facet normal -1 0 0
    outer loop
      vertex 40.5 -5.0533478036522865 54.12316098064184
      vertex 40.5 -6.737797066569328 58.83088130503893
      vertex 40.5 -5.805693544447422 59.13880671560764
    endloop
  endfacet
  facet normal -1 0 0
    outer loop
      vertex 40.5 -4.354270160198212 54.35410503298044
      vertex 40.5 -5.805693544447422 59.13880671560764
      vertex 40.5 -4.859603598713875 59.40062506496906
    endloop
  endfacet
  facet normal -1 0 0
    outer loop
      vertex 40.5 -3.644702695310116 54.55046879500151
      vertex 40.5 -4.859603598713875 59.40062506496906
      vertex 40.5 -3.9018064439296722 59.615705609321594
    endloop
  endfacet
  facet normal -1 0 0
    outer loop
      vertex 40.5 -2.926354832947254 54.711779206991196
      vertex 40.5 -3.644702695310116 54.55046879500151
      vertex 40.5 -3.9018064439296722 59.615705609321594
    endloop
  endfacet
  facet normal -1 0 0
    outer loop
      vertex 40.5 -2.2009571194648743 54.83764764666557
      vertex 40.5 -2.926354832947254 54.711779206991196
      vertex 40.5 -2.9346094876527786 59.783530198037624
    endloop
  endfacet
  facet normal -1 0 0
    outer loop
      vertex 40.5 -2.926354832947254 54.711779206991196
      vertex 40.5 -3.9018064439296722 59.615705609321594
      vertex 40.5 -2.9346094876527786 59.783530198037624
    endloop
  endfacet
  facet normal -1 0 0
    outer loop
      vertex 40.5 -1.4702571034431458 54.927770897746086
      vertex 40.5 -2.2009571194648743 54.83764764666557
      vertex 40.5 -1.9603428095579147 59.90369453281164
    endloop
  endfacet
  facet normal -1 0 0
    outer loop
      vertex 40.5 -2.2009571194648743 54.83764764666557
      vertex 40.5 -2.9346094876527786 59.783530198037624
      vertex 40.5 -1.9603428095579147 59.90369453281164
    endloop
  endfacet
  facet normal -1 0 0
    outer loop
      vertex 40.5 -1.4702571034431458 54.927770897746086
      vertex 40.5 -1.9603428095579147 59.90369453281164
      vertex 40.5 -0.9813534840941429 59.97590912133455
    endloop
  endfacet
  facet normal -1 0 0
    outer loop
      vertex 40.5 -0.736015111207962 54.98193184286356
      vertex 40.5 -1.4702571034431458 54.927770897746086
      vertex 40.5 -0.9813534840941429 59.97590912133455
    endloop
  endfacet
  facet normal -1 0 0
    outer loop
      vertex 40.5 0 55
      vertex 40.5 -0.736015111207962 54.98193184286356
      vertex 40.5 0 60
    endloop
  endfacet
  facet normal -1 0 0
    outer loop
      vertex 40.5 -0.736015111207962 54.98193184286356
      vertex 40.5 -0.9813534840941429 59.97590912133455
      vertex 40.5 0 60
    endloop
  endfacet
  facet normal 0 0 1
    outer loop
      vertex 40.5 -20 45
      vertex 58.5 -19.361772142350674 45
      vertex 40.5 -19.361772142350674 45
    endloop
  endfacet
  facet normal 0 -0.9637760674303779 0.26671275156699137
    outer loop
      vertex 40.5 -19.361772142350674 45
      vertex 58.5 -19.138806715607643 45.80569354444742
      vertex 40.5 -19.138806715607643 45.80569354444742
    endloop
  endfacet
  facet normal 0 -0.9495281806554954 0.313681740209826
    outer loop
      vertex 40.5 -19.138806715607643 45.80569354444742
      vertex 58.5 -18.83088130503893 46.73779706656933
      vertex 40.5 -18.83088130503893 46.73779706656933
    endloop
  endfacet
  facet normal 0 -0.9329927988530494 0.3598950364875197
    outer loop
      vertex 40.5 -18.83088130503893 46.73779706656933
      vertex 58.5 -18.477590650320053 47.65366864949465
      vertex 40.5 -18.477590650320053 47.65366864949465
    endloop
  endfacet
  facet normal 0 -0.9142097551479376 0.4052413152583876
    outer loop
      vertex 40.5 -18.477590650320053 47.65366864949465
      vertex 58.5 -18.079785861074924 48.55110187083483
      vertex 40.5 -18.079785861074924 48.55110187083483
    endloop
  endfacet
  facet normal 0 -0.893224302682372 0.44961132670072995
    outer loop
      vertex 40.5 -18.079785861074924 48.55110187083483
      vertex 58.5 -17.638425290584564 49.42793473601341
      vertex 40.5 -17.638425290584564 49.42793473601341
    endloop
  endfacet
  facet normal 0 -0.8700869886203763 0.49289819662230966
    outer loop
      vertex 40.5 -17.638425290584564 49.42793473601341
      vertex 58.5 -17.154572196304798 50.282054886221886
      vertex 40.5 -17.154572196304798 50.282054886221886
    endloop
  endfacet
  facet normal 0 -0.8448535644029957 0.5349976212242004
    outer loop
      vertex 40.5 -17.154572196304798 50.282054886221886
      vertex 58.5 -16.629392243921757 51.11140465736389
      vertex 40.5 -16.629392243921757 51.11140465736389
    endloop
  endfacet
  facet normal 0 -0.8175848150514297 0.5758081887202712
    outer loop
      vertex 40.5 -16.629392243921757 51.11140465736389
      vertex 58.5 -16.064150631427765 51.9139860868454
      vertex 40.5 -16.064150631427765 51.9139860868454
    endloop
  endfacet
  facet normal 0 -0.7883464258600014 0.6152315928443219
    outer loop
      vertex 40.5 -16.064150631427765 51.9139860868454
      vertex 58.5 -15.46020906418562 52.68786568194628
      vertex 40.5 -15.46020906418562 52.68786568194628
    endloop
  endfacet
  facet normal 0 -0.7572088491167842 0.6531728399277139
    outer loop
      vertex 40.5 -15.46020906418562 52.68786568194628
      vertex 58.5 -14.819022506475449 53.431179098784924
      vertex 40.5 -14.819022506475449 53.431179098784924
    endloop
  endfacet
  facet normal 0 0 -1
    outer loop
      vertex 40.5 -14.140784710645676 45
      vertex 58.5 -14.140784710645676 45
      vertex 40.5 -15 45
    endloop
  endfacet
  facet normal 0 0.9495282007499645 -0.31368167938299374
    outer loop
      vertex 40.5 -14.123160980641842 45.05334780365229
      vertex 58.5 -14.123160980641842 45.05334780365229
      vertex 40.5 -14.140784710645676 45
    endloop
  endfacet
  facet normal 0 0.9329927976758522 -0.3598950395392891
    outer loop
      vertex 40.5 -13.85819298774004 45.74025148898363
      vertex 58.5 -13.85819298774004 45.74025148898363
      vertex 40.5 -14.123160980641842 45.05334780365229
    endloop
  endfacet
  facet normal 0 0.9142097560852237 -0.4052413131439042
    outer loop
      vertex 40.5 -13.559839397668839 46.413326404988766
      vertex 58.5 -13.559839397668839 46.413326404988766
      vertex 40.5 -13.85819298774004 45.74025148898363
    endloop
  endfacet
  facet normal 0 0.893224301154902 -0.4496113297352916
    outer loop
      vertex 40.5 -13.228818967938423 47.07095105201006
      vertex 58.5 -13.228818967938423 47.07095105201006
      vertex 40.5 -13.559839397668839 46.413326404988766
    endloop
  endfacet
  facet normal 0 0.8700869884760856 -0.49289819687701847
    outer loop
      vertex 40.5 -12.865929149091244 47.711541160941124
      vertex 58.5 -12.865929149091244 47.711541160941124
      vertex 40.5 -13.228818967938423 47.07095105201006
    endloop
  endfacet
  facet normal 0 0.8448535658512549 -0.5349976189371493
    outer loop
      vertex 40.5 -12.472044184803963 48.33355349302292
      vertex 58.5 -12.472044184803963 48.33355349302292
      vertex 40.5 -12.865929149091244 47.711541160941124
    endloop
  endfacet
  facet normal 0 0.8175848138603983 -0.5758081904114059
    outer loop
      vertex 40.5 -12.048112973570824 48.93548956513405
      vertex 58.5 -12.048112973570824 48.93548956513405
      vertex 40.5 -12.472044184803963 48.33355349302292
    endloop
  endfacet
  facet normal 0 0.788346430498815 -0.6152315869002314
    outer loop
      vertex 40.5 -11.59515680372715 49.51589926332235
      vertex 58.5 -11.59515680372715 49.51589926332235
      vertex 40.5 -12.048112973570824 48.93548956513405
    endloop
  endfacet
  facet normal 0 0.7572088432041958 -0.6531728467820472
    outer loop
      vertex 40.5 -11.114266879856586 50.07338432222605
      vertex 58.5 -11.114266879856586 50.07338432222605
      vertex 40.5 -11.59515680372715 49.51589926332235
    endloop
  endfacet
  facet normal 0 0.7242470799894851 -0.6895405478481337
    outer loop
      vertex 40.5 -10.60660171508789 50.60660171508789
      vertex 58.5 -10.60660171508789 50.60660171508789
      vertex 40.5 -11.114266879856586 50.07338432222605
    endloop
  endfacet
  facet normal 0 -0.7242470787865777 0.6895405491115867
    outer loop
      vertex 40.5 -14.819022506475449 53.431179098784924
      vertex 58.5 -14.142135620117188 54.14213562011719
      vertex 40.5 -14.142135620117188 54.14213562011719
    endloop
  endfacet
  facet normal 0 -0.6895405491115867 0.7242470787865777
    outer loop
      vertex 40.5 -14.142135620117188 54.14213562011719
      vertex 58.5 -13.431179098784924 54.81902250647545
      vertex 40.5 -13.431179098784924 54.81902250647545
    endloop
  endfacet
  facet normal 0 -0.6531728399277139 0.7572088491167842
    outer loop
      vertex 40.5 -13.431179098784924 54.81902250647545
      vertex 58.5 -12.687865681946278 55.46020906418562
      vertex 40.5 -12.687865681946278 55.46020906418562
    endloop
  endfacet
  facet normal 0 0.6895405478481337 -0.7242470799894851
    outer loop
      vertex 40.5 -10.073384322226048 51.11426687985659
      vertex 58.5 -10.073384322226048 51.11426687985659
      vertex 40.5 -10.60660171508789 50.60660171508789
    endloop
  endfacet
  facet normal 0 -0.6152315928443219 0.7883464258600014
    outer loop
      vertex 40.5 -12.687865681946278 55.46020906418562
      vertex 58.5 -11.913986086845398 56.064150631427765
      vertex 40.5 -11.913986086845398 56.064150631427765
    endloop
  endfacet
  facet normal 0 0 1
    outer loop
      vertex 40.5 -20 45
      vertex 58.5 -20 45
      vertex 58.5 -19.361772142350674 45
    endloop
  endfacet
  facet normal 0 -0.9637760674303779 0.26671275156699137
    outer loop
      vertex 40.5 -19.361772142350674 45
      vertex 58.5 -19.361772142350674 45
      vertex 58.5 -19.138806715607643 45.80569354444742
    endloop
  endfacet
  facet normal 0 -0.9495281806554954 0.313681740209826
    outer loop
      vertex 40.5 -19.138806715607643 45.80569354444742
      vertex 58.5 -19.138806715607643 45.80569354444742
      vertex 58.5 -18.83088130503893 46.73779706656933
    endloop
  endfacet
  facet normal 0 -0.9329927988530494 0.3598950364875197
    outer loop
      vertex 40.5 -18.83088130503893 46.73779706656933
      vertex 58.5 -18.83088130503893 46.73779706656933
      vertex 58.5 -18.477590650320053 47.65366864949465
    endloop
  endfacet
  facet normal 0 -0.9142097551479376 0.4052413152583876
    outer loop
      vertex 40.5 -18.477590650320053 47.65366864949465
      vertex 58.5 -18.477590650320053 47.65366864949465
      vertex 58.5 -18.079785861074924 48.55110187083483
    endloop
  endfacet
  facet normal 0 -0.893224302682372 0.44961132670072995
    outer loop
      vertex 40.5 -18.079785861074924 48.55110187083483
      vertex 58.5 -18.079785861074924 48.55110187083483
      vertex 58.5 -17.638425290584564 49.42793473601341
    endloop
  endfacet
  facet normal 0 -0.8700869886203763 0.49289819662230966
    outer loop
      vertex 40.5 -17.638425290584564 49.42793473601341
      vertex 58.5 -17.638425290584564 49.42793473601341
      vertex 58.5 -17.154572196304798 50.282054886221886
    endloop
  endfacet
  facet normal 0 -0.8448535644029957 0.5349976212242004
    outer loop
      vertex 40.5 -17.154572196304798 50.282054886221886
      vertex 58.5 -17.154572196304798 50.282054886221886
      vertex 58.5 -16.629392243921757 51.11140465736389
    endloop
  endfacet
  facet normal 1 0 0
    outer loop
      vertex 58.5 -19.138806715607643 45.80569354444742
      vertex 58.5 -19.361772142350674 45
      vertex 58.5 -15 45
    endloop
  endfacet
  facet normal 1 0 0
    outer loop
      vertex 58.5 -18.83088130503893 46.73779706656933
      vertex 58.5 -19.138806715607643 45.80569354444742
      vertex 58.5 -15 45
    endloop
  endfacet
  facet normal 1 0 0
    outer loop
      vertex 58.5 -18.477590650320053 47.65366864949465
      vertex 58.5 -18.83088130503893 46.73779706656933
      vertex 58.5 -15 45
    endloop
  endfacet
  facet normal 1 0 0
    outer loop
      vertex 58.5 -18.079785861074924 48.55110187083483
      vertex 58.5 -18.477590650320053 47.65366864949465
      vertex 58.5 -15 45
    endloop
  endfacet
  facet normal 1 0 0
    outer loop
      vertex 58.5 -17.638425290584564 49.42793473601341
      vertex 58.5 -18.079785861074924 48.55110187083483
      vertex 58.5 -15 45
    endloop
  endfacet
  facet normal 1 0 0
    outer loop
      vertex 58.5 -17.638425290584564 49.42793473601341
      vertex 58.5 -15 45
      vertex 58.5 -13.85819298774004 45.74025148898363
    endloop
  endfacet
  facet normal 1 0 0
    outer loop
      vertex 58.5 -17.638425290584564 49.42793473601341
      vertex 58.5 -13.85819298774004 45.74025148898363
      vertex 58.5 -13.559839397668839 46.413326404988766
    endloop
  endfacet
  facet normal 1 0 0
    outer loop
      vertex 58.5 -17.154572196304798 50.282054886221886
      vertex 58.5 -17.638425290584564 49.42793473601341
      vertex 58.5 -13.228818967938423 47.07095105201006
    endloop
  endfacet
  facet normal 1 0 0
    outer loop
      vertex 58.5 -16.629392243921757 51.11140465736389
      vertex 58.5 -17.154572196304798 50.282054886221886
      vertex 58.5 -12.865929149091244 47.711541160941124
    endloop
  endfacet
  facet normal 1 0 0
    outer loop
      vertex 58.5 -16.064150631427765 51.9139860868454
      vertex 58.5 -16.629392243921757 51.11140465736389
      vertex 58.5 -12.472044184803963 48.33355349302292
    endloop
  endfacet
  facet normal 0 -0.8175848150514297 0.5758081887202712
    outer loop
      vertex 40.5 -16.629392243921757 51.11140465736389
      vertex 58.5 -16.629392243921757 51.11140465736389
      vertex 58.5 -16.064150631427765 51.9139860868454
    endloop
  endfacet
  facet normal 0 -0.7883464258600014 0.6152315928443219
    outer loop
      vertex 40.5 -16.064150631427765 51.9139860868454
      vertex 58.5 -16.064150631427765 51.9139860868454
      vertex 58.5 -15.46020906418562 52.68786568194628
    endloop
  endfacet
  facet normal 0 -0.7572088491167842 0.6531728399277139
    outer loop
      vertex 40.5 -15.46020906418562 52.68786568194628
      vertex 58.5 -15.46020906418562 52.68786568194628
      vertex 58.5 -14.819022506475449 53.431179098784924
    endloop
  endfacet
  facet normal 0 0 -1
    outer loop
      vertex 58.5 -15 45
      vertex 40.5 -15 45
      vertex 58.5 -14.140784710645676 45
    endloop
  endfacet
  facet normal 0 0.9495282007499645 -0.31368167938299374
    outer loop
      vertex 58.5 -14.140784710645676 45
      vertex 40.5 -14.140784710645676 45
      vertex 58.5 -14.123160980641842 45.05334780365229
    endloop
  endfacet
  facet normal 0 0.9329927976758522 -0.3598950395392891
    outer loop
      vertex 58.5 -14.123160980641842 45.05334780365229
      vertex 40.5 -14.123160980641842 45.05334780365229
      vertex 58.5 -13.85819298774004 45.74025148898363
    endloop
  endfacet
  facet normal 0 0.9142097560852237 -0.4052413131439042
    outer loop
      vertex 58.5 -13.85819298774004 45.74025148898363
      vertex 40.5 -13.85819298774004 45.74025148898363
      vertex 58.5 -13.559839397668839 46.413326404988766
    endloop
  endfacet
  facet normal 0 0.893224301154902 -0.4496113297352916
    outer loop
      vertex 58.5 -13.559839397668839 46.413326404988766
      vertex 40.5 -13.559839397668839 46.413326404988766
      vertex 58.5 -13.228818967938423 47.07095105201006
    endloop
  endfacet
  facet normal 0 0.8700869884760856 -0.49289819687701847
    outer loop
      vertex 58.5 -13.228818967938423 47.07095105201006
      vertex 40.5 -13.228818967938423 47.07095105201006
      vertex 58.5 -12.865929149091244 47.711541160941124
    endloop
  endfacet
  facet normal 0 0.8448535658512549 -0.5349976189371493
    outer loop
      vertex 58.5 -12.865929149091244 47.711541160941124
      vertex 40.5 -12.865929149091244 47.711541160941124
      vertex 58.5 -12.472044184803963 48.33355349302292
    endloop
  endfacet
  facet normal 0 0.8175848138603983 -0.5758081904114059
    outer loop
      vertex 58.5 -12.472044184803963 48.33355349302292
      vertex 40.5 -12.472044184803963 48.33355349302292
      vertex 58.5 -12.048112973570824 48.93548956513405
    endloop
  endfacet
  facet normal 0 0.788346430498815 -0.6152315869002314
    outer loop
      vertex 58.5 -12.048112973570824 48.93548956513405
      vertex 40.5 -12.048112973570824 48.93548956513405
      vertex 58.5 -11.59515680372715 49.51589926332235
    endloop
  endfacet
  facet normal 0 0.7572088432041958 -0.6531728467820472
    outer loop
      vertex 58.5 -11.59515680372715 49.51589926332235
      vertex 40.5 -11.59515680372715 49.51589926332235
      vertex 58.5 -11.114266879856586 50.07338432222605
    endloop
  endfacet
  facet normal 0 0.7242470799894851 -0.6895405478481337
    outer loop
      vertex 58.5 -11.114266879856586 50.07338432222605
      vertex 40.5 -11.114266879856586 50.07338432222605
      vertex 58.5 -10.60660171508789 50.60660171508789
    endloop
  endfacet
  facet normal 1 0 0
    outer loop
      vertex 58.5 -15 45
      vertex 58.5 -14.140784710645676 45
      vertex 58.5 -14.123160980641842 45.05334780365229
    endloop
  endfacet
  facet normal 1 0 0
    outer loop
      vertex 58.5 -15 45
      vertex 58.5 -14.123160980641842 45.05334780365229
      vertex 58.5 -13.85819298774004 45.74025148898363
    endloop
  endfacet
  facet normal 1 0 0
    outer loop
      vertex 58.5 -17.638425290584564 49.42793473601341
      vertex 58.5 -13.559839397668839 46.413326404988766
      vertex 58.5 -13.228818967938423 47.07095105201006
    endloop
  endfacet
  facet normal 1 0 0
    outer loop
      vertex 58.5 -17.154572196304798 50.282054886221886
      vertex 58.5 -13.228818967938423 47.07095105201006
      vertex 58.5 -12.865929149091244 47.711541160941124
    endloop
  endfacet
  facet normal 1 0 0
    outer loop
      vertex 58.5 -16.629392243921757 51.11140465736389
      vertex 58.5 -12.865929149091244 47.711541160941124
      vertex 58.5 -12.472044184803963 48.33355349302292
    endloop
  endfacet
  facet normal 1 0 0
    outer loop
      vertex 58.5 -16.064150631427765 51.9139860868454
      vertex 58.5 -12.472044184803963 48.33355349302292
      vertex 58.5 -12.048112973570824 48.93548956513405
    endloop
  endfacet
  facet normal 1 0 0
    outer loop
      vertex 58.5 -15.46020906418562 52.68786568194628
      vertex 58.5 -12.048112973570824 48.93548956513405
      vertex 58.5 -11.59515680372715 49.51589926332235
    endloop
  endfacet
  facet normal 0 -0.7242470787865777 0.6895405491115867
    outer loop
      vertex 40.5 -14.819022506475449 53.431179098784924
      vertex 58.5 -14.819022506475449 53.431179098784924
      vertex 58.5 -14.142135620117188 54.14213562011719
    endloop
  endfacet
  facet normal 0 -0.6895405491115867 0.7242470787865777
    outer loop
      vertex 40.5 -14.142135620117188 54.14213562011719
      vertex 58.5 -14.142135620117188 54.14213562011719
      vertex 58.5 -13.431179098784924 54.81902250647545
    endloop
  endfacet
  facet normal 0 -0.6531728399277139 0.7572088491167842
    outer loop
      vertex 40.5 -13.431179098784924 54.81902250647545
      vertex 58.5 -13.431179098784924 54.81902250647545
      vertex 58.5 -12.687865681946278 55.46020906418562
    endloop
  endfacet
  facet normal 0 0.6895405478481337 -0.7242470799894851
    outer loop
      vertex 58.5 -10.60660171508789 50.60660171508789
      vertex 40.5 -10.60660171508789 50.60660171508789
      vertex 58.5 -10.073384322226048 51.11426687985659
    endloop
  endfacet
  facet normal 0 -0.6152315928443219 0.7883464258600014
    outer loop
      vertex 40.5 -12.687865681946278 55.46020906418562
      vertex 58.5 -12.687865681946278 55.46020906418562
      vertex 58.5 -11.913986086845398 56.064150631427765
    endloop
  endfacet
  facet normal 1 0 0
    outer loop
      vertex 58.5 -15.46020906418562 52.68786568194628
      vertex 58.5 -16.064150631427765 51.9139860868454
      vertex 58.5 -12.048112973570824 48.93548956513405
    endloop
  endfacet
  facet normal 1 0 0
    outer loop
      vertex 58.5 -14.819022506475449 53.431179098784924
      vertex 58.5 -15.46020906418562 52.68786568194628
      vertex 58.5 -11.59515680372715 49.51589926332235
    endloop
  endfacet
  facet normal 1 0 0
    outer loop
      vertex 58.5 -14.819022506475449 53.431179098784924
      vertex 58.5 -11.59515680372715 49.51589926332235
      vertex 58.5 -11.114266879856586 50.07338432222605
    endloop
  endfacet
  facet normal 1 0 0
    outer loop
      vertex 58.5 -14.142135620117188 54.14213562011719
      vertex 58.5 -14.819022506475449 53.431179098784924
      vertex 58.5 -11.114266879856586 50.07338432222605
    endloop
  endfacet
  facet normal 1 0 0
    outer loop
      vertex 58.5 -13.431179098784924 54.81902250647545
      vertex 58.5 -14.142135620117188 54.14213562011719
      vertex 58.5 -10.60660171508789 50.60660171508789
    endloop
  endfacet
  facet normal 1 0 0
    outer loop
      vertex 58.5 -14.142135620117188 54.14213562011719
      vertex 58.5 -11.114266879856586 50.07338432222605
      vertex 58.5 -10.60660171508789 50.60660171508789
    endloop
  endfacet
  facet normal 1 0 0
    outer loop
      vertex 58.5 -13.431179098784924 54.81902250647545
      vertex 58.5 -10.60660171508789 50.60660171508789
      vertex 58.5 -10.073384322226048 51.11426687985659
    endloop
  endfacet
  facet normal 1 0 0
    outer loop
      vertex 58.5 -12.687865681946278 55.46020906418562
      vertex 58.5 -10.073384322226048 51.11426687985659
      vertex 58.5 -9.515899263322353 51.59515680372715
    endloop
  endfacet
  facet normal 1 0 0
    outer loop
      vertex 58.5 -11.913986086845398 56.064150631427765
      vertex 58.5 -9.515899263322353 51.59515680372715
      vertex 58.5 -8.935489565134048 52.048112973570824
    endloop
  endfacet
  facet normal 1 0 0
    outer loop
      vertex 58.5 -12.687865681946278 55.46020906418562
      vertex 58.5 -13.431179098784924 54.81902250647545
      vertex 58.5 -10.073384322226048 51.11426687985659
    endloop
  endfacet
  facet normal 1 0 0
    outer loop
      vertex 58.5 -11.913986086845398 56.064150631427765
      vertex 58.5 -12.687865681946278 55.46020906418562
      vertex 58.5 -9.515899263322353 51.59515680372715
    endloop
  endfacet
  facet normal 1 0 0
    outer loop
      vertex 58.5 -11.111404657363892 56.62939224392176
      vertex 58.5 -11.913986086845398 56.064150631427765
      vertex 58.5 -8.935489565134048 52.048112973570824
    endloop
  endfacet
  facet normal 0 -0.5758081887202712 0.8175848150514297
    outer loop
      vertex 40.5 -11.913986086845398 56.064150631427765
      vertex 58.5 -11.111404657363892 56.62939224392176
      vertex 40.5 -11.111404657363892 56.62939224392176
    endloop
  endfacet
  facet normal 0 -0.5349976212242004 0.8448535644029957
    outer loop
      vertex 40.5 -11.111404657363892 56.62939224392176
      vertex 58.5 -10.282054886221886 57.1545721963048
      vertex 40.5 -10.282054886221886 57.1545721963048
    endloop
  endfacet
  facet normal 0 -0.5758081887202712 0.8175848150514297
    outer loop
      vertex 40.5 -11.913986086845398 56.064150631427765
      vertex 58.5 -11.913986086845398 56.064150631427765
      vertex 58.5 -11.111404657363892 56.62939224392176
    endloop
  endfacet
  facet normal 0 -0.5349976212242004 0.8448535644029957
    outer loop
      vertex 40.5 -11.111404657363892 56.62939224392176
      vertex 58.5 -11.111404657363892 56.62939224392176
      vertex 58.5 -10.282054886221886 57.1545721963048
    endloop
  endfacet
  facet normal 0 0.6531728467820472 -0.7572088432041958
    outer loop
      vertex 40.5 -9.515899263322353 51.59515680372715
      vertex 58.5 -9.515899263322353 51.59515680372715
      vertex 40.5 -10.073384322226048 51.11426687985659
    endloop
  endfacet
  facet normal 0 0.6152315869002314 -0.788346430498815
    outer loop
      vertex 40.5 -8.935489565134048 52.048112973570824
      vertex 58.5 -8.935489565134048 52.048112973570824
      vertex 40.5 -9.515899263322353 51.59515680372715
    endloop
  endfacet
  facet normal 0 0.5758081904114059 -0.8175848138603983
    outer loop
      vertex 40.5 -8.333553493022919 52.47204418480396
      vertex 58.5 -8.333553493022919 52.47204418480396
      vertex 40.5 -8.935489565134048 52.048112973570824
    endloop
  endfacet
  facet normal 0 0.5349976189371493 -0.8448535658512549
    outer loop
      vertex 40.5 -7.711541160941124 52.865929149091244
      vertex 58.5 -7.711541160941124 52.865929149091244
      vertex 40.5 -8.333553493022919 52.47204418480396
    endloop
  endfacet
  facet normal 0 0.49289819687701847 -0.8700869884760856
    outer loop
      vertex 40.5 -7.070951052010059 53.22881896793842
      vertex 58.5 -7.070951052010059 53.22881896793842
      vertex 40.5 -7.711541160941124 52.865929149091244
    endloop
  endfacet
  facet normal 0 0.4496113297352916 -0.893224301154902
    outer loop
      vertex 40.5 -6.413326404988766 53.55983939766884
      vertex 58.5 -6.413326404988766 53.55983939766884
      vertex 40.5 -7.070951052010059 53.22881896793842
    endloop
  endfacet
  facet normal 0 0.4052413131439042 -0.9142097560852237
    outer loop
      vertex 40.5 -5.740251488983631 53.85819298774004
      vertex 58.5 -5.740251488983631 53.85819298774004
      vertex 40.5 -6.413326404988766 53.55983939766884
    endloop
  endfacet
  facet normal 0 0.3598950395392891 -0.9329927976758522
    outer loop
      vertex 40.5 -5.0533478036522865 54.12316098064184
      vertex 58.5 -5.0533478036522865 54.12316098064184
      vertex 40.5 -5.740251488983631 53.85819298774004
    endloop
  endfacet
  facet normal 0 0.31368173261323284 -0.9495281831650708
    outer loop
      vertex 40.5 -4.354270160198212 54.35410503298044
      vertex 58.5 -4.354270160198212 54.35410503298044
      vertex 40.5 -5.0533478036522865 54.12316098064184
    endloop
  endfacet
  facet normal 0 0.2667127559703685 -0.9637760662117993
    outer loop
      vertex 40.5 -3.644702695310116 54.55046879500151
      vertex 58.5 -3.644702695310116 54.55046879500151
      vertex 40.5 -4.354270160198212 54.35410503298044
    endloop
  endfacet
  facet normal 0 0.21910124687325624 -0.9757021285303136
    outer loop
      vertex 40.5 -2.926354832947254 54.711779206991196
      vertex 58.5 -2.926354832947254 54.711779206991196
      vertex 40.5 -3.644702695310116 54.55046879500151
    endloop
  endfacet
  facet normal 0 0.1709618838009624 -0.9852776432494681
    outer loop
      vertex 40.5 -2.2009571194648743 54.83764764666557
      vertex 58.5 -2.2009571194648743 54.83764764666557
      vertex 40.5 -2.926354832947254 54.711779206991196
    endloop
  endfacet
  facet normal 0 0.12241067514477189 -0.9924795346054252
    outer loop
      vertex 40.5 -1.4702571034431458 54.927770897746086
      vertex 58.5 -1.4702571034431458 54.927770897746086
      vertex 40.5 -2.2009571194648743 54.83764764666557
    endloop
  endfacet
  facet normal 0 0.07356456624789917 -0.9972904564833448
    outer loop
      vertex 40.5 -0.736015111207962 54.98193184286356
      vertex 58.5 -0.736015111207962 54.98193184286356
      vertex 40.5 -1.4702571034431458 54.927770897746086
    endloop
  endfacet
  facet normal 0 0.024541228936846505 -0.9996988186860427
    outer loop
      vertex 40.5 0 55
      vertex 58.5 0 55
      vertex 40.5 -0.736015111207962 54.98193184286356
    endloop
  endfacet
  facet normal 0 0.6531728467820472 -0.7572088432041958
    outer loop
      vertex 58.5 -10.073384322226048 51.11426687985659
      vertex 40.5 -10.073384322226048 51.11426687985659
      vertex 58.5 -9.515899263322353 51.59515680372715
    endloop
  endfacet
  facet normal 0 0.6152315869002314 -0.788346430498815
    outer loop
      vertex 58.5 -9.515899263322353 51.59515680372715
      vertex 40.5 -9.515899263322353 51.59515680372715
      vertex 58.5 -8.935489565134048 52.048112973570824
    endloop
  endfacet
  facet normal 0 0.5758081904114059 -0.8175848138603983
    outer loop
      vertex 58.5 -8.935489565134048 52.048112973570824
      vertex 40.5 -8.935489565134048 52.048112973570824
      vertex 58.5 -8.333553493022919 52.47204418480396
    endloop
  endfacet
  facet normal 0 0.5349976189371493 -0.8448535658512549
    outer loop
      vertex 58.5 -8.333553493022919 52.47204418480396
      vertex 40.5 -8.333553493022919 52.47204418480396
      vertex 58.5 -7.711541160941124 52.865929149091244
    endloop
  endfacet
  facet normal 0 0.49289819687701847 -0.8700869884760856
    outer loop
      vertex 58.5 -7.711541160941124 52.865929149091244
      vertex 40.5 -7.711541160941124 52.865929149091244
      vertex 58.5 -7.070951052010059 53.22881896793842
    endloop
  endfacet
  facet normal 0 0.4496113297352916 -0.893224301154902
    outer loop
      vertex 58.5 -7.070951052010059 53.22881896793842
      vertex 40.5 -7.070951052010059 53.22881896793842
      vertex 58.5 -6.413326404988766 53.55983939766884
    endloop
  endfacet
  facet normal 0 0.4052413131439042 -0.9142097560852237
    outer loop
      vertex 58.5 -6.413326404988766 53.55983939766884
      vertex 40.5 -6.413326404988766 53.55983939766884
      vertex 58.5 -5.740251488983631 53.85819298774004
    endloop
  endfacet
  facet normal 0 0.3598950395392891 -0.9329927976758522
    outer loop
      vertex 58.5 -5.740251488983631 53.85819298774004
      vertex 40.5 -5.740251488983631 53.85819298774004
      vertex 58.5 -5.0533478036522865 54.12316098064184
    endloop
  endfacet
  facet normal 1 0 0
    outer loop
      vertex 58.5 -11.111404657363892 56.62939224392176
      vertex 58.5 -8.935489565134048 52.048112973570824
      vertex 58.5 -8.333553493022919 52.47204418480396
    endloop
  endfacet
  facet normal 1 0 0
    outer loop
      vertex 58.5 -10.282054886221886 57.1545721963048
      vertex 58.5 -8.333553493022919 52.47204418480396
      vertex 58.5 -7.711541160941124 52.865929149091244
    endloop
  endfacet
  facet normal 1 0 0
    outer loop
      vertex 58.5 -10.282054886221886 57.1545721963048
      vertex 58.5 -11.111404657363892 56.62939224392176
      vertex 58.5 -8.333553493022919 52.47204418480396
    endloop
  endfacet
  facet normal 1 0 0
    outer loop
      vertex 58.5 -9.427934736013412 57.638425290584564
      vertex 58.5 -10.282054886221886 57.1545721963048
      vertex 58.5 -7.711541160941124 52.865929149091244
    endloop
  endfacet
  facet normal 1 0 0
    outer loop
      vertex 58.5 -9.427934736013412 57.638425290584564
      vertex 58.5 -7.711541160941124 52.865929149091244
      vertex 58.5 -7.070951052010059 53.22881896793842
    endloop
  endfacet
  facet normal 1 0 0
    outer loop
      vertex 58.5 -8.551101870834827 58.079785861074924
      vertex 58.5 -7.070951052010059 53.22881896793842
      vertex 58.5 -6.413326404988766 53.55983939766884
    endloop
  endfacet
  facet normal 1 0 0
    outer loop
      vertex 58.5 -7.653668649494648 58.47759065032005
      vertex 58.5 -6.413326404988766 53.55983939766884
      vertex 58.5 -5.740251488983631 53.85819298774004
    endloop
  endfacet
  facet normal 1 0 0
    outer loop
      vertex 58.5 -6.737797066569328 58.83088130503893
      vertex 58.5 -5.740251488983631 53.85819298774004
      vertex 58.5 -5.0533478036522865 54.12316098064184
    endloop
  endfacet
  facet normal 1 0 0
    outer loop
      vertex 58.5 -5.805693544447422 59.13880671560764
      vertex 58.5 -5.0533478036522865 54.12316098064184
      vertex 58.5 -4.354270160198212 54.35410503298044
    endloop
  endfacet
  facet normal 0 0.31368173261323284 -0.9495281831650708
    outer loop
      vertex 58.5 -5.0533478036522865 54.12316098064184
      vertex 40.5 -5.0533478036522865 54.12316098064184
      vertex 58.5 -4.354270160198212 54.35410503298044
    endloop
  endfacet
  facet normal 0 0.2667127559703685 -0.9637760662117993
    outer loop
      vertex 58.5 -4.354270160198212 54.35410503298044
      vertex 40.5 -4.354270160198212 54.35410503298044
      vertex 58.5 -3.644702695310116 54.55046879500151
    endloop
  endfacet
  facet normal 0 0.21910124687325624 -0.9757021285303136
    outer loop
      vertex 58.5 -3.644702695310116 54.55046879500151
      vertex 40.5 -3.644702695310116 54.55046879500151
      vertex 58.5 -2.926354832947254 54.711779206991196
    endloop
  endfacet
  facet normal 0 0.1709618838009624 -0.9852776432494681
    outer loop
      vertex 58.5 -2.926354832947254 54.711779206991196
      vertex 40.5 -2.926354832947254 54.711779206991196
      vertex 58.5 -2.2009571194648743 54.83764764666557
    endloop
  endfacet
  facet normal 0 0.12241067514477189 -0.9924795346054252
    outer loop
      vertex 58.5 -2.2009571194648743 54.83764764666557
      vertex 40.5 -2.2009571194648743 54.83764764666557
      vertex 58.5 -1.4702571034431458 54.927770897746086
    endloop
  endfacet
  facet normal 0 0.07356456624789917 -0.9972904564833448
    outer loop
      vertex 58.5 -1.4702571034431458 54.927770897746086
      vertex 40.5 -1.4702571034431458 54.927770897746086
      vertex 58.5 -0.736015111207962 54.98193184286356
    endloop
  endfacet
  facet normal 0 0.024541228936846505 -0.9996988186860427
    outer loop
      vertex 58.5 -0.736015111207962 54.98193184286356
      vertex 40.5 -0.736015111207962 54.98193184286356
      vertex 58.5 0 55
    endloop
  endfacet
  facet normal 1 0 0
    outer loop
      vertex 58.5 -4.859603598713875 59.40062506496906
      vertex 58.5 -4.354270160198212 54.35410503298044
      vertex 58.5 -3.644702695310116 54.55046879500151
    endloop
  endfacet
  facet normal 0 -0.49289819662230966 0.8700869886203763
    outer loop
      vertex 40.5 -10.282054886221886 57.1545721963048
      vertex 58.5 -9.427934736013412 57.638425290584564
      vertex 40.5 -9.427934736013412 57.638425290584564
    endloop
  endfacet
  facet normal 0 -0.44961132670072995 0.893224302682372
    outer loop
      vertex 40.5 -9.427934736013412 57.638425290584564
      vertex 58.5 -8.551101870834827 58.079785861074924
      vertex 40.5 -8.551101870834827 58.079785861074924
    endloop
  endfacet
  facet normal 0 -0.4052413152583876 0.9142097551479376
    outer loop
      vertex 40.5 -8.551101870834827 58.079785861074924
      vertex 58.5 -7.653668649494648 58.47759065032005
      vertex 40.5 -7.653668649494648 58.47759065032005
    endloop
  endfacet
  facet normal 0 -0.3598950364875197 0.9329927988530494
    outer loop
      vertex 40.5 -7.653668649494648 58.47759065032005
      vertex 58.5 -6.737797066569328 58.83088130503893
      vertex 40.5 -6.737797066569328 58.83088130503893
    endloop
  endfacet
  facet normal 0 -0.313681740209826 0.9495281806554954
    outer loop
      vertex 40.5 -6.737797066569328 58.83088130503893
      vertex 58.5 -5.805693544447422 59.13880671560764
      vertex 40.5 -5.805693544447422 59.13880671560764
    endloop
  endfacet
  facet normal 0 -0.2667127579213527 0.9637760656718893
    outer loop
      vertex 40.5 -5.805693544447422 59.13880671560764
      vertex 58.5 -4.859603598713875 59.40062506496906
      vertex 40.5 -4.859603598713875 59.40062506496906
    endloop
  endfacet
  facet normal 0 -0.21910124097455688 0.9757021298549108
    outer loop
      vertex 40.5 -4.859603598713875 59.40062506496906
      vertex 58.5 -3.9018064439296722 59.615705609321594
      vertex 40.5 -3.9018064439296722 59.615705609321594
    endloop
  endfacet
  facet normal 0 -0.17096188540465498 0.9852776429712011
    outer loop
      vertex 40.5 -3.9018064439296722 59.615705609321594
      vertex 58.5 -2.9346094876527786 59.783530198037624
      vertex 40.5 -2.9346094876527786 59.783530198037624
    endloop
  endfacet
  facet normal 0 -0.12241067637422907 0.9924795344537859
    outer loop
      vertex 40.5 -2.9346094876527786 59.783530198037624
      vertex 58.5 -1.9603428095579147 59.90369453281164
      vertex 40.5 -1.9603428095579147 59.90369453281164
    endloop
  endfacet
  facet normal 0 -0.0735645610297641 0.9972904568682577
    outer loop
      vertex 40.5 -1.9603428095579147 59.90369453281164
      vertex 58.5 -0.9813534840941429 59.97590912133455
      vertex 40.5 -0.9813534840941429 59.97590912133455
    endloop
  endfacet
  facet normal 0 -0.02454123140320701 0.999698818625497
    outer loop
      vertex 40.5 -0.9813534840941429 59.97590912133455
      vertex 58.5 0 60
      vertex 40.5 0 60
    endloop
  endfacet
  facet normal 0 -0.49289819662230966 0.8700869886203763
    outer loop
      vertex 40.5 -10.282054886221886 57.1545721963048
      vertex 58.5 -10.282054886221886 57.1545721963048
      vertex 58.5 -9.427934736013412 57.638425290584564
    endloop
  endfacet
  facet normal 0 -0.44961132670072995 0.893224302682372
    outer loop
      vertex 40.5 -9.427934736013412 57.638425290584564
      vertex 58.5 -9.427934736013412 57.638425290584564
      vertex 58.5 -8.551101870834827 58.079785861074924
    endloop
  endfacet
  facet normal 0 -0.4052413152583876 0.9142097551479376
    outer loop
      vertex 40.5 -8.551101870834827 58.079785861074924
      vertex 58.5 -8.551101870834827 58.079785861074924
      vertex 58.5 -7.653668649494648 58.47759065032005
    endloop
  endfacet
  facet normal 0 -0.3598950364875197 0.9329927988530494
    outer loop
      vertex 40.5 -7.653668649494648 58.47759065032005
      vertex 58.5 -7.653668649494648 58.47759065032005
      vertex 58.5 -6.737797066569328 58.83088130503893
    endloop
  endfacet
  facet normal 0 -0.313681740209826 0.9495281806554954
    outer loop
      vertex 40.5 -6.737797066569328 58.83088130503893
      vertex 58.5 -6.737797066569328 58.83088130503893
      vertex 58.5 -5.805693544447422 59.13880671560764
    endloop
  endfacet
  facet normal 0 -0.2667127579213527 0.9637760656718893
    outer loop
      vertex 40.5 -5.805693544447422 59.13880671560764
      vertex 58.5 -5.805693544447422 59.13880671560764
      vertex 58.5 -4.859603598713875 59.40062506496906
    endloop
  endfacet
  facet normal 1 0 0
    outer loop
      vertex 58.5 -8.551101870834827 58.079785861074924
      vertex 58.5 -9.427934736013412 57.638425290584564
      vertex 58.5 -7.070951052010059 53.22881896793842
    endloop
  endfacet
  facet normal 1 0 0
    outer loop
      vertex 58.5 -7.653668649494648 58.47759065032005
      vertex 58.5 -8.551101870834827 58.079785861074924
      vertex 58.5 -6.413326404988766 53.55983939766884
    endloop
  endfacet
  facet normal 1 0 0
    outer loop
      vertex 58.5 -6.737797066569328 58.83088130503893
      vertex 58.5 -7.653668649494648 58.47759065032005
      vertex 58.5 -5.740251488983631 53.85819298774004
    endloop
  endfacet
  facet normal 1 0 0
    outer loop
      vertex 58.5 -5.805693544447422 59.13880671560764
      vertex 58.5 -6.737797066569328 58.83088130503893
      vertex 58.5 -5.0533478036522865 54.12316098064184
    endloop
  endfacet
  facet normal 1 0 0
    outer loop
      vertex 58.5 -4.859603598713875 59.40062506496906
      vertex 58.5 -5.805693544447422 59.13880671560764
      vertex 58.5 -4.354270160198212 54.35410503298044
    endloop
  endfacet
  facet normal 0 -0.21910124097455688 0.9757021298549108
    outer loop
      vertex 40.5 -4.859603598713875 59.40062506496906
      vertex 58.5 -4.859603598713875 59.40062506496906
      vertex 58.5 -3.9018064439296722 59.615705609321594
    endloop
  endfacet
  facet normal 0 -0.17096188540465498 0.9852776429712011
    outer loop
      vertex 40.5 -3.9018064439296722 59.615705609321594
      vertex 58.5 -3.9018064439296722 59.615705609321594
      vertex 58.5 -2.9346094876527786 59.783530198037624
    endloop
  endfacet
  facet normal 0 -0.12241067637422907 0.9924795344537859
    outer loop
      vertex 40.5 -2.9346094876527786 59.783530198037624
      vertex 58.5 -2.9346094876527786 59.783530198037624
      vertex 58.5 -1.9603428095579147 59.90369453281164
    endloop
  endfacet
  facet normal 0 -0.0735645610297641 0.9972904568682577
    outer loop
      vertex 40.5 -1.9603428095579147 59.90369453281164
      vertex 58.5 -1.9603428095579147 59.90369453281164
      vertex 58.5 -0.9813534840941429 59.97590912133455
    endloop
  endfacet
  facet normal 0 -0.02454123140320701 0.999698818625497
    outer loop
      vertex 40.5 -0.9813534840941429 59.97590912133455
      vertex 58.5 -0.9813534840941429 59.97590912133455
      vertex 58.5 0 60
    endloop
  endfacet
  facet normal 1 0 0
    outer loop
      vertex 58.5 -3.9018064439296722 59.615705609321594
      vertex 58.5 -4.859603598713875 59.40062506496906
      vertex 58.5 -3.644702695310116 54.55046879500151
    endloop
  endfacet
  facet normal 1 0 0
    outer loop
      vertex 58.5 -3.9018064439296722 59.615705609321594
      vertex 58.5 -3.644702695310116 54.55046879500151
      vertex 58.5 -2.926354832947254 54.711779206991196
    endloop
  endfacet
  facet normal 1 0 0
    outer loop
      vertex 58.5 -2.9346094876527786 59.783530198037624
      vertex 58.5 -2.926354832947254 54.711779206991196
      vertex 58.5 -2.2009571194648743 54.83764764666557
    endloop
  endfacet
  facet normal 1 0 0
    outer loop
      vertex 58.5 -2.9346094876527786 59.783530198037624
      vertex 58.5 -3.9018064439296722 59.615705609321594
      vertex 58.5 -2.926354832947254 54.711779206991196
    endloop
  endfacet
  facet normal 1 0 0
    outer loop
      vertex 58.5 -1.9603428095579147 59.90369453281164
      vertex 58.5 -2.2009571194648743 54.83764764666557
      vertex 58.5 -1.4702571034431458 54.927770897746086
    endloop
  endfacet
  facet normal 1 0 0
    outer loop
      vertex 58.5 -1.9603428095579147 59.90369453281164
      vertex 58.5 -2.9346094876527786 59.783530198037624
      vertex 58.5 -2.2009571194648743 54.83764764666557
    endloop
  endfacet
  facet normal 1 0 0
    outer loop
      vertex 58.5 -0.9813534840941429 59.97590912133455
      vertex 58.5 -1.9603428095579147 59.90369453281164
      vertex 58.5 -1.4702571034431458 54.927770897746086
    endloop
  endfacet
  facet normal 1 0 0
    outer loop
      vertex 58.5 -0.9813534840941429 59.97590912133455
      vertex 58.5 -1.4702571034431458 54.927770897746086
      vertex 58.5 -0.736015111207962 54.98193184286356
    endloop
  endfacet
  facet normal 1 0 0
    outer loop
      vertex 58.5 0 60
      vertex 58.5 -0.736015111207962 54.98193184286356
      vertex 58.5 0 55
    endloop
  endfacet
  facet normal 1 0 0
    outer loop
      vertex 58.5 0 60
      vertex 58.5 -0.9813534840941429 59.97590912133455
      vertex 58.5 -0.736015111207962 54.98193184286356
    endloop
  endfacet
  facet normal -1 0 0
    outer loop
      vertex 40.5 0.9813534840941429 20.024090878665447
      vertex 40.5 0 20
      vertex 40.5 0 25
    endloop
  endfacet
  facet normal -1 0 0
    outer loop
      vertex 40.5 1.9603428095579147 20.09630546718836
      vertex 40.5 0.9813534840941429 20.024090878665447
      vertex 40.5 0.736015111207962 25.01806815713644
    endloop
  endfacet
  facet normal -1 0 0
    outer loop
      vertex 40.5 2.9346094876527786 20.216469801962376
      vertex 40.5 1.9603428095579147 20.09630546718836
      vertex 40.5 1.4702571034431458 25.072229102253914
    endloop
  endfacet
  facet normal -1 0 0
    outer loop
      vertex 40.5 3.9018064439296722 20.384294390678406
      vertex 40.5 2.9346094876527786 20.216469801962376
      vertex 40.5 2.2009571194648743 25.162352353334427
    endloop
  endfacet
  facet normal -1 0 0
    outer loop
      vertex 40.5 4.859603598713875 20.599374935030937
      vertex 40.5 3.9018064439296722 20.384294390678406
      vertex 40.5 2.926354832947254 25.288220793008804
    endloop
  endfacet
  facet normal -1 0 0
    outer loop
      vertex 40.5 5.805693544447422 20.861193284392357
      vertex 40.5 4.859603598713875 20.599374935030937
      vertex 40.5 3.644702695310116 25.449531204998493
    endloop
  endfacet
  facet normal 0 0.02454123140320701 -0.999698818625497
    outer loop
      vertex 40.5 0.9813534840941429 20.024090878665447
      vertex 58.5 0 20
      vertex 40.5 0 20
    endloop
  endfacet
  facet normal 0 0.0735645610297641 -0.9972904568682577
    outer loop
      vertex 40.5 1.9603428095579147 20.09630546718836
      vertex 58.5 0.9813534840941429 20.024090878665447
      vertex 40.5 0.9813534840941429 20.024090878665447
    endloop
  endfacet
  facet normal 0 0.12241067637422907 -0.9924795344537859
    outer loop
      vertex 40.5 2.9346094876527786 20.216469801962376
      vertex 58.5 1.9603428095579147 20.09630546718836
      vertex 40.5 1.9603428095579147 20.09630546718836
    endloop
  endfacet
  facet normal 0 0.17096188540465498 -0.9852776429712011
    outer loop
      vertex 40.5 3.9018064439296722 20.384294390678406
      vertex 58.5 2.9346094876527786 20.216469801962376
      vertex 40.5 2.9346094876527786 20.216469801962376
    endloop
  endfacet
  facet normal 0 0.21910124097455688 -0.9757021298549108
    outer loop
      vertex 40.5 4.859603598713875 20.599374935030937
      vertex 58.5 3.9018064439296722 20.384294390678406
      vertex 40.5 3.9018064439296722 20.384294390678406
    endloop
  endfacet
  facet normal 0 0.2667127579213527 -0.9637760656718893
    outer loop
      vertex 40.5 5.805693544447422 20.861193284392357
      vertex 58.5 4.859603598713875 20.599374935030937
      vertex 40.5 4.859603598713875 20.599374935030937
    endloop
  endfacet
  facet normal 0 0.313681740209826 -0.9495281806554954
    outer loop
      vertex 40.5 6.737797066569328 21.16911869496107
      vertex 58.5 5.805693544447422 20.861193284392357
      vertex 40.5 5.805693544447422 20.861193284392357
    endloop
  endfacet
  facet normal 0 0.3598950364875197 -0.9329927988530494
    outer loop
      vertex 40.5 7.653668649494648 21.522409349679947
      vertex 58.5 6.737797066569328 21.16911869496107
      vertex 40.5 6.737797066569328 21.16911869496107
    endloop
  endfacet
  facet normal 0 0.4052413152583876 -0.9142097551479376
    outer loop
      vertex 40.5 8.551101870834827 21.920214138925076
      vertex 58.5 7.653668649494648 21.522409349679947
      vertex 40.5 7.653668649494648 21.522409349679947
    endloop
  endfacet
  facet normal 0 0.44961132670072995 -0.893224302682372
    outer loop
      vertex 40.5 9.427934736013412 22.361574709415436
      vertex 58.5 8.551101870834827 21.920214138925076
      vertex 40.5 8.551101870834827 21.920214138925076
    endloop
  endfacet
  facet normal 0 0.02454123140320701 -0.999698818625497
    outer loop
      vertex 40.5 0.9813534840941429 20.024090878665447
      vertex 58.5 0.9813534840941429 20.024090878665447
      vertex 58.5 0 20
    endloop
  endfacet
  facet normal 0 0.0735645610297641 -0.9972904568682577
    outer loop
      vertex 40.5 1.9603428095579147 20.09630546718836
      vertex 58.5 1.9603428095579147 20.09630546718836
      vertex 58.5 0.9813534840941429 20.024090878665447
    endloop
  endfacet
  facet normal 0 0.12241067637422907 -0.9924795344537859
    outer loop
      vertex 40.5 2.9346094876527786 20.216469801962376
      vertex 58.5 2.9346094876527786 20.216469801962376
      vertex 58.5 1.9603428095579147 20.09630546718836
    endloop
  endfacet
  facet normal 0 0.17096188540465498 -0.9852776429712011
    outer loop
      vertex 40.5 3.9018064439296722 20.384294390678406
      vertex 58.5 3.9018064439296722 20.384294390678406
      vertex 58.5 2.9346094876527786 20.216469801962376
    endloop
  endfacet
  facet normal 0 0.21910124097455688 -0.9757021298549108
    outer loop
      vertex 40.5 4.859603598713875 20.599374935030937
      vertex 58.5 4.859603598713875 20.599374935030937
      vertex 58.5 3.9018064439296722 20.384294390678406
    endloop
  endfacet
  facet normal 1 0 0
    outer loop
      vertex 58.5 0 25
      vertex 58.5 0 20
      vertex 58.5 0.9813534840941429 20.024090878665447
    endloop
  endfacet
  facet normal 1 0 0
    outer loop
      vertex 58.5 0.736015111207962 25.01806815713644
      vertex 58.5 0.9813534840941429 20.024090878665447
      vertex 58.5 1.9603428095579147 20.09630546718836
    endloop
  endfacet
  facet normal 1 0 0
    outer loop
      vertex 58.5 1.4702571034431458 25.072229102253914
      vertex 58.5 1.9603428095579147 20.09630546718836
      vertex 58.5 2.9346094876527786 20.216469801962376
    endloop
  endfacet
  facet normal 1 0 0
    outer loop
      vertex 58.5 2.2009571194648743 25.162352353334427
      vertex 58.5 2.9346094876527786 20.216469801962376
      vertex 58.5 3.9018064439296722 20.384294390678406
    endloop
  endfacet
  facet normal 1 0 0
    outer loop
      vertex 58.5 2.926354832947254 25.288220793008804
      vertex 58.5 3.9018064439296722 20.384294390678406
      vertex 58.5 4.859603598713875 20.599374935030937
    endloop
  endfacet
  facet normal 1 0 0
    outer loop
      vertex 58.5 3.644702695310116 25.449531204998493
      vertex 58.5 4.859603598713875 20.599374935030937
      vertex 58.5 5.805693544447422 20.861193284392357
    endloop
  endfacet
  facet normal 0 0.2667127579213527 -0.9637760656718893
    outer loop
      vertex 40.5 5.805693544447422 20.861193284392357
      vertex 58.5 5.805693544447422 20.861193284392357
      vertex 58.5 4.859603598713875 20.599374935030937
    endloop
  endfacet
  facet normal 0 0.313681740209826 -0.9495281806554954
    outer loop
      vertex 40.5 6.737797066569328 21.16911869496107
      vertex 58.5 6.737797066569328 21.16911869496107
      vertex 58.5 5.805693544447422 20.861193284392357
    endloop
  endfacet
  facet normal 0 0.3598950364875197 -0.9329927988530494
    outer loop
      vertex 40.5 7.653668649494648 21.522409349679947
      vertex 58.5 7.653668649494648 21.522409349679947
      vertex 58.5 6.737797066569328 21.16911869496107
    endloop
  endfacet
  facet normal 0 0.4052413152583876 -0.9142097551479376
    outer loop
      vertex 40.5 8.551101870834827 21.920214138925076
      vertex 58.5 8.551101870834827 21.920214138925076
      vertex 58.5 7.653668649494648 21.522409349679947
    endloop
  endfacet
  facet normal 0 0.44961132670072995 -0.893224302682372
    outer loop
      vertex 40.5 9.427934736013412 22.361574709415436
      vertex 58.5 9.427934736013412 22.361574709415436
      vertex 58.5 8.551101870834827 21.920214138925076
    endloop
  endfacet
  facet normal -1 0 0
    outer loop
      vertex 40.5 0.9813534840941429 20.024090878665447
      vertex 40.5 0 25
      vertex 40.5 0.736015111207962 25.01806815713644
    endloop
  endfacet
  facet normal -1 0 0
    outer loop
      vertex 40.5 1.9603428095579147 20.09630546718836
      vertex 40.5 0.736015111207962 25.01806815713644
      vertex 40.5 1.4702571034431458 25.072229102253914
    endloop
  endfacet
  facet normal -1 0 0
    outer loop
      vertex 40.5 2.9346094876527786 20.216469801962376
      vertex 40.5 1.4702571034431458 25.072229102253914
      vertex 40.5 2.2009571194648743 25.162352353334427
    endloop
  endfacet
  facet normal -1 0 0
    outer loop
      vertex 40.5 3.9018064439296722 20.384294390678406
      vertex 40.5 2.2009571194648743 25.162352353334427
      vertex 40.5 2.926354832947254 25.288220793008804
    endloop
  endfacet
  facet normal -1 0 0
    outer loop
      vertex 40.5 4.859603598713875 20.599374935030937
      vertex 40.5 2.926354832947254 25.288220793008804
      vertex 40.5 3.644702695310116 25.449531204998493
    endloop
  endfacet
  facet normal -1 0 0
    outer loop
      vertex 40.5 5.805693544447422 20.861193284392357
      vertex 40.5 3.644702695310116 25.449531204998493
      vertex 40.5 4.354270160198212 25.645894967019558
    endloop
  endfacet
  facet normal -1 0 0
    outer loop
      vertex 40.5 6.737797066569328 21.16911869496107
      vertex 40.5 5.805693544447422 20.861193284392357
      vertex 40.5 4.354270160198212 25.645894967019558
    endloop
  endfacet
  facet normal -1 0 0
    outer loop
      vertex 40.5 6.737797066569328 21.16911869496107
      vertex 40.5 4.354270160198212 25.645894967019558
      vertex 40.5 5.0533478036522865 25.876839019358158
    endloop
  endfacet
  facet normal -1 0 0
    outer loop
      vertex 40.5 7.653668649494648 21.522409349679947
      vertex 40.5 5.0533478036522865 25.876839019358158
      vertex 40.5 5.740251488983631 26.14180701225996
    endloop
  endfacet
  facet normal -1 0 0
    outer loop
      vertex 40.5 7.653668649494648 21.522409349679947
      vertex 40.5 6.737797066569328 21.16911869496107
      vertex 40.5 5.0533478036522865 25.876839019358158
    endloop
  endfacet
  facet normal -1 0 0
    outer loop
      vertex 40.5 8.551101870834827 21.920214138925076
      vertex 40.5 7.653668649494648 21.522409349679947
      vertex 40.5 5.740251488983631 26.14180701225996
    endloop
  endfacet
  facet normal -1 0 0
    outer loop
      vertex 40.5 8.551101870834827 21.920214138925076
      vertex 40.5 5.740251488983631 26.14180701225996
      vertex 40.5 6.413326404988766 26.44016060233116
    endloop
  endfacet
  facet normal -1 0 0
    outer loop
      vertex 40.5 9.427934736013412 22.361574709415436
      vertex 40.5 8.551101870834827 21.920214138925076
      vertex 40.5 6.413326404988766 26.44016060233116
    endloop
  endfacet
  facet normal -1 0 0
    outer loop
      vertex 40.5 9.427934736013412 22.361574709415436
      vertex 40.5 6.413326404988766 26.44016060233116
      vertex 40.5 7.070951052010059 26.771181032061577
    endloop
  endfacet
  facet normal -1 0 0
    outer loop
      vertex 40.5 10.282054886221886 22.845427803695202
      vertex 40.5 9.427934736013412 22.361574709415436
      vertex 40.5 7.070951052010059 26.771181032061577
    endloop
  endfacet
  facet normal -1 0 0
    outer loop
      vertex 40.5 11.111404657363892 23.370607756078243
      vertex 40.5 10.282054886221886 22.845427803695202
      vertex 40.5 7.711541160941124 27.134070850908756
    endloop
  endfacet
  facet normal -1 0 0
    outer loop
      vertex 40.5 10.282054886221886 22.845427803695202
      vertex 40.5 7.070951052010059 26.771181032061577
      vertex 40.5 7.711541160941124 27.134070850908756
    endloop
  endfacet
  facet normal -1 0 0
    outer loop
      vertex 40.5 11.111404657363892 23.370607756078243
      vertex 40.5 7.711541160941124 27.134070850908756
      vertex 40.5 8.333553493022919 27.527955815196037
    endloop
  endfacet
  facet normal -1 0 0
    outer loop
      vertex 40.5 11.913986086845398 23.935849368572235
      vertex 40.5 8.333553493022919 27.527955815196037
      vertex 40.5 8.935489565134048 27.951887026429176
    endloop
  endfacet
  facet normal -1 0 0
    outer loop
      vertex 40.5 11.913986086845398 23.935849368572235
      vertex 40.5 11.111404657363892 23.370607756078243
      vertex 40.5 8.333553493022919 27.527955815196037
    endloop
  endfacet
  facet normal -1 0 0
    outer loop
      vertex 40.5 12.687865681946278 24.53979093581438
      vertex 40.5 11.913986086845398 23.935849368572235
      vertex 40.5 8.935489565134048 27.951887026429176
    endloop
  endfacet
  facet normal -1 0 0
    outer loop
      vertex 40.5 12.687865681946278 24.53979093581438
      vertex 40.5 8.935489565134048 27.951887026429176
      vertex 40.5 9.515899263322353 28.40484319627285
    endloop
  endfacet
  facet normal -1 0 0
    outer loop
      vertex 40.5 13.431179098784924 25.18097749352455
      vertex 40.5 9.515899263322353 28.40484319627285
      vertex 40.5 10.073384322226048 28.885733120143414
    endloop
  endfacet
  facet normal -1 0 0
    outer loop
      vertex 40.5 13.431179098784924 25.18097749352455
      vertex 40.5 12.687865681946278 24.53979093581438
      vertex 40.5 9.515899263322353 28.40484319627285
    endloop
  endfacet
  facet normal -1 0 0
    outer loop
      vertex 40.5 14.142135620117188 25.857864379882812
      vertex 40.5 10.073384322226048 28.885733120143414
      vertex 40.5 10.60660171508789 29.39339828491211
    endloop
  endfacet
  facet normal -1 0 0
    outer loop
      vertex 40.5 14.142135620117188 25.857864379882812
      vertex 40.5 13.431179098784924 25.18097749352455
      vertex 40.5 10.073384322226048 28.885733120143414
    endloop
  endfacet
  facet normal -1 0 0
    outer loop
      vertex 40.5 14.819022506475449 26.568820901215076
      vertex 40.5 14.142135620117188 25.857864379882812
      vertex 40.5 10.60660171508789 29.39339828491211
    endloop
  endfacet
  facet normal -1 0 0
    outer loop
      vertex 40.5 15.46020906418562 27.312134318053722
      vertex 40.5 14.819022506475449 26.568820901215076
      vertex 40.5 11.114266879856586 29.926615677773952
    endloop
  endfacet
  facet normal -1 0 0
    outer loop
      vertex 40.5 14.819022506475449 26.568820901215076
      vertex 40.5 10.60660171508789 29.39339828491211
      vertex 40.5 11.114266879856586 29.926615677773952
    endloop
  endfacet
  facet normal -1 0 0
    outer loop
      vertex 40.5 15.46020906418562 27.312134318053722
      vertex 40.5 11.114266879856586 29.926615677773952
      vertex 40.5 11.59515680372715 30.484100736677647
    endloop
  endfacet
  facet normal -1 0 0
    outer loop
      vertex 40.5 16.064150631427765 28.086013913154602
      vertex 40.5 11.59515680372715 30.484100736677647
      vertex 40.5 12.048112973570824 31.06451043486595
    endloop
  endfacet
  facet normal -1 0 0
    outer loop
      vertex 40.5 16.629392243921757 28.88859534263611
      vertex 40.5 12.048112973570824 31.06451043486595
      vertex 40.5 12.472044184803963 31.66644650697708
    endloop
  endfacet
  facet normal -1 0 0
    outer loop
      vertex 40.5 16.064150631427765 28.086013913154602
      vertex 40.5 15.46020906418562 27.312134318053722
      vertex 40.5 11.59515680372715 30.484100736677647
    endloop
  endfacet
  facet normal -1 0 0
    outer loop
      vertex 40.5 16.629392243921757 28.88859534263611
      vertex 40.5 16.064150631427765 28.086013913154602
      vertex 40.5 12.048112973570824 31.06451043486595
    endloop
  endfacet
  facet normal -1 0 0
    outer loop
      vertex 40.5 17.154572196304798 29.717945113778114
      vertex 40.5 12.472044184803963 31.66644650697708
      vertex 40.5 12.865929149091244 32.288458839058876
    endloop
  endfacet
  facet normal -1 0 0
    outer loop
      vertex 40.5 17.638425290584564 30.572065263986588
      vertex 40.5 12.865929149091244 32.288458839058876
      vertex 40.5 13.228818967938423 32.92904894798994
    endloop
  endfacet
  facet normal -1 0 0
    outer loop
      vertex 40.5 18.079785861074924 31.448898129165173
      vertex 40.5 13.228818967938423 32.92904894798994
      vertex 40.5 13.559839397668839 33.586673595011234
    endloop
  endfacet
  facet normal -1 0 0
    outer loop
      vertex 40.5 17.154572196304798 29.717945113778114
      vertex 40.5 16.629392243921757 28.88859534263611
      vertex 40.5 12.472044184803963 31.66644650697708
    endloop
  endfacet
  facet normal -1 0 0
    outer loop
      vertex 40.5 17.638425290584564 30.572065263986588
      vertex 40.5 17.154572196304798 29.717945113778114
      vertex 40.5 12.865929149091244 32.288458839058876
    endloop
  endfacet
  facet normal -1 0 0
    outer loop
      vertex 40.5 18.477590650320053 32.34633135050535
      vertex 40.5 13.559839397668839 33.586673595011234
      vertex 40.5 13.85819298774004 34.25974851101637
    endloop
  endfacet
  facet normal -1 0 0
    outer loop
      vertex 40.5 18.079785861074924 31.448898129165173
      vertex 40.5 17.638425290584564 30.572065263986588
      vertex 40.5 13.228818967938423 32.92904894798994
    endloop
  endfacet
  facet normal -1 0 0
    outer loop
      vertex 40.5 18.477590650320053 32.34633135050535
      vertex 40.5 18.079785861074924 31.448898129165173
      vertex 40.5 13.559839397668839 33.586673595011234
    endloop
  endfacet
  facet normal -1 0 0
    outer loop
      vertex 40.5 18.83088130503893 33.26220293343067
      vertex 40.5 18.477590650320053 32.34633135050535
      vertex 40.5 13.85819298774004 34.25974851101637
    endloop
  endfacet
  facet normal -1 0 0
    outer loop
      vertex 40.5 14.98193184286356 39.26398488879204
      vertex 40.5 14.995090268552303 39.79999999701977
      vertex 40.5 15 39.79999999701977
    endloop
  endfacet
  facet normal -1 0 0
    outer loop
      vertex 40.5 18.83088130503893 33.26220293343067
      vertex 40.5 13.85819298774004 34.25974851101637
      vertex 40.5 14.123160980641842 34.94665219634771
    endloop
  endfacet
  facet normal -1 0 0
    outer loop
      vertex 40.5 19.138806715607643 34.19430645555258
      vertex 40.5 14.123160980641842 34.94665219634771
      vertex 40.5 14.354105032980442 35.64572983980179
    endloop
  endfacet
  facet normal -1 0 0
    outer loop
      vertex 40.5 19.400625064969063 35.140396401286125
      vertex 40.5 14.354105032980442 35.64572983980179
      vertex 40.5 14.550468795001507 36.355297304689884
    endloop
  endfacet
  facet normal -1 0 0
    outer loop
      vertex 40.5 19.138806715607643 34.19430645555258
      vertex 40.5 18.83088130503893 33.26220293343067
      vertex 40.5 14.123160980641842 34.94665219634771
    endloop
  endfacet
  facet normal -1 0 0
    outer loop
      vertex 40.5 19.615705609321594 36.09819355607033
      vertex 40.5 14.550468795001507 36.355297304689884
      vertex 40.5 14.711779206991196 37.073645167052746
    endloop
  endfacet
  facet normal -1 0 0
    outer loop
      vertex 40.5 19.783530198037624 37.06539051234722
      vertex 40.5 14.711779206991196 37.073645167052746
      vertex 40.5 14.837647646665573 37.799042880535126
    endloop
  endfacet
  facet normal -1 0 0
    outer loop
      vertex 40.5 19.90369453281164 38.039657190442085
      vertex 40.5 14.837647646665573 37.799042880535126
      vertex 40.5 14.927770897746086 38.529742896556854
    endloop
  endfacet
  facet normal -1 0 0
    outer loop
      vertex 40.5 19.975909121334553 39.01864651590586
      vertex 40.5 14.927770897746086 38.529742896556854
      vertex 40.5 14.98193184286356 39.26398488879204
    endloop
  endfacet
  facet normal -1 0 0
    outer loop
      vertex 40.5 19.975909121334553 39.01864651590586
      vertex 40.5 14.98193184286356 39.26398488879204
      vertex 40.5 15 39.79999999701977
    endloop
  endfacet
  facet normal -1 0 0
    outer loop
      vertex 40.5 19.400625064969063 35.140396401286125
      vertex 40.5 19.138806715607643 34.19430645555258
      vertex 40.5 14.354105032980442 35.64572983980179
    endloop
  endfacet
  facet normal -1 0 0
    outer loop
      vertex 40.5 19.615705609321594 36.09819355607033
      vertex 40.5 19.400625064969063 35.140396401286125
      vertex 40.5 14.550468795001507 36.355297304689884
    endloop
  endfacet
  facet normal -1 0 0
    outer loop
      vertex 40.5 19.783530198037624 37.06539051234722
      vertex 40.5 19.615705609321594 36.09819355607033
      vertex 40.5 14.711779206991196 37.073645167052746
    endloop
  endfacet
  facet normal -1 0 0
    outer loop
      vertex 40.5 19.90369453281164 38.039657190442085
      vertex 40.5 19.783530198037624 37.06539051234722
      vertex 40.5 14.837647646665573 37.799042880535126
    endloop
  endfacet
  facet normal -1 0 0
    outer loop
      vertex 40.5 19.975909121334553 39.01864651590586
      vertex 40.5 19.90369453281164 38.039657190442085
      vertex 40.5 14.927770897746086 38.529742896556854
    endloop
  endfacet
  facet normal -1 0 0
    outer loop
      vertex 40.5 19.361772142350674 45
      vertex 40.5 15 39.79999999701977
      vertex 40.5 15 45
    endloop
  endfacet
  facet normal -1 0 0
    outer loop
      vertex 40.5 20 40
      vertex 40.5 19.975909121334553 39.01864651590586
      vertex 40.5 15 39.79999999701977
    endloop
  endfacet
  facet normal -1 0 0
    outer loop
      vertex 40.5 19.361772142350674 45
      vertex 40.5 20 40
      vertex 40.5 15 39.79999999701977
    endloop
  endfacet
  facet normal -1 0 0
    outer loop
      vertex 40.5 19.361772142350674 45
      vertex 40.5 20 45
      vertex 40.5 20 40
    endloop
  endfacet
  facet normal 0 -0.024541228936846505 0.9996988186860427
    outer loop
      vertex 40.5 0 25
      vertex 58.5 0 25
      vertex 40.5 0.736015111207962 25.01806815713644
    endloop
  endfacet
  facet normal 0 -0.07356456624789917 0.9972904564833448
    outer loop
      vertex 40.5 0.736015111207962 25.01806815713644
      vertex 58.5 0.736015111207962 25.01806815713644
      vertex 40.5 1.4702571034431458 25.072229102253914
    endloop
  endfacet
  facet normal 0 -0.12241067514477189 0.9924795346054252
    outer loop
      vertex 40.5 1.4702571034431458 25.072229102253914
      vertex 58.5 1.4702571034431458 25.072229102253914
      vertex 40.5 2.2009571194648743 25.162352353334427
    endloop
  endfacet
  facet normal 0 -0.1709618838009624 0.9852776432494681
    outer loop
      vertex 40.5 2.2009571194648743 25.162352353334427
      vertex 58.5 2.2009571194648743 25.162352353334427
      vertex 40.5 2.926354832947254 25.288220793008804
    endloop
  endfacet
  facet normal 0 -0.21910124687325624 0.9757021285303136
    outer loop
      vertex 40.5 2.926354832947254 25.288220793008804
      vertex 58.5 2.926354832947254 25.288220793008804
      vertex 40.5 3.644702695310116 25.449531204998493
    endloop
  endfacet
  facet normal 0 -0.2667127559703685 0.9637760662117993
    outer loop
      vertex 40.5 3.644702695310116 25.449531204998493
      vertex 58.5 3.644702695310116 25.449531204998493
      vertex 40.5 4.354270160198212 25.645894967019558
    endloop
  endfacet
  facet normal 0 -0.31368173261323284 0.9495281831650708
    outer loop
      vertex 40.5 4.354270160198212 25.645894967019558
      vertex 58.5 4.354270160198212 25.645894967019558
      vertex 40.5 5.0533478036522865 25.876839019358158
    endloop
  endfacet
  facet normal 0 -0.3598950395392891 0.9329927976758522
    outer loop
      vertex 40.5 5.0533478036522865 25.876839019358158
      vertex 58.5 5.0533478036522865 25.876839019358158
      vertex 40.5 5.740251488983631 26.14180701225996
    endloop
  endfacet
  facet normal 0 -0.4052413131439042 0.9142097560852237
    outer loop
      vertex 40.5 5.740251488983631 26.14180701225996
      vertex 58.5 5.740251488983631 26.14180701225996
      vertex 40.5 6.413326404988766 26.44016060233116
    endloop
  endfacet
  facet normal 0 -0.4496113297352916 0.893224301154902
    outer loop
      vertex 40.5 6.413326404988766 26.44016060233116
      vertex 58.5 6.413326404988766 26.44016060233116
      vertex 40.5 7.070951052010059 26.771181032061577
    endloop
  endfacet
  facet normal 0 -0.49289819687701847 0.8700869884760856
    outer loop
      vertex 40.5 7.070951052010059 26.771181032061577
      vertex 58.5 7.070951052010059 26.771181032061577
      vertex 40.5 7.711541160941124 27.134070850908756
    endloop
  endfacet
  facet normal 0 0.49289819662230966 -0.8700869886203763
    outer loop
      vertex 40.5 10.282054886221886 22.845427803695202
      vertex 58.5 9.427934736013412 22.361574709415436
      vertex 40.5 9.427934736013412 22.361574709415436
    endloop
  endfacet
  facet normal 0 -0.5349976189371493 0.8448535658512549
    outer loop
      vertex 40.5 7.711541160941124 27.134070850908756
      vertex 58.5 7.711541160941124 27.134070850908756
      vertex 40.5 8.333553493022919 27.527955815196037
    endloop
  endfacet
  facet normal 0 -0.5758081904114059 0.8175848138603983
    outer loop
      vertex 40.5 8.333553493022919 27.527955815196037
      vertex 58.5 8.333553493022919 27.527955815196037
      vertex 40.5 8.935489565134048 27.951887026429176
    endloop
  endfacet
  facet normal 0 -0.6152315869002314 0.788346430498815
    outer loop
      vertex 40.5 8.935489565134048 27.951887026429176
      vertex 58.5 8.935489565134048 27.951887026429176
      vertex 40.5 9.515899263322353 28.40484319627285
    endloop
  endfacet
  facet normal 0 -0.6531728467820472 0.7572088432041958
    outer loop
      vertex 40.5 9.515899263322353 28.40484319627285
      vertex 58.5 9.515899263322353 28.40484319627285
      vertex 40.5 10.073384322226048 28.885733120143414
    endloop
  endfacet
  facet normal 0 -0.024541228936846505 0.9996988186860427
    outer loop
      vertex 58.5 0.736015111207962 25.01806815713644
      vertex 40.5 0.736015111207962 25.01806815713644
      vertex 58.5 0 25
    endloop
  endfacet
  facet normal 0 -0.07356456624789917 0.9972904564833448
    outer loop
      vertex 58.5 1.4702571034431458 25.072229102253914
      vertex 40.5 1.4702571034431458 25.072229102253914
      vertex 58.5 0.736015111207962 25.01806815713644
    endloop
  endfacet
  facet normal 0 -0.12241067514477189 0.9924795346054252
    outer loop
      vertex 58.5 2.2009571194648743 25.162352353334427
      vertex 40.5 2.2009571194648743 25.162352353334427
      vertex 58.5 1.4702571034431458 25.072229102253914
    endloop
  endfacet
  facet normal 0 -0.1709618838009624 0.9852776432494681
    outer loop
      vertex 58.5 2.926354832947254 25.288220793008804
      vertex 40.5 2.926354832947254 25.288220793008804
      vertex 58.5 2.2009571194648743 25.162352353334427
    endloop
  endfacet
  facet normal 0 -0.21910124687325624 0.9757021285303136
    outer loop
      vertex 58.5 3.644702695310116 25.449531204998493
      vertex 40.5 3.644702695310116 25.449531204998493
      vertex 58.5 2.926354832947254 25.288220793008804
    endloop
  endfacet
  facet normal 0 -0.2667127559703685 0.9637760662117993
    outer loop
      vertex 58.5 4.354270160198212 25.645894967019558
      vertex 40.5 4.354270160198212 25.645894967019558
      vertex 58.5 3.644702695310116 25.449531204998493
    endloop
  endfacet
  facet normal 0 -0.31368173261323284 0.9495281831650708
    outer loop
      vertex 58.5 5.0533478036522865 25.876839019358158
      vertex 40.5 5.0533478036522865 25.876839019358158
      vertex 58.5 4.354270160198212 25.645894967019558
    endloop
  endfacet
  facet normal 1 0 0
    outer loop
      vertex 58.5 0.736015111207962 25.01806815713644
      vertex 58.5 0 25
      vertex 58.5 0.9813534840941429 20.024090878665447
    endloop
  endfacet
  facet normal 1 0 0
    outer loop
      vertex 58.5 1.4702571034431458 25.072229102253914
      vertex 58.5 0.736015111207962 25.01806815713644
      vertex 58.5 1.9603428095579147 20.09630546718836
    endloop
  endfacet
  facet normal 1 0 0
    outer loop
      vertex 58.5 2.2009571194648743 25.162352353334427
      vertex 58.5 1.4702571034431458 25.072229102253914
      vertex 58.5 2.9346094876527786 20.216469801962376
    endloop
  endfacet
  facet normal 1 0 0
    outer loop
      vertex 58.5 2.926354832947254 25.288220793008804
      vertex 58.5 2.2009571194648743 25.162352353334427
      vertex 58.5 3.9018064439296722 20.384294390678406
    endloop
  endfacet
  facet normal 1 0 0
    outer loop
      vertex 58.5 3.644702695310116 25.449531204998493
      vertex 58.5 2.926354832947254 25.288220793008804
      vertex 58.5 4.859603598713875 20.599374935030937
    endloop
  endfacet
  facet normal 1 0 0
    outer loop
      vertex 58.5 4.354270160198212 25.645894967019558
      vertex 58.5 3.644702695310116 25.449531204998493
      vertex 58.5 5.805693544447422 20.861193284392357
    endloop
  endfacet
  facet normal 0 -0.3598950395392891 0.9329927976758522
    outer loop
      vertex 58.5 5.740251488983631 26.14180701225996
      vertex 40.5 5.740251488983631 26.14180701225996
      vertex 58.5 5.0533478036522865 25.876839019358158
    endloop
  endfacet
  facet normal 0 -0.4052413131439042 0.9142097560852237
    outer loop
      vertex 58.5 6.413326404988766 26.44016060233116
      vertex 40.5 6.413326404988766 26.44016060233116
      vertex 58.5 5.740251488983631 26.14180701225996
    endloop
  endfacet
  facet normal 0 -0.4496113297352916 0.893224301154902
    outer loop
      vertex 58.5 7.070951052010059 26.771181032061577
      vertex 40.5 7.070951052010059 26.771181032061577
      vertex 58.5 6.413326404988766 26.44016060233116
    endloop
  endfacet
  facet normal 0 -0.49289819687701847 0.8700869884760856
    outer loop
      vertex 58.5 7.711541160941124 27.134070850908756
      vertex 40.5 7.711541160941124 27.134070850908756
      vertex 58.5 7.070951052010059 26.771181032061577
    endloop
  endfacet
  facet normal 0 0.49289819662230966 -0.8700869886203763
    outer loop
      vertex 40.5 10.282054886221886 22.845427803695202
      vertex 58.5 10.282054886221886 22.845427803695202
      vertex 58.5 9.427934736013412 22.361574709415436
    endloop
  endfacet
  facet normal 0 -0.5349976189371493 0.8448535658512549
    outer loop
      vertex 58.5 8.333553493022919 27.527955815196037
      vertex 40.5 8.333553493022919 27.527955815196037
      vertex 58.5 7.711541160941124 27.134070850908756
    endloop
  endfacet
  facet normal 0 -0.5758081904114059 0.8175848138603983
    outer loop
      vertex 58.5 8.935489565134048 27.951887026429176
      vertex 40.5 8.935489565134048 27.951887026429176
      vertex 58.5 8.333553493022919 27.527955815196037
    endloop
  endfacet
  facet normal 1 0 0
    outer loop
      vertex 58.5 4.354270160198212 25.645894967019558
      vertex 58.5 5.805693544447422 20.861193284392357
      vertex 58.5 6.737797066569328 21.16911869496107
    endloop
  endfacet
  facet normal 1 0 0
    outer loop
      vertex 58.5 5.0533478036522865 25.876839019358158
      vertex 58.5 4.354270160198212 25.645894967019558
      vertex 58.5 6.737797066569328 21.16911869496107
    endloop
  endfacet
  facet normal 1 0 0
    outer loop
      vertex 58.5 5.740251488983631 26.14180701225996
      vertex 58.5 5.0533478036522865 25.876839019358158
      vertex 58.5 7.653668649494648 21.522409349679947
    endloop
  endfacet
  facet normal 1 0 0
    outer loop
      vertex 58.5 5.0533478036522865 25.876839019358158
      vertex 58.5 6.737797066569328 21.16911869496107
      vertex 58.5 7.653668649494648 21.522409349679947
    endloop
  endfacet
  facet normal 1 0 0
    outer loop
      vertex 58.5 5.740251488983631 26.14180701225996
      vertex 58.5 7.653668649494648 21.522409349679947
      vertex 58.5 8.551101870834827 21.920214138925076
    endloop
  endfacet
  facet normal 1 0 0
    outer loop
      vertex 58.5 6.413326404988766 26.44016060233116
      vertex 58.5 5.740251488983631 26.14180701225996
      vertex 58.5 8.551101870834827 21.920214138925076
    endloop
  endfacet
  facet normal 1 0 0
    outer loop
      vertex 58.5 6.413326404988766 26.44016060233116
      vertex 58.5 8.551101870834827 21.920214138925076
      vertex 58.5 9.427934736013412 22.361574709415436
    endloop
  endfacet
  facet normal 1 0 0
    outer loop
      vertex 58.5 7.070951052010059 26.771181032061577
      vertex 58.5 6.413326404988766 26.44016060233116
      vertex 58.5 9.427934736013412 22.361574709415436
    endloop
  endfacet
  facet normal 1 0 0
    outer loop
      vertex 58.5 7.070951052010059 26.771181032061577
      vertex 58.5 9.427934736013412 22.361574709415436
      vertex 58.5 10.282054886221886 22.845427803695202
    endloop
  endfacet
  facet normal 1 0 0
    outer loop
      vertex 58.5 7.711541160941124 27.134070850908756
      vertex 58.5 10.282054886221886 22.845427803695202
      vertex 58.5 11.111404657363892 23.370607756078243
    endloop
  endfacet
  facet normal 1 0 0
    outer loop
      vertex 58.5 7.711541160941124 27.134070850908756
      vertex 58.5 7.070951052010059 26.771181032061577
      vertex 58.5 10.282054886221886 22.845427803695202
    endloop
  endfacet
  facet normal 1 0 0
    outer loop
      vertex 58.5 8.333553493022919 27.527955815196037
      vertex 58.5 7.711541160941124 27.134070850908756
      vertex 58.5 11.111404657363892 23.370607756078243
    endloop
  endfacet
  facet normal 1 0 0
    outer loop
      vertex 58.5 8.935489565134048 27.951887026429176
      vertex 58.5 8.333553493022919 27.527955815196037
      vertex 58.5 11.913986086845398 23.935849368572235
    endloop
  endfacet
  facet normal 0 -0.6152315869002314 0.788346430498815
    outer loop
      vertex 58.5 9.515899263322353 28.40484319627285
      vertex 40.5 9.515899263322353 28.40484319627285
      vertex 58.5 8.935489565134048 27.951887026429176
    endloop
  endfacet
  facet normal 0 -0.6531728467820472 0.7572088432041958
    outer loop
      vertex 58.5 10.073384322226048 28.885733120143414
      vertex 40.5 10.073384322226048 28.885733120143414
      vertex 58.5 9.515899263322353 28.40484319627285
    endloop
  endfacet
  facet normal 0 0.5349976212242004 -0.8448535644029957
    outer loop
      vertex 40.5 11.111404657363892 23.370607756078243
      vertex 58.5 10.282054886221886 22.845427803695202
      vertex 40.5 10.282054886221886 22.845427803695202
    endloop
  endfacet
  facet normal 0 0.5758081887202712 -0.8175848150514297
    outer loop
      vertex 40.5 11.913986086845398 23.935849368572235
      vertex 58.5 11.111404657363892 23.370607756078243
      vertex 40.5 11.111404657363892 23.370607756078243
    endloop
  endfacet
  facet normal 0 0.6152315928443219 -0.7883464258600014
    outer loop
      vertex 40.5 12.687865681946278 24.53979093581438
      vertex 58.5 11.913986086845398 23.935849368572235
      vertex 40.5 11.913986086845398 23.935849368572235
    endloop
  endfacet
  facet normal 0 0.6531728399277139 -0.7572088491167842
    outer loop
      vertex 40.5 13.431179098784924 25.18097749352455
      vertex 58.5 12.687865681946278 24.53979093581438
      vertex 40.5 12.687865681946278 24.53979093581438
    endloop
  endfacet
  facet normal 0 0.6895405491115867 -0.7242470787865777
    outer loop
      vertex 40.5 14.142135620117188 25.857864379882812
      vertex 58.5 13.431179098784924 25.18097749352455
      vertex 40.5 13.431179098784924 25.18097749352455
    endloop
  endfacet
  facet normal 0 0.7242470787865777 -0.6895405491115867
    outer loop
      vertex 40.5 14.819022506475449 26.568820901215076
      vertex 58.5 14.142135620117188 25.857864379882812
      vertex 40.5 14.142135620117188 25.857864379882812
    endloop
  endfacet
  facet normal 0 -0.6895405478481337 0.7242470799894851
    outer loop
      vertex 40.5 10.073384322226048 28.885733120143414
      vertex 58.5 10.073384322226048 28.885733120143414
      vertex 40.5 10.60660171508789 29.39339828491211
    endloop
  endfacet
  facet normal 0 -0.7242470799894851 0.6895405478481337
    outer loop
      vertex 40.5 10.60660171508789 29.39339828491211
      vertex 58.5 10.60660171508789 29.39339828491211
      vertex 40.5 11.114266879856586 29.926615677773952
    endloop
  endfacet
  facet normal 0 -0.7572088432041958 0.6531728467820472
    outer loop
      vertex 40.5 11.114266879856586 29.926615677773952
      vertex 58.5 11.114266879856586 29.926615677773952
      vertex 40.5 11.59515680372715 30.484100736677647
    endloop
  endfacet
  facet normal 0 -0.788346430498815 0.6152315869002314
    outer loop
      vertex 40.5 11.59515680372715 30.484100736677647
      vertex 58.5 11.59515680372715 30.484100736677647
      vertex 40.5 12.048112973570824 31.06451043486595
    endloop
  endfacet
  facet normal 0 -0.8175848138603983 0.5758081904114059
    outer loop
      vertex 40.5 12.048112973570824 31.06451043486595
      vertex 58.5 12.048112973570824 31.06451043486595
      vertex 40.5 12.472044184803963 31.66644650697708
    endloop
  endfacet
  facet normal 0 -0.8448535658512549 0.5349976189371493
    outer loop
      vertex 40.5 12.472044184803963 31.66644650697708
      vertex 58.5 12.472044184803963 31.66644650697708
      vertex 40.5 12.865929149091244 32.288458839058876
    endloop
  endfacet
  facet normal 0 -0.8700869884760856 0.49289819687701847
    outer loop
      vertex 40.5 12.865929149091244 32.288458839058876
      vertex 58.5 12.865929149091244 32.288458839058876
      vertex 40.5 13.228818967938423 32.92904894798994
    endloop
  endfacet
  facet normal 0 -0.893224301154902 0.4496113297352916
    outer loop
      vertex 40.5 13.228818967938423 32.92904894798994
      vertex 58.5 13.228818967938423 32.92904894798994
      vertex 40.5 13.559839397668839 33.586673595011234
    endloop
  endfacet
  facet normal 0 0.7572088491167842 -0.6531728399277139
    outer loop
      vertex 40.5 15.46020906418562 27.312134318053722
      vertex 58.5 14.819022506475449 26.568820901215076
      vertex 40.5 14.819022506475449 26.568820901215076
    endloop
  endfacet
  facet normal 0 0.7883464258600014 -0.6152315928443219
    outer loop
      vertex 40.5 16.064150631427765 28.086013913154602
      vertex 58.5 15.46020906418562 27.312134318053722
      vertex 40.5 15.46020906418562 27.312134318053722
    endloop
  endfacet
  facet normal 0 0.8175848150514297 -0.5758081887202712
    outer loop
      vertex 40.5 16.629392243921757 28.88859534263611
      vertex 58.5 16.064150631427765 28.086013913154602
      vertex 40.5 16.064150631427765 28.086013913154602
    endloop
  endfacet
  facet normal 0 0.8448535644029957 -0.5349976212242004
    outer loop
      vertex 40.5 17.154572196304798 29.717945113778114
      vertex 58.5 16.629392243921757 28.88859534263611
      vertex 40.5 16.629392243921757 28.88859534263611
    endloop
  endfacet
  facet normal 0 0.8700869886203763 -0.49289819662230966
    outer loop
      vertex 40.5 17.638425290584564 30.572065263986588
      vertex 58.5 17.154572196304798 29.717945113778114
      vertex 40.5 17.154572196304798 29.717945113778114
    endloop
  endfacet
  facet normal 0 0.893224302682372 -0.44961132670072995
    outer loop
      vertex 40.5 18.079785861074924 31.448898129165173
      vertex 58.5 17.638425290584564 30.572065263986588
      vertex 40.5 17.638425290584564 30.572065263986588
    endloop
  endfacet
  facet normal 0 0.9142097551479376 -0.4052413152583876
    outer loop
      vertex 40.5 18.477590650320053 32.34633135050535
      vertex 58.5 18.079785861074924 31.448898129165173
      vertex 40.5 18.079785861074924 31.448898129165173
    endloop
  endfacet
  facet normal 0 0.9329927988530494 -0.3598950364875197
    outer loop
      vertex 40.5 18.83088130503893 33.26220293343067
      vertex 58.5 18.477590650320053 32.34633135050535
      vertex 40.5 18.477590650320053 32.34633135050535
    endloop
  endfacet
  facet normal 0 0.9495281806554954 -0.313681740209826
    outer loop
      vertex 40.5 19.138806715607643 34.19430645555258
      vertex 58.5 18.83088130503893 33.26220293343067
      vertex 40.5 18.83088130503893 33.26220293343067
    endloop
  endfacet
  facet normal 0 0.5349976212242004 -0.8448535644029957
    outer loop
      vertex 40.5 11.111404657363892 23.370607756078243
      vertex 58.5 11.111404657363892 23.370607756078243
      vertex 58.5 10.282054886221886 22.845427803695202
    endloop
  endfacet
  facet normal 0 0.5758081887202712 -0.8175848150514297
    outer loop
      vertex 40.5 11.913986086845398 23.935849368572235
      vertex 58.5 11.913986086845398 23.935849368572235
      vertex 58.5 11.111404657363892 23.370607756078243
    endloop
  endfacet
  facet normal 0 0.6152315928443219 -0.7883464258600014
    outer loop
      vertex 40.5 12.687865681946278 24.53979093581438
      vertex 58.5 12.687865681946278 24.53979093581438
      vertex 58.5 11.913986086845398 23.935849368572235
    endloop
  endfacet
  facet normal 0 0.6531728399277139 -0.7572088491167842
    outer loop
      vertex 40.5 13.431179098784924 25.18097749352455
      vertex 58.5 13.431179098784924 25.18097749352455
      vertex 58.5 12.687865681946278 24.53979093581438
    endloop
  endfacet
  facet normal 0 0.6895405491115867 -0.7242470787865777
    outer loop
      vertex 40.5 14.142135620117188 25.857864379882812
      vertex 58.5 14.142135620117188 25.857864379882812
      vertex 58.5 13.431179098784924 25.18097749352455
    endloop
  endfacet
  facet normal 0 0.7242470787865777 -0.6895405491115867
    outer loop
      vertex 40.5 14.819022506475449 26.568820901215076
      vertex 58.5 14.819022506475449 26.568820901215076
      vertex 58.5 14.142135620117188 25.857864379882812
    endloop
  endfacet
  facet normal 1 0 0
    outer loop
      vertex 58.5 8.333553493022919 27.527955815196037
      vertex 58.5 11.111404657363892 23.370607756078243
      vertex 58.5 11.913986086845398 23.935849368572235
    endloop
  endfacet
  facet normal 1 0 0
    outer loop
      vertex 58.5 8.935489565134048 27.951887026429176
      vertex 58.5 11.913986086845398 23.935849368572235
      vertex 58.5 12.687865681946278 24.53979093581438
    endloop
  endfacet
  facet normal 1 0 0
    outer loop
      vertex 58.5 9.515899263322353 28.40484319627285
      vertex 58.5 8.935489565134048 27.951887026429176
      vertex 58.5 12.687865681946278 24.53979093581438
    endloop
  endfacet
  facet normal 1 0 0
    outer loop
      vertex 58.5 10.073384322226048 28.885733120143414
      vertex 58.5 9.515899263322353 28.40484319627285
      vertex 58.5 13.431179098784924 25.18097749352455
    endloop
  endfacet
  facet normal 1 0 0
    outer loop
      vertex 58.5 9.515899263322353 28.40484319627285
      vertex 58.5 12.687865681946278 24.53979093581438
      vertex 58.5 13.431179098784924 25.18097749352455
    endloop
  endfacet
  facet normal 1 0 0
    outer loop
      vertex 58.5 10.60660171508789 29.39339828491211
      vertex 58.5 10.073384322226048 28.885733120143414
      vertex 58.5 14.142135620117188 25.857864379882812
    endloop
  endfacet
  facet normal 1 0 0
    outer loop
      vertex 58.5 10.073384322226048 28.885733120143414
      vertex 58.5 13.431179098784924 25.18097749352455
      vertex 58.5 14.142135620117188 25.857864379882812
    endloop
  endfacet
  facet normal 1 0 0
    outer loop
      vertex 58.5 10.60660171508789 29.39339828491211
      vertex 58.5 14.142135620117188 25.857864379882812
      vertex 58.5 14.819022506475449 26.568820901215076
    endloop
  endfacet
  facet normal 1 0 0
    outer loop
      vertex 58.5 11.114266879856586 29.926615677773952
      vertex 58.5 14.819022506475449 26.568820901215076
      vertex 58.5 15.46020906418562 27.312134318053722
    endloop
  endfacet
  facet normal 0 -0.6895405478481337 0.7242470799894851
    outer loop
      vertex 58.5 10.60660171508789 29.39339828491211
      vertex 40.5 10.60660171508789 29.39339828491211
      vertex 58.5 10.073384322226048 28.885733120143414
    endloop
  endfacet
  facet normal 0 -0.7242470799894851 0.6895405478481337
    outer loop
      vertex 58.5 11.114266879856586 29.926615677773952
      vertex 40.5 11.114266879856586 29.926615677773952
      vertex 58.5 10.60660171508789 29.39339828491211
    endloop
  endfacet
  facet normal 0 -0.7572088432041958 0.6531728467820472
    outer loop
      vertex 58.5 11.59515680372715 30.484100736677647
      vertex 40.5 11.59515680372715 30.484100736677647
      vertex 58.5 11.114266879856586 29.926615677773952
    endloop
  endfacet
  facet normal 0 -0.788346430498815 0.6152315869002314
    outer loop
      vertex 58.5 12.048112973570824 31.06451043486595
      vertex 40.5 12.048112973570824 31.06451043486595
      vertex 58.5 11.59515680372715 30.484100736677647
    endloop
  endfacet
  facet normal 0 -0.8175848138603983 0.5758081904114059
    outer loop
      vertex 58.5 12.472044184803963 31.66644650697708
      vertex 40.5 12.472044184803963 31.66644650697708
      vertex 58.5 12.048112973570824 31.06451043486595
    endloop
  endfacet
  facet normal 0 -0.8448535658512549 0.5349976189371493
    outer loop
      vertex 58.5 12.865929149091244 32.288458839058876
      vertex 40.5 12.865929149091244 32.288458839058876
      vertex 58.5 12.472044184803963 31.66644650697708
    endloop
  endfacet
  facet normal 0 -0.8700869884760856 0.49289819687701847
    outer loop
      vertex 58.5 13.228818967938423 32.92904894798994
      vertex 40.5 13.228818967938423 32.92904894798994
      vertex 58.5 12.865929149091244 32.288458839058876
    endloop
  endfacet
  facet normal 0 -0.893224301154902 0.4496113297352916
    outer loop
      vertex 58.5 13.559839397668839 33.586673595011234
      vertex 40.5 13.559839397668839 33.586673595011234
      vertex 58.5 13.228818967938423 32.92904894798994
    endloop
  endfacet
  facet normal 1 0 0
    outer loop
      vertex 58.5 11.114266879856586 29.926615677773952
      vertex 58.5 10.60660171508789 29.39339828491211
      vertex 58.5 14.819022506475449 26.568820901215076
    endloop
  endfacet
  facet normal 1 0 0
    outer loop
      vertex 58.5 11.59515680372715 30.484100736677647
      vertex 58.5 11.114266879856586 29.926615677773952
      vertex 58.5 15.46020906418562 27.312134318053722
    endloop
  endfacet
  facet normal 1 0 0
    outer loop
      vertex 58.5 12.048112973570824 31.06451043486595
      vertex 58.5 11.59515680372715 30.484100736677647
      vertex 58.5 16.064150631427765 28.086013913154602
    endloop
  endfacet
  facet normal 1 0 0
    outer loop
      vertex 58.5 12.472044184803963 31.66644650697708
      vertex 58.5 12.048112973570824 31.06451043486595
      vertex 58.5 16.629392243921757 28.88859534263611
    endloop
  endfacet
  facet normal 1 0 0
    outer loop
      vertex 58.5 11.59515680372715 30.484100736677647
      vertex 58.5 15.46020906418562 27.312134318053722
      vertex 58.5 16.064150631427765 28.086013913154602
    endloop
  endfacet
  facet normal 1 0 0
    outer loop
      vertex 58.5 12.048112973570824 31.06451043486595
      vertex 58.5 16.064150631427765 28.086013913154602
      vertex 58.5 16.629392243921757 28.88859534263611
    endloop
  endfacet
  facet normal 1 0 0
    outer loop
      vertex 58.5 12.865929149091244 32.288458839058876
      vertex 58.5 12.472044184803963 31.66644650697708
      vertex 58.5 17.154572196304798 29.717945113778114
    endloop
  endfacet
  facet normal 1 0 0
    outer loop
      vertex 58.5 13.228818967938423 32.92904894798994
      vertex 58.5 12.865929149091244 32.288458839058876
      vertex 58.5 17.638425290584564 30.572065263986588
    endloop
  endfacet
  facet normal 1 0 0
    outer loop
      vertex 58.5 13.559839397668839 33.586673595011234
      vertex 58.5 13.228818967938423 32.92904894798994
      vertex 58.5 18.079785861074924 31.448898129165173
    endloop
  endfacet
  facet normal 0 0.7572088491167842 -0.6531728399277139
    outer loop
      vertex 40.5 15.46020906418562 27.312134318053722
      vertex 58.5 15.46020906418562 27.312134318053722
      vertex 58.5 14.819022506475449 26.568820901215076
    endloop
  endfacet
  facet normal 0 0.7883464258600014 -0.6152315928443219
    outer loop
      vertex 40.5 16.064150631427765 28.086013913154602
      vertex 58.5 16.064150631427765 28.086013913154602
      vertex 58.5 15.46020906418562 27.312134318053722
    endloop
  endfacet
  facet normal 0 0.8175848150514297 -0.5758081887202712
    outer loop
      vertex 40.5 16.629392243921757 28.88859534263611
      vertex 58.5 16.629392243921757 28.88859534263611
      vertex 58.5 16.064150631427765 28.086013913154602
    endloop
  endfacet
  facet normal 0 0.8448535644029957 -0.5349976212242004
    outer loop
      vertex 40.5 17.154572196304798 29.717945113778114
      vertex 58.5 17.154572196304798 29.717945113778114
      vertex 58.5 16.629392243921757 28.88859534263611
    endloop
  endfacet
  facet normal 0 0.8700869886203763 -0.49289819662230966
    outer loop
      vertex 40.5 17.638425290584564 30.572065263986588
      vertex 58.5 17.638425290584564 30.572065263986588
      vertex 58.5 17.154572196304798 29.717945113778114
    endloop
  endfacet
  facet normal 0 0.893224302682372 -0.44961132670072995
    outer loop
      vertex 40.5 18.079785861074924 31.448898129165173
      vertex 58.5 18.079785861074924 31.448898129165173
      vertex 58.5 17.638425290584564 30.572065263986588
    endloop
  endfacet
  facet normal 0 0.9142097551479376 -0.4052413152583876
    outer loop
      vertex 40.5 18.477590650320053 32.34633135050535
      vertex 58.5 18.477590650320053 32.34633135050535
      vertex 58.5 18.079785861074924 31.448898129165173
    endloop
  endfacet
  facet normal 0 0.9329927988530494 -0.3598950364875197
    outer loop
      vertex 40.5 18.83088130503893 33.26220293343067
      vertex 58.5 18.83088130503893 33.26220293343067
      vertex 58.5 18.477590650320053 32.34633135050535
    endloop
  endfacet
  facet normal 1 0 0
    outer loop
      vertex 58.5 12.472044184803963 31.66644650697708
      vertex 58.5 16.629392243921757 28.88859534263611
      vertex 58.5 17.154572196304798 29.717945113778114
    endloop
  endfacet
  facet normal 1 0 0
    outer loop
      vertex 58.5 12.865929149091244 32.288458839058876
      vertex 58.5 17.154572196304798 29.717945113778114
      vertex 58.5 17.638425290584564 30.572065263986588
    endloop
  endfacet
  facet normal 1 0 0
    outer loop
      vertex 58.5 13.85819298774004 34.25974851101637
      vertex 58.5 13.559839397668839 33.586673595011234
      vertex 58.5 18.477590650320053 32.34633135050535
    endloop
  endfacet
  facet normal 1 0 0
    outer loop
      vertex 58.5 13.228818967938423 32.92904894798994
      vertex 58.5 17.638425290584564 30.572065263986588
      vertex 58.5 18.079785861074924 31.448898129165173
    endloop
  endfacet
  facet normal 1 0 0
    outer loop
      vertex 58.5 13.559839397668839 33.586673595011234
      vertex 58.5 18.079785861074924 31.448898129165173
      vertex 58.5 18.477590650320053 32.34633135050535
    endloop
  endfacet
  facet normal 1 0 0
    outer loop
      vertex 58.5 13.85819298774004 34.25974851101637
      vertex 58.5 18.477590650320053 32.34633135050535
      vertex 58.5 18.83088130503893 33.26220293343067
    endloop
  endfacet
  facet normal 0 -0.9142097560852237 0.4052413131439042
    outer loop
      vertex 40.5 13.559839397668839 33.586673595011234
      vertex 58.5 13.559839397668839 33.586673595011234
      vertex 40.5 13.85819298774004 34.25974851101637
    endloop
  endfacet
  facet normal 0 -0.9329927976758522 0.3598950395392891
    outer loop
      vertex 40.5 13.85819298774004 34.25974851101637
      vertex 58.5 13.85819298774004 34.25974851101637
      vertex 40.5 14.123160980641842 34.94665219634771
    endloop
  endfacet
  facet normal 0 -0.9495281831650708 0.31368173261323284
    outer loop
      vertex 40.5 14.123160980641842 34.94665219634771
      vertex 58.5 14.123160980641842 34.94665219634771
      vertex 40.5 14.354105032980442 35.64572983980179
    endloop
  endfacet
  facet normal 0 -0.9637760662117993 0.2667127559703685
    outer loop
      vertex 40.5 14.354105032980442 35.64572983980179
      vertex 58.5 14.354105032980442 35.64572983980179
      vertex 40.5 14.550468795001507 36.355297304689884
    endloop
  endfacet
  facet normal 0 -0.9757021285303136 0.21910124687325624
    outer loop
      vertex 40.5 14.550468795001507 36.355297304689884
      vertex 58.5 14.550468795001507 36.355297304689884
      vertex 40.5 14.711779206991196 37.073645167052746
    endloop
  endfacet
  facet normal 0 -0.9852776432494681 0.1709618838009624
    outer loop
      vertex 40.5 14.711779206991196 37.073645167052746
      vertex 58.5 14.711779206991196 37.073645167052746
      vertex 40.5 14.837647646665573 37.799042880535126
    endloop
  endfacet
  facet normal 0 -0.9924795346054252 0.12241067514477189
    outer loop
      vertex 40.5 14.837647646665573 37.799042880535126
      vertex 58.5 14.837647646665573 37.799042880535126
      vertex 40.5 14.927770897746086 38.529742896556854
    endloop
  endfacet
  facet normal 0 -0.9972904564833448 0.07356456624789917
    outer loop
      vertex 40.5 14.927770897746086 38.529742896556854
      vertex 58.5 14.927770897746086 38.529742896556854
      vertex 40.5 14.98193184286356 39.26398488879204
    endloop
  endfacet
  facet normal 0 -0.9996988190003882 0.024541216131826964
    outer loop
      vertex 40.5 14.98193184286356 39.26398488879204
      vertex 58.5 14.98193184286356 39.26398488879204
      vertex 40.5 14.995090268552303 39.79999999701977
    endloop
  endfacet
  facet normal 0 0 1
    outer loop
      vertex 40.5 14.995090268552303 39.79999999701977
      vertex 58.5 14.995090268552303 39.79999999701977
      vertex 40.5 15 39.79999999701977
    endloop
  endfacet
  facet normal 0 0.9637760656718893 -0.2667127579213527
    outer loop
      vertex 40.5 19.400625064969063 35.140396401286125
      vertex 58.5 19.138806715607643 34.19430645555258
      vertex 40.5 19.138806715607643 34.19430645555258
    endloop
  endfacet
  facet normal 0 0.9757021298549108 -0.21910124097455688
    outer loop
      vertex 40.5 19.615705609321594 36.09819355607033
      vertex 58.5 19.400625064969063 35.140396401286125
      vertex 40.5 19.400625064969063 35.140396401286125
    endloop
  endfacet
  facet normal 0 0.9852776429712011 -0.17096188540465498
    outer loop
      vertex 40.5 19.783530198037624 37.06539051234722
      vertex 58.5 19.615705609321594 36.09819355607033
      vertex 40.5 19.615705609321594 36.09819355607033
    endloop
  endfacet
  facet normal 0 0.9924795344537859 -0.12241067637422907
    outer loop
      vertex 40.5 19.90369453281164 38.039657190442085
      vertex 58.5 19.783530198037624 37.06539051234722
      vertex 40.5 19.783530198037624 37.06539051234722
    endloop
  endfacet
  facet normal 0 0.9972904568682577 -0.0735645610297641
    outer loop
      vertex 40.5 19.975909121334553 39.01864651590586
      vertex 58.5 19.90369453281164 38.039657190442085
      vertex 40.5 19.90369453281164 38.039657190442085
    endloop
  endfacet
  facet normal 0 0.999698818625497 -0.02454123140320701
    outer loop
      vertex 40.5 20 40
      vertex 58.5 19.975909121334553 39.01864651590586
      vertex 40.5 19.975909121334553 39.01864651590586
    endloop
  endfacet
  facet normal 0 -1 0
    outer loop
      vertex 40.5 15 39.79999999701977
      vertex 58.5 15 39.79999999701977
      vertex 40.5 15 45
    endloop
  endfacet
  facet normal 0 -0.9142097560852237 0.4052413131439042
    outer loop
      vertex 58.5 13.85819298774004 34.25974851101637
      vertex 40.5 13.85819298774004 34.25974851101637
      vertex 58.5 13.559839397668839 33.586673595011234
    endloop
  endfacet
  facet normal 0 -0.9329927976758522 0.3598950395392891
    outer loop
      vertex 58.5 14.123160980641842 34.94665219634771
      vertex 40.5 14.123160980641842 34.94665219634771
      vertex 58.5 13.85819298774004 34.25974851101637
    endloop
  endfacet
  facet normal 0 -0.9495281831650708 0.31368173261323284
    outer loop
      vertex 58.5 14.354105032980442 35.64572983980179
      vertex 40.5 14.354105032980442 35.64572983980179
      vertex 58.5 14.123160980641842 34.94665219634771
    endloop
  endfacet
  facet normal 0 -0.9637760662117993 0.2667127559703685
    outer loop
      vertex 58.5 14.550468795001507 36.355297304689884
      vertex 40.5 14.550468795001507 36.355297304689884
      vertex 58.5 14.354105032980442 35.64572983980179
    endloop
  endfacet
  facet normal 0 -0.9757021285303136 0.21910124687325624
    outer loop
      vertex 58.5 14.711779206991196 37.073645167052746
      vertex 40.5 14.711779206991196 37.073645167052746
      vertex 58.5 14.550468795001507 36.355297304689884
    endloop
  endfacet
  facet normal 0 -0.9852776432494681 0.1709618838009624
    outer loop
      vertex 58.5 14.837647646665573 37.799042880535126
      vertex 40.5 14.837647646665573 37.799042880535126
      vertex 58.5 14.711779206991196 37.073645167052746
    endloop
  endfacet
  facet normal 0 -0.9924795346054252 0.12241067514477189
    outer loop
      vertex 58.5 14.927770897746086 38.529742896556854
      vertex 40.5 14.927770897746086 38.529742896556854
      vertex 58.5 14.837647646665573 37.799042880535126
    endloop
  endfacet
  facet normal 0 -0.9972904564833448 0.07356456624789917
    outer loop
      vertex 58.5 14.98193184286356 39.26398488879204
      vertex 40.5 14.98193184286356 39.26398488879204
      vertex 58.5 14.927770897746086 38.529742896556854
    endloop
  endfacet
  facet normal 0 -0.9996988190003882 0.024541216131826964
    outer loop
      vertex 58.5 14.995090268552303 39.79999999701977
      vertex 40.5 14.995090268552303 39.79999999701977
      vertex 58.5 14.98193184286356 39.26398488879204
    endloop
  endfacet
  facet normal 0 0 1
    outer loop
      vertex 58.5 15 39.79999999701977
      vertex 40.5 15 39.79999999701977
      vertex 58.5 14.995090268552303 39.79999999701977
    endloop
  endfacet
  facet normal 1 0 0
    outer loop
      vertex 58.5 15 39.79999999701977
      vertex 58.5 14.995090268552303 39.79999999701977
      vertex 58.5 14.98193184286356 39.26398488879204
    endloop
  endfacet
  facet normal 0 0.9495281806554954 -0.313681740209826
    outer loop
      vertex 40.5 19.138806715607643 34.19430645555258
      vertex 58.5 19.138806715607643 34.19430645555258
      vertex 58.5 18.83088130503893 33.26220293343067
    endloop
  endfacet
  facet normal 0 0.9637760656718893 -0.2667127579213527
    outer loop
      vertex 40.5 19.400625064969063 35.140396401286125
      vertex 58.5 19.400625064969063 35.140396401286125
      vertex 58.5 19.138806715607643 34.19430645555258
    endloop
  endfacet
  facet normal 0 0.9757021298549108 -0.21910124097455688
    outer loop
      vertex 40.5 19.615705609321594 36.09819355607033
      vertex 58.5 19.615705609321594 36.09819355607033
      vertex 58.5 19.400625064969063 35.140396401286125
    endloop
  endfacet
  facet normal 0 0.9852776429712011 -0.17096188540465498
    outer loop
      vertex 40.5 19.783530198037624 37.06539051234722
      vertex 58.5 19.783530198037624 37.06539051234722
      vertex 58.5 19.615705609321594 36.09819355607033
    endloop
  endfacet
  facet normal 0 0.9924795344537859 -0.12241067637422907
    outer loop
      vertex 40.5 19.90369453281164 38.039657190442085
      vertex 58.5 19.90369453281164 38.039657190442085
      vertex 58.5 19.783530198037624 37.06539051234722
    endloop
  endfacet
  facet normal 0 0.9972904568682577 -0.0735645610297641
    outer loop
      vertex 40.5 19.975909121334553 39.01864651590586
      vertex 58.5 19.975909121334553 39.01864651590586
      vertex 58.5 19.90369453281164 38.039657190442085
    endloop
  endfacet
  facet normal 1 0 0
    outer loop
      vertex 58.5 14.123160980641842 34.94665219634771
      vertex 58.5 13.85819298774004 34.25974851101637
      vertex 58.5 18.83088130503893 33.26220293343067
    endloop
  endfacet
  facet normal 1 0 0
    outer loop
      vertex 58.5 14.354105032980442 35.64572983980179
      vertex 58.5 14.123160980641842 34.94665219634771
      vertex 58.5 19.138806715607643 34.19430645555258
    endloop
  endfacet
  facet normal 1 0 0
    outer loop
      vertex 58.5 14.550468795001507 36.355297304689884
      vertex 58.5 14.354105032980442 35.64572983980179
      vertex 58.5 19.400625064969063 35.140396401286125
    endloop
  endfacet
  facet normal 1 0 0
    outer loop
      vertex 58.5 14.123160980641842 34.94665219634771
      vertex 58.5 18.83088130503893 33.26220293343067
      vertex 58.5 19.138806715607643 34.19430645555258
    endloop
  endfacet
  facet normal 1 0 0
    outer loop
      vertex 58.5 14.711779206991196 37.073645167052746
      vertex 58.5 14.550468795001507 36.355297304689884
      vertex 58.5 19.615705609321594 36.09819355607033
    endloop
  endfacet
  facet normal 1 0 0
    outer loop
      vertex 58.5 14.837647646665573 37.799042880535126
      vertex 58.5 14.711779206991196 37.073645167052746
      vertex 58.5 19.783530198037624 37.06539051234722
    endloop
  endfacet
  facet normal 1 0 0
    outer loop
      vertex 58.5 14.927770897746086 38.529742896556854
      vertex 58.5 14.837647646665573 37.799042880535126
      vertex 58.5 19.90369453281164 38.039657190442085
    endloop
  endfacet
  facet normal 1 0 0
    outer loop
      vertex 58.5 14.98193184286356 39.26398488879204
      vertex 58.5 14.927770897746086 38.529742896556854
      vertex 58.5 19.975909121334553 39.01864651590586
    endloop
  endfacet
  facet normal 1 0 0
    outer loop
      vertex 58.5 15 39.79999999701977
      vertex 58.5 14.98193184286356 39.26398488879204
      vertex 58.5 19.975909121334553 39.01864651590586
    endloop
  endfacet
  facet normal 1 0 0
    outer loop
      vertex 58.5 14.354105032980442 35.64572983980179
      vertex 58.5 19.138806715607643 34.19430645555258
      vertex 58.5 19.400625064969063 35.140396401286125
    endloop
  endfacet
  facet normal 1 0 0
    outer loop
      vertex 58.5 14.550468795001507 36.355297304689884
      vertex 58.5 19.400625064969063 35.140396401286125
      vertex 58.5 19.615705609321594 36.09819355607033
    endloop
  endfacet
  facet normal 1 0 0
    outer loop
      vertex 58.5 14.711779206991196 37.073645167052746
      vertex 58.5 19.615705609321594 36.09819355607033
      vertex 58.5 19.783530198037624 37.06539051234722
    endloop
  endfacet
  facet normal 1 0 0
    outer loop
      vertex 58.5 14.837647646665573 37.799042880535126
      vertex 58.5 19.783530198037624 37.06539051234722
      vertex 58.5 19.90369453281164 38.039657190442085
    endloop
  endfacet
  facet normal 1 0 0
    outer loop
      vertex 58.5 14.927770897746086 38.529742896556854
      vertex 58.5 19.90369453281164 38.039657190442085
      vertex 58.5 19.975909121334553 39.01864651590586
    endloop
  endfacet
  facet normal 0 -1 0
    outer loop
      vertex 58.5 15 45
      vertex 40.5 15 45
      vertex 58.5 15 39.79999999701977
    endloop
  endfacet
  facet normal 0 0.999698818625497 -0.02454123140320701
    outer loop
      vertex 40.5 20 40
      vertex 58.5 20 40
      vertex 58.5 19.975909121334553 39.01864651590586
    endloop
  endfacet
  facet normal 1 0 0
    outer loop
      vertex 58.5 15 45
      vertex 58.5 15 39.79999999701977
      vertex 58.5 19.361772142350674 45
    endloop
  endfacet
  facet normal 1 0 0
    outer loop
      vertex 58.5 15 39.79999999701977
      vertex 58.5 19.975909121334553 39.01864651590586
      vertex 58.5 20 40
    endloop
  endfacet
  facet normal 1 0 0
    outer loop
      vertex 58.5 15 39.79999999701977
      vertex 58.5 20 40
      vertex 58.5 19.361772142350674 45
    endloop
  endfacet
  facet normal 1 0 0
    outer loop
      vertex 58.5 20 40
      vertex 58.5 20 45
      vertex 58.5 19.361772142350674 45
    endloop
  endfacet
  facet normal 0 1 0
    outer loop
      vertex 40.5 20 45
      vertex 58.5 20 40
      vertex 40.5 20 40
    endloop
  endfacet
  facet normal 0 1 0
    outer loop
      vertex 40.5 20 45
      vertex 58.5 20 45
      vertex 58.5 20 40
    endloop
  endfacet
  facet normal -1 0 0
    outer loop
      vertex 40.5 3.644702695310116 54.55046879500151
      vertex 40.5 2.926354832947254 54.711779206991196
      vertex 40.5 4.859603598713875 59.40062506496906
    endloop
  endfacet
  facet normal -1 0 0
    outer loop
      vertex 40.5 4.354270160198212 54.35410503298044
      vertex 40.5 3.644702695310116 54.55046879500151
      vertex 40.5 5.805693544447422 59.13880671560764
    endloop
  endfacet
  facet normal -1 0 0
    outer loop
      vertex 40.5 5.0533478036522865 54.12316098064184
      vertex 40.5 4.354270160198212 54.35410503298044
      vertex 40.5 6.737797066569328 58.83088130503893
    endloop
  endfacet
  facet normal -1 0 0
    outer loop
      vertex 40.5 5.740251488983631 53.85819298774004
      vertex 40.5 5.0533478036522865 54.12316098064184
      vertex 40.5 7.653668649494648 58.47759065032005
    endloop
  endfacet
  facet normal -1 0 0
    outer loop
      vertex 40.5 6.413326404988766 53.55983939766884
      vertex 40.5 5.740251488983631 53.85819298774004
      vertex 40.5 8.551101870834827 58.079785861074924
    endloop
  endfacet
  facet normal -1 0 0
    outer loop
      vertex 40.5 7.070951052010059 53.22881896793842
      vertex 40.5 6.413326404988766 53.55983939766884
      vertex 40.5 9.427934736013412 57.638425290584564
    endloop
  endfacet
  facet normal -1 0 0
    outer loop
      vertex 40.5 7.711541160941124 52.865929149091244
      vertex 40.5 7.070951052010059 53.22881896793842
      vertex 40.5 10.282054886221886 57.1545721963048
    endloop
  endfacet
  facet normal -1 0 0
    outer loop
      vertex 40.5 8.333553493022919 52.47204418480396
      vertex 40.5 7.711541160941124 52.865929149091244
      vertex 40.5 11.111404657363892 56.62939224392176
    endloop
  endfacet
  facet normal -1 0 0
    outer loop
      vertex 40.5 8.935489565134048 52.048112973570824
      vertex 40.5 8.333553493022919 52.47204418480396
      vertex 40.5 11.913986086845398 56.064150631427765
    endloop
  endfacet
  facet normal -1 0 0
    outer loop
      vertex 40.5 7.070951052010059 53.22881896793842
      vertex 40.5 9.427934736013412 57.638425290584564
      vertex 40.5 10.282054886221886 57.1545721963048
    endloop
  endfacet
  facet normal -1 0 0
    outer loop
      vertex 40.5 7.711541160941124 52.865929149091244
      vertex 40.5 10.282054886221886 57.1545721963048
      vertex 40.5 11.111404657363892 56.62939224392176
    endloop
  endfacet
  facet normal -1 0 0
    outer loop
      vertex 40.5 0.736015111207962 54.98193184286356
      vertex 40.5 0 55
      vertex 40.5 0.9813534840941429 59.97590912133455
    endloop
  endfacet
  facet normal -1 0 0
    outer loop
      vertex 40.5 0 55
      vertex 40.5 0 60
      vertex 40.5 0.9813534840941429 59.97590912133455
    endloop
  endfacet
  facet normal -1 0 0
    outer loop
      vertex 40.5 0.736015111207962 54.98193184286356
      vertex 40.5 0.9813534840941429 59.97590912133455
      vertex 40.5 1.9603428095579147 59.90369453281164
    endloop
  endfacet
  facet normal -1 0 0
    outer loop
      vertex 40.5 1.4702571034431458 54.927770897746086
      vertex 40.5 0.736015111207962 54.98193184286356
      vertex 40.5 1.9603428095579147 59.90369453281164
    endloop
  endfacet
  facet normal -1 0 0
    outer loop
      vertex 40.5 2.2009571194648743 54.83764764666557
      vertex 40.5 1.4702571034431458 54.927770897746086
      vertex 40.5 2.9346094876527786 59.783530198037624
    endloop
  endfacet
  facet normal -1 0 0
    outer loop
      vertex 40.5 1.4702571034431458 54.927770897746086
      vertex 40.5 1.9603428095579147 59.90369453281164
      vertex 40.5 2.9346094876527786 59.783530198037624
    endloop
  endfacet
  facet normal -1 0 0
    outer loop
      vertex 40.5 2.926354832947254 54.711779206991196
      vertex 40.5 2.2009571194648743 54.83764764666557
      vertex 40.5 3.9018064439296722 59.615705609321594
    endloop
  endfacet
  facet normal -1 0 0
    outer loop
      vertex 40.5 2.2009571194648743 54.83764764666557
      vertex 40.5 2.9346094876527786 59.783530198037624
      vertex 40.5 3.9018064439296722 59.615705609321594
    endloop
  endfacet
  facet normal -1 0 0
    outer loop
      vertex 40.5 2.926354832947254 54.711779206991196
      vertex 40.5 3.9018064439296722 59.615705609321594
      vertex 40.5 4.859603598713875 59.40062506496906
    endloop
  endfacet
  facet normal -1 0 0
    outer loop
      vertex 40.5 3.644702695310116 54.55046879500151
      vertex 40.5 4.859603598713875 59.40062506496906
      vertex 40.5 5.805693544447422 59.13880671560764
    endloop
  endfacet
  facet normal -1 0 0
    outer loop
      vertex 40.5 4.354270160198212 54.35410503298044
      vertex 40.5 5.805693544447422 59.13880671560764
      vertex 40.5 6.737797066569328 58.83088130503893
    endloop
  endfacet
  facet normal -1 0 0
    outer loop
      vertex 40.5 5.0533478036522865 54.12316098064184
      vertex 40.5 6.737797066569328 58.83088130503893
      vertex 40.5 7.653668649494648 58.47759065032005
    endloop
  endfacet
  facet normal -1 0 0
    outer loop
      vertex 40.5 5.740251488983631 53.85819298774004
      vertex 40.5 7.653668649494648 58.47759065032005
      vertex 40.5 8.551101870834827 58.079785861074924
    endloop
  endfacet
  facet normal -1 0 0
    outer loop
      vertex 40.5 6.413326404988766 53.55983939766884
      vertex 40.5 8.551101870834827 58.079785861074924
      vertex 40.5 9.427934736013412 57.638425290584564
    endloop
  endfacet
  facet normal -1 0 0
    outer loop
      vertex 40.5 15 45
      vertex 40.5 14.140784710645676 45
      vertex 40.5 14.123160980641842 45.05334780365229
    endloop
  endfacet
  facet normal -1 0 0
    outer loop
      vertex 40.5 13.559839397668839 46.413326404988766
      vertex 40.5 13.228818967938423 47.07095105201006
      vertex 40.5 17.638425290584564 49.42793473601341
    endloop
  endfacet
  facet normal -1 0 0
    outer loop
      vertex 40.5 12.472044184803963 48.33355349302292
      vertex 40.5 12.048112973570824 48.93548956513405
      vertex 40.5 16.629392243921757 51.11140465736389
    endloop
  endfacet
  facet normal -1 0 0
    outer loop
      vertex 40.5 12.048112973570824 48.93548956513405
      vertex 40.5 11.59515680372715 49.51589926332235
      vertex 40.5 16.064150631427765 51.9139860868454
    endloop
  endfacet
  facet normal -1 0 0
    outer loop
      vertex 40.5 12.865929149091244 47.711541160941124
      vertex 40.5 12.472044184803963 48.33355349302292
      vertex 40.5 17.154572196304798 50.282054886221886
    endloop
  endfacet
  facet normal -1 0 0
    outer loop
      vertex 40.5 13.228818967938423 47.07095105201006
      vertex 40.5 12.865929149091244 47.711541160941124
      vertex 40.5 17.638425290584564 49.42793473601341
    endloop
  endfacet
  facet normal -1 0 0
    outer loop
      vertex 40.5 9.515899263322353 51.59515680372715
      vertex 40.5 8.935489565134048 52.048112973570824
      vertex 40.5 12.687865681946278 55.46020906418562
    endloop
  endfacet
  facet normal -1 0 0
    outer loop
      vertex 40.5 10.073384322226048 51.11426687985659
      vertex 40.5 9.515899263322353 51.59515680372715
      vertex 40.5 13.431179098784924 54.81902250647545
    endloop
  endfacet
  facet normal -1 0 0
    outer loop
      vertex 40.5 10.60660171508789 50.60660171508789
      vertex 40.5 10.073384322226048 51.11426687985659
      vertex 40.5 14.142135620117188 54.14213562011719
    endloop
  endfacet
  facet normal -1 0 0
    outer loop
      vertex 40.5 11.114266879856586 50.07338432222605
      vertex 40.5 10.60660171508789 50.60660171508789
      vertex 40.5 14.819022506475449 53.431179098784924
    endloop
  endfacet
  facet normal -1 0 0
    outer loop
      vertex 40.5 8.935489565134048 52.048112973570824
      vertex 40.5 11.913986086845398 56.064150631427765
      vertex 40.5 12.687865681946278 55.46020906418562
    endloop
  endfacet
  facet normal -1 0 0
    outer loop
      vertex 40.5 8.333553493022919 52.47204418480396
      vertex 40.5 11.111404657363892 56.62939224392176
      vertex 40.5 11.913986086845398 56.064150631427765
    endloop
  endfacet
  facet normal -1 0 0
    outer loop
      vertex 40.5 9.515899263322353 51.59515680372715
      vertex 40.5 12.687865681946278 55.46020906418562
      vertex 40.5 13.431179098784924 54.81902250647545
    endloop
  endfacet
  facet normal -1 0 0
    outer loop
      vertex 40.5 11.59515680372715 49.51589926332235
      vertex 40.5 11.114266879856586 50.07338432222605
      vertex 40.5 15.46020906418562 52.68786568194628
    endloop
  endfacet
  facet normal -1 0 0
    outer loop
      vertex 40.5 10.073384322226048 51.11426687985659
      vertex 40.5 13.431179098784924 54.81902250647545
      vertex 40.5 14.142135620117188 54.14213562011719
    endloop
  endfacet
  facet normal -1 0 0
    outer loop
      vertex 40.5 10.60660171508789 50.60660171508789
      vertex 40.5 14.142135620117188 54.14213562011719
      vertex 40.5 14.819022506475449 53.431179098784924
    endloop
  endfacet
  facet normal -1 0 0
    outer loop
      vertex 40.5 11.59515680372715 49.51589926332235
      vertex 40.5 15.46020906418562 52.68786568194628
      vertex 40.5 16.064150631427765 51.9139860868454
    endloop
  endfacet
  facet normal -1 0 0
    outer loop
      vertex 40.5 12.048112973570824 48.93548956513405
      vertex 40.5 16.064150631427765 51.9139860868454
      vertex 40.5 16.629392243921757 51.11140465736389
    endloop
  endfacet
  facet normal -1 0 0
    outer loop
      vertex 40.5 11.114266879856586 50.07338432222605
      vertex 40.5 14.819022506475449 53.431179098784924
      vertex 40.5 15.46020906418562 52.68786568194628
    endloop
  endfacet
  facet normal -1 0 0
    outer loop
      vertex 40.5 14.123160980641842 45.05334780365229
      vertex 40.5 13.85819298774004 45.74025148898363
      vertex 40.5 17.638425290584564 49.42793473601341
    endloop
  endfacet
  facet normal -1 0 0
    outer loop
      vertex 40.5 14.123160980641842 45.05334780365229
      vertex 40.5 17.638425290584564 49.42793473601341
      vertex 40.5 15 45
    endloop
  endfacet
  facet normal -1 0 0
    outer loop
      vertex 40.5 13.85819298774004 45.74025148898363
      vertex 40.5 13.559839397668839 46.413326404988766
      vertex 40.5 17.638425290584564 49.42793473601341
    endloop
  endfacet
  facet normal -1 0 0
    outer loop
      vertex 40.5 18.079785861074924 48.55110187083483
      vertex 40.5 18.477590650320053 47.65366864949465
      vertex 40.5 15 45
    endloop
  endfacet
  facet normal -1 0 0
    outer loop
      vertex 40.5 18.477590650320053 47.65366864949465
      vertex 40.5 18.83088130503893 46.73779706656933
      vertex 40.5 15 45
    endloop
  endfacet
  facet normal -1 0 0
    outer loop
      vertex 40.5 17.638425290584564 49.42793473601341
      vertex 40.5 18.079785861074924 48.55110187083483
      vertex 40.5 15 45
    endloop
  endfacet
  facet normal -1 0 0
    outer loop
      vertex 40.5 12.865929149091244 47.711541160941124
      vertex 40.5 17.154572196304798 50.282054886221886
      vertex 40.5 17.638425290584564 49.42793473601341
    endloop
  endfacet
  facet normal -1 0 0
    outer loop
      vertex 40.5 12.472044184803963 48.33355349302292
      vertex 40.5 16.629392243921757 51.11140465736389
      vertex 40.5 17.154572196304798 50.282054886221886
    endloop
  endfacet
  facet normal -1 0 0
    outer loop
      vertex 40.5 19.138806715607643 45.80569354444742
      vertex 40.5 19.361772142350674 45
      vertex 40.5 15 45
    endloop
  endfacet
  facet normal -1 0 0
    outer loop
      vertex 40.5 18.83088130503893 46.73779706656933
      vertex 40.5 19.138806715607643 45.80569354444742
      vertex 40.5 15 45
    endloop
  endfacet
  facet normal 0 -0.024541228936846505 -0.9996988186860427
    outer loop
      vertex 40.5 0.736015111207962 54.98193184286356
      vertex 58.5 0.736015111207962 54.98193184286356
      vertex 40.5 0 55
    endloop
  endfacet
  facet normal 0 -0.07356456624789917 -0.9972904564833448
    outer loop
      vertex 40.5 1.4702571034431458 54.927770897746086
      vertex 58.5 1.4702571034431458 54.927770897746086
      vertex 40.5 0.736015111207962 54.98193184286356
    endloop
  endfacet
  facet normal 0 -0.12241067514477189 -0.9924795346054252
    outer loop
      vertex 40.5 2.2009571194648743 54.83764764666557
      vertex 58.5 2.2009571194648743 54.83764764666557
      vertex 40.5 1.4702571034431458 54.927770897746086
    endloop
  endfacet
  facet normal 0 -0.1709618838009624 -0.9852776432494681
    outer loop
      vertex 40.5 2.926354832947254 54.711779206991196
      vertex 58.5 2.926354832947254 54.711779206991196
      vertex 40.5 2.2009571194648743 54.83764764666557
    endloop
  endfacet
  facet normal 0 -0.21910124687325624 -0.9757021285303136
    outer loop
      vertex 40.5 3.644702695310116 54.55046879500151
      vertex 58.5 3.644702695310116 54.55046879500151
      vertex 40.5 2.926354832947254 54.711779206991196
    endloop
  endfacet
  facet normal 0 -0.2667127559703685 -0.9637760662117993
    outer loop
      vertex 40.5 4.354270160198212 54.35410503298044
      vertex 58.5 4.354270160198212 54.35410503298044
      vertex 40.5 3.644702695310116 54.55046879500151
    endloop
  endfacet
  facet normal 0 -0.31368173261323284 -0.9495281831650708
    outer loop
      vertex 40.5 5.0533478036522865 54.12316098064184
      vertex 58.5 5.0533478036522865 54.12316098064184
      vertex 40.5 4.354270160198212 54.35410503298044
    endloop
  endfacet
  facet normal 0 -0.4496113297352916 -0.893224301154902
    outer loop
      vertex 40.5 7.070951052010059 53.22881896793842
      vertex 58.5 7.070951052010059 53.22881896793842
      vertex 40.5 6.413326404988766 53.55983939766884
    endloop
  endfacet
  facet normal 0 -0.49289819687701847 -0.8700869884760856
    outer loop
      vertex 40.5 7.711541160941124 52.865929149091244
      vertex 58.5 7.711541160941124 52.865929149091244
      vertex 40.5 7.070951052010059 53.22881896793842
    endloop
  endfacet
  facet normal 0 -0.3598950395392891 -0.9329927976758522
    outer loop
      vertex 40.5 5.740251488983631 53.85819298774004
      vertex 58.5 5.740251488983631 53.85819298774004
      vertex 40.5 5.0533478036522865 54.12316098064184
    endloop
  endfacet
  facet normal 0 -0.4052413131439042 -0.9142097560852237
    outer loop
      vertex 40.5 6.413326404988766 53.55983939766884
      vertex 58.5 6.413326404988766 53.55983939766884
      vertex 40.5 5.740251488983631 53.85819298774004
    endloop
  endfacet
  facet normal 0 -0.5349976189371493 -0.8448535658512549
    outer loop
      vertex 40.5 8.333553493022919 52.47204418480396
      vertex 58.5 8.333553493022919 52.47204418480396
      vertex 40.5 7.711541160941124 52.865929149091244
    endloop
  endfacet
  facet normal 0 -0.5758081904114059 -0.8175848138603983
    outer loop
      vertex 40.5 8.935489565134048 52.048112973570824
      vertex 58.5 8.935489565134048 52.048112973570824
      vertex 40.5 8.333553493022919 52.47204418480396
    endloop
  endfacet
  facet normal 0 -0.6152315869002314 -0.788346430498815
    outer loop
      vertex 40.5 9.515899263322353 51.59515680372715
      vertex 58.5 9.515899263322353 51.59515680372715
      vertex 40.5 8.935489565134048 52.048112973570824
    endloop
  endfacet
  facet normal 0 -0.6531728467820472 -0.7572088432041958
    outer loop
      vertex 40.5 10.073384322226048 51.11426687985659
      vertex 58.5 10.073384322226048 51.11426687985659
      vertex 40.5 9.515899263322353 51.59515680372715
    endloop
  endfacet
  facet normal 0 -0.024541228936846505 -0.9996988186860427
    outer loop
      vertex 58.5 0 55
      vertex 40.5 0 55
      vertex 58.5 0.736015111207962 54.98193184286356
    endloop
  endfacet
  facet normal 0 -0.07356456624789917 -0.9972904564833448
    outer loop
      vertex 58.5 0.736015111207962 54.98193184286356
      vertex 40.5 0.736015111207962 54.98193184286356
      vertex 58.5 1.4702571034431458 54.927770897746086
    endloop
  endfacet
  facet normal 0 -0.1709618838009624 -0.9852776432494681
    outer loop
      vertex 58.5 2.2009571194648743 54.83764764666557
      vertex 40.5 2.2009571194648743 54.83764764666557
      vertex 58.5 2.926354832947254 54.711779206991196
    endloop
  endfacet
  facet normal 0 -0.12241067514477189 -0.9924795346054252
    outer loop
      vertex 58.5 1.4702571034431458 54.927770897746086
      vertex 40.5 1.4702571034431458 54.927770897746086
      vertex 58.5 2.2009571194648743 54.83764764666557
    endloop
  endfacet
  facet normal 0 -0.21910124687325624 -0.9757021285303136
    outer loop
      vertex 58.5 2.926354832947254 54.711779206991196
      vertex 40.5 2.926354832947254 54.711779206991196
      vertex 58.5 3.644702695310116 54.55046879500151
    endloop
  endfacet
  facet normal 0 -0.2667127559703685 -0.9637760662117993
    outer loop
      vertex 58.5 3.644702695310116 54.55046879500151
      vertex 40.5 3.644702695310116 54.55046879500151
      vertex 58.5 4.354270160198212 54.35410503298044
    endloop
  endfacet
  facet normal 0 -0.31368173261323284 -0.9495281831650708
    outer loop
      vertex 58.5 4.354270160198212 54.35410503298044
      vertex 40.5 4.354270160198212 54.35410503298044
      vertex 58.5 5.0533478036522865 54.12316098064184
    endloop
  endfacet
  facet normal 1 0 0
    outer loop
      vertex 58.5 4.859603598713875 59.40062506496906
      vertex 58.5 2.926354832947254 54.711779206991196
      vertex 58.5 3.644702695310116 54.55046879500151
    endloop
  endfacet
  facet normal 1 0 0
    outer loop
      vertex 58.5 5.805693544447422 59.13880671560764
      vertex 58.5 3.644702695310116 54.55046879500151
      vertex 58.5 4.354270160198212 54.35410503298044
    endloop
  endfacet
  facet normal 0 -0.49289819687701847 -0.8700869884760856
    outer loop
      vertex 58.5 7.070951052010059 53.22881896793842
      vertex 40.5 7.070951052010059 53.22881896793842
      vertex 58.5 7.711541160941124 52.865929149091244
    endloop
  endfacet
  facet normal 0 -0.3598950395392891 -0.9329927976758522
    outer loop
      vertex 58.5 5.0533478036522865 54.12316098064184
      vertex 40.5 5.0533478036522865 54.12316098064184
      vertex 58.5 5.740251488983631 53.85819298774004
    endloop
  endfacet
  facet normal 0 -0.4052413131439042 -0.9142097560852237
    outer loop
      vertex 58.5 5.740251488983631 53.85819298774004
      vertex 40.5 5.740251488983631 53.85819298774004
      vertex 58.5 6.413326404988766 53.55983939766884
    endloop
  endfacet
  facet normal 0 -0.4496113297352916 -0.893224301154902
    outer loop
      vertex 58.5 6.413326404988766 53.55983939766884
      vertex 40.5 6.413326404988766 53.55983939766884
      vertex 58.5 7.070951052010059 53.22881896793842
    endloop
  endfacet
  facet normal 0 -0.5349976189371493 -0.8448535658512549
    outer loop
      vertex 58.5 7.711541160941124 52.865929149091244
      vertex 40.5 7.711541160941124 52.865929149091244
      vertex 58.5 8.333553493022919 52.47204418480396
    endloop
  endfacet
  facet normal 0 -0.5758081904114059 -0.8175848138603983
    outer loop
      vertex 58.5 8.333553493022919 52.47204418480396
      vertex 40.5 8.333553493022919 52.47204418480396
      vertex 58.5 8.935489565134048 52.048112973570824
    endloop
  endfacet
  facet normal 0 -0.6152315869002314 -0.788346430498815
    outer loop
      vertex 58.5 8.935489565134048 52.048112973570824
      vertex 40.5 8.935489565134048 52.048112973570824
      vertex 58.5 9.515899263322353 51.59515680372715
    endloop
  endfacet
  facet normal 0 -0.6531728467820472 -0.7572088432041958
    outer loop
      vertex 58.5 9.515899263322353 51.59515680372715
      vertex 40.5 9.515899263322353 51.59515680372715
      vertex 58.5 10.073384322226048 51.11426687985659
    endloop
  endfacet
  facet normal 1 0 0
    outer loop
      vertex 58.5 6.737797066569328 58.83088130503893
      vertex 58.5 4.354270160198212 54.35410503298044
      vertex 58.5 5.0533478036522865 54.12316098064184
    endloop
  endfacet
  facet normal 1 0 0
    outer loop
      vertex 58.5 7.653668649494648 58.47759065032005
      vertex 58.5 5.0533478036522865 54.12316098064184
      vertex 58.5 5.740251488983631 53.85819298774004
    endloop
  endfacet
  facet normal 1 0 0
    outer loop
      vertex 58.5 8.551101870834827 58.079785861074924
      vertex 58.5 5.740251488983631 53.85819298774004
      vertex 58.5 6.413326404988766 53.55983939766884
    endloop
  endfacet
  facet normal 1 0 0
    outer loop
      vertex 58.5 9.427934736013412 57.638425290584564
      vertex 58.5 6.413326404988766 53.55983939766884
      vertex 58.5 7.070951052010059 53.22881896793842
    endloop
  endfacet
  facet normal 1 0 0
    outer loop
      vertex 58.5 10.282054886221886 57.1545721963048
      vertex 58.5 7.070951052010059 53.22881896793842
      vertex 58.5 7.711541160941124 52.865929149091244
    endloop
  endfacet
  facet normal 1 0 0
    outer loop
      vertex 58.5 11.111404657363892 56.62939224392176
      vertex 58.5 7.711541160941124 52.865929149091244
      vertex 58.5 8.333553493022919 52.47204418480396
    endloop
  endfacet
  facet normal 1 0 0
    outer loop
      vertex 58.5 11.913986086845398 56.064150631427765
      vertex 58.5 8.333553493022919 52.47204418480396
      vertex 58.5 8.935489565134048 52.048112973570824
    endloop
  endfacet
  facet normal 1 0 0
    outer loop
      vertex 58.5 10.282054886221886 57.1545721963048
      vertex 58.5 9.427934736013412 57.638425290584564
      vertex 58.5 7.070951052010059 53.22881896793842
    endloop
  endfacet
  facet normal 1 0 0
    outer loop
      vertex 58.5 11.111404657363892 56.62939224392176
      vertex 58.5 10.282054886221886 57.1545721963048
      vertex 58.5 7.711541160941124 52.865929149091244
    endloop
  endfacet
  facet normal 0 0.02454123140320701 0.999698818625497
    outer loop
      vertex 40.5 0 60
      vertex 58.5 0.9813534840941429 59.97590912133455
      vertex 40.5 0.9813534840941429 59.97590912133455
    endloop
  endfacet
  facet normal 0 0.0735645610297641 0.9972904568682577
    outer loop
      vertex 40.5 0.9813534840941429 59.97590912133455
      vertex 58.5 1.9603428095579147 59.90369453281164
      vertex 40.5 1.9603428095579147 59.90369453281164
    endloop
  endfacet
  facet normal 0 0.12241067637422907 0.9924795344537859
    outer loop
      vertex 40.5 1.9603428095579147 59.90369453281164
      vertex 58.5 2.9346094876527786 59.783530198037624
      vertex 40.5 2.9346094876527786 59.783530198037624
    endloop
  endfacet
  facet normal 0 0.17096188540465498 0.9852776429712011
    outer loop
      vertex 40.5 2.9346094876527786 59.783530198037624
      vertex 58.5 3.9018064439296722 59.615705609321594
      vertex 40.5 3.9018064439296722 59.615705609321594
    endloop
  endfacet
  facet normal 0 0.21910124097455688 0.9757021298549108
    outer loop
      vertex 40.5 3.9018064439296722 59.615705609321594
      vertex 58.5 4.859603598713875 59.40062506496906
      vertex 40.5 4.859603598713875 59.40062506496906
    endloop
  endfacet
  facet normal 0 0.313681740209826 0.9495281806554954
    outer loop
      vertex 40.5 5.805693544447422 59.13880671560764
      vertex 58.5 6.737797066569328 58.83088130503893
      vertex 40.5 6.737797066569328 58.83088130503893
    endloop
  endfacet
  facet normal 0 0.3598950364875197 0.9329927988530494
    outer loop
      vertex 40.5 6.737797066569328 58.83088130503893
      vertex 58.5 7.653668649494648 58.47759065032005
      vertex 40.5 7.653668649494648 58.47759065032005
    endloop
  endfacet
  facet normal 0 0.2667127579213527 0.9637760656718893
    outer loop
      vertex 40.5 4.859603598713875 59.40062506496906
      vertex 58.5 5.805693544447422 59.13880671560764
      vertex 40.5 5.805693544447422 59.13880671560764
    endloop
  endfacet
  facet normal 0 0.4052413152583876 0.9142097551479376
    outer loop
      vertex 40.5 7.653668649494648 58.47759065032005
      vertex 58.5 8.551101870834827 58.079785861074924
      vertex 40.5 8.551101870834827 58.079785861074924
    endloop
  endfacet
  facet normal 0 0.49289819662230966 0.8700869886203763
    outer loop
      vertex 40.5 9.427934736013412 57.638425290584564
      vertex 58.5 10.282054886221886 57.1545721963048
      vertex 40.5 10.282054886221886 57.1545721963048
    endloop
  endfacet
  facet normal 0 0.44961132670072995 0.893224302682372
    outer loop
      vertex 40.5 8.551101870834827 58.079785861074924
      vertex 58.5 9.427934736013412 57.638425290584564
      vertex 40.5 9.427934736013412 57.638425290584564
    endloop
  endfacet
  facet normal 0 0.02454123140320701 0.999698818625497
    outer loop
      vertex 40.5 0 60
      vertex 58.5 0 60
      vertex 58.5 0.9813534840941429 59.97590912133455
    endloop
  endfacet
  facet normal 0 0.0735645610297641 0.9972904568682577
    outer loop
      vertex 40.5 0.9813534840941429 59.97590912133455
      vertex 58.5 0.9813534840941429 59.97590912133455
      vertex 58.5 1.9603428095579147 59.90369453281164
    endloop
  endfacet
  facet normal 0 0.12241067637422907 0.9924795344537859
    outer loop
      vertex 40.5 1.9603428095579147 59.90369453281164
      vertex 58.5 1.9603428095579147 59.90369453281164
      vertex 58.5 2.9346094876527786 59.783530198037624
    endloop
  endfacet
  facet normal 0 0.17096188540465498 0.9852776429712011
    outer loop
      vertex 40.5 2.9346094876527786 59.783530198037624
      vertex 58.5 2.9346094876527786 59.783530198037624
      vertex 58.5 3.9018064439296722 59.615705609321594
    endloop
  endfacet
  facet normal 0 0.21910124097455688 0.9757021298549108
    outer loop
      vertex 40.5 3.9018064439296722 59.615705609321594
      vertex 58.5 3.9018064439296722 59.615705609321594
      vertex 58.5 4.859603598713875 59.40062506496906
    endloop
  endfacet
  facet normal 1 0 0
    outer loop
      vertex 58.5 0.9813534840941429 59.97590912133455
      vertex 58.5 0 55
      vertex 58.5 0.736015111207962 54.98193184286356
    endloop
  endfacet
  facet normal 1 0 0
    outer loop
      vertex 58.5 0.9813534840941429 59.97590912133455
      vertex 58.5 0 60
      vertex 58.5 0 55
    endloop
  endfacet
  facet normal 1 0 0
    outer loop
      vertex 58.5 1.9603428095579147 59.90369453281164
      vertex 58.5 0.9813534840941429 59.97590912133455
      vertex 58.5 0.736015111207962 54.98193184286356
    endloop
  endfacet
  facet normal 1 0 0
    outer loop
      vertex 58.5 1.9603428095579147 59.90369453281164
      vertex 58.5 0.736015111207962 54.98193184286356
      vertex 58.5 1.4702571034431458 54.927770897746086
    endloop
  endfacet
  facet normal 1 0 0
    outer loop
      vertex 58.5 2.9346094876527786 59.783530198037624
      vertex 58.5 1.4702571034431458 54.927770897746086
      vertex 58.5 2.2009571194648743 54.83764764666557
    endloop
  endfacet
  facet normal 1 0 0
    outer loop
      vertex 58.5 2.9346094876527786 59.783530198037624
      vertex 58.5 1.9603428095579147 59.90369453281164
      vertex 58.5 1.4702571034431458 54.927770897746086
    endloop
  endfacet
  facet normal 1 0 0
    outer loop
      vertex 58.5 3.9018064439296722 59.615705609321594
      vertex 58.5 2.2009571194648743 54.83764764666557
      vertex 58.5 2.926354832947254 54.711779206991196
    endloop
  endfacet
  facet normal 1 0 0
    outer loop
      vertex 58.5 3.9018064439296722 59.615705609321594
      vertex 58.5 2.9346094876527786 59.783530198037624
      vertex 58.5 2.2009571194648743 54.83764764666557
    endloop
  endfacet
  facet normal 1 0 0
    outer loop
      vertex 58.5 4.859603598713875 59.40062506496906
      vertex 58.5 3.9018064439296722 59.615705609321594
      vertex 58.5 2.926354832947254 54.711779206991196
    endloop
  endfacet
  facet normal 1 0 0
    outer loop
      vertex 58.5 5.805693544447422 59.13880671560764
      vertex 58.5 4.859603598713875 59.40062506496906
      vertex 58.5 3.644702695310116 54.55046879500151
    endloop
  endfacet
  facet normal 0 0.313681740209826 0.9495281806554954
    outer loop
      vertex 40.5 5.805693544447422 59.13880671560764
      vertex 58.5 5.805693544447422 59.13880671560764
      vertex 58.5 6.737797066569328 58.83088130503893
    endloop
  endfacet
  facet normal 0 0.3598950364875197 0.9329927988530494
    outer loop
      vertex 40.5 6.737797066569328 58.83088130503893
      vertex 58.5 6.737797066569328 58.83088130503893
      vertex 58.5 7.653668649494648 58.47759065032005
    endloop
  endfacet
  facet normal 0 0.2667127579213527 0.9637760656718893
    outer loop
      vertex 40.5 4.859603598713875 59.40062506496906
      vertex 58.5 4.859603598713875 59.40062506496906
      vertex 58.5 5.805693544447422 59.13880671560764
    endloop
  endfacet
  facet normal 0 0.4052413152583876 0.9142097551479376
    outer loop
      vertex 40.5 7.653668649494648 58.47759065032005
      vertex 58.5 7.653668649494648 58.47759065032005
      vertex 58.5 8.551101870834827 58.079785861074924
    endloop
  endfacet
  facet normal 0 0.49289819662230966 0.8700869886203763
    outer loop
      vertex 40.5 9.427934736013412 57.638425290584564
      vertex 58.5 9.427934736013412 57.638425290584564
      vertex 58.5 10.282054886221886 57.1545721963048
    endloop
  endfacet
  facet normal 0 0.44961132670072995 0.893224302682372
    outer loop
      vertex 40.5 8.551101870834827 58.079785861074924
      vertex 58.5 8.551101870834827 58.079785861074924
      vertex 58.5 9.427934736013412 57.638425290584564
    endloop
  endfacet
  facet normal 1 0 0
    outer loop
      vertex 58.5 6.737797066569328 58.83088130503893
      vertex 58.5 5.805693544447422 59.13880671560764
      vertex 58.5 4.354270160198212 54.35410503298044
    endloop
  endfacet
  facet normal 1 0 0
    outer loop
      vertex 58.5 7.653668649494648 58.47759065032005
      vertex 58.5 6.737797066569328 58.83088130503893
      vertex 58.5 5.0533478036522865 54.12316098064184
    endloop
  endfacet
  facet normal 1 0 0
    outer loop
      vertex 58.5 8.551101870834827 58.079785861074924
      vertex 58.5 7.653668649494648 58.47759065032005
      vertex 58.5 5.740251488983631 53.85819298774004
    endloop
  endfacet
  facet normal 1 0 0
    outer loop
      vertex 58.5 9.427934736013412 57.638425290584564
      vertex 58.5 8.551101870834827 58.079785861074924
      vertex 58.5 6.413326404988766 53.55983939766884
    endloop
  endfacet
  facet normal 0 -0.7242470799894851 -0.6895405478481337
    outer loop
      vertex 40.5 11.114266879856586 50.07338432222605
      vertex 58.5 11.114266879856586 50.07338432222605
      vertex 40.5 10.60660171508789 50.60660171508789
    endloop
  endfacet
  facet normal 0 -0.788346430498815 -0.6152315869002314
    outer loop
      vertex 40.5 12.048112973570824 48.93548956513405
      vertex 58.5 12.048112973570824 48.93548956513405
      vertex 40.5 11.59515680372715 49.51589926332235
    endloop
  endfacet
  facet normal 0 -0.8175848138603983 -0.5758081904114059
    outer loop
      vertex 40.5 12.472044184803963 48.33355349302292
      vertex 58.5 12.472044184803963 48.33355349302292
      vertex 40.5 12.048112973570824 48.93548956513405
    endloop
  endfacet
  facet normal 0 -0.7572088432041958 -0.6531728467820472
    outer loop
      vertex 40.5 11.59515680372715 49.51589926332235
      vertex 58.5 11.59515680372715 49.51589926332235
      vertex 40.5 11.114266879856586 50.07338432222605
    endloop
  endfacet
  facet normal 0 -0.8700869884760856 -0.49289819687701847
    outer loop
      vertex 40.5 13.228818967938423 47.07095105201006
      vertex 58.5 13.228818967938423 47.07095105201006
      vertex 40.5 12.865929149091244 47.711541160941124
    endloop
  endfacet
  facet normal 0 -0.893224301154902 -0.4496113297352916
    outer loop
      vertex 40.5 13.559839397668839 46.413326404988766
      vertex 58.5 13.559839397668839 46.413326404988766
      vertex 40.5 13.228818967938423 47.07095105201006
    endloop
  endfacet
  facet normal 0 -0.9329927976758522 -0.3598950395392891
    outer loop
      vertex 40.5 14.123160980641842 45.05334780365229
      vertex 58.5 14.123160980641842 45.05334780365229
      vertex 40.5 13.85819298774004 45.74025148898363
    endloop
  endfacet
  facet normal 0 -0.9495282007499645 -0.31368167938299374
    outer loop
      vertex 40.5 14.140784710645676 45
      vertex 58.5 14.140784710645676 45
      vertex 40.5 14.123160980641842 45.05334780365229
    endloop
  endfacet
  facet normal 0 -0.9142097560852237 -0.4052413131439042
    outer loop
      vertex 40.5 13.85819298774004 45.74025148898363
      vertex 58.5 13.85819298774004 45.74025148898363
      vertex 40.5 13.559839397668839 46.413326404988766
    endloop
  endfacet
  facet normal 0 0 -1
    outer loop
      vertex 40.5 15 45
      vertex 58.5 15 45
      vertex 40.5 14.140784710645676 45
    endloop
  endfacet
  facet normal 0 -0.8448535658512549 -0.5349976189371493
    outer loop
      vertex 40.5 12.865929149091244 47.711541160941124
      vertex 58.5 12.865929149091244 47.711541160941124
      vertex 40.5 12.472044184803963 48.33355349302292
    endloop
  endfacet
  facet normal 0 -0.6895405478481337 -0.7242470799894851
    outer loop
      vertex 40.5 10.60660171508789 50.60660171508789
      vertex 58.5 10.60660171508789 50.60660171508789
      vertex 40.5 10.073384322226048 51.11426687985659
    endloop
  endfacet
  facet normal 0 0.6152315928443219 0.7883464258600014
    outer loop
      vertex 40.5 11.913986086845398 56.064150631427765
      vertex 58.5 12.687865681946278 55.46020906418562
      vertex 40.5 12.687865681946278 55.46020906418562
    endloop
  endfacet
  facet normal 0 0.6531728399277139 0.7572088491167842
    outer loop
      vertex 40.5 12.687865681946278 55.46020906418562
      vertex 58.5 13.431179098784924 54.81902250647545
      vertex 40.5 13.431179098784924 54.81902250647545
    endloop
  endfacet
  facet normal 0 0.6895405491115867 0.7242470787865777
    outer loop
      vertex 40.5 13.431179098784924 54.81902250647545
      vertex 58.5 14.142135620117188 54.14213562011719
      vertex 40.5 14.142135620117188 54.14213562011719
    endloop
  endfacet
  facet normal 0 0.7242470787865777 0.6895405491115867
    outer loop
      vertex 40.5 14.142135620117188 54.14213562011719
      vertex 58.5 14.819022506475449 53.431179098784924
      vertex 40.5 14.819022506475449 53.431179098784924
    endloop
  endfacet
  facet normal 0 0.8700869886203763 0.49289819662230966
    outer loop
      vertex 40.5 17.154572196304798 50.282054886221886
      vertex 58.5 17.638425290584564 49.42793473601341
      vertex 40.5 17.638425290584564 49.42793473601341
    endloop
  endfacet
  facet normal 0 0.8448535644029957 0.5349976212242004
    outer loop
      vertex 40.5 16.629392243921757 51.11140465736389
      vertex 58.5 17.154572196304798 50.282054886221886
      vertex 40.5 17.154572196304798 50.282054886221886
    endloop
  endfacet
  facet normal 0 0.9329927988530494 0.3598950364875197
    outer loop
      vertex 40.5 18.477590650320053 47.65366864949465
      vertex 58.5 18.83088130503893 46.73779706656933
      vertex 40.5 18.83088130503893 46.73779706656933
    endloop
  endfacet
  facet normal 0 0.9637760674303779 0.26671275156699137
    outer loop
      vertex 40.5 19.138806715607643 45.80569354444742
      vertex 58.5 19.361772142350674 45
      vertex 40.5 19.361772142350674 45
    endloop
  endfacet
  facet normal 0 0.9495281806554954 0.313681740209826
    outer loop
      vertex 40.5 18.83088130503893 46.73779706656933
      vertex 58.5 19.138806715607643 45.80569354444742
      vertex 40.5 19.138806715607643 45.80569354444742
    endloop
  endfacet
  facet normal 0 0 1
    outer loop
      vertex 40.5 19.361772142350674 45
      vertex 58.5 20 45
      vertex 40.5 20 45
    endloop
  endfacet
  facet normal 0 0.893224302682372 0.44961132670072995
    outer loop
      vertex 40.5 17.638425290584564 49.42793473601341
      vertex 58.5 18.079785861074924 48.55110187083483
      vertex 40.5 18.079785861074924 48.55110187083483
    endloop
  endfacet
  facet normal 0 0.9142097551479376 0.4052413152583876
    outer loop
      vertex 40.5 18.079785861074924 48.55110187083483
      vertex 58.5 18.477590650320053 47.65366864949465
      vertex 40.5 18.477590650320053 47.65366864949465
    endloop
  endfacet
  facet normal 0 0.7572088491167842 0.6531728399277139
    outer loop
      vertex 40.5 14.819022506475449 53.431179098784924
      vertex 58.5 15.46020906418562 52.68786568194628
      vertex 40.5 15.46020906418562 52.68786568194628
    endloop
  endfacet
  facet normal 0 0.7883464258600014 0.6152315928443219
    outer loop
      vertex 40.5 15.46020906418562 52.68786568194628
      vertex 58.5 16.064150631427765 51.9139860868454
      vertex 40.5 16.064150631427765 51.9139860868454
    endloop
  endfacet
  facet normal 0 0.8175848150514297 0.5758081887202712
    outer loop
      vertex 40.5 16.064150631427765 51.9139860868454
      vertex 58.5 16.629392243921757 51.11140465736389
      vertex 40.5 16.629392243921757 51.11140465736389
    endloop
  endfacet
  facet normal 0 -0.7242470799894851 -0.6895405478481337
    outer loop
      vertex 58.5 10.60660171508789 50.60660171508789
      vertex 40.5 10.60660171508789 50.60660171508789
      vertex 58.5 11.114266879856586 50.07338432222605
    endloop
  endfacet
  facet normal 0 -0.8175848138603983 -0.5758081904114059
    outer loop
      vertex 58.5 12.048112973570824 48.93548956513405
      vertex 40.5 12.048112973570824 48.93548956513405
      vertex 58.5 12.472044184803963 48.33355349302292
    endloop
  endfacet
  facet normal 0 -0.7572088432041958 -0.6531728467820472
    outer loop
      vertex 58.5 11.114266879856586 50.07338432222605
      vertex 40.5 11.114266879856586 50.07338432222605
      vertex 58.5 11.59515680372715 49.51589926332235
    endloop
  endfacet
  facet normal 0 -0.788346430498815 -0.6152315869002314
    outer loop
      vertex 58.5 11.59515680372715 49.51589926332235
      vertex 40.5 11.59515680372715 49.51589926332235
      vertex 58.5 12.048112973570824 48.93548956513405
    endloop
  endfacet
  facet normal 0 -0.9142097560852237 -0.4052413131439042
    outer loop
      vertex 58.5 13.559839397668839 46.413326404988766
      vertex 40.5 13.559839397668839 46.413326404988766
      vertex 58.5 13.85819298774004 45.74025148898363
    endloop
  endfacet
  facet normal 0 -0.8700869884760856 -0.49289819687701847
    outer loop
      vertex 58.5 12.865929149091244 47.711541160941124
      vertex 40.5 12.865929149091244 47.711541160941124
      vertex 58.5 13.228818967938423 47.07095105201006
    endloop
  endfacet
  facet normal 0 -0.893224301154902 -0.4496113297352916
    outer loop
      vertex 58.5 13.228818967938423 47.07095105201006
      vertex 40.5 13.228818967938423 47.07095105201006
      vertex 58.5 13.559839397668839 46.413326404988766
    endloop
  endfacet
  facet normal 0 -0.9329927976758522 -0.3598950395392891
    outer loop
      vertex 58.5 13.85819298774004 45.74025148898363
      vertex 40.5 13.85819298774004 45.74025148898363
      vertex 58.5 14.123160980641842 45.05334780365229
    endloop
  endfacet
  facet normal 0 -0.9495282007499645 -0.31368167938299374
    outer loop
      vertex 58.5 14.123160980641842 45.05334780365229
      vertex 40.5 14.123160980641842 45.05334780365229
      vertex 58.5 14.140784710645676 45
    endloop
  endfacet
  facet normal 0 0 -1
    outer loop
      vertex 58.5 14.140784710645676 45
      vertex 40.5 14.140784710645676 45
      vertex 58.5 15 45
    endloop
  endfacet
  facet normal 0 -0.8448535658512549 -0.5349976189371493
    outer loop
      vertex 58.5 12.472044184803963 48.33355349302292
      vertex 40.5 12.472044184803963 48.33355349302292
      vertex 58.5 12.865929149091244 47.711541160941124
    endloop
  endfacet
  facet normal 1 0 0
    outer loop
      vertex 58.5 14.123160980641842 45.05334780365229
      vertex 58.5 14.140784710645676 45
      vertex 58.5 15 45
    endloop
  endfacet
  facet normal 1 0 0
    outer loop
      vertex 58.5 17.638425290584564 49.42793473601341
      vertex 58.5 13.228818967938423 47.07095105201006
      vertex 58.5 13.559839397668839 46.413326404988766
    endloop
  endfacet
  facet normal 1 0 0
    outer loop
      vertex 58.5 16.629392243921757 51.11140465736389
      vertex 58.5 12.048112973570824 48.93548956513405
      vertex 58.5 12.472044184803963 48.33355349302292
    endloop
  endfacet
  facet normal 1 0 0
    outer loop
      vertex 58.5 16.064150631427765 51.9139860868454
      vertex 58.5 11.59515680372715 49.51589926332235
      vertex 58.5 12.048112973570824 48.93548956513405
    endloop
  endfacet
  facet normal 1 0 0
    outer loop
      vertex 58.5 17.154572196304798 50.282054886221886
      vertex 58.5 12.472044184803963 48.33355349302292
      vertex 58.5 12.865929149091244 47.711541160941124
    endloop
  endfacet
  facet normal 1 0 0
    outer loop
      vertex 58.5 17.638425290584564 49.42793473601341
      vertex 58.5 12.865929149091244 47.711541160941124
      vertex 58.5 13.228818967938423 47.07095105201006
    endloop
  endfacet
  facet normal 0 -0.6895405478481337 -0.7242470799894851
    outer loop
      vertex 58.5 10.073384322226048 51.11426687985659
      vertex 40.5 10.073384322226048 51.11426687985659
      vertex 58.5 10.60660171508789 50.60660171508789
    endloop
  endfacet
  facet normal 0 0.6152315928443219 0.7883464258600014
    outer loop
      vertex 40.5 11.913986086845398 56.064150631427765
      vertex 58.5 11.913986086845398 56.064150631427765
      vertex 58.5 12.687865681946278 55.46020906418562
    endloop
  endfacet
  facet normal 0 0.6895405491115867 0.7242470787865777
    outer loop
      vertex 40.5 13.431179098784924 54.81902250647545
      vertex 58.5 13.431179098784924 54.81902250647545
      vertex 58.5 14.142135620117188 54.14213562011719
    endloop
  endfacet
  facet normal 0 0.6531728399277139 0.7572088491167842
    outer loop
      vertex 40.5 12.687865681946278 55.46020906418562
      vertex 58.5 12.687865681946278 55.46020906418562
      vertex 58.5 13.431179098784924 54.81902250647545
    endloop
  endfacet
  facet normal 0 0.7242470787865777 0.6895405491115867
    outer loop
      vertex 40.5 14.142135620117188 54.14213562011719
      vertex 58.5 14.142135620117188 54.14213562011719
      vertex 58.5 14.819022506475449 53.431179098784924
    endloop
  endfacet
  facet normal 1 0 0
    outer loop
      vertex 58.5 12.687865681946278 55.46020906418562
      vertex 58.5 8.935489565134048 52.048112973570824
      vertex 58.5 9.515899263322353 51.59515680372715
    endloop
  endfacet
  facet normal 1 0 0
    outer loop
      vertex 58.5 13.431179098784924 54.81902250647545
      vertex 58.5 9.515899263322353 51.59515680372715
      vertex 58.5 10.073384322226048 51.11426687985659
    endloop
  endfacet
  facet normal 1 0 0
    outer loop
      vertex 58.5 14.142135620117188 54.14213562011719
      vertex 58.5 10.073384322226048 51.11426687985659
      vertex 58.5 10.60660171508789 50.60660171508789
    endloop
  endfacet
  facet normal 1 0 0
    outer loop
      vertex 58.5 14.819022506475449 53.431179098784924
      vertex 58.5 10.60660171508789 50.60660171508789
      vertex 58.5 11.114266879856586 50.07338432222605
    endloop
  endfacet
  facet normal 1 0 0
    outer loop
      vertex 58.5 12.687865681946278 55.46020906418562
      vertex 58.5 11.913986086845398 56.064150631427765
      vertex 58.5 8.935489565134048 52.048112973570824
    endloop
  endfacet
  facet normal 1 0 0
    outer loop
      vertex 58.5 11.913986086845398 56.064150631427765
      vertex 58.5 11.111404657363892 56.62939224392176
      vertex 58.5 8.333553493022919 52.47204418480396
    endloop
  endfacet
  facet normal 1 0 0
    outer loop
      vertex 58.5 13.431179098784924 54.81902250647545
      vertex 58.5 12.687865681946278 55.46020906418562
      vertex 58.5 9.515899263322353 51.59515680372715
    endloop
  endfacet
  facet normal 1 0 0
    outer loop
      vertex 58.5 15.46020906418562 52.68786568194628
      vertex 58.5 11.114266879856586 50.07338432222605
      vertex 58.5 11.59515680372715 49.51589926332235
    endloop
  endfacet
  facet normal 1 0 0
    outer loop
      vertex 58.5 14.142135620117188 54.14213562011719
      vertex 58.5 13.431179098784924 54.81902250647545
      vertex 58.5 10.073384322226048 51.11426687985659
    endloop
  endfacet
  facet normal 1 0 0
    outer loop
      vertex 58.5 14.819022506475449 53.431179098784924
      vertex 58.5 14.142135620117188 54.14213562011719
      vertex 58.5 10.60660171508789 50.60660171508789
    endloop
  endfacet
  facet normal 1 0 0
    outer loop
      vertex 58.5 16.064150631427765 51.9139860868454
      vertex 58.5 15.46020906418562 52.68786568194628
      vertex 58.5 11.59515680372715 49.51589926332235
    endloop
  endfacet
  facet normal 1 0 0
    outer loop
      vertex 58.5 16.629392243921757 51.11140465736389
      vertex 58.5 16.064150631427765 51.9139860868454
      vertex 58.5 12.048112973570824 48.93548956513405
    endloop
  endfacet
  facet normal 1 0 0
    outer loop
      vertex 58.5 15.46020906418562 52.68786568194628
      vertex 58.5 14.819022506475449 53.431179098784924
      vertex 58.5 11.114266879856586 50.07338432222605
    endloop
  endfacet
  facet normal 0 0.8700869886203763 0.49289819662230966
    outer loop
      vertex 40.5 17.154572196304798 50.282054886221886
      vertex 58.5 17.154572196304798 50.282054886221886
      vertex 58.5 17.638425290584564 49.42793473601341
    endloop
  endfacet
  facet normal 0 0.9329927988530494 0.3598950364875197
    outer loop
      vertex 40.5 18.477590650320053 47.65366864949465
      vertex 58.5 18.477590650320053 47.65366864949465
      vertex 58.5 18.83088130503893 46.73779706656933
    endloop
  endfacet
  facet normal 0 0.9637760674303779 0.26671275156699137
    outer loop
      vertex 40.5 19.138806715607643 45.80569354444742
      vertex 58.5 19.138806715607643 45.80569354444742
      vertex 58.5 19.361772142350674 45
    endloop
  endfacet
  facet normal 0 0 1
    outer loop
      vertex 40.5 19.361772142350674 45
      vertex 58.5 19.361772142350674 45
      vertex 58.5 20 45
    endloop
  endfacet
  facet normal 0 0.9495281806554954 0.313681740209826
    outer loop
      vertex 40.5 18.83088130503893 46.73779706656933
      vertex 58.5 18.83088130503893 46.73779706656933
      vertex 58.5 19.138806715607643 45.80569354444742
    endloop
  endfacet
  facet normal 0 0.893224302682372 0.44961132670072995
    outer loop
      vertex 40.5 17.638425290584564 49.42793473601341
      vertex 58.5 17.638425290584564 49.42793473601341
      vertex 58.5 18.079785861074924 48.55110187083483
    endloop
  endfacet
  facet normal 0 0.9142097551479376 0.4052413152583876
    outer loop
      vertex 40.5 18.079785861074924 48.55110187083483
      vertex 58.5 18.079785861074924 48.55110187083483
      vertex 58.5 18.477590650320053 47.65366864949465
    endloop
  endfacet
  facet normal 1 0 0
    outer loop
      vertex 58.5 17.638425290584564 49.42793473601341
      vertex 58.5 13.85819298774004 45.74025148898363
      vertex 58.5 14.123160980641842 45.05334780365229
    endloop
  endfacet
  facet normal 1 0 0
    outer loop
      vertex 58.5 15 45
      vertex 58.5 17.638425290584564 49.42793473601341
      vertex 58.5 14.123160980641842 45.05334780365229
    endloop
  endfacet
  facet normal 1 0 0
    outer loop
      vertex 58.5 17.638425290584564 49.42793473601341
      vertex 58.5 13.559839397668839 46.413326404988766
      vertex 58.5 13.85819298774004 45.74025148898363
    endloop
  endfacet
  facet normal 1 0 0
    outer loop
      vertex 58.5 15 45
      vertex 58.5 18.477590650320053 47.65366864949465
      vertex 58.5 18.079785861074924 48.55110187083483
    endloop
  endfacet
  facet normal 1 0 0
    outer loop
      vertex 58.5 15 45
      vertex 58.5 18.83088130503893 46.73779706656933
      vertex 58.5 18.477590650320053 47.65366864949465
    endloop
  endfacet
  facet normal 1 0 0
    outer loop
      vertex 58.5 15 45
      vertex 58.5 18.079785861074924 48.55110187083483
      vertex 58.5 17.638425290584564 49.42793473601341
    endloop
  endfacet
  facet normal 1 0 0
    outer loop
      vertex 58.5 17.638425290584564 49.42793473601341
      vertex 58.5 17.154572196304798 50.282054886221886
      vertex 58.5 12.865929149091244 47.711541160941124
    endloop
  endfacet
  facet normal 1 0 0
    outer loop
      vertex 58.5 17.154572196304798 50.282054886221886
      vertex 58.5 16.629392243921757 51.11140465736389
      vertex 58.5 12.472044184803963 48.33355349302292
    endloop
  endfacet
  facet normal 1 0 0
    outer loop
      vertex 58.5 15 45
      vertex 58.5 19.361772142350674 45
      vertex 58.5 19.138806715607643 45.80569354444742
    endloop
  endfacet
  facet normal 1 0 0
    outer loop
      vertex 58.5 15 45
      vertex 58.5 19.138806715607643 45.80569354444742
      vertex 58.5 18.83088130503893 46.73779706656933
    endloop
  endfacet
  facet normal 0 0.7572088491167842 0.6531728399277139
    outer loop
      vertex 40.5 14.819022506475449 53.431179098784924
      vertex 58.5 14.819022506475449 53.431179098784924
      vertex 58.5 15.46020906418562 52.68786568194628
    endloop
  endfacet
  facet normal 0 0.7883464258600014 0.6152315928443219
    outer loop
      vertex 40.5 15.46020906418562 52.68786568194628
      vertex 58.5 15.46020906418562 52.68786568194628
      vertex 58.5 16.064150631427765 51.9139860868454
    endloop
  endfacet
  facet normal 0 0.8448535644029957 0.5349976212242004
    outer loop
      vertex 40.5 16.629392243921757 51.11140465736389
      vertex 58.5 16.629392243921757 51.11140465736389
      vertex 58.5 17.154572196304798 50.282054886221886
    endloop
  endfacet
  facet normal 0 0.8175848150514297 0.5758081887202712
    outer loop
      vertex 40.5 16.064150631427765 51.9139860868454
      vertex 58.5 16.064150631427765 51.9139860868454
      vertex 58.5 16.629392243921757 51.11140465736389
    endloop
  endfacet
  facet normal 0 0.5349976212242004 0.8448535644029957
    outer loop
      vertex 40.5 10.282054886221886 57.1545721963048
      vertex 58.5 11.111404657363892 56.62939224392176
      vertex 40.5 11.111404657363892 56.62939224392176
    endloop
  endfacet
  facet normal 0 0.5758081887202712 0.8175848150514297
    outer loop
      vertex 40.5 11.111404657363892 56.62939224392176
      vertex 58.5 11.913986086845398 56.064150631427765
      vertex 40.5 11.913986086845398 56.064150631427765
    endloop
  endfacet
  facet normal 0 0.5349976212242004 0.8448535644029957
    outer loop
      vertex 40.5 10.282054886221886 57.1545721963048
      vertex 58.5 10.282054886221886 57.1545721963048
      vertex 58.5 11.111404657363892 56.62939224392176
    endloop
  endfacet
  facet normal 0 0.5758081887202712 0.8175848150514297
    outer loop
      vertex 40.5 11.111404657363892 56.62939224392176
      vertex 58.5 11.111404657363892 56.62939224392176
      vertex 58.5 11.913986086845398 56.064150631427765
    endloop
  endfacet
endsolid OpenSCAD_Model
