solid OpenSCAD_Model
  facet normal 0 0 -1
    outer loop
      vertex -38.04226065180614 -12.360679774997896 0
      vertex -38.74332644514524 -9.947595486594194 0
      vertex -38.04226065180614 12.360679774997896 0
    endloop
  endfacet
  facet normal 0 0 -1
    outer loop
      vertex -39.684588052579116 -5.013329342572162 0
      vertex -39.921069137130864 -2.511620781172531 0
      vertex -39.684588052579116 5.013329342572162 0
    endloop
  endfacet
  facet normal 0 0 -1
    outer loop
      vertex -38.74332644514524 -9.947595486594194 0
      vertex -39.291490029147546 -7.495252583428993 0
      vertex -38.74332644514524 9.947595486594194 0
    endloop
  endfacet
  facet normal 0 0 -1
    outer loop
      vertex -39.291490029147546 -7.495252583428993 0
      vertex -39.684588052579116 -5.013329342572162 0
      vertex -39.291490029147546 7.495252583428993 0
    endloop
  endfacet
  facet normal -0.9995065603657315 -0.03141075907812769 3.7722945841784473e-17
    outer loop
      vertex -39.921069137130864 -2.511620781172531 0
      vertex -39.9815281042851 -0.5877852522924731 49.19098300562505
      vertex -40 0 0
    endloop
  endfacet
  facet normal -0.9602936856769427 -0.27899110603923055 0
    outer loop
      vertex -38.04226065180614 -12.360679774997896 0
      vertex -38.74332644514524 -9.947595486594194 100
      vertex -38.74332644514524 -9.947595486594194 0
    endloop
  endfacet
  facet normal -0.9759167619387472 -0.21814324139654323 0
    outer loop
      vertex -38.74332644514524 -9.947595486594194 0
      vertex -39.291490029147546 -7.495252583428993 100
      vertex -39.291490029147546 -7.495252583428993 0
    endloop
  endfacet
  facet normal -0.9876883405951378 -0.1564344650402314 0
    outer loop
      vertex -39.291490029147546 -7.495252583428993 0
      vertex -39.684588052579116 -5.013329342572162 100
      vertex -39.684588052579116 -5.013329342572162 0
    endloop
  endfacet
  facet normal -0.99556196460308 -0.09410831331851403 0
    outer loop
      vertex -39.684588052579116 -5.013329342572162 0
      vertex -39.921069137130864 -2.511620781172531 100
      vertex -39.921069137130864 -2.511620781172531 0
    endloop
  endfacet
  facet normal -0.9995065603657322 -0.0314107590781148 -4.66970069002904e-16
    outer loop
      vertex -39.921069137130864 -2.511620781172531 0
      vertex -39.97011184489665 -0.9510565162951535 50.30901699437495
      vertex -39.9815281042851 -0.5877852522924731 49.19098300562505
    endloop
  endfacet
  facet normal -0.9995065603657314 -0.03141075907813085 0
    outer loop
      vertex -40 0 0
      vertex -39.9815281042851 -0.5877852522924731 49.19098300562505
      vertex -40 0 49.19098300562505
    endloop
  endfacet
  facet normal 0 0 -1
    outer loop
      vertex -33.7731170200806 -21.43307179915987 0
      vertex -32.08446116907657 -20.361418209201876 0
      vertex -32.3606797749979 -23.511410091698927 0
    endloop
  endfacet
  facet normal 0 0 -1
    outer loop
      vertex -32.3606797749979 -23.511410091698927 0
      vertex -32.08446116907657 -20.361418209201876 0
      vertex -30.742645786248005 -22.33583958711398 0
    endloop
  endfacet
  facet normal 0 0 -1
    outer loop
      vertex -33.7731170200806 -21.43307179915987 0
      vertex -33.29965384166681 -18.306639615865183 0
      vertex -32.08446116907657 -20.361418209201876 0
    endloop
  endfacet
  facet normal 0 0 -1
    outer loop
      vertex -30.820529711031575 -25.496959589947586 0
      vertex -27.700807842013642 -26.012790025290162 0
      vertex -29.158745096856467 -27.38188423714754 0
    endloop
  endfacet
  facet normal 0 0 -1
    outer loop
      vertex -30.820529711031575 -25.496959589947586 0
      vertex -29.279503225479996 -24.222111610450206 0
      vertex -27.700807842013642 -26.012790025290162 0
    endloop
  endfacet
  facet normal 0 0 -1
    outer loop
      vertex -29.158745096856467 -27.38188423714754 0
      vertex -26.012790025290162 -27.700807842013642 0
      vertex -27.38188423714754 -29.158745096856467 0
    endloop
  endfacet
  facet normal 0 0 -1
    outer loop
      vertex -25.496959589947586 -30.820529711031575 0
      vertex -27.38188423714754 -29.158745096856467 0
      vertex -24.222111610450206 -29.279503225479996 0
    endloop
  endfacet
  facet normal 0 0 -1
    outer loop
      vertex -27.38188423714754 -29.158745096856467 0
      vertex -26.012790025290162 -27.700807842013642 0
      vertex -24.222111610450206 -29.279503225479996 0
    endloop
  endfacet
  facet normal 0 0 -1
    outer loop
      vertex -29.158745096856467 -27.38188423714754 0
      vertex -27.700807842013642 -26.012790025290162 0
      vertex -26.012790025290162 -27.700807842013642 0
    endloop
  endfacet
  facet normal 0 0 -1
    outer loop
      vertex -30.820529711031575 -25.496959589947586 0
      vertex -32.3606797749979 -23.511410091698927 0
      vertex -30.742645786248005 -22.33583958711398 0
    endloop
  endfacet
  facet normal 0 0 -1
    outer loop
      vertex -30.820529711031575 -25.496959589947586 0
      vertex -30.742645786248005 -22.33583958711398 0
      vertex -29.279503225479996 -24.222111610450206 0
    endloop
  endfacet
  facet normal 0 0 -1
    outer loop
      vertex -23.511410091698927 -32.3606797749979 0
      vertex -20.361418209201876 -32.08446116907657 0
      vertex -21.43307179915987 -33.7731170200806 0
    endloop
  endfacet
  facet normal 0 0 -1
    outer loop
      vertex -25.496959589947586 -30.820529711031575 0
      vertex -22.33583958711398 -30.742645786248005 0
      vertex -23.511410091698927 -32.3606797749979 0
    endloop
  endfacet
  facet normal 0 0 -1
    outer loop
      vertex -25.496959589947586 -30.820529711031575 0
      vertex -24.222111610450206 -29.279503225479996 0
      vertex -22.33583958711398 -30.742645786248005 0
    endloop
  endfacet
  facet normal 0 0 -1
    outer loop
      vertex -23.511410091698927 -32.3606797749979 0
      vertex -22.33583958711398 -30.742645786248005 0
      vertex -20.361418209201876 -32.08446116907657 0
    endloop
  endfacet
  facet normal 0 0 -1
    outer loop
      vertex -21.43307179915987 -33.7731170200806 0
      vertex -18.306639615865183 -33.29965384166681 0
      vertex -19.270146964068616 -35.05226720175454 0
    endloop
  endfacet
  facet normal 0 0 -1
    outer loop
      vertex -19.270146964068616 -35.05226720175454 0
      vertex -18.306639615865183 -33.29965384166681 0
      vertex -18.04076129881613 -33.43512561067205 0
    endloop
  endfacet
  facet normal 0 0 -1
    outer loop
      vertex -21.43307179915987 -33.7731170200806 0
      vertex -20.361418209201876 -32.08446116907657 0
      vertex -18.306639615865183 -33.29965384166681 0
    endloop
  endfacet
  facet normal 0 0 -1
    outer loop
      vertex -19.270146964068616 -35.05226720175454 0
      vertex -16.17961307947275 -34.38342799370874 0
      vertex -17.031171662602897 -36.19308209864079 0
    endloop
  endfacet
  facet normal 0 0 -1
    outer loop
      vertex -17.031171662602897 -36.19308209864079 0
      vertex -16.158133863027114 -34.392722880669965 0
      vertex -13.988733002017758 -35.331506463753556 0
    endloop
  endfacet
  facet normal 0 0 -1
    outer loop
      vertex -17.031171662602897 -36.19308209864079 0
      vertex -13.988733002017758 -35.331506463753556 0
      vertex -14.724982107387115 -37.19105943553006 0
    endloop
  endfacet
  facet normal 0 0 -1
    outer loop
      vertex -14.724982107387115 -37.19105943553006 0
      vertex -11.742645786248001 -36.14014761921583 0
      vertex -12.360679774997896 -38.04226065180614 0
    endloop
  endfacet
  facet normal 0 0 -1
    outer loop
      vertex -14.724982107387115 -37.19105943553006 0
      vertex -13.988733002017758 -35.331506463753556 0
      vertex -11.742645786248001 -36.14014761921583 0
    endloop
  endfacet
  facet normal 0 0 -1
    outer loop
      vertex -19.270146964068616 -35.05226720175454 0
      vertex -18.04076129881613 -33.43512561067205 0
      vertex -16.17961307947275 -34.38342799370874 0
    endloop
  endfacet
  facet normal 0 0 -1
    outer loop
      vertex -17.031171662602897 -36.19308209864079 0
      vertex -16.17961307947275 -34.38342799370874 0
      vertex -16.158133863027114 -34.392722880669965 0
    endloop
  endfacet
  facet normal -0.661311865323653 -0.7501110696304585 0
    outer loop
      vertex -25.496959589947586 -30.820529711031575 0
      vertex -25.496959589947586 -30.820529711031575 100
      vertex -27.38188423714754 -29.158745096856467 0
    endloop
  endfacet
  facet normal -0.7901550123756907 -0.612907053652976 0
    outer loop
      vertex -30.820529711031575 -25.496959589947586 0
      vertex -32.3606797749979 -23.511410091698927 100
      vertex -32.3606797749979 -23.511410091698927 0
    endloop
  endfacet
  facet normal -0.8270805742745627 -0.5620833778521293 0
    outer loop
      vertex -33.7731170200806 -21.43307179915987 0
      vertex -32.3606797749979 -23.511410091698927 0
      vertex -33.7731170200806 -21.43307179915987 100
    endloop
  endfacet
  facet normal -0.7071067811865475 -0.7071067811865475 0
    outer loop
      vertex -29.158745096856467 -27.38188423714754 0
      vertex -27.38188423714754 -29.158745096856467 0
      vertex -29.158745096856467 -27.38188423714754 100
    endloop
  endfacet
  facet normal -0.7501110696304585 -0.661311865323653 0
    outer loop
      vertex -30.820529711031575 -25.496959589947586 0
      vertex -29.158745096856467 -27.38188423714754 0
      vertex -30.820529711031575 -25.496959589947586 100
    endloop
  endfacet
  facet normal -0.5620833778521293 -0.8270805742745627 0
    outer loop
      vertex -23.511410091698927 -32.3606797749979 0
      vertex -21.43307179915987 -33.7731170200806 0
      vertex -21.43307179915987 -33.7731170200806 100
    endloop
  endfacet
  facet normal -0.612907053652976 -0.7901550123756907 0
    outer loop
      vertex -25.496959589947586 -30.820529711031575 0
      vertex -23.511410091698927 -32.3606797749979 0
      vertex -23.511410091698927 -32.3606797749979 100
    endloop
  endfacet
  facet normal -0.5090414157503717 -0.8607420270039435 0
    outer loop
      vertex -21.43307179915987 -33.7731170200806 0
      vertex -19.270146964068616 -35.05226720175454 0
      vertex -19.270146964068616 -35.05226720175454 100
    endloop
  endfacet
  facet normal -0.4539904997395479 -0.8910065241883673 0
    outer loop
      vertex -19.270146964068616 -35.05226720175454 0
      vertex -17.031171662602897 -36.19308209864079 0
      vertex -17.031171662602897 -36.19308209864079 100
    endloop
  endfacet
  facet normal -0.39714789063477995 -0.9177546256839815 0
    outer loop
      vertex -17.031171662602897 -36.19308209864079 0
      vertex -14.724982107387115 -37.19105943553006 0
      vertex -14.724982107387115 -37.19105943553006 100
    endloop
  endfacet
  facet normal -0.33873792024528976 -0.940880768954226 0
    outer loop
      vertex -14.724982107387115 -37.19105943553006 0
      vertex -12.360679774997896 -38.04226065180614 0
      vertex -12.360679774997896 -38.04226065180614 100
    endloop
  endfacet
  facet normal 0 0 -1
    outer loop
      vertex -35.05226720175454 -19.270146964068616 0
      vertex -36.19308209864079 -17.031171662602897 0
      vertex -34.38342799370874 -16.17961307947275 0
    endloop
  endfacet
  facet normal 0 0 -1
    outer loop
      vertex -36.19308209864079 -17.031171662602897 0
      vertex -35.331506463753556 -13.988733002017758 0
      vertex -34.38342799370874 -16.17961307947275 0
    endloop
  endfacet
  facet normal 0 0 -1
    outer loop
      vertex -33.7731170200806 -21.43307179915987 0
      vertex -35.05226720175454 -19.270146964068616 0
      vertex -33.29965384166681 -18.306639615865183 0
    endloop
  endfacet
  facet normal 0 0 -1
    outer loop
      vertex -35.05226720175454 -19.270146964068616 0
      vertex -34.38342799370874 -16.17961307947275 0
      vertex -33.29965384166681 -18.306639615865183 0
    endloop
  endfacet
  facet normal 0 0 -1
    outer loop
      vertex -36.19308209864079 -17.031171662602897 0
      vertex -37.19105943553006 -14.724982107387115 0
      vertex -36.14014761921583 -11.742645786248001 0
    endloop
  endfacet
  facet normal 0 0 -1
    outer loop
      vertex -36.19308209864079 -17.031171662602897 0
      vertex -36.14014761921583 -11.742645786248001 0
      vertex -35.331506463753556 -13.988733002017758 0
    endloop
  endfacet
  facet normal 0 0 -1
    outer loop
      vertex -38.04226065180614 -12.360679774997896 0
      vertex -36.80616012288798 -9.450215712264484 0
      vertex -37.19105943553006 -14.724982107387115 0
    endloop
  endfacet
  facet normal 0 0 -1
    outer loop
      vertex -37.19105943553006 -14.724982107387115 0
      vertex -36.80616012288798 -9.450215712264484 0
      vertex -36.14014761921583 -11.742645786248001 0
    endloop
  endfacet
  facet normal 0 0 -1
    outer loop
      vertex -38.04226065180614 -12.360679774997896 0
      vertex -37.32691552769017 -7.120489954257543 0
      vertex -36.80616012288798 -9.450215712264484 0
    endloop
  endfacet
  facet normal 0 0 -1
    outer loop
      vertex -38.04226065180614 -12.360679774997896 0
      vertex -37.70035864995016 -4.762662875443555 0
      vertex -37.32691552769017 -7.120489954257543 0
    endloop
  endfacet
  facet normal 0 0 -1
    outer loop
      vertex -38.04226065180614 -12.360679774997896 0
      vertex -37.92501568027432 -2.3860397421139043 0
      vertex -37.70035864995016 -4.762662875443555 0
    endloop
  endfacet
  facet normal 0 0 -1
    outer loop
      vertex -38.04226065180614 -12.360679774997896 0
      vertex -38 0 0
      vertex -37.92501568027432 -2.3860397421139043 0
    endloop
  endfacet
  facet normal -0.8910065241883673 -0.4539904997395479 0
    outer loop
      vertex -35.05226720175454 -19.270146964068616 0
      vertex -36.19308209864079 -17.031171662602897 100
      vertex -36.19308209864079 -17.031171662602897 0
    endloop
  endfacet
  facet normal -0.9177546256839815 -0.39714789063477995 0
    outer loop
      vertex -36.19308209864079 -17.031171662602897 0
      vertex -37.19105943553006 -14.724982107387115 100
      vertex -37.19105943553006 -14.724982107387115 0
    endloop
  endfacet
  facet normal -0.8607420270039435 -0.5090414157503717 0
    outer loop
      vertex -33.7731170200806 -21.43307179915987 0
      vertex -35.05226720175454 -19.270146964068616 100
      vertex -35.05226720175454 -19.270146964068616 0
    endloop
  endfacet
  facet normal -0.940880768954226 -0.33873792024528976 0
    outer loop
      vertex -38.04226065180614 -12.360679774997896 0
      vertex -37.19105943553006 -14.724982107387115 0
      vertex -38.04226065180614 -12.360679774997896 100
    endloop
  endfacet
  facet normal -0.9602936856769427 -0.27899110603923055 0
    outer loop
      vertex -38.04226065180614 -12.360679774997896 0
      vertex -38.04226065180614 -12.360679774997896 100
      vertex -38.74332644514524 -9.947595486594194 100
    endloop
  endfacet
  facet normal -0.9995065603657313 -0.03141075907813894 2.830303291635707e-16
    outer loop
      vertex -39.921069137130864 -2.511620781172531 0
      vertex -40 0 100
      vertex -39.97011184489665 -0.9510565162951535 50.30901699437495
    endloop
  endfacet
  facet normal -0.9759167619387472 -0.21814324139654323 0
    outer loop
      vertex -38.74332644514524 -9.947595486594194 0
      vertex -38.74332644514524 -9.947595486594194 100
      vertex -39.291490029147546 -7.495252583428993 100
    endloop
  endfacet
  facet normal -0.9876883405951378 -0.1564344650402314 0
    outer loop
      vertex -39.291490029147546 -7.495252583428993 0
      vertex -39.291490029147546 -7.495252583428993 100
      vertex -39.684588052579116 -5.013329342572162 100
    endloop
  endfacet
  facet normal -0.99556196460308 -0.09410831331851403 0
    outer loop
      vertex -39.684588052579116 -5.013329342572162 0
      vertex -39.684588052579116 -5.013329342572162 100
      vertex -39.921069137130864 -2.511620781172531 100
    endloop
  endfacet
  facet normal -0.9995065603657316 -0.03141075907812769 0
    outer loop
      vertex -39.921069137130864 -2.511620781172531 0
      vertex -39.921069137130864 -2.511620781172531 100
      vertex -40 0 100
    endloop
  endfacet
  facet normal -0.9995065603657317 -0.03141075907812418 0
    outer loop
      vertex -40 0 100
      vertex -40 0 51
      vertex -39.97011184489665 -0.9510565162951535 50.30901699437495
    endloop
  endfacet
  facet normal 0 0 1
    outer loop
      vertex -38.04226065180614 -12.360679774997896 100
      vertex -38.74332644514524 9.947595486594194 100
      vertex -38.74332644514524 -9.947595486594194 100
    endloop
  endfacet
  facet normal 0 0 1
    outer loop
      vertex -38.74332644514524 -9.947595486594194 100
      vertex -39.291490029147546 7.495252583428993 100
      vertex -39.291490029147546 -7.495252583428993 100
    endloop
  endfacet
  facet normal 0 0 1
    outer loop
      vertex -39.684588052579116 -5.013329342572162 100
      vertex -39.921069137130864 2.511620781172531 100
      vertex -39.921069137130864 -2.511620781172531 100
    endloop
  endfacet
  facet normal 0 0 1
    outer loop
      vertex -39.291490029147546 -7.495252583428993 100
      vertex -39.684588052579116 5.013329342572162 100
      vertex -39.684588052579116 -5.013329342572162 100
    endloop
  endfacet
  facet normal -0.8270805742745627 -0.5620833778521293 0
    outer loop
      vertex -32.3606797749979 -23.511410091698927 0
      vertex -32.3606797749979 -23.511410091698927 100
      vertex -33.7731170200806 -21.43307179915987 100
    endloop
  endfacet
  facet normal -0.8607420270039435 -0.5090414157503717 0
    outer loop
      vertex -33.7731170200806 -21.43307179915987 0
      vertex -33.7731170200806 -21.43307179915987 100
      vertex -35.05226720175454 -19.270146964068616 100
    endloop
  endfacet
  facet normal -0.7501110696304585 -0.661311865323653 0
    outer loop
      vertex -29.158745096856467 -27.38188423714754 0
      vertex -29.158745096856467 -27.38188423714754 100
      vertex -30.820529711031575 -25.496959589947586 100
    endloop
  endfacet
  facet normal -0.661311865323653 -0.7501110696304585 0
    outer loop
      vertex -27.38188423714754 -29.158745096856467 0
      vertex -25.496959589947586 -30.820529711031575 100
      vertex -27.38188423714754 -29.158745096856467 100
    endloop
  endfacet
  facet normal -0.7071067811865475 -0.7071067811865475 0
    outer loop
      vertex -27.38188423714754 -29.158745096856467 0
      vertex -27.38188423714754 -29.158745096856467 100
      vertex -29.158745096856467 -27.38188423714754 100
    endloop
  endfacet
  facet normal -0.7901550123756907 -0.612907053652976 0
    outer loop
      vertex -30.820529711031575 -25.496959589947586 0
      vertex -30.820529711031575 -25.496959589947586 100
      vertex -32.3606797749979 -23.511410091698927 100
    endloop
  endfacet
  facet normal -0.4539904997395479 -0.8910065241883673 0
    outer loop
      vertex -19.270146964068616 -35.05226720175454 0
      vertex -17.031171662602897 -36.19308209864079 100
      vertex -19.270146964068616 -35.05226720175454 100
    endloop
  endfacet
  facet normal -0.5620833778521293 -0.8270805742745627 0
    outer loop
      vertex -23.511410091698927 -32.3606797749979 0
      vertex -21.43307179915987 -33.7731170200806 100
      vertex -23.511410091698927 -32.3606797749979 100
    endloop
  endfacet
  facet normal -0.612907053652976 -0.7901550123756907 0
    outer loop
      vertex -25.496959589947586 -30.820529711031575 0
      vertex -23.511410091698927 -32.3606797749979 100
      vertex -25.496959589947586 -30.820529711031575 100
    endloop
  endfacet
  facet normal -0.5090414157503717 -0.8607420270039435 0
    outer loop
      vertex -21.43307179915987 -33.7731170200806 0
      vertex -19.270146964068616 -35.05226720175454 100
      vertex -21.43307179915987 -33.7731170200806 100
    endloop
  endfacet
  facet normal -0.39714789063477995 -0.9177546256839815 0
    outer loop
      vertex -17.031171662602897 -36.19308209864079 0
      vertex -14.724982107387115 -37.19105943553006 100
      vertex -17.031171662602897 -36.19308209864079 100
    endloop
  endfacet
  facet normal -0.33873792024528976 -0.940880768954226 0
    outer loop
      vertex -14.724982107387115 -37.19105943553006 0
      vertex -12.360679774997896 -38.04226065180614 100
      vertex -14.724982107387115 -37.19105943553006 100
    endloop
  endfacet
  facet normal 0 0 1
    outer loop
      vertex -30.820529711031575 -25.496959589947586 100
      vertex -32.08446116907657 -20.361418209201876 100
      vertex -32.3606797749979 -23.511410091698927 100
    endloop
  endfacet
  facet normal 0 0 1
    outer loop
      vertex -33.7731170200806 -21.43307179915987 100
      vertex -32.3606797749979 -23.511410091698927 100
      vertex -33.29965384166681 -18.306639615865183 100
    endloop
  endfacet
  facet normal 0 0 1
    outer loop
      vertex -32.3606797749979 -23.511410091698927 100
      vertex -32.08446116907657 -20.361418209201876 100
      vertex -33.29965384166681 -18.306639615865183 100
    endloop
  endfacet
  facet normal 0 0 1
    outer loop
      vertex -30.820529711031575 -25.496959589947586 100
      vertex -29.158745096856467 -27.38188423714754 100
      vertex -29.279503225479996 -24.222111610450206 100
    endloop
  endfacet
  facet normal 0 0 1
    outer loop
      vertex -29.158745096856467 -27.38188423714754 100
      vertex -27.700807842013642 -26.012790025290162 100
      vertex -29.279503225479996 -24.222111610450206 100
    endloop
  endfacet
  facet normal 0 0 1
    outer loop
      vertex -29.158745096856467 -27.38188423714754 100
      vertex -27.38188423714754 -29.158745096856467 100
      vertex -27.700807842013642 -26.012790025290162 100
    endloop
  endfacet
  facet normal 0 0 1
    outer loop
      vertex -27.700807842013642 -26.012790025290162 100
      vertex -27.38188423714754 -29.158745096856467 100
      vertex -26.012790025290162 -27.700807842013642 100
    endloop
  endfacet
  facet normal 0 0 1
    outer loop
      vertex -25.496959589947586 -30.820529711031575 100
      vertex -26.012790025290162 -27.700807842013642 100
      vertex -27.38188423714754 -29.158745096856467 100
    endloop
  endfacet
  facet normal 0 0 1
    outer loop
      vertex -25.496959589947586 -30.820529711031575 100
      vertex -24.222111610450206 -29.279503225479996 100
      vertex -26.012790025290162 -27.700807842013642 100
    endloop
  endfacet
  facet normal 0 0 1
    outer loop
      vertex -30.820529711031575 -25.496959589947586 100
      vertex -29.279503225479996 -24.222111610450206 100
      vertex -30.742645786248005 -22.33583958711398 100
    endloop
  endfacet
  facet normal 0 0 1
    outer loop
      vertex -30.820529711031575 -25.496959589947586 100
      vertex -30.742645786248005 -22.33583958711398 100
      vertex -32.08446116907657 -20.361418209201876 100
    endloop
  endfacet
  facet normal 0 0 1
    outer loop
      vertex -25.496959589947586 -30.820529711031575 100
      vertex -23.511410091698927 -32.3606797749979 100
      vertex -24.222111610450206 -29.279503225479996 100
    endloop
  endfacet
  facet normal 0 0 1
    outer loop
      vertex -23.511410091698927 -32.3606797749979 100
      vertex -21.43307179915987 -33.7731170200806 100
      vertex -22.33583958711398 -30.742645786248005 100
    endloop
  endfacet
  facet normal 0 0 1
    outer loop
      vertex -23.511410091698927 -32.3606797749979 100
      vertex -22.33583958711398 -30.742645786248005 100
      vertex -24.222111610450206 -29.279503225479996 100
    endloop
  endfacet
  facet normal 0 0 1
    outer loop
      vertex -21.43307179915987 -33.7731170200806 100
      vertex -19.270146964068616 -35.05226720175454 100
      vertex -20.361418209201876 -32.08446116907657 100
    endloop
  endfacet
  facet normal 0 0 1
    outer loop
      vertex -20.361418209201876 -32.08446116907657 100
      vertex -19.270146964068616 -35.05226720175454 100
      vertex -18.306639615865183 -33.29965384166681 100
    endloop
  endfacet
  facet normal 0 0 1
    outer loop
      vertex -21.43307179915987 -33.7731170200806 100
      vertex -20.361418209201876 -32.08446116907657 100
      vertex -22.33583958711398 -30.742645786248005 100
    endloop
  endfacet
  facet normal 0 0 1
    outer loop
      vertex -17.031171662602897 -36.19308209864079 100
      vertex -14.724982107387115 -37.19105943553006 100
      vertex -16.17961307947275 -34.38342799370874 100
    endloop
  endfacet
  facet normal 0 0 1
    outer loop
      vertex -14.724982107387115 -37.19105943553006 100
      vertex -12.360679774997896 -38.04226065180614 100
      vertex -13.988733002017758 -35.331506463753556 100
    endloop
  endfacet
  facet normal 0 0 1
    outer loop
      vertex -16.17961307947275 -34.38342799370874 100
      vertex -14.724982107387115 -37.19105943553006 100
      vertex -13.988733002017758 -35.331506463753556 100
    endloop
  endfacet
  facet normal 0 0 1
    outer loop
      vertex -13.988733002017758 -35.331506463753556 100
      vertex -12.360679774997896 -38.04226065180614 100
      vertex -11.742645786248001 -36.14014761921583 100
    endloop
  endfacet
  facet normal 0 0 1
    outer loop
      vertex -19.270146964068616 -35.05226720175454 100
      vertex -17.031171662602897 -36.19308209864079 100
      vertex -18.306639615865183 -33.29965384166681 100
    endloop
  endfacet
  facet normal 0 0 1
    outer loop
      vertex -17.031171662602897 -36.19308209864079 100
      vertex -16.17961307947275 -34.38342799370874 100
      vertex -18.306639615865183 -33.29965384166681 100
    endloop
  endfacet
  facet normal -0.8910065241883673 -0.4539904997395479 0
    outer loop
      vertex -35.05226720175454 -19.270146964068616 0
      vertex -35.05226720175454 -19.270146964068616 100
      vertex -36.19308209864079 -17.031171662602897 100
    endloop
  endfacet
  facet normal -0.9177546256839815 -0.39714789063477995 0
    outer loop
      vertex -36.19308209864079 -17.031171662602897 0
      vertex -36.19308209864079 -17.031171662602897 100
      vertex -37.19105943553006 -14.724982107387115 100
    endloop
  endfacet
  facet normal -0.940880768954226 -0.33873792024528976 0
    outer loop
      vertex -37.19105943553006 -14.724982107387115 0
      vertex -37.19105943553006 -14.724982107387115 100
      vertex -38.04226065180614 -12.360679774997896 100
    endloop
  endfacet
  facet normal 0 0 1
    outer loop
      vertex -35.05226720175454 -19.270146964068616 100
      vertex -35.331506463753556 -13.988733002017758 100
      vertex -36.19308209864079 -17.031171662602897 100
    endloop
  endfacet
  facet normal 0 0 1
    outer loop
      vertex -35.05226720175454 -19.270146964068616 100
      vertex -34.38342799370874 -16.17961307947275 100
      vertex -35.331506463753556 -13.988733002017758 100
    endloop
  endfacet
  facet normal 0 0 1
    outer loop
      vertex -33.7731170200806 -21.43307179915987 100
      vertex -34.38342799370874 -16.17961307947275 100
      vertex -35.05226720175454 -19.270146964068616 100
    endloop
  endfacet
  facet normal 0 0 1
    outer loop
      vertex -33.7731170200806 -21.43307179915987 100
      vertex -33.29965384166681 -18.306639615865183 100
      vertex -34.38342799370874 -16.17961307947275 100
    endloop
  endfacet
  facet normal 0 0 1
    outer loop
      vertex -36.19308209864079 -17.031171662602897 100
      vertex -36.80616012288798 -9.450215712264484 100
      vertex -37.19105943553006 -14.724982107387115 100
    endloop
  endfacet
  facet normal 0 0 1
    outer loop
      vertex -36.19308209864079 -17.031171662602897 100
      vertex -36.14014761921583 -11.742645786248001 100
      vertex -36.80616012288798 -9.450215712264484 100
    endloop
  endfacet
  facet normal 0 0 1
    outer loop
      vertex -36.19308209864079 -17.031171662602897 100
      vertex -35.331506463753556 -13.988733002017758 100
      vertex -36.14014761921583 -11.742645786248001 100
    endloop
  endfacet
  facet normal 0 0 1
    outer loop
      vertex -38.04226065180614 -12.360679774997896 100
      vertex -37.19105943553006 -14.724982107387115 100
      vertex -37.70035864995016 -4.762662875443555 100
    endloop
  endfacet
  facet normal 0 0 1
    outer loop
      vertex -37.19105943553006 -14.724982107387115 100
      vertex -36.80616012288798 -9.450215712264484 100
      vertex -37.32691552769017 -7.120489954257543 100
    endloop
  endfacet
  facet normal 0 0 1
    outer loop
      vertex -37.19105943553006 -14.724982107387115 100
      vertex -37.32691552769017 -7.120489954257543 100
      vertex -37.70035864995016 -4.762662875443555 100
    endloop
  endfacet
  facet normal 0 0 1
    outer loop
      vertex -38.04226065180614 -12.360679774997896 100
      vertex -37.70035864995016 -4.762662875443555 100
      vertex -37.92501568027432 -2.3860397421139043 100
    endloop
  endfacet
  facet normal 0 0 1
    outer loop
      vertex -38.04226065180614 -12.360679774997896 100
      vertex -37.92501568027432 -2.3860397421139043 100
      vertex -38 0 100
    endloop
  endfacet
  facet normal 0 0 -1
    outer loop
      vertex -39.921069137130864 -2.511620781172531 0
      vertex -40 0 0
      vertex -39.921069137130864 2.511620781172531 0
    endloop
  endfacet
  facet normal 0 0 -1
    outer loop
      vertex -39.921069137130864 -2.511620781172531 0
      vertex -39.921069137130864 2.511620781172531 0
      vertex -39.684588052579116 5.013329342572162 0
    endloop
  endfacet
  facet normal 0 0 -1
    outer loop
      vertex -38.04226065180614 -12.360679774997896 0
      vertex -38.04226065180614 12.360679774997896 0
      vertex -38 0 0
    endloop
  endfacet
  facet normal 0 0 -1
    outer loop
      vertex -39.684588052579116 -5.013329342572162 0
      vertex -39.684588052579116 5.013329342572162 0
      vertex -39.291490029147546 7.495252583428993 0
    endloop
  endfacet
  facet normal 0 0 -1
    outer loop
      vertex -39.291490029147546 -7.495252583428993 0
      vertex -39.291490029147546 7.495252583428993 0
      vertex -38.74332644514524 9.947595486594194 0
    endloop
  endfacet
  facet normal 0 0 -1
    outer loop
      vertex -38.74332644514524 -9.947595486594194 0
      vertex -38.74332644514524 9.947595486594194 0
      vertex -38.04226065180614 12.360679774997896 0
    endloop
  endfacet
  facet normal -0.9995065603657314 0.03141075907813085 0
    outer loop
      vertex -40 0 0
      vertex -40 0 49.19098300562505
      vertex -39.9815281042851 0.5877852522924731 49.19098300562505
    endloop
  endfacet
  facet normal -0.999506560365732 0.03141075907811271 2.1697888936785036e-16
    outer loop
      vertex -40 0 0
      vertex -39.9815281042851 0.5877852522924731 49.19098300562505
      vertex -39.97011184489665 0.9510565162951535 50.30901699437495
    endloop
  endfacet
  facet normal -0.9995065603657316 0.03141075907812769 0
    outer loop
      vertex -40 0 0
      vertex -39.921069137130864 2.511620781172531 100
      vertex -39.921069137130864 2.511620781172531 0
    endloop
  endfacet
  facet normal -0.99556196460308 0.09410831331851403 0
    outer loop
      vertex -39.921069137130864 2.511620781172531 0
      vertex -39.684588052579116 5.013329342572162 100
      vertex -39.684588052579116 5.013329342572162 0
    endloop
  endfacet
  facet normal -0.9876883405951378 0.1564344650402314 0
    outer loop
      vertex -39.684588052579116 5.013329342572162 0
      vertex -39.291490029147546 7.495252583428993 100
      vertex -39.291490029147546 7.495252583428993 0
    endloop
  endfacet
  facet normal -0.9759167619387472 0.21814324139654323 0
    outer loop
      vertex -39.291490029147546 7.495252583428993 0
      vertex -38.74332644514524 9.947595486594194 100
      vertex -38.74332644514524 9.947595486594194 0
    endloop
  endfacet
  facet normal -0.9602936856769427 0.27899110603923055 0
    outer loop
      vertex -38.74332644514524 9.947595486594194 0
      vertex -38.04226065180614 12.360679774997896 100
      vertex -38.04226065180614 12.360679774997896 0
    endloop
  endfacet
  facet normal 0 0 -1
    outer loop
      vertex -38 0 0
      vertex -38.04226065180614 12.360679774997896 0
      vertex -37.92501568027432 2.3860397421139043 0
    endloop
  endfacet
  facet normal 0 0 -1
    outer loop
      vertex -37.92501568027432 2.3860397421139043 0
      vertex -38.04226065180614 12.360679774997896 0
      vertex -37.70035864995016 4.762662875443555 0
    endloop
  endfacet
  facet normal 0 0 -1
    outer loop
      vertex -37.70035864995016 4.762662875443555 0
      vertex -37.19105943553006 14.724982107387115 0
      vertex -37.32691552769017 7.120489954257543 0
    endloop
  endfacet
  facet normal 0 0 -1
    outer loop
      vertex -37.70035864995016 4.762662875443555 0
      vertex -38.04226065180614 12.360679774997896 0
      vertex -37.19105943553006 14.724982107387115 0
    endloop
  endfacet
  facet normal 0 0 -1
    outer loop
      vertex -37.32691552769017 7.120489954257543 0
      vertex -37.19105943553006 14.724982107387115 0
      vertex -36.80616012288798 9.450215712264484 0
    endloop
  endfacet
  facet normal 0 0 -1
    outer loop
      vertex -36.80616012288798 9.450215712264484 0
      vertex -36.19308209864079 17.031171662602897 0
      vertex -36.14014761921583 11.742645786248001 0
    endloop
  endfacet
  facet normal 0 0 -1
    outer loop
      vertex -36.80616012288798 9.450215712264484 0
      vertex -37.19105943553006 14.724982107387115 0
      vertex -36.19308209864079 17.031171662602897 0
    endloop
  endfacet
  facet normal 0 0 -1
    outer loop
      vertex -36.14014761921583 11.742645786248001 0
      vertex -36.19308209864079 17.031171662602897 0
      vertex -36.132219764750516 11.764666249147705 0
    endloop
  endfacet
  facet normal 0 0 -1
    outer loop
      vertex -36.132219764750516 11.764666249147705 0
      vertex -36.19308209864079 17.031171662602897 0
      vertex -35.331506463753556 13.988733002017758 0
    endloop
  endfacet
  facet normal 0 0 -1
    outer loop
      vertex -35.331506463753556 13.988733002017758 0
      vertex -36.19308209864079 17.031171662602897 0
      vertex -35.05226720175454 19.270146964068616 0
    endloop
  endfacet
  facet normal 0 0 -1
    outer loop
      vertex -35.331506463753556 13.988733002017758 0
      vertex -35.05226720175454 19.270146964068616 0
      vertex -34.38342799370874 16.17961307947275 0
    endloop
  endfacet
  facet normal 0 0 -1
    outer loop
      vertex -34.38342799370874 16.17961307947275 0
      vertex -33.7731170200806 21.43307179915987 0
      vertex -33.29965384166681 18.306639615865183 0
    endloop
  endfacet
  facet normal 0 0 -1
    outer loop
      vertex -35.05226720175454 19.270146964068616 0
      vertex -33.7731170200806 21.43307179915987 0
      vertex -34.38342799370874 16.17961307947275 0
    endloop
  endfacet
  facet normal -0.940880768954226 0.33873792024528976 0
    outer loop
      vertex -38.04226065180614 12.360679774997896 0
      vertex -37.19105943553006 14.724982107387115 100
      vertex -37.19105943553006 14.724982107387115 0
    endloop
  endfacet
  facet normal -0.9177546256839815 0.39714789063477995 0
    outer loop
      vertex -37.19105943553006 14.724982107387115 0
      vertex -36.19308209864079 17.031171662602897 100
      vertex -36.19308209864079 17.031171662602897 0
    endloop
  endfacet
  facet normal -0.8910065241883673 0.4539904997395479 0
    outer loop
      vertex -36.19308209864079 17.031171662602897 0
      vertex -35.05226720175454 19.270146964068616 100
      vertex -35.05226720175454 19.270146964068616 0
    endloop
  endfacet
  facet normal 0 0 -1
    outer loop
      vertex -33.29965384166681 18.306639615865183 0
      vertex -33.7731170200806 21.43307179915987 0
      vertex -32.3606797749979 23.511410091698927 0
    endloop
  endfacet
  facet normal 0 0 -1
    outer loop
      vertex -33.29965384166681 18.306639615865183 0
      vertex -32.3606797749979 23.511410091698927 0
      vertex -32.08446116907657 20.361418209201876 0
    endloop
  endfacet
  facet normal 0 0 -1
    outer loop
      vertex -32.08446116907657 20.361418209201876 0
      vertex -32.3606797749979 23.511410091698927 0
      vertex -30.820529711031575 25.496959589947586 0
    endloop
  endfacet
  facet normal 0 0 -1
    outer loop
      vertex -32.08446116907657 20.361418209201876 0
      vertex -30.820529711031575 25.496959589947586 0
      vertex -30.742645786248005 22.33583958711398 0
    endloop
  endfacet
  facet normal 0 0 -1
    outer loop
      vertex -30.742645786248005 22.33583958711398 0
      vertex -30.820529711031575 25.496959589947586 0
      vertex -29.279503225479996 24.222111610450206 0
    endloop
  endfacet
  facet normal 0 0 -1
    outer loop
      vertex -30.820529711031575 25.496959589947586 0
      vertex -29.158745096856467 27.38188423714754 0
      vertex -29.279503225479996 24.222111610450206 0
    endloop
  endfacet
  facet normal 0 0 -1
    outer loop
      vertex -29.279503225479996 24.222111610450206 0
      vertex -29.158745096856467 27.38188423714754 0
      vertex -27.700807842013642 26.012790025290162 0
    endloop
  endfacet
  facet normal 0 0 -1
    outer loop
      vertex -29.158745096856467 27.38188423714754 0
      vertex -27.38188423714754 29.158745096856467 0
      vertex -27.700807842013642 26.012790025290162 0
    endloop
  endfacet
  facet normal 0 0 -1
    outer loop
      vertex -27.700807842013642 26.012790025290162 0
      vertex -27.38188423714754 29.158745096856467 0
      vertex -26.012790025290162 27.700807842013642 0
    endloop
  endfacet
  facet normal 0 0 -1
    outer loop
      vertex -27.38188423714754 29.158745096856467 0
      vertex -25.496959589947586 30.820529711031575 0
      vertex -26.012790025290162 27.700807842013642 0
    endloop
  endfacet
  facet normal 0 0 -1
    outer loop
      vertex -26.012790025290162 27.700807842013642 0
      vertex -25.496959589947586 30.820529711031575 0
      vertex -24.222111610450206 29.279503225479996 0
    endloop
  endfacet
  facet normal 0 0 -1
    outer loop
      vertex -24.222111610450206 29.279503225479996 0
      vertex -25.496959589947586 30.820529711031575 0
      vertex -23.511410091698927 32.3606797749979 0
    endloop
  endfacet
  facet normal 0 0 -1
    outer loop
      vertex -24.222111610450206 29.279503225479996 0
      vertex -23.511410091698927 32.3606797749979 0
      vertex -22.33583958711398 30.742645786248005 0
    endloop
  endfacet
  facet normal 0 0 -1
    outer loop
      vertex -23.511410091698927 32.3606797749979 0
      vertex -21.43307179915987 33.7731170200806 0
      vertex -22.33583958711398 30.742645786248005 0
    endloop
  endfacet
  facet normal 0 0 -1
    outer loop
      vertex -22.33583958711398 30.742645786248005 0
      vertex -21.43307179915987 33.7731170200806 0
      vertex -20.361418209201876 32.08446116907657 0
    endloop
  endfacet
  facet normal 0 0 -1
    outer loop
      vertex -20.361418209201876 32.08446116907657 0
      vertex -21.43307179915987 33.7731170200806 0
      vertex -19.27014696406861 35.052267201754546 0
    endloop
  endfacet
  facet normal 0 0 -1
    outer loop
      vertex -20.361418209201876 32.08446116907657 0
      vertex -19.27014696406861 35.052267201754546 0
      vertex -18.30663961586518 33.29965384166682 0
    endloop
  endfacet
  facet normal 0 0 -1
    outer loop
      vertex -18.30663961586518 33.29965384166682 0
      vertex -19.27014696406861 35.052267201754546 0
      vertex -17.031171662602908 36.19308209864078 0
    endloop
  endfacet
  facet normal 0 0 -1
    outer loop
      vertex -18.30663961586518 33.29965384166682 0
      vertex -17.031171662602908 36.19308209864078 0
      vertex -16.179613079472762 34.38342799370874 0
    endloop
  endfacet
  facet normal 0 0 -1
    outer loop
      vertex -16.179613079472762 34.38342799370874 0
      vertex -17.031171662602908 36.19308209864078 0
      vertex -14.724982107387115 37.19105943553006 0
    endloop
  endfacet
  facet normal 0 0 -1
    outer loop
      vertex -16.179613079472762 34.38342799370874 0
      vertex -14.724982107387115 37.19105943553006 0
      vertex -13.988733002017758 35.331506463753556 0
    endloop
  endfacet
  facet normal 0 0 -1
    outer loop
      vertex -13.988733002017758 35.331506463753556 0
      vertex -14.724982107387115 37.19105943553006 0
      vertex -12.360679774997896 38.04226065180614 0
    endloop
  endfacet
  facet normal 0 0 -1
    outer loop
      vertex -13.988733002017758 35.331506463753556 0
      vertex -12.360679774997896 38.04226065180614 0
      vertex -11.742645786248001 36.14014761921583 0
    endloop
  endfacet
  facet normal -0.8607420270039435 0.5090414157503717 0
    outer loop
      vertex -35.05226720175454 19.270146964068616 0
      vertex -33.7731170200806 21.43307179915987 100
      vertex -33.7731170200806 21.43307179915987 0
    endloop
  endfacet
  facet normal -0.8270805742745627 0.5620833778521293 0
    outer loop
      vertex -33.7731170200806 21.43307179915987 0
      vertex -32.3606797749979 23.511410091698927 100
      vertex -32.3606797749979 23.511410091698927 0
    endloop
  endfacet
  facet normal -0.7901550123756907 0.612907053652976 0
    outer loop
      vertex -32.3606797749979 23.511410091698927 0
      vertex -30.820529711031575 25.496959589947586 100
      vertex -30.820529711031575 25.496959589947586 0
    endloop
  endfacet
  facet normal -0.7501110696304585 0.661311865323653 0
    outer loop
      vertex -30.820529711031575 25.496959589947586 0
      vertex -29.158745096856467 27.38188423714754 100
      vertex -29.158745096856467 27.38188423714754 0
    endloop
  endfacet
  facet normal -0.7071067811865475 0.7071067811865475 0
    outer loop
      vertex -29.158745096856467 27.38188423714754 0
      vertex -27.38188423714754 29.158745096856467 100
      vertex -27.38188423714754 29.158745096856467 0
    endloop
  endfacet
  facet normal -0.661311865323653 0.7501110696304585 0
    outer loop
      vertex -27.38188423714754 29.158745096856467 0
      vertex -27.38188423714754 29.158745096856467 100
      vertex -25.496959589947586 30.820529711031575 0
    endloop
  endfacet
  facet normal -0.612907053652976 0.7901550123756907 0
    outer loop
      vertex -25.496959589947586 30.820529711031575 0
      vertex -25.496959589947586 30.820529711031575 100
      vertex -23.511410091698927 32.3606797749979 0
    endloop
  endfacet
  facet normal -0.5620833778521293 0.8270805742745627 0
    outer loop
      vertex -23.511410091698927 32.3606797749979 0
      vertex -23.511410091698927 32.3606797749979 100
      vertex -21.43307179915987 33.7731170200806 0
    endloop
  endfacet
  facet normal -0.5090414157503725 0.860742027003943 0
    outer loop
      vertex -21.43307179915987 33.7731170200806 0
      vertex -21.43307179915987 33.7731170200806 100
      vertex -19.27014696406861 35.052267201754546 0
    endloop
  endfacet
  facet normal -0.45399049973954625 0.8910065241883681 0
    outer loop
      vertex -19.27014696406861 35.052267201754546 0
      vertex -19.27014696406861 35.052267201754546 100
      vertex -17.031171662602908 36.19308209864078 0
    endloop
  endfacet
  facet normal -0.3971478906347808 0.9177546256839811 0
    outer loop
      vertex -17.031171662602908 36.19308209864078 0
      vertex -17.031171662602908 36.19308209864078 100
      vertex -14.724982107387115 37.19105943553006 0
    endloop
  endfacet
  facet normal -0.33873792024528976 0.940880768954226 0
    outer loop
      vertex -14.724982107387115 37.19105943553006 0
      vertex -14.724982107387115 37.19105943553006 100
      vertex -12.360679774997896 38.04226065180614 0
    endloop
  endfacet
  facet normal -0.9995065603657313 0.03141075907813836 -2.685283283298599e-16
    outer loop
      vertex -40 0 0
      vertex -39.97011184489665 0.9510565162951535 50.30901699437495
      vertex -39.921069137130864 2.511620781172531 100
    endloop
  endfacet
  facet normal -0.9995065603657317 0.031410759078124295 1.7389877311501346e-16
    outer loop
      vertex -39.921069137130864 2.511620781172531 100
      vertex -39.97011184489665 0.9510565162951535 50.30901699437495
      vertex -40 0 51
    endloop
  endfacet
  facet normal -0.99556196460308 0.09410831331851403 0
    outer loop
      vertex -39.921069137130864 2.511620781172531 0
      vertex -39.921069137130864 2.511620781172531 100
      vertex -39.684588052579116 5.013329342572162 100
    endloop
  endfacet
  facet normal -0.9876883405951378 0.1564344650402314 0
    outer loop
      vertex -39.684588052579116 5.013329342572162 0
      vertex -39.684588052579116 5.013329342572162 100
      vertex -39.291490029147546 7.495252583428993 100
    endloop
  endfacet
  facet normal -0.9759167619387472 0.21814324139654323 0
    outer loop
      vertex -39.291490029147546 7.495252583428993 0
      vertex -39.291490029147546 7.495252583428993 100
      vertex -38.74332644514524 9.947595486594194 100
    endloop
  endfacet
  facet normal -0.9602936856769427 0.27899110603923055 0
    outer loop
      vertex -38.74332644514524 9.947595486594194 0
      vertex -38.74332644514524 9.947595486594194 100
      vertex -38.04226065180614 12.360679774997896 100
    endloop
  endfacet
  facet normal -0.9995065603657316 0.03141075907812769 0
    outer loop
      vertex -40 0 100
      vertex -39.921069137130864 2.511620781172531 100
      vertex -40 0 51
    endloop
  endfacet
  facet normal 0 0 1
    outer loop
      vertex -39.921069137130864 -2.511620781172531 100
      vertex -39.921069137130864 2.511620781172531 100
      vertex -40 0 100
    endloop
  endfacet
  facet normal 0 0 1
    outer loop
      vertex -39.684588052579116 -5.013329342572162 100
      vertex -39.684588052579116 5.013329342572162 100
      vertex -39.921069137130864 2.511620781172531 100
    endloop
  endfacet
  facet normal 0 0 1
    outer loop
      vertex -38.04226065180614 -12.360679774997896 100
      vertex -38 0 100
      vertex -38.04226065180614 12.360679774997896 100
    endloop
  endfacet
  facet normal 0 0 1
    outer loop
      vertex -39.291490029147546 -7.495252583428993 100
      vertex -39.291490029147546 7.495252583428993 100
      vertex -39.684588052579116 5.013329342572162 100
    endloop
  endfacet
  facet normal 0 0 1
    outer loop
      vertex -38.74332644514524 -9.947595486594194 100
      vertex -38.74332644514524 9.947595486594194 100
      vertex -39.291490029147546 7.495252583428993 100
    endloop
  endfacet
  facet normal 0 0 1
    outer loop
      vertex -38.04226065180614 -12.360679774997896 100
      vertex -38.04226065180614 12.360679774997896 100
      vertex -38.74332644514524 9.947595486594194 100
    endloop
  endfacet
  facet normal -0.940880768954226 0.33873792024528976 0
    outer loop
      vertex -38.04226065180614 12.360679774997896 0
      vertex -38.04226065180614 12.360679774997896 100
      vertex -37.19105943553006 14.724982107387115 100
    endloop
  endfacet
  facet normal -0.9177546256839815 0.39714789063477995 0
    outer loop
      vertex -37.19105943553006 14.724982107387115 0
      vertex -37.19105943553006 14.724982107387115 100
      vertex -36.19308209864079 17.031171662602897 100
    endloop
  endfacet
  facet normal -0.8910065241883673 0.4539904997395479 0
    outer loop
      vertex -36.19308209864079 17.031171662602897 0
      vertex -36.19308209864079 17.031171662602897 100
      vertex -35.05226720175454 19.270146964068616 100
    endloop
  endfacet
  facet normal -0.8607420270039435 0.5090414157503717 0
    outer loop
      vertex -35.05226720175454 19.270146964068616 0
      vertex -35.05226720175454 19.270146964068616 100
      vertex -33.7731170200806 21.43307179915987 100
    endloop
  endfacet
  facet normal 0 0 1
    outer loop
      vertex -38 0 100
      vertex -37.92501568027432 2.3860397421139043 100
      vertex -38.04226065180614 12.360679774997896 100
    endloop
  endfacet
  facet normal 0 0 1
    outer loop
      vertex -37.92501568027432 2.3860397421139043 100
      vertex -37.70035864995016 4.762662875443555 100
      vertex -38.04226065180614 12.360679774997896 100
    endloop
  endfacet
  facet normal 0 0 1
    outer loop
      vertex -37.70035864995016 4.762662875443555 100
      vertex -37.32691552769017 7.120489954257543 100
      vertex -38.04226065180614 12.360679774997896 100
    endloop
  endfacet
  facet normal 0 0 1
    outer loop
      vertex -37.32691552769017 7.120489954257543 100
      vertex -36.80616012288798 9.450215712264484 100
      vertex -38.04226065180614 12.360679774997896 100
    endloop
  endfacet
  facet normal 0 0 1
    outer loop
      vertex -36.80616012288798 9.450215712264484 100
      vertex -37.19105943553006 14.724982107387115 100
      vertex -38.04226065180614 12.360679774997896 100
    endloop
  endfacet
  facet normal 0 0 1
    outer loop
      vertex -36.80616012288798 9.450215712264484 100
      vertex -36.14014761921583 11.742645786248001 100
      vertex -37.19105943553006 14.724982107387115 100
    endloop
  endfacet
  facet normal 0 0 1
    outer loop
      vertex -36.14014761921583 11.742645786248001 100
      vertex -36.19308209864079 17.031171662602897 100
      vertex -37.19105943553006 14.724982107387115 100
    endloop
  endfacet
  facet normal 0 0 1
    outer loop
      vertex -36.14014761921583 11.742645786248001 100
      vertex -35.331506463753556 13.988733002017758 100
      vertex -36.19308209864079 17.031171662602897 100
    endloop
  endfacet
  facet normal 0 0 1
    outer loop
      vertex -35.331506463753556 13.988733002017758 100
      vertex -34.38342799370874 16.17961307947275 100
      vertex -36.19308209864079 17.031171662602897 100
    endloop
  endfacet
  facet normal 0 0 1
    outer loop
      vertex -36.19308209864079 17.031171662602897 100
      vertex -34.38342799370874 16.17961307947275 100
      vertex -35.05226720175454 19.270146964068616 100
    endloop
  endfacet
  facet normal 0 0 1
    outer loop
      vertex -35.05226720175454 19.270146964068616 100
      vertex -34.38342799370874 16.17961307947275 100
      vertex -33.29965384166681 18.306639615865183 100
    endloop
  endfacet
  facet normal 0 0 1
    outer loop
      vertex -35.05226720175454 19.270146964068616 100
      vertex -33.29965384166681 18.306639615865183 100
      vertex -33.7731170200806 21.43307179915987 100
    endloop
  endfacet
  facet normal -0.8270805742745627 0.5620833778521293 0
    outer loop
      vertex -33.7731170200806 21.43307179915987 0
      vertex -33.7731170200806 21.43307179915987 100
      vertex -32.3606797749979 23.511410091698927 100
    endloop
  endfacet
  facet normal -0.7901550123756907 0.612907053652976 0
    outer loop
      vertex -32.3606797749979 23.511410091698927 0
      vertex -32.3606797749979 23.511410091698927 100
      vertex -30.820529711031575 25.496959589947586 100
    endloop
  endfacet
  facet normal -0.7501110696304585 0.661311865323653 0
    outer loop
      vertex -30.820529711031575 25.496959589947586 0
      vertex -30.820529711031575 25.496959589947586 100
      vertex -29.158745096856467 27.38188423714754 100
    endloop
  endfacet
  facet normal -0.7071067811865475 0.7071067811865475 0
    outer loop
      vertex -29.158745096856467 27.38188423714754 0
      vertex -29.158745096856467 27.38188423714754 100
      vertex -27.38188423714754 29.158745096856467 100
    endloop
  endfacet
  facet normal -0.661311865323653 0.7501110696304585 0
    outer loop
      vertex -25.496959589947586 30.820529711031575 0
      vertex -27.38188423714754 29.158745096856467 100
      vertex -25.496959589947586 30.820529711031575 100
    endloop
  endfacet
  facet normal -0.612907053652976 0.7901550123756907 0
    outer loop
      vertex -23.511410091698927 32.3606797749979 0
      vertex -25.496959589947586 30.820529711031575 100
      vertex -23.511410091698927 32.3606797749979 100
    endloop
  endfacet
  facet normal -0.5620833778521293 0.8270805742745627 0
    outer loop
      vertex -21.43307179915987 33.7731170200806 0
      vertex -23.511410091698927 32.3606797749979 100
      vertex -21.43307179915987 33.7731170200806 100
    endloop
  endfacet
  facet normal -0.5090414157503725 0.860742027003943 0
    outer loop
      vertex -19.27014696406861 35.052267201754546 0
      vertex -21.43307179915987 33.7731170200806 100
      vertex -19.27014696406861 35.052267201754546 100
    endloop
  endfacet
  facet normal -0.45399049973954625 0.8910065241883681 0
    outer loop
      vertex -17.031171662602908 36.19308209864078 0
      vertex -19.27014696406861 35.052267201754546 100
      vertex -17.031171662602908 36.19308209864078 100
    endloop
  endfacet
  facet normal -0.3971478906347808 0.9177546256839811 0
    outer loop
      vertex -14.724982107387115 37.19105943553006 0
      vertex -17.031171662602908 36.19308209864078 100
      vertex -14.724982107387115 37.19105943553006 100
    endloop
  endfacet
  facet normal -0.33873792024528976 0.940880768954226 0
    outer loop
      vertex -12.360679774997896 38.04226065180614 0
      vertex -14.724982107387115 37.19105943553006 100
      vertex -12.360679774997896 38.04226065180614 100
    endloop
  endfacet
  facet normal 0 0 1
    outer loop
      vertex -33.29965384166681 18.306639615865183 100
      vertex -32.08446116907657 20.361418209201876 100
      vertex -33.7731170200806 21.43307179915987 100
    endloop
  endfacet
  facet normal 0 0 1
    outer loop
      vertex -33.7731170200806 21.43307179915987 100
      vertex -32.08446116907657 20.361418209201876 100
      vertex -32.3606797749979 23.511410091698927 100
    endloop
  endfacet
  facet normal 0 0 1
    outer loop
      vertex -32.08446116907657 20.361418209201876 100
      vertex -30.742645786248005 22.33583958711398 100
      vertex -32.3606797749979 23.511410091698927 100
    endloop
  endfacet
  facet normal 0 0 1
    outer loop
      vertex -30.742645786248005 22.33583958711398 100
      vertex -30.820529711031575 25.496959589947586 100
      vertex -32.3606797749979 23.511410091698927 100
    endloop
  endfacet
  facet normal 0 0 1
    outer loop
      vertex -30.742645786248005 22.33583958711398 100
      vertex -29.279503225479996 24.222111610450206 100
      vertex -30.820529711031575 25.496959589947586 100
    endloop
  endfacet
  facet normal 0 0 1
    outer loop
      vertex -30.820529711031575 25.496959589947586 100
      vertex -29.279503225479996 24.222111610450206 100
      vertex -27.700807842013642 26.012790025290162 100
    endloop
  endfacet
  facet normal 0 0 1
    outer loop
      vertex -30.820529711031575 25.496959589947586 100
      vertex -27.700807842013642 26.012790025290162 100
      vertex -29.158745096856467 27.38188423714754 100
    endloop
  endfacet
  facet normal 0 0 1
    outer loop
      vertex -29.158745096856467 27.38188423714754 100
      vertex -27.700807842013642 26.012790025290162 100
      vertex -26.012790025290162 27.700807842013642 100
    endloop
  endfacet
  facet normal 0 0 1
    outer loop
      vertex -29.158745096856467 27.38188423714754 100
      vertex -26.012790025290162 27.700807842013642 100
      vertex -27.38188423714754 29.158745096856467 100
    endloop
  endfacet
  facet normal 0 0 1
    outer loop
      vertex -27.38188423714754 29.158745096856467 100
      vertex -26.012790025290162 27.700807842013642 100
      vertex -24.222111610450206 29.279503225479996 100
    endloop
  endfacet
  facet normal 0 0 1
    outer loop
      vertex -27.38188423714754 29.158745096856467 100
      vertex -24.222111610450206 29.279503225479996 100
      vertex -25.496959589947586 30.820529711031575 100
    endloop
  endfacet
  facet normal 0 0 1
    outer loop
      vertex -24.222111610450206 29.279503225479996 100
      vertex -22.33583958711398 30.742645786248005 100
      vertex -25.496959589947586 30.820529711031575 100
    endloop
  endfacet
  facet normal 0 0 1
    outer loop
      vertex -25.496959589947586 30.820529711031575 100
      vertex -22.33583958711398 30.742645786248005 100
      vertex -23.511410091698927 32.3606797749979 100
    endloop
  endfacet
  facet normal 0 0 1
    outer loop
      vertex -23.511410091698927 32.3606797749979 100
      vertex -22.33583958711398 30.742645786248005 100
      vertex -20.361418209201876 32.08446116907657 100
    endloop
  endfacet
  facet normal 0 0 1
    outer loop
      vertex -23.511410091698927 32.3606797749979 100
      vertex -20.361418209201876 32.08446116907657 100
      vertex -21.43307179915987 33.7731170200806 100
    endloop
  endfacet
  facet normal 0 0 1
    outer loop
      vertex -20.361418209201876 32.08446116907657 100
      vertex -18.30663961586518 33.29965384166682 100
      vertex -21.43307179915987 33.7731170200806 100
    endloop
  endfacet
  facet normal 0 0 1
    outer loop
      vertex -21.43307179915987 33.7731170200806 100
      vertex -18.30663961586518 33.29965384166682 100
      vertex -19.27014696406861 35.052267201754546 100
    endloop
  endfacet
  facet normal 0 0 1
    outer loop
      vertex -18.30663961586518 33.29965384166682 100
      vertex -16.179613079472762 34.38342799370874 100
      vertex -19.27014696406861 35.052267201754546 100
    endloop
  endfacet
  facet normal 0 0 1
    outer loop
      vertex -16.179613079472762 34.38342799370874 100
      vertex -17.031171662602908 36.19308209864078 100
      vertex -19.27014696406861 35.052267201754546 100
    endloop
  endfacet
  facet normal 0 0 1
    outer loop
      vertex -16.179613079472762 34.38342799370874 100
      vertex -13.988733002017758 35.331506463753556 100
      vertex -17.031171662602908 36.19308209864078 100
    endloop
  endfacet
  facet normal 0 0 1
    outer loop
      vertex -17.031171662602908 36.19308209864078 100
      vertex -13.988733002017758 35.331506463753556 100
      vertex -14.724982107387115 37.19105943553006 100
    endloop
  endfacet
  facet normal 0 0 1
    outer loop
      vertex -13.988733002017758 35.331506463753556 100
      vertex -11.742645786248001 36.14014761921583 100
      vertex -14.724982107387115 37.19105943553006 100
    endloop
  endfacet
  facet normal 0 0 1
    outer loop
      vertex -14.724982107387115 37.19105943553006 100
      vertex -11.742645786248001 36.14014761921583 100
      vertex -12.360679774997896 38.04226065180614 100
    endloop
  endfacet
  facet normal 0 0 -1
    outer loop
      vertex -12.360679774997896 -38.04226065180614 0
      vertex -9.450215712264484 -36.80616012288798 0
      vertex -9.947595486594194 -38.74332644514524 0
    endloop
  endfacet
  facet normal 0 0 -1
    outer loop
      vertex -9.947595486594194 -38.74332644514524 0
      vertex -9.450215712264484 -36.80616012288798 0
      vertex -7.120489954257543 -37.32691552769017 0
    endloop
  endfacet
  facet normal 0 0 -1
    outer loop
      vertex -12.360679774997896 -38.04226065180614 0
      vertex -11.742645786248001 -36.14014761921583 0
      vertex -9.450215712264484 -36.80616012288798 0
    endloop
  endfacet
  facet normal 0 0 -1
    outer loop
      vertex -9.947595486594194 -38.74332644514524 0
      vertex -7.120489954257543 -37.32691552769017 0
      vertex -7.495252583428993 -39.291490029147546 0
    endloop
  endfacet
  facet normal 0 0 -1
    outer loop
      vertex -7.495252583428993 -39.291490029147546 0
      vertex -4.762662875443555 -37.70035864995016 0
      vertex -5.013329342572162 -39.684588052579116 0
    endloop
  endfacet
  facet normal 0 0 -1
    outer loop
      vertex -7.495252583428993 -39.291490029147546 0
      vertex -7.120489954257543 -37.32691552769017 0
      vertex -4.762662875443555 -37.70035864995016 0
    endloop
  endfacet
  facet normal 0 0 -1
    outer loop
      vertex -5.013329342572162 -39.684588052579116 0
      vertex -4.762662875443555 -37.70035864995016 0
      vertex -2.386039742113923 -37.92501568027432 0
    endloop
  endfacet
  facet normal 0 0 -1
    outer loop
      vertex -5.013329342572162 -39.684588052579116 0
      vertex -2.386039742113923 -37.92501568027432 0
      vertex -2.5116207811725504 -39.921069137130864 0
    endloop
  endfacet
  facet normal 0 0 -1
    outer loop
      vertex -2.5116207811725504 -39.921069137130864 0
      vertex -2.386039742113923 -37.92501568027432 0
      vertex -2.36264719562261 -37.92575082066379 0
    endloop
  endfacet
  facet normal 0 0 -1
    outer loop
      vertex -2.5116207811725504 -39.921069137130864 0
      vertex 0 -38 0
      vertex 0 -40 0
    endloop
  endfacet
  facet normal 0 0 -1
    outer loop
      vertex -2.5116207811725504 -39.921069137130864 0
      vertex -2.36264719562261 -37.92575082066379 0
      vertex 0 -38 0
    endloop
  endfacet
  facet normal 0 0 -1
    outer loop
      vertex 0 -40 0
      vertex 0.2982549677642403 -37.99062696003429 0
      vertex 2.5116207811725504 -39.921069137130864 0
    endloop
  endfacet
  facet normal 0 0 -1
    outer loop
      vertex 0 -40 0
      vertex 0 -38 0
      vertex 0.02339254649131297 -37.999264859610534 0
    endloop
  endfacet
  facet normal 0 0 -1
    outer loop
      vertex 0 -40 0
      vertex 0.02339254649131297 -37.999264859610534 0
      vertex 0.2982549677642403 -37.99062696003429 0
    endloop
  endfacet
  facet normal 0 0 -1
    outer loop
      vertex 0.2982549677642403 -37.99062696003429 0
      vertex 2.386039742113923 -37.92501568027432 0
      vertex 2.5116207811725504 -39.921069137130864 0
    endloop
  endfacet
  facet normal 0 0 -1
    outer loop
      vertex 2.5116207811725504 -39.921069137130864 0
      vertex 4.762662875443555 -37.70035864995016 0
      vertex 5.013329342572162 -39.684588052579116 0
    endloop
  endfacet
  facet normal 0 0 -1
    outer loop
      vertex 2.386039742113923 -37.92501568027432 0
      vertex 4.762662875443555 -37.70035864995016 0
      vertex 2.5116207811725504 -39.921069137130864 0
    endloop
  endfacet
  facet normal 0 0 -1
    outer loop
      vertex 4.762662875443555 -37.70035864995016 0
      vertex 7.120489954257543 -37.32691552769017 0
      vertex 5.013329342572162 -39.684588052579116 0
    endloop
  endfacet
  facet normal 0 0 -1
    outer loop
      vertex 5.013329342572162 -39.684588052579116 0
      vertex 7.120489954257543 -37.32691552769017 0
      vertex 7.495252583428993 -39.291490029147546 0
    endloop
  endfacet
  facet normal 0 0 -1
    outer loop
      vertex 7.495252583428993 -39.291490029147546 0
      vertex 7.120489954257543 -37.32691552769017 0
      vertex 9.450215712264468 -36.80616012288799 0
    endloop
  endfacet
  facet normal 0 0 -1
    outer loop
      vertex 7.495252583428993 -39.291490029147546 0
      vertex 9.450215712264468 -36.80616012288799 0
      vertex 9.947595486594178 -38.74332644514525 0
    endloop
  endfacet
  facet normal 0 0 -1
    outer loop
      vertex 9.947595486594178 -38.74332644514525 0
      vertex 9.450215712264468 -36.80616012288799 0
      vertex 11.742645786248001 -36.14014761921583 0
    endloop
  endfacet
  facet normal 0 0 -1
    outer loop
      vertex 9.947595486594178 -38.74332644514525 0
      vertex 11.742645786248001 -36.14014761921583 0
      vertex 12.360679774997896 -38.04226065180614 0
    endloop
  endfacet
  facet normal 0 0 -1
    outer loop
      vertex 12.360679774997896 -38.04226065180614 0
      vertex 11.742645786248001 -36.14014761921583 0
      vertex 13.988733002017778 -35.33150646375355 0
    endloop
  endfacet
  facet normal 0 0 -1
    outer loop
      vertex 12.360679774997896 -38.04226065180614 0
      vertex 13.988733002017778 -35.33150646375355 0
      vertex 14.724982107387135 -37.19105943553005 0
    endloop
  endfacet
  facet normal -0.27899110603923055 -0.9602936856769427 0
    outer loop
      vertex -12.360679774997896 -38.04226065180614 0
      vertex -9.947595486594194 -38.74332644514524 0
      vertex -9.947595486594194 -38.74332644514524 100
    endloop
  endfacet
  facet normal -0.21814324139654323 -0.9759167619387472 0
    outer loop
      vertex -9.947595486594194 -38.74332644514524 0
      vertex -7.495252583428993 -39.291490029147546 0
      vertex -7.495252583428993 -39.291490029147546 100
    endloop
  endfacet
  facet normal -0.1564344650402314 -0.9876883405951378 0
    outer loop
      vertex -7.495252583428993 -39.291490029147546 0
      vertex -5.013329342572162 -39.684588052579116 0
      vertex -5.013329342572162 -39.684588052579116 100
    endloop
  endfacet
  facet normal -0.09410831331851477 -0.9955619646030799 0
    outer loop
      vertex -5.013329342572162 -39.684588052579116 0
      vertex -2.5116207811725504 -39.921069137130864 0
      vertex -2.5116207811725504 -39.921069137130864 100
    endloop
  endfacet
  facet normal -0.031410759078127445 -0.9995065603657316 0
    outer loop
      vertex -2.5116207811725504 -39.921069137130864 0
      vertex 0 -40 0
      vertex 0 -40 100
    endloop
  endfacet
  facet normal 0.031410759078127445 -0.9995065603657316 0
    outer loop
      vertex 0 -40 0
      vertex 2.5116207811725504 -39.921069137130864 0
      vertex 2.5116207811725504 -39.921069137130864 100
    endloop
  endfacet
  facet normal 0.09410831331851477 -0.9955619646030799 0
    outer loop
      vertex 2.5116207811725504 -39.921069137130864 0
      vertex 5.013329342572162 -39.684588052579116 0
      vertex 5.013329342572162 -39.684588052579116 100
    endloop
  endfacet
  facet normal 0.1564344650402314 -0.9876883405951378 0
    outer loop
      vertex 5.013329342572162 -39.684588052579116 0
      vertex 7.495252583428993 -39.291490029147546 0
      vertex 7.495252583428993 -39.291490029147546 100
    endloop
  endfacet
  facet normal 0.21814324139654193 -0.9759167619387477 0
    outer loop
      vertex 7.495252583428993 -39.291490029147546 0
      vertex 9.947595486594178 -38.74332644514525 0
      vertex 9.947595486594178 -38.74332644514525 100
    endloop
  endfacet
  facet normal 0.27899110603923144 -0.9602936856769425 0
    outer loop
      vertex 9.947595486594178 -38.74332644514525 0
      vertex 12.360679774997896 -38.04226065180614 0
      vertex 12.360679774997896 -38.04226065180614 100
    endloop
  endfacet
  facet normal 0.3387379202452898 -0.9408807689542261 0
    outer loop
      vertex 12.360679774997896 -38.04226065180614 0
      vertex 14.724982107387135 -37.19105943553005 0
      vertex 14.724982107387135 -37.19105943553005 100
    endloop
  endfacet
  facet normal 0 0 -1
    outer loop
      vertex 14.724982107387135 -37.19105943553005 0
      vertex 13.988733002017778 -35.33150646375355 0
      vertex 16.17961307947275 -34.38342799370874 0
    endloop
  endfacet
  facet normal 0 0 -1
    outer loop
      vertex 14.724982107387135 -37.19105943553005 0
      vertex 16.17961307947275 -34.38342799370874 0
      vertex 17.031171662602897 -36.19308209864079 0
    endloop
  endfacet
  facet normal 0 0 -1
    outer loop
      vertex 17.031171662602897 -36.19308209864079 0
      vertex 16.17961307947275 -34.38342799370874 0
      vertex 18.306639615865183 -33.29965384166681 0
    endloop
  endfacet
  facet normal 0 0 -1
    outer loop
      vertex 17.031171662602897 -36.19308209864079 0
      vertex 18.306639615865183 -33.29965384166681 0
      vertex 19.270146964068616 -35.05226720175454 0
    endloop
  endfacet
  facet normal 0 0 -1
    outer loop
      vertex 19.270146964068616 -35.05226720175454 0
      vertex 18.306639615865183 -33.29965384166681 0
      vertex 20.361418209201855 -32.08446116907658 0
    endloop
  endfacet
  facet normal 0 0 -1
    outer loop
      vertex 19.270146964068616 -35.05226720175454 0
      vertex 20.361418209201855 -32.08446116907658 0
      vertex 21.433071799159848 -33.77311702008061 0
    endloop
  endfacet
  facet normal 0 0 -1
    outer loop
      vertex 21.433071799159848 -33.77311702008061 0
      vertex 20.361418209201855 -32.08446116907658 0
      vertex 22.33583958711398 -30.742645786248005 0
    endloop
  endfacet
  facet normal 0 0 -1
    outer loop
      vertex 21.433071799159848 -33.77311702008061 0
      vertex 22.33583958711398 -30.742645786248005 0
      vertex 23.511410091698927 -32.3606797749979 0
    endloop
  endfacet
  facet normal 0 0 -1
    outer loop
      vertex 22.33583958711398 -30.742645786248005 0
      vertex 22.354332450087867 -30.728301251338515 0
      vertex 23.511410091698927 -32.3606797749979 0
    endloop
  endfacet
  facet normal 0 0 -1
    outer loop
      vertex 22.354332450087867 -30.728301251338515 0
      vertex 24.22211161045022 -29.279503225479985 0
      vertex 23.511410091698927 -32.3606797749979 0
    endloop
  endfacet
  facet normal 0 0 -1
    outer loop
      vertex 23.511410091698927 -32.3606797749979 0
      vertex 24.22211161045022 -29.279503225479985 0
      vertex 25.4969595899476 -30.82052971103156 0
    endloop
  endfacet
  facet normal 0 0 -1
    outer loop
      vertex 25.4969595899476 -30.82052971103156 0
      vertex 24.22211161045022 -29.279503225479985 0
      vertex 26.012790025290162 -27.700807842013642 0
    endloop
  endfacet
  facet normal 0 0 -1
    outer loop
      vertex 25.4969595899476 -30.82052971103156 0
      vertex 26.012790025290162 -27.700807842013642 0
      vertex 27.38188423714754 -29.158745096856467 0
    endloop
  endfacet
  facet normal 0 0 -1
    outer loop
      vertex 26.012790025290162 -27.700807842013642 0
      vertex 27.700807842013642 -26.012790025290162 0
      vertex 27.38188423714754 -29.158745096856467 0
    endloop
  endfacet
  facet normal 0 0 -1
    outer loop
      vertex 27.38188423714754 -29.158745096856467 0
      vertex 27.700807842013642 -26.012790025290162 0
      vertex 29.158745096856467 -27.38188423714754 0
    endloop
  endfacet
  facet normal 0 0 -1
    outer loop
      vertex 27.700807842013642 -26.012790025290162 0
      vertex 29.279503225479985 -24.22211161045022 0
      vertex 29.158745096856467 -27.38188423714754 0
    endloop
  endfacet
  facet normal 0 0 -1
    outer loop
      vertex 29.158745096856467 -27.38188423714754 0
      vertex 29.279503225479985 -24.22211161045022 0
      vertex 30.82052971103156 -25.4969595899476 0
    endloop
  endfacet
  facet normal 0 0 -1
    outer loop
      vertex 29.279503225479985 -24.22211161045022 0
      vertex 30.742645786248005 -22.33583958711398 0
      vertex 30.82052971103156 -25.4969595899476 0
    endloop
  endfacet
  facet normal 0 0 -1
    outer loop
      vertex 30.82052971103156 -25.4969595899476 0
      vertex 30.742645786248005 -22.33583958711398 0
      vertex 32.08446116907658 -20.361418209201855 0
    endloop
  endfacet
  facet normal 0 0 -1
    outer loop
      vertex 30.82052971103156 -25.4969595899476 0
      vertex 32.08446116907658 -20.361418209201855 0
      vertex 32.3606797749979 -23.511410091698927 0
    endloop
  endfacet
  facet normal 0 0 -1
    outer loop
      vertex 32.3606797749979 -23.511410091698927 0
      vertex 32.08446116907658 -20.361418209201855 0
      vertex 33.29965384166681 -18.306639615865183 0
    endloop
  endfacet
  facet normal 0 0 -1
    outer loop
      vertex 32.3606797749979 -23.511410091698927 0
      vertex 33.29965384166681 -18.306639615865183 0
      vertex 33.77311702008061 -21.433071799159848 0
    endloop
  endfacet
  facet normal 0.3971478906347804 -0.9177546256839813 0
    outer loop
      vertex 14.724982107387135 -37.19105943553005 0
      vertex 17.031171662602897 -36.19308209864079 0
      vertex 17.031171662602897 -36.19308209864079 100
    endloop
  endfacet
  facet normal 0.4539904997395479 -0.8910065241883673 0
    outer loop
      vertex 17.031171662602897 -36.19308209864079 0
      vertex 19.270146964068616 -35.05226720175454 0
      vertex 19.270146964068616 -35.05226720175454 100
    endloop
  endfacet
  facet normal 0.5090414157503711 -0.8607420270039436 0
    outer loop
      vertex 19.270146964068616 -35.05226720175454 0
      vertex 21.433071799159848 -33.77311702008061 0
      vertex 21.433071799159848 -33.77311702008061 100
    endloop
  endfacet
  facet normal 0.5620833778521291 -0.8270805742745628 0
    outer loop
      vertex 21.433071799159848 -33.77311702008061 0
      vertex 23.511410091698927 -32.3606797749979 0
      vertex 23.511410091698927 -32.3606797749979 100
    endloop
  endfacet
  facet normal 0.6129070536529768 -0.7901550123756902 0
    outer loop
      vertex 23.511410091698927 -32.3606797749979 0
      vertex 25.4969595899476 -30.82052971103156 0
      vertex 25.4969595899476 -30.82052971103156 100
    endloop
  endfacet
  facet normal 0.6613118653236526 -0.7501110696304588 0
    outer loop
      vertex 25.4969595899476 -30.82052971103156 0
      vertex 27.38188423714754 -29.158745096856467 0
      vertex 27.38188423714754 -29.158745096856467 100
    endloop
  endfacet
  facet normal 0.7071067811865475 -0.7071067811865475 0
    outer loop
      vertex 27.38188423714754 -29.158745096856467 0
      vertex 29.158745096856467 -27.38188423714754 0
      vertex 27.38188423714754 -29.158745096856467 100
    endloop
  endfacet
  facet normal 0.7501110696304588 -0.6613118653236526 0
    outer loop
      vertex 29.158745096856467 -27.38188423714754 0
      vertex 30.82052971103156 -25.4969595899476 0
      vertex 29.158745096856467 -27.38188423714754 100
    endloop
  endfacet
  facet normal 0.7901550123756902 -0.6129070536529768 0
    outer loop
      vertex 30.82052971103156 -25.4969595899476 0
      vertex 32.3606797749979 -23.511410091698927 0
      vertex 30.82052971103156 -25.4969595899476 100
    endloop
  endfacet
  facet normal 0.8270805742745628 -0.5620833778521291 0
    outer loop
      vertex 32.3606797749979 -23.511410091698927 0
      vertex 33.77311702008061 -21.433071799159848 0
      vertex 32.3606797749979 -23.511410091698927 100
    endloop
  endfacet
  facet normal 0.8607420270039436 -0.5090414157503711 0
    outer loop
      vertex 33.77311702008061 -21.433071799159848 0
      vertex 35.05226720175454 -19.270146964068616 0
      vertex 33.77311702008061 -21.433071799159848 100
    endloop
  endfacet
  facet normal 0 0 -1
    outer loop
      vertex 33.77311702008061 -21.433071799159848 0
      vertex 34.38342799370874 -16.17961307947275 0
      vertex 35.05226720175454 -19.270146964068616 0
    endloop
  endfacet
  facet normal 0 0 -1
    outer loop
      vertex 33.77311702008061 -21.433071799159848 0
      vertex 33.29965384166681 -18.306639615865183 0
      vertex 34.38342799370874 -16.17961307947275 0
    endloop
  endfacet
  facet normal 0 0 -1
    outer loop
      vertex 34.38342799370874 -16.17961307947275 0
      vertex 35.21299665499795 -14.26259301169965 0
      vertex 35.05226720175454 -19.270146964068616 0
    endloop
  endfacet
  facet normal 0 0 -1
    outer loop
      vertex 35.05226720175454 -19.270146964068616 0
      vertex 35.21299665499795 -14.26259301169965 0
      vertex 36.19308209864079 -17.031171662602897 0
    endloop
  endfacet
  facet normal 0 0 -1
    outer loop
      vertex 36.19308209864079 -17.031171662602897 0
      vertex 35.21299665499795 -14.26259301169965 0
      vertex 35.33150646375355 -13.988733002017778 0
    endloop
  endfacet
  facet normal 0 0 -1
    outer loop
      vertex 36.19308209864079 -17.031171662602897 0
      vertex 35.33150646375355 -13.988733002017778 0
      vertex 36.039067474783046 -12.023406688219223 0
    endloop
  endfacet
  facet normal 0 0 -1
    outer loop
      vertex 36.19308209864079 -17.031171662602897 0
      vertex 36.039067474783046 -12.023406688219223 0
      vertex 36.132219764750516 -11.764666249147705 0
    endloop
  endfacet
  facet normal 0 0 -1
    outer loop
      vertex 36.19308209864079 -17.031171662602897 0
      vertex 36.132219764750516 -11.764666249147705 0
      vertex 36.14014761921583 -11.742645786248001 0
    endloop
  endfacet
  facet normal 0 0 -1
    outer loop
      vertex 36.19308209864079 -17.031171662602897 0
      vertex 36.799630588538264 -9.472690516911365 0
      vertex 37.19105943553005 -14.724982107387135 0
    endloop
  endfacet
  facet normal 0 0 -1
    outer loop
      vertex 36.19308209864079 -17.031171662602897 0
      vertex 36.14014761921583 -11.742645786248001 0
      vertex 36.799630588538264 -9.472690516911365 0
    endloop
  endfacet
  facet normal 0 0 -1
    outer loop
      vertex 37.19105943553005 -14.724982107387135 0
      vertex 36.799630588538264 -9.472690516911365 0
      vertex 36.80616012288799 -9.450215712264468 0
    endloop
  endfacet
  facet normal 0 0 -1
    outer loop
      vertex 37.19105943553005 -14.724982107387135 0
      vertex 36.80616012288799 -9.450215712264468 0
      vertex 37.32691552769017 -7.120489954257543 0
    endloop
  endfacet
  facet normal 0 0 -1
    outer loop
      vertex 37.19105943553005 -14.724982107387135 0
      vertex 37.70035864995016 -4.762662875443555 0
      vertex 38.04226065180614 -12.360679774997896 0
    endloop
  endfacet
  facet normal 0 0 -1
    outer loop
      vertex 37.19105943553005 -14.724982107387135 0
      vertex 37.32691552769017 -7.120489954257543 0
      vertex 37.70035864995016 -4.762662875443555 0
    endloop
  endfacet
  facet normal 0 0 -1
    outer loop
      vertex 38.04226065180614 -12.360679774997896 0
      vertex 37.70035864995016 -4.762662875443555 0
      vertex 37.92501568027432 -2.386039742113923 0
    endloop
  endfacet
  facet normal 0 0 -1
    outer loop
      vertex 38.04226065180614 -12.360679774997896 0
      vertex 37.92501568027432 -2.386039742113923 0
      vertex 38 0 0
    endloop
  endfacet
  facet normal 0 0 -1
    outer loop
      vertex 38.04226065180614 -12.360679774997896 0
      vertex 38.74332644514524 9.947595486594192 0
      vertex 38.74332644514525 -9.947595486594178 0
    endloop
  endfacet
  facet normal 0 0 -1
    outer loop
      vertex 38.74332644514525 -9.947595486594178 0
      vertex 39.291490029147546 7.495252583428985 0
      vertex 39.291490029147546 -7.495252583428993 0
    endloop
  endfacet
  facet normal 0 0 -1
    outer loop
      vertex 39.291490029147546 -7.495252583428993 0
      vertex 39.684588052579116 5.01332934257217 0
      vertex 39.684588052579116 -5.013329342572162 0
    endloop
  endfacet
  facet normal 0 0 -1
    outer loop
      vertex 39.684588052579116 -5.013329342572162 0
      vertex 39.921069137130864 2.511620781172535 0
      vertex 39.921069137130864 -2.5116207811725504 0
    endloop
  endfacet
  facet normal 0 0 -1
    outer loop
      vertex 39.921069137130864 -2.5116207811725504 0
      vertex 39.921069137130864 2.511620781172535 0
      vertex 40 0 0
    endloop
  endfacet
  facet normal 0.8910065241883673 -0.4539904997395479 0
    outer loop
      vertex 35.05226720175454 -19.270146964068616 0
      vertex 36.19308209864079 -17.031171662602897 0
      vertex 35.05226720175454 -19.270146964068616 100
    endloop
  endfacet
  facet normal 0.9177546256839813 -0.3971478906347804 0
    outer loop
      vertex 36.19308209864079 -17.031171662602897 0
      vertex 37.19105943553005 -14.724982107387135 0
      vertex 36.19308209864079 -17.031171662602897 100
    endloop
  endfacet
  facet normal 0.9408807689542261 -0.3387379202452898 0
    outer loop
      vertex 37.19105943553005 -14.724982107387135 0
      vertex 38.04226065180614 -12.360679774997896 0
      vertex 37.19105943553005 -14.724982107387135 100
    endloop
  endfacet
  facet normal 0.9602936856769425 -0.27899110603923144 0
    outer loop
      vertex 38.04226065180614 -12.360679774997896 0
      vertex 38.74332644514525 -9.947595486594178 0
      vertex 38.04226065180614 -12.360679774997896 100
    endloop
  endfacet
  facet normal 0.9759167619387477 -0.21814324139654193 0
    outer loop
      vertex 38.74332644514525 -9.947595486594178 0
      vertex 39.291490029147546 -7.495252583428993 0
      vertex 38.74332644514525 -9.947595486594178 100
    endloop
  endfacet
  facet normal 0.9876883405951378 -0.1564344650402314 0
    outer loop
      vertex 39.291490029147546 -7.495252583428993 0
      vertex 39.684588052579116 -5.013329342572162 0
      vertex 39.291490029147546 -7.495252583428993 100
    endloop
  endfacet
  facet normal 0.9955619646030799 -0.09410831331851477 0
    outer loop
      vertex 39.684588052579116 -5.013329342572162 0
      vertex 39.921069137130864 -2.5116207811725504 0
      vertex 39.684588052579116 -5.013329342572162 100
    endloop
  endfacet
  facet normal 0.9995065603657316 -0.031410759078127445 0
    outer loop
      vertex 39.921069137130864 -2.5116207811725504 0
      vertex 40 0 0
      vertex 39.921069137130864 -2.5116207811725504 100
    endloop
  endfacet
  facet normal -0.27899110603923055 -0.9602936856769427 0
    outer loop
      vertex -12.360679774997896 -38.04226065180614 0
      vertex -9.947595486594194 -38.74332644514524 100
      vertex -12.360679774997896 -38.04226065180614 100
    endloop
  endfacet
  facet normal -0.21814324139654323 -0.9759167619387472 0
    outer loop
      vertex -9.947595486594194 -38.74332644514524 0
      vertex -7.495252583428993 -39.291490029147546 100
      vertex -9.947595486594194 -38.74332644514524 100
    endloop
  endfacet
  facet normal -0.1564344650402314 -0.9876883405951378 0
    outer loop
      vertex -7.495252583428993 -39.291490029147546 0
      vertex -5.013329342572162 -39.684588052579116 100
      vertex -7.495252583428993 -39.291490029147546 100
    endloop
  endfacet
  facet normal -0.09410831331851477 -0.9955619646030799 0
    outer loop
      vertex -5.013329342572162 -39.684588052579116 0
      vertex -2.5116207811725504 -39.921069137130864 100
      vertex -5.013329342572162 -39.684588052579116 100
    endloop
  endfacet
  facet normal -0.031410759078127445 -0.9995065603657316 0
    outer loop
      vertex -2.5116207811725504 -39.921069137130864 0
      vertex 0 -40 100
      vertex -2.5116207811725504 -39.921069137130864 100
    endloop
  endfacet
  facet normal 0.031410759078127445 -0.9995065603657316 0
    outer loop
      vertex 0 -40 0
      vertex 2.5116207811725504 -39.921069137130864 100
      vertex 0 -40 100
    endloop
  endfacet
  facet normal 0.09410831331851477 -0.9955619646030799 0
    outer loop
      vertex 2.5116207811725504 -39.921069137130864 0
      vertex 5.013329342572162 -39.684588052579116 100
      vertex 2.5116207811725504 -39.921069137130864 100
    endloop
  endfacet
  facet normal 0.1564344650402314 -0.9876883405951378 0
    outer loop
      vertex 5.013329342572162 -39.684588052579116 0
      vertex 7.495252583428993 -39.291490029147546 100
      vertex 5.013329342572162 -39.684588052579116 100
    endloop
  endfacet
  facet normal 0.21814324139654193 -0.9759167619387477 0
    outer loop
      vertex 7.495252583428993 -39.291490029147546 0
      vertex 9.947595486594178 -38.74332644514525 100
      vertex 7.495252583428993 -39.291490029147546 100
    endloop
  endfacet
  facet normal 0.27899110603923144 -0.9602936856769425 0
    outer loop
      vertex 9.947595486594178 -38.74332644514525 0
      vertex 12.360679774997896 -38.04226065180614 100
      vertex 9.947595486594178 -38.74332644514525 100
    endloop
  endfacet
  facet normal 0.3387379202452898 -0.9408807689542261 0
    outer loop
      vertex 12.360679774997896 -38.04226065180614 0
      vertex 14.724982107387135 -37.19105943553005 100
      vertex 12.360679774997896 -38.04226065180614 100
    endloop
  endfacet
  facet normal 0 0 1
    outer loop
      vertex -12.360679774997896 -38.04226065180614 100
      vertex -9.947595486594194 -38.74332644514524 100
      vertex -11.742645786248001 -36.14014761921583 100
    endloop
  endfacet
  facet normal 0 0 1
    outer loop
      vertex -9.947595486594194 -38.74332644514524 100
      vertex -7.495252583428993 -39.291490029147546 100
      vertex -9.450215712264484 -36.80616012288798 100
    endloop
  endfacet
  facet normal 0 0 1
    outer loop
      vertex -11.742645786248001 -36.14014761921583 100
      vertex -9.947595486594194 -38.74332644514524 100
      vertex -9.450215712264484 -36.80616012288798 100
    endloop
  endfacet
  facet normal 0 0 1
    outer loop
      vertex -9.450215712264484 -36.80616012288798 100
      vertex -7.495252583428993 -39.291490029147546 100
      vertex -7.120489954257543 -37.32691552769017 100
    endloop
  endfacet
  facet normal 0 0 1
    outer loop
      vertex -7.495252583428993 -39.291490029147546 100
      vertex -5.013329342572162 -39.684588052579116 100
      vertex -7.120489954257543 -37.32691552769017 100
    endloop
  endfacet
  facet normal 0 0 1
    outer loop
      vertex -5.013329342572162 -39.684588052579116 100
      vertex -4.762662875443555 -37.70035864995016 100
      vertex -7.120489954257543 -37.32691552769017 100
    endloop
  endfacet
  facet normal 0 0 1
    outer loop
      vertex -5.013329342572162 -39.684588052579116 100
      vertex -2.5116207811725504 -39.921069137130864 100
      vertex -4.762662875443555 -37.70035864995016 100
    endloop
  endfacet
  facet normal 0 0 1
    outer loop
      vertex -4.762662875443555 -37.70035864995016 100
      vertex -2.5116207811725504 -39.921069137130864 100
      vertex -2.386039742113923 -37.92501568027432 100
    endloop
  endfacet
  facet normal 0 0 1
    outer loop
      vertex -2.5116207811725504 -39.921069137130864 100
      vertex 0 -40 100
      vertex -2.386039742113923 -37.92501568027432 100
    endloop
  endfacet
  facet normal 0 0 1
    outer loop
      vertex -2.386039742113923 -37.92501568027432 100
      vertex 0 -40 100
      vertex 0 -38 100
    endloop
  endfacet
  facet normal 0 0 1
    outer loop
      vertex 0 -40 100
      vertex 2.5116207811725504 -39.921069137130864 100
      vertex 0 -38 100
    endloop
  endfacet
  facet normal 0 0 1
    outer loop
      vertex 0 -38 100
      vertex 2.5116207811725504 -39.921069137130864 100
      vertex 2.386039742113923 -37.92501568027432 100
    endloop
  endfacet
  facet normal 0 0 1
    outer loop
      vertex 2.386039742113923 -37.92501568027432 100
      vertex 2.5116207811725504 -39.921069137130864 100
      vertex 5.013329342572162 -39.684588052579116 100
    endloop
  endfacet
  facet normal 0 0 1
    outer loop
      vertex 2.386039742113923 -37.92501568027432 100
      vertex 5.013329342572162 -39.684588052579116 100
      vertex 4.762662875443555 -37.70035864995016 100
    endloop
  endfacet
  facet normal 0 0 1
    outer loop
      vertex 4.762662875443555 -37.70035864995016 100
      vertex 5.013329342572162 -39.684588052579116 100
      vertex 7.495252583428993 -39.291490029147546 100
    endloop
  endfacet
  facet normal 0 0 1
    outer loop
      vertex 4.762662875443555 -37.70035864995016 100
      vertex 7.495252583428993 -39.291490029147546 100
      vertex 7.120489954257543 -37.32691552769017 100
    endloop
  endfacet
  facet normal 0 0 1
    outer loop
      vertex 7.495252583428993 -39.291490029147546 100
      vertex 9.947595486594178 -38.74332644514525 100
      vertex 7.120489954257543 -37.32691552769017 100
    endloop
  endfacet
  facet normal 0 0 1
    outer loop
      vertex 7.120489954257543 -37.32691552769017 100
      vertex 9.947595486594178 -38.74332644514525 100
      vertex 9.450215712264468 -36.80616012288799 100
    endloop
  endfacet
  facet normal 0 0 1
    outer loop
      vertex 9.947595486594178 -38.74332644514525 100
      vertex 12.360679774997896 -38.04226065180614 100
      vertex 9.450215712264468 -36.80616012288799 100
    endloop
  endfacet
  facet normal 0 0 1
    outer loop
      vertex 9.450215712264468 -36.80616012288799 100
      vertex 12.360679774997896 -38.04226065180614 100
      vertex 11.742645786248001 -36.14014761921583 100
    endloop
  endfacet
  facet normal 0 0 1
    outer loop
      vertex 12.360679774997896 -38.04226065180614 100
      vertex 14.724982107387135 -37.19105943553005 100
      vertex 11.742645786248001 -36.14014761921583 100
    endloop
  endfacet
  facet normal 0 0 1
    outer loop
      vertex 11.742645786248001 -36.14014761921583 100
      vertex 14.724982107387135 -37.19105943553005 100
      vertex 13.988733002017778 -35.33150646375355 100
    endloop
  endfacet
  facet normal 0.3971478906347804 -0.9177546256839813 0
    outer loop
      vertex 14.724982107387135 -37.19105943553005 0
      vertex 17.031171662602897 -36.19308209864079 100
      vertex 14.724982107387135 -37.19105943553005 100
    endloop
  endfacet
  facet normal 0.4539904997395479 -0.8910065241883673 0
    outer loop
      vertex 17.031171662602897 -36.19308209864079 0
      vertex 19.270146964068616 -35.05226720175454 100
      vertex 17.031171662602897 -36.19308209864079 100
    endloop
  endfacet
  facet normal 0.5090414157503711 -0.8607420270039436 0
    outer loop
      vertex 19.270146964068616 -35.05226720175454 0
      vertex 21.433071799159848 -33.77311702008061 100
      vertex 19.270146964068616 -35.05226720175454 100
    endloop
  endfacet
  facet normal 0.5620833778521291 -0.8270805742745628 0
    outer loop
      vertex 21.433071799159848 -33.77311702008061 0
      vertex 23.511410091698927 -32.3606797749979 100
      vertex 21.433071799159848 -33.77311702008061 100
    endloop
  endfacet
  facet normal 0.6129070536529768 -0.7901550123756902 0
    outer loop
      vertex 23.511410091698927 -32.3606797749979 0
      vertex 25.4969595899476 -30.82052971103156 100
      vertex 23.511410091698927 -32.3606797749979 100
    endloop
  endfacet
  facet normal 0.6613118653236526 -0.7501110696304588 0
    outer loop
      vertex 25.4969595899476 -30.82052971103156 0
      vertex 27.38188423714754 -29.158745096856467 100
      vertex 25.4969595899476 -30.82052971103156 100
    endloop
  endfacet
  facet normal 0.7071067811865475 -0.7071067811865475 0
    outer loop
      vertex 29.158745096856467 -27.38188423714754 0
      vertex 29.158745096856467 -27.38188423714754 100
      vertex 27.38188423714754 -29.158745096856467 100
    endloop
  endfacet
  facet normal 0.7501110696304588 -0.6613118653236526 0
    outer loop
      vertex 30.82052971103156 -25.4969595899476 0
      vertex 30.82052971103156 -25.4969595899476 100
      vertex 29.158745096856467 -27.38188423714754 100
    endloop
  endfacet
  facet normal 0.7901550123756902 -0.6129070536529768 0
    outer loop
      vertex 32.3606797749979 -23.511410091698927 0
      vertex 32.3606797749979 -23.511410091698927 100
      vertex 30.82052971103156 -25.4969595899476 100
    endloop
  endfacet
  facet normal 0.8270805742745628 -0.5620833778521291 0
    outer loop
      vertex 33.77311702008061 -21.433071799159848 0
      vertex 33.77311702008061 -21.433071799159848 100
      vertex 32.3606797749979 -23.511410091698927 100
    endloop
  endfacet
  facet normal 0 0 1
    outer loop
      vertex 14.724982107387135 -37.19105943553005 100
      vertex 17.031171662602897 -36.19308209864079 100
      vertex 13.988733002017778 -35.33150646375355 100
    endloop
  endfacet
  facet normal 0 0 1
    outer loop
      vertex 13.988733002017778 -35.33150646375355 100
      vertex 17.031171662602897 -36.19308209864079 100
      vertex 16.17961307947275 -34.38342799370874 100
    endloop
  endfacet
  facet normal 0 0 1
    outer loop
      vertex 17.031171662602897 -36.19308209864079 100
      vertex 19.270146964068616 -35.05226720175454 100
      vertex 16.17961307947275 -34.38342799370874 100
    endloop
  endfacet
  facet normal 0 0 1
    outer loop
      vertex 19.270146964068616 -35.05226720175454 100
      vertex 18.306639615865183 -33.29965384166681 100
      vertex 16.17961307947275 -34.38342799370874 100
    endloop
  endfacet
  facet normal 0 0 1
    outer loop
      vertex 19.270146964068616 -35.05226720175454 100
      vertex 21.433071799159848 -33.77311702008061 100
      vertex 18.306639615865183 -33.29965384166681 100
    endloop
  endfacet
  facet normal 0 0 1
    outer loop
      vertex 18.306639615865183 -33.29965384166681 100
      vertex 21.433071799159848 -33.77311702008061 100
      vertex 20.361418209201855 -32.08446116907658 100
    endloop
  endfacet
  facet normal 0 0 1
    outer loop
      vertex 21.433071799159848 -33.77311702008061 100
      vertex 23.511410091698927 -32.3606797749979 100
      vertex 20.361418209201855 -32.08446116907658 100
    endloop
  endfacet
  facet normal 0 0 1
    outer loop
      vertex 20.361418209201855 -32.08446116907658 100
      vertex 23.511410091698927 -32.3606797749979 100
      vertex 22.33583958711398 -30.742645786248005 100
    endloop
  endfacet
  facet normal 0 0 1
    outer loop
      vertex 22.33583958711398 -30.742645786248005 100
      vertex 23.511410091698927 -32.3606797749979 100
      vertex 25.4969595899476 -30.82052971103156 100
    endloop
  endfacet
  facet normal 0 0 1
    outer loop
      vertex 22.33583958711398 -30.742645786248005 100
      vertex 25.4969595899476 -30.82052971103156 100
      vertex 24.22211161045022 -29.279503225479985 100
    endloop
  endfacet
  facet normal 0 0 1
    outer loop
      vertex 25.4969595899476 -30.82052971103156 100
      vertex 27.38188423714754 -29.158745096856467 100
      vertex 24.22211161045022 -29.279503225479985 100
    endloop
  endfacet
  facet normal 0 0 1
    outer loop
      vertex 24.22211161045022 -29.279503225479985 100
      vertex 27.38188423714754 -29.158745096856467 100
      vertex 26.012790025290162 -27.700807842013642 100
    endloop
  endfacet
  facet normal 0 0 1
    outer loop
      vertex 26.012790025290162 -27.700807842013642 100
      vertex 27.38188423714754 -29.158745096856467 100
      vertex 29.158745096856467 -27.38188423714754 100
    endloop
  endfacet
  facet normal 0 0 1
    outer loop
      vertex 26.012790025290162 -27.700807842013642 100
      vertex 29.158745096856467 -27.38188423714754 100
      vertex 27.700807842013642 -26.012790025290162 100
    endloop
  endfacet
  facet normal 0 0 1
    outer loop
      vertex 27.700807842013642 -26.012790025290162 100
      vertex 29.158745096856467 -27.38188423714754 100
      vertex 30.82052971103156 -25.4969595899476 100
    endloop
  endfacet
  facet normal 0 0 1
    outer loop
      vertex 27.700807842013642 -26.012790025290162 100
      vertex 30.82052971103156 -25.4969595899476 100
      vertex 29.279503225479985 -24.22211161045022 100
    endloop
  endfacet
  facet normal 0 0 1
    outer loop
      vertex 29.279503225479985 -24.22211161045022 100
      vertex 30.82052971103156 -25.4969595899476 100
      vertex 30.742645786248005 -22.33583958711398 100
    endloop
  endfacet
  facet normal 0 0 1
    outer loop
      vertex 30.82052971103156 -25.4969595899476 100
      vertex 32.3606797749979 -23.511410091698927 100
      vertex 30.742645786248005 -22.33583958711398 100
    endloop
  endfacet
  facet normal 0 0 1
    outer loop
      vertex 32.3606797749979 -23.511410091698927 100
      vertex 32.08446116907658 -20.361418209201855 100
      vertex 30.742645786248005 -22.33583958711398 100
    endloop
  endfacet
  facet normal 0 0 1
    outer loop
      vertex 32.3606797749979 -23.511410091698927 100
      vertex 33.77311702008061 -21.433071799159848 100
      vertex 32.08446116907658 -20.361418209201855 100
    endloop
  endfacet
  facet normal 0 0 1
    outer loop
      vertex 32.08446116907658 -20.361418209201855 100
      vertex 33.77311702008061 -21.433071799159848 100
      vertex 33.29965384166681 -18.306639615865183 100
    endloop
  endfacet
  facet normal 0.8607420270039436 -0.5090414157503711 0
    outer loop
      vertex 35.05226720175454 -19.270146964068616 0
      vertex 35.05226720175454 -19.270146964068616 100
      vertex 33.77311702008061 -21.433071799159848 100
    endloop
  endfacet
  facet normal 0.8910065241883673 -0.4539904997395479 0
    outer loop
      vertex 36.19308209864079 -17.031171662602897 0
      vertex 36.19308209864079 -17.031171662602897 100
      vertex 35.05226720175454 -19.270146964068616 100
    endloop
  endfacet
  facet normal 0.9177546256839813 -0.3971478906347804 0
    outer loop
      vertex 37.19105943553005 -14.724982107387135 0
      vertex 37.19105943553005 -14.724982107387135 100
      vertex 36.19308209864079 -17.031171662602897 100
    endloop
  endfacet
  facet normal 0.9408807689542261 -0.3387379202452898 0
    outer loop
      vertex 38.04226065180614 -12.360679774997896 0
      vertex 38.04226065180614 -12.360679774997896 100
      vertex 37.19105943553005 -14.724982107387135 100
    endloop
  endfacet
  facet normal 0.9602936856769425 -0.27899110603923144 0
    outer loop
      vertex 38.74332644514525 -9.947595486594178 0
      vertex 38.74332644514525 -9.947595486594178 100
      vertex 38.04226065180614 -12.360679774997896 100
    endloop
  endfacet
  facet normal 0.9759167619387477 -0.21814324139654193 0
    outer loop
      vertex 39.291490029147546 -7.495252583428993 0
      vertex 39.291490029147546 -7.495252583428993 100
      vertex 38.74332644514525 -9.947595486594178 100
    endloop
  endfacet
  facet normal 0.9876883405951378 -0.1564344650402314 0
    outer loop
      vertex 39.684588052579116 -5.013329342572162 0
      vertex 39.684588052579116 -5.013329342572162 100
      vertex 39.291490029147546 -7.495252583428993 100
    endloop
  endfacet
  facet normal 0.9955619646030799 -0.09410831331851477 0
    outer loop
      vertex 39.921069137130864 -2.5116207811725504 0
      vertex 39.921069137130864 -2.5116207811725504 100
      vertex 39.684588052579116 -5.013329342572162 100
    endloop
  endfacet
  facet normal 0.9995065603657316 -0.031410759078127445 0
    outer loop
      vertex 39.921069137130864 -2.5116207811725504 100
      vertex 40 0 0
      vertex 40 0 100
    endloop
  endfacet
  facet normal 0 0 1
    outer loop
      vertex 33.77311702008061 -21.433071799159848 100
      vertex 35.05226720175454 -19.270146964068616 100
      vertex 33.29965384166681 -18.306639615865183 100
    endloop
  endfacet
  facet normal 0 0 1
    outer loop
      vertex 33.29965384166681 -18.306639615865183 100
      vertex 35.05226720175454 -19.270146964068616 100
      vertex 34.38342799370874 -16.17961307947275 100
    endloop
  endfacet
  facet normal 0 0 1
    outer loop
      vertex 34.38342799370874 -16.17961307947275 100
      vertex 35.05226720175454 -19.270146964068616 100
      vertex 36.19308209864079 -17.031171662602897 100
    endloop
  endfacet
  facet normal 0 0 1
    outer loop
      vertex 34.38342799370874 -16.17961307947275 100
      vertex 36.19308209864079 -17.031171662602897 100
      vertex 35.33150646375355 -13.988733002017778 100
    endloop
  endfacet
  facet normal 0 0 1
    outer loop
      vertex 36.19308209864079 -17.031171662602897 100
      vertex 36.14014761921583 -11.742645786248001 100
      vertex 35.33150646375355 -13.988733002017778 100
    endloop
  endfacet
  facet normal 0 0 1
    outer loop
      vertex 36.19308209864079 -17.031171662602897 100
      vertex 37.19105943553005 -14.724982107387135 100
      vertex 36.14014761921583 -11.742645786248001 100
    endloop
  endfacet
  facet normal 0 0 1
    outer loop
      vertex 37.19105943553005 -14.724982107387135 100
      vertex 36.80616012288799 -9.450215712264468 100
      vertex 36.14014761921583 -11.742645786248001 100
    endloop
  endfacet
  facet normal 0 0 1
    outer loop
      vertex 37.19105943553005 -14.724982107387135 100
      vertex 38.04226065180614 -12.360679774997896 100
      vertex 36.80616012288799 -9.450215712264468 100
    endloop
  endfacet
  facet normal 0 0 1
    outer loop
      vertex 38.04226065180614 -12.360679774997896 100
      vertex 37.32691552769017 -7.120489954257543 100
      vertex 36.80616012288799 -9.450215712264468 100
    endloop
  endfacet
  facet normal 0 0 1
    outer loop
      vertex 38.04226065180614 -12.360679774997896 100
      vertex 37.70035864995016 -4.762662875443555 100
      vertex 37.32691552769017 -7.120489954257543 100
    endloop
  endfacet
  facet normal 0 0 1
    outer loop
      vertex 38.04226065180614 -12.360679774997896 100
      vertex 37.92501568027432 -2.386039742113923 100
      vertex 37.70035864995016 -4.762662875443555 100
    endloop
  endfacet
  facet normal 0 0 1
    outer loop
      vertex 38.04226065180614 -12.360679774997896 100
      vertex 38 0 100
      vertex 37.92501568027432 -2.386039742113923 100
    endloop
  endfacet
  facet normal 0 0 1
    outer loop
      vertex 38.04226065180614 -12.360679774997896 100
      vertex 38.74332644514525 -9.947595486594178 100
      vertex 38.04226065180614 12.360679774997896 100
    endloop
  endfacet
  facet normal 0 0 1
    outer loop
      vertex 38.74332644514525 -9.947595486594178 100
      vertex 39.291490029147546 -7.495252583428993 100
      vertex 38.74332644514524 9.947595486594192 100
    endloop
  endfacet
  facet normal 0 0 1
    outer loop
      vertex 39.291490029147546 -7.495252583428993 100
      vertex 39.684588052579116 -5.013329342572162 100
      vertex 39.291490029147546 7.495252583428985 100
    endloop
  endfacet
  facet normal 0 0 1
    outer loop
      vertex 39.684588052579116 -5.013329342572162 100
      vertex 39.921069137130864 -2.5116207811725504 100
      vertex 39.684588052579116 5.01332934257217 100
    endloop
  endfacet
  facet normal 0 0 1
    outer loop
      vertex 39.921069137130864 -2.5116207811725504 100
      vertex 40 0 100
      vertex 39.921069137130864 2.511620781172535 100
    endloop
  endfacet
  facet normal 0 0 -1
    outer loop
      vertex -11.742645786248001 36.14014761921583 0
      vertex -9.947595486594194 38.74332644514524 0
      vertex -9.450215712264484 36.80616012288798 0
    endloop
  endfacet
  facet normal 0 0 -1
    outer loop
      vertex -11.742645786248001 36.14014761921583 0
      vertex -12.360679774997896 38.04226065180614 0
      vertex -9.947595486594194 38.74332644514524 0
    endloop
  endfacet
  facet normal 0 0 -1
    outer loop
      vertex -9.450215712264484 36.80616012288798 0
      vertex -9.947595486594194 38.74332644514524 0
      vertex -7.495252583428983 39.291490029147546 0
    endloop
  endfacet
  facet normal 0 0 -1
    outer loop
      vertex -9.450215712264484 36.80616012288798 0
      vertex -7.495252583428983 39.291490029147546 0
      vertex -7.1204899542575335 37.32691552769017 0
    endloop
  endfacet
  facet normal 0 0 -1
    outer loop
      vertex -7.1204899542575335 37.32691552769017 0
      vertex -5.013329342572171 39.684588052579116 0
      vertex -4.762662875443563 37.70035864995016 0
    endloop
  endfacet
  facet normal 0 0 -1
    outer loop
      vertex -7.1204899542575335 37.32691552769017 0
      vertex -7.495252583428983 39.291490029147546 0
      vertex -5.013329342572171 39.684588052579116 0
    endloop
  endfacet
  facet normal 0 0 -1
    outer loop
      vertex -5.013329342572171 39.684588052579116 0
      vertex -2.511620781172531 39.921069137130864 0
      vertex -4.762662875443563 37.70035864995016 0
    endloop
  endfacet
  facet normal 0 0 -1
    outer loop
      vertex -4.762662875443563 37.70035864995016 0
      vertex -2.511620781172531 39.921069137130864 0
      vertex -2.3860397421139043 37.92501568027432 0
    endloop
  endfacet
  facet normal 0 0 -1
    outer loop
      vertex -2.3860397421139043 37.92501568027432 0
      vertex 0 40 0
      vertex -0.023392546491312786 37.999264859610534 0
    endloop
  endfacet
  facet normal 0 0 -1
    outer loop
      vertex -2.511620781172531 39.921069137130864 0
      vertex 0 40 0
      vertex -2.3860397421139043 37.92501568027432 0
    endloop
  endfacet
  facet normal 0 0 -1
    outer loop
      vertex -0.023392546491312786 37.999264859610534 0
      vertex 0 40 0
      vertex 0 38 0
    endloop
  endfacet
  facet normal 0 0 -1
    outer loop
      vertex 0 38 0
      vertex 0 40 0
      vertex 2.511620781172531 39.921069137130864 0
    endloop
  endfacet
  facet normal 0 0 -1
    outer loop
      vertex 0 38 0
      vertex 2.511620781172531 39.921069137130864 0
      vertex 2.3626471956225914 37.92575082066379 0
    endloop
  endfacet
  facet normal 0 0 -1
    outer loop
      vertex 2.3626471956225914 37.92575082066379 0
      vertex 2.511620781172531 39.921069137130864 0
      vertex 2.3860397421139043 37.92501568027432 0
    endloop
  endfacet
  facet normal 0 0 -1
    outer loop
      vertex 2.3860397421139043 37.92501568027432 0
      vertex 2.511620781172531 39.921069137130864 0
      vertex 4.465584983777355 37.72844077874068 0
    endloop
  endfacet
  facet normal 0 0 -1
    outer loop
      vertex 2.511620781172531 39.921069137130864 0
      vertex 5.013329342572171 39.684588052579116 0
      vertex 4.465584983777355 37.72844077874068 0
    endloop
  endfacet
  facet normal 0 0 -1
    outer loop
      vertex 4.465584983777355 37.72844077874068 0
      vertex 5.013329342572171 39.684588052579116 0
      vertex 4.762662875443563 37.70035864995016 0
    endloop
  endfacet
  facet normal 0 0 -1
    outer loop
      vertex 4.762662875443563 37.70035864995016 0
      vertex 5.013329342572171 39.684588052579116 0
      vertex 7.495252583428983 39.291490029147546 0
    endloop
  endfacet
  facet normal 0 0 -1
    outer loop
      vertex 4.762662875443563 37.70035864995016 0
      vertex 7.495252583428983 39.291490029147546 0
      vertex 7.1204899542575335 37.32691552769017 0
    endloop
  endfacet
  facet normal 0 0 -1
    outer loop
      vertex 7.1204899542575335 37.32691552769017 0
      vertex 7.495252583428983 39.291490029147546 0
      vertex 9.947595486594194 38.74332644514524 0
    endloop
  endfacet
  facet normal 0 0 -1
    outer loop
      vertex 7.1204899542575335 37.32691552769017 0
      vertex 9.947595486594194 38.74332644514524 0
      vertex 9.450215712264484 36.80616012288798 0
    endloop
  endfacet
  facet normal 0 0 -1
    outer loop
      vertex 9.450215712264484 36.80616012288798 0
      vertex 9.947595486594194 38.74332644514524 0
      vertex 12.360679774997896 38.04226065180614 0
    endloop
  endfacet
  facet normal 0 0 -1
    outer loop
      vertex 9.450215712264484 36.80616012288798 0
      vertex 12.360679774997896 38.04226065180614 0
      vertex 11.742645786248001 36.14014761921583 0
    endloop
  endfacet
  facet normal 0 0 -1
    outer loop
      vertex 11.742645786248001 36.14014761921583 0
      vertex 14.724982107387115 37.19105943553006 0
      vertex 13.988733002017758 35.331506463753556 0
    endloop
  endfacet
  facet normal 0 0 -1
    outer loop
      vertex 11.742645786248001 36.14014761921583 0
      vertex 12.360679774997896 38.04226065180614 0
      vertex 14.724982107387115 37.19105943553006 0
    endloop
  endfacet
  facet normal -0.27899110603923055 0.9602936856769427 0
    outer loop
      vertex -12.360679774997896 38.04226065180614 0
      vertex -12.360679774997896 38.04226065180614 100
      vertex -9.947595486594194 38.74332644514524 0
    endloop
  endfacet
  facet normal -0.21814324139654243 0.9759167619387474 0
    outer loop
      vertex -9.947595486594194 38.74332644514524 0
      vertex -9.947595486594194 38.74332644514524 100
      vertex -7.495252583428983 39.291490029147546 0
    endloop
  endfacet
  facet normal -0.15643446504023253 0.9876883405951375 0
    outer loop
      vertex -7.495252583428983 39.291490029147546 0
      vertex -7.495252583428983 39.291490029147546 100
      vertex -5.013329342572171 39.684588052579116 0
    endloop
  endfacet
  facet normal -0.09410831331851371 0.9955619646030801 0
    outer loop
      vertex -5.013329342572171 39.684588052579116 0
      vertex -5.013329342572171 39.684588052579116 100
      vertex -2.511620781172531 39.921069137130864 0
    endloop
  endfacet
  facet normal -0.03141075907812769 0.9995065603657316 0
    outer loop
      vertex -2.511620781172531 39.921069137130864 0
      vertex -2.511620781172531 39.921069137130864 100
      vertex 0 40 0
    endloop
  endfacet
  facet normal 0.03141075907812769 0.9995065603657316 0
    outer loop
      vertex 0 40 0
      vertex 0 40 100
      vertex 2.511620781172531 39.921069137130864 0
    endloop
  endfacet
  facet normal 0.09410831331851371 0.9955619646030801 0
    outer loop
      vertex 2.511620781172531 39.921069137130864 0
      vertex 2.511620781172531 39.921069137130864 100
      vertex 5.013329342572171 39.684588052579116 0
    endloop
  endfacet
  facet normal 0.15643446504023253 0.9876883405951375 0
    outer loop
      vertex 5.013329342572171 39.684588052579116 0
      vertex 5.013329342572171 39.684588052579116 100
      vertex 7.495252583428983 39.291490029147546 0
    endloop
  endfacet
  facet normal 0.21814324139654243 0.9759167619387474 0
    outer loop
      vertex 7.495252583428983 39.291490029147546 0
      vertex 7.495252583428983 39.291490029147546 100
      vertex 9.947595486594194 38.74332644514524 0
    endloop
  endfacet
  facet normal 0.27899110603923055 0.9602936856769427 0
    outer loop
      vertex 9.947595486594194 38.74332644514524 0
      vertex 9.947595486594194 38.74332644514524 100
      vertex 12.360679774997896 38.04226065180614 0
    endloop
  endfacet
  facet normal 0.33873792024528976 0.940880768954226 0
    outer loop
      vertex 12.360679774997896 38.04226065180614 0
      vertex 12.360679774997896 38.04226065180614 100
      vertex 14.724982107387115 37.19105943553006 0
    endloop
  endfacet
  facet normal 0 0 -1
    outer loop
      vertex 38.04226065180614 -12.360679774997896 0
      vertex 38 0 0
      vertex 38.04226065180614 12.360679774997896 0
    endloop
  endfacet
  facet normal 0 0 -1
    outer loop
      vertex 39.684588052579116 -5.013329342572162 0
      vertex 39.684588052579116 5.01332934257217 0
      vertex 39.921069137130864 2.511620781172535 0
    endloop
  endfacet
  facet normal 0 0 -1
    outer loop
      vertex 38.74332644514525 -9.947595486594178 0
      vertex 38.74332644514524 9.947595486594192 0
      vertex 39.291490029147546 7.495252583428985 0
    endloop
  endfacet
  facet normal 0 0 -1
    outer loop
      vertex 39.291490029147546 -7.495252583428993 0
      vertex 39.291490029147546 7.495252583428985 0
      vertex 39.684588052579116 5.01332934257217 0
    endloop
  endfacet
  facet normal 0 0 -1
    outer loop
      vertex 38.04226065180614 -12.360679774997896 0
      vertex 38.04226065180614 12.360679774997896 0
      vertex 38.74332644514524 9.947595486594192 0
    endloop
  endfacet
  facet normal 0 0 -1
    outer loop
      vertex 38 0 0
      vertex 37.92501568027432 2.3860397421139083 0
      vertex 38.04226065180614 12.360679774997896 0
    endloop
  endfacet
  facet normal 0 0 -1
    outer loop
      vertex 37.92501568027432 2.3860397421139083 0
      vertex 37.70035864995016 4.762662875443562 0
      vertex 38.04226065180614 12.360679774997896 0
    endloop
  endfacet
  facet normal 0 0 -1
    outer loop
      vertex 37.70035864995016 4.762662875443562 0
      vertex 37.32691552769017 7.120489954257536 0
      vertex 38.04226065180614 12.360679774997896 0
    endloop
  endfacet
  facet normal 0 0 -1
    outer loop
      vertex 37.32691552769017 7.120489954257536 0
      vertex 36.80616012288798 9.450215712264482 0
      vertex 38.04226065180614 12.360679774997896 0
    endloop
  endfacet
  facet normal 0 0 -1
    outer loop
      vertex 33.29965384166682 18.306639615865183 0
      vertex 32.23636025315035 20.10457088503479 0
      vertex 33.773117020080605 21.433071799159865 0
    endloop
  endfacet
  facet normal 0 0 -1
    outer loop
      vertex 36.80616012288798 9.450215712264482 0
      vertex 36.14014761921583 11.742645786248001 0
      vertex 37.19105943553005 14.724982107387119 0
    endloop
  endfacet
  facet normal 0 0 -1
    outer loop
      vertex 36.14014761921583 11.742645786248001 0
      vertex 35.33150646375355 13.988733002017764 0
      vertex 36.19308209864079 17.031171662602908 0
    endloop
  endfacet
  facet normal 0 0 -1
    outer loop
      vertex 36.14014761921583 11.742645786248001 0
      vertex 36.19308209864079 17.031171662602908 0
      vertex 37.19105943553005 14.724982107387119 0
    endloop
  endfacet
  facet normal 0 0 -1
    outer loop
      vertex 36.80616012288798 9.450215712264482 0
      vertex 37.19105943553005 14.724982107387119 0
      vertex 38.04226065180614 12.360679774997896 0
    endloop
  endfacet
  facet normal 0 0 -1
    outer loop
      vertex 34.38342799370874 16.179613079472762 0
      vertex 36.19308209864079 17.031171662602908 0
      vertex 35.33150646375355 13.988733002017764 0
    endloop
  endfacet
  facet normal 0 0 -1
    outer loop
      vertex 34.38342799370874 16.179613079472762 0
      vertex 35.052267201754546 19.270146964068612 0
      vertex 36.19308209864079 17.031171662602908 0
    endloop
  endfacet
  facet normal 0 0 -1
    outer loop
      vertex 34.38342799370874 16.179613079472762 0
      vertex 33.29965384166682 18.306639615865183 0
      vertex 35.052267201754546 19.270146964068612 0
    endloop
  endfacet
  facet normal 0 0 -1
    outer loop
      vertex 33.29965384166682 18.306639615865183 0
      vertex 33.773117020080605 21.433071799159865 0
      vertex 35.052267201754546 19.270146964068612 0
    endloop
  endfacet
  facet normal 0.9995065603657316 0.03141075907812764 0
    outer loop
      vertex 40 0 0
      vertex 39.921069137130864 2.511620781172535 0
      vertex 40 0 100
    endloop
  endfacet
  facet normal 0.9955619646030801 0.0941083133185139 0
    outer loop
      vertex 39.921069137130864 2.511620781172535 0
      vertex 39.684588052579116 5.01332934257217 0
      vertex 39.921069137130864 2.511620781172535 100
    endloop
  endfacet
  facet normal 0.9876883405951375 0.15643446504023237 0
    outer loop
      vertex 39.684588052579116 5.01332934257217 0
      vertex 39.291490029147546 7.495252583428985 0
      vertex 39.684588052579116 5.01332934257217 100
    endloop
  endfacet
  facet normal 0.9759167619387474 0.21814324139654273 0
    outer loop
      vertex 39.291490029147546 7.495252583428985 0
      vertex 38.74332644514524 9.947595486594192 0
      vertex 39.291490029147546 7.495252583428985 100
    endloop
  endfacet
  facet normal 0.9602936856769427 0.27899110603923033 0
    outer loop
      vertex 38.74332644514524 9.947595486594192 0
      vertex 38.04226065180614 12.360679774997896 0
      vertex 38.74332644514524 9.947595486594192 100
    endloop
  endfacet
  facet normal 0.9408807689542253 0.3387379202452918 0
    outer loop
      vertex 37.19105943553005 14.724982107387119 0
      vertex 38.04226065180614 12.360679774997896 100
      vertex 38.04226065180614 12.360679774997896 0
    endloop
  endfacet
  facet normal 0.8607420270039435 0.5090414157503717 0
    outer loop
      vertex 35.052267201754546 19.270146964068612 0
      vertex 33.773117020080605 21.433071799159865 0
      vertex 35.052267201754546 19.270146964068612 100
    endloop
  endfacet
  facet normal 0.8910065241883672 0.4539904997395479 0
    outer loop
      vertex 36.19308209864079 17.031171662602908 0
      vertex 35.052267201754546 19.270146964068612 0
      vertex 36.19308209864079 17.031171662602908 100
    endloop
  endfacet
  facet normal 0.9177546256839828 0.3971478906347765 0
    outer loop
      vertex 37.19105943553005 14.724982107387119 0
      vertex 36.19308209864079 17.031171662602908 0
      vertex 37.19105943553005 14.724982107387119 100
    endloop
  endfacet
  facet normal 0 0 -1
    outer loop
      vertex 24.22211161045021 29.27950322547999 0
      vertex 27.38188423714755 29.158745096856464 0
      vertex 26.012790025290172 27.70080784201364 0
    endloop
  endfacet
  facet normal 0 0 -1
    outer loop
      vertex 24.22211161045021 29.27950322547999 0
      vertex 25.49695958994759 30.820529711031565 0
      vertex 27.38188423714755 29.158745096856464 0
    endloop
  endfacet
  facet normal 0 0 -1
    outer loop
      vertex 16.179613079472762 34.38342799370874 0
      vertex 19.27014696406861 35.052267201754546 0
      vertex 18.30663961586518 33.29965384166682 0
    endloop
  endfacet
  facet normal 0 0 -1
    outer loop
      vertex 18.30663961586518 33.29965384166682 0
      vertex 21.433071799159865 33.773117020080605 0
      vertex 20.361418209201872 32.084461169076576 0
    endloop
  endfacet
  facet normal 0 0 -1
    outer loop
      vertex 18.30663961586518 33.29965384166682 0
      vertex 19.27014696406861 35.052267201754546 0
      vertex 21.433071799159865 33.773117020080605 0
    endloop
  endfacet
  facet normal 0 0 -1
    outer loop
      vertex 13.988733002017758 35.331506463753556 0
      vertex 14.724982107387115 37.19105943553006 0
      vertex 17.031171662602908 36.19308209864078 0
    endloop
  endfacet
  facet normal 0 0 -1
    outer loop
      vertex 13.988733002017758 35.331506463753556 0
      vertex 17.031171662602908 36.19308209864078 0
      vertex 16.179613079472762 34.38342799370874 0
    endloop
  endfacet
  facet normal 0 0 -1
    outer loop
      vertex 16.179613079472762 34.38342799370874 0
      vertex 17.031171662602908 36.19308209864078 0
      vertex 19.27014696406861 35.052267201754546 0
    endloop
  endfacet
  facet normal 0 0 -1
    outer loop
      vertex 20.361418209201872 32.084461169076576 0
      vertex 23.511410091698927 32.3606797749979 0
      vertex 22.33583958711398 30.742645786248005 0
    endloop
  endfacet
  facet normal 0 0 -1
    outer loop
      vertex 20.361418209201872 32.084461169076576 0
      vertex 21.433071799159865 33.773117020080605 0
      vertex 23.511410091698927 32.3606797749979 0
    endloop
  endfacet
  facet normal 0 0 -1
    outer loop
      vertex 24.22211161045021 29.27950322547999 0
      vertex 22.33583958711398 30.742645786248005 0
      vertex 25.49695958994759 30.820529711031565 0
    endloop
  endfacet
  facet normal 0 0 -1
    outer loop
      vertex 22.33583958711398 30.742645786248005 0
      vertex 23.511410091698927 32.3606797749979 0
      vertex 25.49695958994759 30.820529711031565 0
    endloop
  endfacet
  facet normal 0 0 -1
    outer loop
      vertex 30.742645786248005 22.33583958711398 0
      vertex 32.3606797749979 23.511410091698927 0
      vertex 32.084461169076576 20.361418209201872 0
    endloop
  endfacet
  facet normal 0 0 -1
    outer loop
      vertex 32.084461169076576 20.361418209201872 0
      vertex 32.3606797749979 23.511410091698927 0
      vertex 32.23636025315035 20.10457088503479 0
    endloop
  endfacet
  facet normal 0 0 -1
    outer loop
      vertex 32.23636025315035 20.10457088503479 0
      vertex 32.3606797749979 23.511410091698927 0
      vertex 33.773117020080605 21.433071799159865 0
    endloop
  endfacet
  facet normal 0 0 -1
    outer loop
      vertex 29.27950322547999 24.22211161045021 0
      vertex 30.820529711031565 25.49695958994759 0
      vertex 30.742645786248005 22.33583958711398 0
    endloop
  endfacet
  facet normal 0 0 -1
    outer loop
      vertex 30.742645786248005 22.33583958711398 0
      vertex 30.820529711031565 25.49695958994759 0
      vertex 32.3606797749979 23.511410091698927 0
    endloop
  endfacet
  facet normal 0 0 -1
    outer loop
      vertex 26.012790025290172 27.70080784201364 0
      vertex 29.158745096856464 27.38188423714755 0
      vertex 27.70080784201364 26.012790025290172 0
    endloop
  endfacet
  facet normal 0 0 -1
    outer loop
      vertex 29.27950322547999 24.22211161045021 0
      vertex 27.70080784201364 26.012790025290172 0
      vertex 30.820529711031565 25.49695958994759 0
    endloop
  endfacet
  facet normal 0 0 -1
    outer loop
      vertex 27.70080784201364 26.012790025290172 0
      vertex 29.158745096856464 27.38188423714755 0
      vertex 30.820529711031565 25.49695958994759 0
    endloop
  endfacet
  facet normal 0 0 -1
    outer loop
      vertex 26.012790025290172 27.70080784201364 0
      vertex 27.38188423714755 29.158745096856464 0
      vertex 29.158745096856464 27.38188423714755 0
    endloop
  endfacet
  facet normal 0.509041415750371 0.8607420270039438 0
    outer loop
      vertex 19.27014696406861 35.052267201754546 0
      vertex 19.27014696406861 35.052267201754546 100
      vertex 21.433071799159865 33.773117020080605 0
    endloop
  endfacet
  facet normal 0.3971478906347808 0.9177546256839811 0
    outer loop
      vertex 14.724982107387115 37.19105943553006 0
      vertex 14.724982107387115 37.19105943553006 100
      vertex 17.031171662602908 36.19308209864078 0
    endloop
  endfacet
  facet normal 0.45399049973954625 0.8910065241883681 0
    outer loop
      vertex 17.031171662602908 36.19308209864078 0
      vertex 17.031171662602908 36.19308209864078 100
      vertex 19.27014696406861 35.052267201754546 0
    endloop
  endfacet
  facet normal 0.5620833778521305 0.8270805742745618 0
    outer loop
      vertex 21.433071799159865 33.773117020080605 0
      vertex 21.433071799159865 33.773117020080605 100
      vertex 23.511410091698927 32.3606797749979 0
    endloop
  endfacet
  facet normal 0.6129070536529782 0.7901550123756892 0
    outer loop
      vertex 23.511410091698927 32.3606797749979 0
      vertex 23.511410091698927 32.3606797749979 100
      vertex 25.49695958994759 30.820529711031565 0
    endloop
  endfacet
  facet normal 0.6613118653236502 0.750111069630461 0
    outer loop
      vertex 27.38188423714755 29.158745096856464 0
      vertex 25.49695958994759 30.820529711031565 0
      vertex 25.49695958994759 30.820529711031565 100
    endloop
  endfacet
  facet normal 0.8270805742745618 0.5620833778521305 0
    outer loop
      vertex 32.3606797749979 23.511410091698927 0
      vertex 33.773117020080605 21.433071799159865 100
      vertex 33.773117020080605 21.433071799159865 0
    endloop
  endfacet
  facet normal 0.7901550123756892 0.6129070536529782 0
    outer loop
      vertex 32.3606797749979 23.511410091698927 0
      vertex 30.820529711031565 25.49695958994759 0
      vertex 32.3606797749979 23.511410091698927 100
    endloop
  endfacet
  facet normal 0.7071067811865476 0.7071067811865476 0
    outer loop
      vertex 27.38188423714755 29.158745096856464 0
      vertex 29.158745096856464 27.38188423714755 100
      vertex 29.158745096856464 27.38188423714755 0
    endloop
  endfacet
  facet normal 0.750111069630461 0.6613118653236502 0
    outer loop
      vertex 29.158745096856464 27.38188423714755 0
      vertex 30.820529711031565 25.49695958994759 100
      vertex 30.820529711031565 25.49695958994759 0
    endloop
  endfacet
  facet normal -0.27899110603923055 0.9602936856769427 0
    outer loop
      vertex -9.947595486594194 38.74332644514524 0
      vertex -12.360679774997896 38.04226065180614 100
      vertex -9.947595486594194 38.74332644514524 100
    endloop
  endfacet
  facet normal -0.21814324139654243 0.9759167619387474 0
    outer loop
      vertex -7.495252583428983 39.291490029147546 0
      vertex -9.947595486594194 38.74332644514524 100
      vertex -7.495252583428983 39.291490029147546 100
    endloop
  endfacet
  facet normal -0.15643446504023253 0.9876883405951375 0
    outer loop
      vertex -5.013329342572171 39.684588052579116 0
      vertex -7.495252583428983 39.291490029147546 100
      vertex -5.013329342572171 39.684588052579116 100
    endloop
  endfacet
  facet normal -0.09410831331851371 0.9955619646030801 0
    outer loop
      vertex -2.511620781172531 39.921069137130864 0
      vertex -5.013329342572171 39.684588052579116 100
      vertex -2.511620781172531 39.921069137130864 100
    endloop
  endfacet
  facet normal -0.03141075907812769 0.9995065603657316 0
    outer loop
      vertex -2.511620781172531 39.921069137130864 100
      vertex 0 40 100
      vertex 0 40 0
    endloop
  endfacet
  facet normal 0.03141075907812769 0.9995065603657316 0
    outer loop
      vertex 2.511620781172531 39.921069137130864 0
      vertex 0 40 100
      vertex 2.511620781172531 39.921069137130864 100
    endloop
  endfacet
  facet normal 0.09410831331851371 0.9955619646030801 0
    outer loop
      vertex 5.013329342572171 39.684588052579116 0
      vertex 2.511620781172531 39.921069137130864 100
      vertex 5.013329342572171 39.684588052579116 100
    endloop
  endfacet
  facet normal 0.15643446504023253 0.9876883405951375 0
    outer loop
      vertex 7.495252583428983 39.291490029147546 0
      vertex 5.013329342572171 39.684588052579116 100
      vertex 7.495252583428983 39.291490029147546 100
    endloop
  endfacet
  facet normal 0.21814324139654243 0.9759167619387474 0
    outer loop
      vertex 9.947595486594194 38.74332644514524 0
      vertex 7.495252583428983 39.291490029147546 100
      vertex 9.947595486594194 38.74332644514524 100
    endloop
  endfacet
  facet normal 0.33873792024528976 0.940880768954226 0
    outer loop
      vertex 14.724982107387115 37.19105943553006 0
      vertex 12.360679774997896 38.04226065180614 100
      vertex 14.724982107387115 37.19105943553006 100
    endloop
  endfacet
  facet normal 0.27899110603923055 0.9602936856769427 0
    outer loop
      vertex 12.360679774997896 38.04226065180614 0
      vertex 9.947595486594194 38.74332644514524 100
      vertex 12.360679774997896 38.04226065180614 100
    endloop
  endfacet
  facet normal 0 0 1
    outer loop
      vertex -11.742645786248001 36.14014761921583 100
      vertex -9.450215712264484 36.80616012288798 100
      vertex -12.360679774997896 38.04226065180614 100
    endloop
  endfacet
  facet normal 0 0 1
    outer loop
      vertex -12.360679774997896 38.04226065180614 100
      vertex -9.450215712264484 36.80616012288798 100
      vertex -9.947595486594194 38.74332644514524 100
    endloop
  endfacet
  facet normal 0 0 1
    outer loop
      vertex -9.450215712264484 36.80616012288798 100
      vertex -7.1204899542575335 37.32691552769017 100
      vertex -9.947595486594194 38.74332644514524 100
    endloop
  endfacet
  facet normal 0 0 1
    outer loop
      vertex -9.947595486594194 38.74332644514524 100
      vertex -7.1204899542575335 37.32691552769017 100
      vertex -7.495252583428983 39.291490029147546 100
    endloop
  endfacet
  facet normal 0 0 1
    outer loop
      vertex -7.1204899542575335 37.32691552769017 100
      vertex -4.762662875443563 37.70035864995016 100
      vertex -7.495252583428983 39.291490029147546 100
    endloop
  endfacet
  facet normal 0 0 1
    outer loop
      vertex -7.495252583428983 39.291490029147546 100
      vertex -4.762662875443563 37.70035864995016 100
      vertex -5.013329342572171 39.684588052579116 100
    endloop
  endfacet
  facet normal 0 0 1
    outer loop
      vertex -5.013329342572171 39.684588052579116 100
      vertex -4.762662875443563 37.70035864995016 100
      vertex -2.3860397421139043 37.92501568027432 100
    endloop
  endfacet
  facet normal 0 0 1
    outer loop
      vertex -5.013329342572171 39.684588052579116 100
      vertex -2.3860397421139043 37.92501568027432 100
      vertex -2.511620781172531 39.921069137130864 100
    endloop
  endfacet
  facet normal 0 0 1
    outer loop
      vertex -2.511620781172531 39.921069137130864 100
      vertex -2.3860397421139043 37.92501568027432 100
      vertex 0 38 100
    endloop
  endfacet
  facet normal 0 0 1
    outer loop
      vertex -2.511620781172531 39.921069137130864 100
      vertex 0 38 100
      vertex 0 40 100
    endloop
  endfacet
  facet normal 0 0 1
    outer loop
      vertex 0 38 100
      vertex 2.3860397421139043 37.92501568027432 100
      vertex 0 40 100
    endloop
  endfacet
  facet normal 0 0 1
    outer loop
      vertex 0 40 100
      vertex 2.3860397421139043 37.92501568027432 100
      vertex 2.511620781172531 39.921069137130864 100
    endloop
  endfacet
  facet normal 0 0 1
    outer loop
      vertex 2.3860397421139043 37.92501568027432 100
      vertex 4.762662875443563 37.70035864995016 100
      vertex 2.511620781172531 39.921069137130864 100
    endloop
  endfacet
  facet normal 0 0 1
    outer loop
      vertex 2.511620781172531 39.921069137130864 100
      vertex 4.762662875443563 37.70035864995016 100
      vertex 5.013329342572171 39.684588052579116 100
    endloop
  endfacet
  facet normal 0 0 1
    outer loop
      vertex 4.762662875443563 37.70035864995016 100
      vertex 7.1204899542575335 37.32691552769017 100
      vertex 5.013329342572171 39.684588052579116 100
    endloop
  endfacet
  facet normal 0 0 1
    outer loop
      vertex 7.1204899542575335 37.32691552769017 100
      vertex 7.495252583428983 39.291490029147546 100
      vertex 5.013329342572171 39.684588052579116 100
    endloop
  endfacet
  facet normal 0 0 1
    outer loop
      vertex 9.450215712264484 36.80616012288798 100
      vertex 11.742645786248001 36.14014761921583 100
      vertex 9.947595486594194 38.74332644514524 100
    endloop
  endfacet
  facet normal 0 0 1
    outer loop
      vertex 7.1204899542575335 37.32691552769017 100
      vertex 9.450215712264484 36.80616012288798 100
      vertex 7.495252583428983 39.291490029147546 100
    endloop
  endfacet
  facet normal 0 0 1
    outer loop
      vertex 7.495252583428983 39.291490029147546 100
      vertex 9.450215712264484 36.80616012288798 100
      vertex 9.947595486594194 38.74332644514524 100
    endloop
  endfacet
  facet normal 0 0 1
    outer loop
      vertex 11.742645786248001 36.14014761921583 100
      vertex 13.988733002017758 35.331506463753556 100
      vertex 12.360679774997896 38.04226065180614 100
    endloop
  endfacet
  facet normal 0 0 1
    outer loop
      vertex 12.360679774997896 38.04226065180614 100
      vertex 13.988733002017758 35.331506463753556 100
      vertex 14.724982107387115 37.19105943553006 100
    endloop
  endfacet
  facet normal 0 0 1
    outer loop
      vertex 9.947595486594194 38.74332644514524 100
      vertex 11.742645786248001 36.14014761921583 100
      vertex 12.360679774997896 38.04226065180614 100
    endloop
  endfacet
  facet normal 0.9995065603657316 0.03141075907812764 0
    outer loop
      vertex 39.921069137130864 2.511620781172535 0
      vertex 39.921069137130864 2.511620781172535 100
      vertex 40 0 100
    endloop
  endfacet
  facet normal 0.9955619646030801 0.0941083133185139 0
    outer loop
      vertex 39.684588052579116 5.01332934257217 0
      vertex 39.684588052579116 5.01332934257217 100
      vertex 39.921069137130864 2.511620781172535 100
    endloop
  endfacet
  facet normal 0.9876883405951375 0.15643446504023237 0
    outer loop
      vertex 39.291490029147546 7.495252583428985 0
      vertex 39.291490029147546 7.495252583428985 100
      vertex 39.684588052579116 5.01332934257217 100
    endloop
  endfacet
  facet normal 0.9759167619387474 0.21814324139654273 0
    outer loop
      vertex 38.74332644514524 9.947595486594192 0
      vertex 38.74332644514524 9.947595486594192 100
      vertex 39.291490029147546 7.495252583428985 100
    endloop
  endfacet
  facet normal 0.9602936856769427 0.27899110603923033 0
    outer loop
      vertex 38.04226065180614 12.360679774997896 0
      vertex 38.04226065180614 12.360679774997896 100
      vertex 38.74332644514524 9.947595486594192 100
    endloop
  endfacet
  facet normal 0.9408807689542253 0.3387379202452918 0
    outer loop
      vertex 37.19105943553005 14.724982107387119 0
      vertex 37.19105943553005 14.724982107387119 100
      vertex 38.04226065180614 12.360679774997896 100
    endloop
  endfacet
  facet normal 0.9177546256839828 0.3971478906347765 0
    outer loop
      vertex 36.19308209864079 17.031171662602908 0
      vertex 36.19308209864079 17.031171662602908 100
      vertex 37.19105943553005 14.724982107387119 100
    endloop
  endfacet
  facet normal 0.8910065241883672 0.4539904997395479 0
    outer loop
      vertex 35.052267201754546 19.270146964068612 0
      vertex 35.052267201754546 19.270146964068612 100
      vertex 36.19308209864079 17.031171662602908 100
    endloop
  endfacet
  facet normal 0 0 1
    outer loop
      vertex 38.04226065180614 -12.360679774997896 100
      vertex 38.04226065180614 12.360679774997896 100
      vertex 38 0 100
    endloop
  endfacet
  facet normal 0 0 1
    outer loop
      vertex 39.921069137130864 -2.5116207811725504 100
      vertex 39.921069137130864 2.511620781172535 100
      vertex 39.684588052579116 5.01332934257217 100
    endloop
  endfacet
  facet normal 0 0 1
    outer loop
      vertex 39.684588052579116 -5.013329342572162 100
      vertex 39.684588052579116 5.01332934257217 100
      vertex 39.291490029147546 7.495252583428985 100
    endloop
  endfacet
  facet normal 0 0 1
    outer loop
      vertex 38 0 100
      vertex 38.04226065180614 12.360679774997896 100
      vertex 37.92501568027432 2.3860397421139083 100
    endloop
  endfacet
  facet normal 0 0 1
    outer loop
      vertex 39.291490029147546 -7.495252583428993 100
      vertex 39.291490029147546 7.495252583428985 100
      vertex 38.74332644514524 9.947595486594192 100
    endloop
  endfacet
  facet normal 0 0 1
    outer loop
      vertex 38.74332644514525 -9.947595486594178 100
      vertex 38.74332644514524 9.947595486594192 100
      vertex 38.04226065180614 12.360679774997896 100
    endloop
  endfacet
  facet normal 0 0 1
    outer loop
      vertex 37.92501568027432 2.3860397421139083 100
      vertex 38.04226065180614 12.360679774997896 100
      vertex 37.70035864995016 4.762662875443562 100
    endloop
  endfacet
  facet normal 0 0 1
    outer loop
      vertex 37.70035864995016 4.762662875443562 100
      vertex 37.19105943553005 14.724982107387119 100
      vertex 37.32691552769017 7.120489954257536 100
    endloop
  endfacet
  facet normal 0 0 1
    outer loop
      vertex 36.80616012288798 9.450215712264482 100
      vertex 36.19308209864079 17.031171662602908 100
      vertex 36.14014761921583 11.742645786248001 100
    endloop
  endfacet
  facet normal 0 0 1
    outer loop
      vertex 36.80616012288798 9.450215712264482 100
      vertex 37.19105943553005 14.724982107387119 100
      vertex 36.19308209864079 17.031171662602908 100
    endloop
  endfacet
  facet normal 0 0 1
    outer loop
      vertex 36.14014761921583 11.742645786248001 100
      vertex 36.19308209864079 17.031171662602908 100
      vertex 35.33150646375355 13.988733002017764 100
    endloop
  endfacet
  facet normal 0 0 1
    outer loop
      vertex 37.32691552769017 7.120489954257536 100
      vertex 37.19105943553005 14.724982107387119 100
      vertex 36.80616012288798 9.450215712264482 100
    endloop
  endfacet
  facet normal 0 0 1
    outer loop
      vertex 37.70035864995016 4.762662875443562 100
      vertex 38.04226065180614 12.360679774997896 100
      vertex 37.19105943553005 14.724982107387119 100
    endloop
  endfacet
  facet normal 0 0 1
    outer loop
      vertex 34.38342799370874 16.179613079472762 100
      vertex 35.33150646375355 13.988733002017764 100
      vertex 35.052267201754546 19.270146964068612 100
    endloop
  endfacet
  facet normal 0 0 1
    outer loop
      vertex 35.33150646375355 13.988733002017764 100
      vertex 36.19308209864079 17.031171662602908 100
      vertex 35.052267201754546 19.270146964068612 100
    endloop
  endfacet
  facet normal 0 0 1
    outer loop
      vertex 34.38342799370874 16.179613079472762 100
      vertex 33.773117020080605 21.433071799159865 100
      vertex 33.29965384166682 18.306639615865183 100
    endloop
  endfacet
  facet normal 0 0 1
    outer loop
      vertex 34.38342799370874 16.179613079472762 100
      vertex 35.052267201754546 19.270146964068612 100
      vertex 33.773117020080605 21.433071799159865 100
    endloop
  endfacet
  facet normal 0.6613118653236502 0.750111069630461 0
    outer loop
      vertex 27.38188423714755 29.158745096856464 0
      vertex 25.49695958994759 30.820529711031565 100
      vertex 27.38188423714755 29.158745096856464 100
    endloop
  endfacet
  facet normal 0.3971478906347808 0.9177546256839811 0
    outer loop
      vertex 17.031171662602908 36.19308209864078 0
      vertex 14.724982107387115 37.19105943553006 100
      vertex 17.031171662602908 36.19308209864078 100
    endloop
  endfacet
  facet normal 0.45399049973954625 0.8910065241883681 0
    outer loop
      vertex 19.27014696406861 35.052267201754546 0
      vertex 17.031171662602908 36.19308209864078 100
      vertex 19.27014696406861 35.052267201754546 100
    endloop
  endfacet
  facet normal 0.509041415750371 0.8607420270039438 0
    outer loop
      vertex 21.433071799159865 33.773117020080605 0
      vertex 19.27014696406861 35.052267201754546 100
      vertex 21.433071799159865 33.773117020080605 100
    endloop
  endfacet
  facet normal 0.5620833778521305 0.8270805742745618 0
    outer loop
      vertex 23.511410091698927 32.3606797749979 0
      vertex 21.433071799159865 33.773117020080605 100
      vertex 23.511410091698927 32.3606797749979 100
    endloop
  endfacet
  facet normal 0.6129070536529782 0.7901550123756892 0
    outer loop
      vertex 25.49695958994759 30.820529711031565 0
      vertex 23.511410091698927 32.3606797749979 100
      vertex 25.49695958994759 30.820529711031565 100
    endloop
  endfacet
  facet normal 0.7901550123756892 0.6129070536529782 0
    outer loop
      vertex 30.820529711031565 25.49695958994759 0
      vertex 30.820529711031565 25.49695958994759 100
      vertex 32.3606797749979 23.511410091698927 100
    endloop
  endfacet
  facet normal 0.8270805742745618 0.5620833778521305 0
    outer loop
      vertex 32.3606797749979 23.511410091698927 0
      vertex 32.3606797749979 23.511410091698927 100
      vertex 33.773117020080605 21.433071799159865 100
    endloop
  endfacet
  facet normal 0.750111069630461 0.6613118653236502 0
    outer loop
      vertex 29.158745096856464 27.38188423714755 0
      vertex 29.158745096856464 27.38188423714755 100
      vertex 30.820529711031565 25.49695958994759 100
    endloop
  endfacet
  facet normal 0.7071067811865476 0.7071067811865476 0
    outer loop
      vertex 27.38188423714755 29.158745096856464 0
      vertex 27.38188423714755 29.158745096856464 100
      vertex 29.158745096856464 27.38188423714755 100
    endloop
  endfacet
  facet normal 0.8607420270039435 0.5090414157503717 0
    outer loop
      vertex 33.773117020080605 21.433071799159865 0
      vertex 33.773117020080605 21.433071799159865 100
      vertex 35.052267201754546 19.270146964068612 100
    endloop
  endfacet
  facet normal 0 0 1
    outer loop
      vertex 24.22211161045021 29.27950322547999 100
      vertex 26.012790025290172 27.70080784201364 100
      vertex 25.49695958994759 30.820529711031565 100
    endloop
  endfacet
  facet normal 0 0 1
    outer loop
      vertex 26.012790025290172 27.70080784201364 100
      vertex 27.38188423714755 29.158745096856464 100
      vertex 25.49695958994759 30.820529711031565 100
    endloop
  endfacet
  facet normal 0 0 1
    outer loop
      vertex 16.179613079472762 34.38342799370874 100
      vertex 18.30663961586518 33.29965384166682 100
      vertex 17.031171662602908 36.19308209864078 100
    endloop
  endfacet
  facet normal 0 0 1
    outer loop
      vertex 18.30663961586518 33.29965384166682 100
      vertex 19.27014696406861 35.052267201754546 100
      vertex 17.031171662602908 36.19308209864078 100
    endloop
  endfacet
  facet normal 0 0 1
    outer loop
      vertex 18.30663961586518 33.29965384166682 100
      vertex 20.361418209201872 32.084461169076576 100
      vertex 19.27014696406861 35.052267201754546 100
    endloop
  endfacet
  facet normal 0 0 1
    outer loop
      vertex 19.27014696406861 35.052267201754546 100
      vertex 20.361418209201872 32.084461169076576 100
      vertex 21.433071799159865 33.773117020080605 100
    endloop
  endfacet
  facet normal 0 0 1
    outer loop
      vertex 13.988733002017758 35.331506463753556 100
      vertex 16.179613079472762 34.38342799370874 100
      vertex 14.724982107387115 37.19105943553006 100
    endloop
  endfacet
  facet normal 0 0 1
    outer loop
      vertex 14.724982107387115 37.19105943553006 100
      vertex 16.179613079472762 34.38342799370874 100
      vertex 17.031171662602908 36.19308209864078 100
    endloop
  endfacet
  facet normal 0 0 1
    outer loop
      vertex 20.361418209201872 32.084461169076576 100
      vertex 22.33583958711398 30.742645786248005 100
      vertex 21.433071799159865 33.773117020080605 100
    endloop
  endfacet
  facet normal 0 0 1
    outer loop
      vertex 24.22211161045021 29.27950322547999 100
      vertex 23.511410091698927 32.3606797749979 100
      vertex 22.33583958711398 30.742645786248005 100
    endloop
  endfacet
  facet normal 0 0 1
    outer loop
      vertex 22.33583958711398 30.742645786248005 100
      vertex 23.511410091698927 32.3606797749979 100
      vertex 21.433071799159865 33.773117020080605 100
    endloop
  endfacet
  facet normal 0 0 1
    outer loop
      vertex 24.22211161045021 29.27950322547999 100
      vertex 25.49695958994759 30.820529711031565 100
      vertex 23.511410091698927 32.3606797749979 100
    endloop
  endfacet
  facet normal 0 0 1
    outer loop
      vertex 33.29965384166682 18.306639615865183 100
      vertex 32.3606797749979 23.511410091698927 100
      vertex 32.084461169076576 20.361418209201872 100
    endloop
  endfacet
  facet normal 0 0 1
    outer loop
      vertex 33.29965384166682 18.306639615865183 100
      vertex 33.773117020080605 21.433071799159865 100
      vertex 32.3606797749979 23.511410091698927 100
    endloop
  endfacet
  facet normal 0 0 1
    outer loop
      vertex 30.742645786248005 22.33583958711398 100
      vertex 32.084461169076576 20.361418209201872 100
      vertex 30.820529711031565 25.49695958994759 100
    endloop
  endfacet
  facet normal 0 0 1
    outer loop
      vertex 32.084461169076576 20.361418209201872 100
      vertex 32.3606797749979 23.511410091698927 100
      vertex 30.820529711031565 25.49695958994759 100
    endloop
  endfacet
  facet normal 0 0 1
    outer loop
      vertex 29.27950322547999 24.22211161045021 100
      vertex 30.742645786248005 22.33583958711398 100
      vertex 30.820529711031565 25.49695958994759 100
    endloop
  endfacet
  facet normal 0 0 1
    outer loop
      vertex 29.27950322547999 24.22211161045021 100
      vertex 29.158745096856464 27.38188423714755 100
      vertex 27.70080784201364 26.012790025290172 100
    endloop
  endfacet
  facet normal 0 0 1
    outer loop
      vertex 29.27950322547999 24.22211161045021 100
      vertex 30.820529711031565 25.49695958994759 100
      vertex 29.158745096856464 27.38188423714755 100
    endloop
  endfacet
  facet normal 0 0 1
    outer loop
      vertex 26.012790025290172 27.70080784201364 100
      vertex 27.70080784201364 26.012790025290172 100
      vertex 27.38188423714755 29.158745096856464 100
    endloop
  endfacet
  facet normal 0 0 1
    outer loop
      vertex 27.38188423714755 29.158745096856464 100
      vertex 27.70080784201364 26.012790025290172 100
      vertex 29.158745096856464 27.38188423714755 100
    endloop
  endfacet
  facet normal 0.397147890634783 0.9177546256839801 0
    outer loop
      vertex -16.007779347907654 -34.45778708939853 7
      vertex -13.988733002017758 -35.331506463753556 7
      vertex -13.988733002017758 -35.331506463753556 0
    endloop
  endfacet
  facet normal 0.45399049973954686 0.8910065241883678 0
    outer loop
      vertex -18.04076129881613 -33.43512561067205 0
      vertex -16.17961307947275 -34.38342799370874 7
      vertex -16.17961307947275 -34.38342799370874 0
    endloop
  endfacet
  facet normal 0.3971478906347826 0.9177546256839803 -1.258056760258479e-16
    outer loop
      vertex -16.158133863027114 -34.392722880669965 0
      vertex -16.007779347907654 -34.45778708939853 7
      vertex -13.988733002017758 -35.331506463753556 0
    endloop
  endfacet
  facet normal 0.8270805742745628 0.5620833778521293 0
    outer loop
      vertex -32.08446116907657 -20.361418209201876 7
      vertex -32.08446116907657 -20.361418209201876 100
      vertex -30.742645786248005 -22.33583958711398 7
    endloop
  endfacet
  facet normal 0.661311865323653 0.7501110696304585 0
    outer loop
      vertex -26.012790025290162 -27.700807842013642 7
      vertex -26.012790025290162 -27.700807842013642 100
      vertex -24.222111610450206 -29.279503225479996 7
    endloop
  endfacet
  facet normal 0.7071067811865476 0.7071067811865476 0
    outer loop
      vertex -27.700807842013642 -26.012790025290162 7
      vertex -27.700807842013642 -26.012790025290162 100
      vertex -26.012790025290162 -27.700807842013642 7
    endloop
  endfacet
  facet normal 0.7901550123756901 0.6129070536529769 0
    outer loop
      vertex -30.742645786248005 -22.33583958711398 7
      vertex -30.742645786248005 -22.33583958711398 100
      vertex -29.279503225479996 -24.222111610450206 7
    endloop
  endfacet
  facet normal 0.7501110696304585 0.661311865323653 0
    outer loop
      vertex -27.700807842013642 -26.012790025290162 7
      vertex -29.279503225479996 -24.222111610450206 7
      vertex -29.279503225479996 -24.222111610450206 100
    endloop
  endfacet
  facet normal 0.5620833778521293 0.8270805742745628 0
    outer loop
      vertex -22.33583958711398 -30.742645786248005 7
      vertex -22.33583958711398 -30.742645786248005 100
      vertex -20.361418209201876 -32.08446116907657 7
    endloop
  endfacet
  facet normal 0.5090414157503703 0.8607420270039441 0
    outer loop
      vertex -20.361418209201876 -32.08446116907657 7
      vertex -20.361418209201876 -32.08446116907657 100
      vertex -18.306639615865183 -33.29965384166681 7
    endloop
  endfacet
  facet normal 0.33873792024528937 0.9408807689542262 0
    outer loop
      vertex -13.988733002017758 -35.331506463753556 7
      vertex -13.988733002017758 -35.331506463753556 100
      vertex -11.742645786248001 -36.14014761921583 7
    endloop
  endfacet
  facet normal 0.4539904997395472 0.8910065241883677 0
    outer loop
      vertex -18.306639615865183 -33.29965384166681 7
      vertex -18.306639615865183 -33.29965384166681 100
      vertex -16.17961307947275 -34.38342799370874 7
    endloop
  endfacet
  facet normal 0.3971478906347676 0.9177546256839867 0
    outer loop
      vertex -16.17961307947275 -34.38342799370874 7
      vertex -16.17961307947275 -34.38342799370874 100
      vertex -16.007779347907654 -34.45778708939853 7
    endloop
  endfacet
  facet normal 0.397147890634783 0.91775462568398 3.377901109527695e-17
    outer loop
      vertex -16.007779347907654 -34.45778708939853 7
      vertex -16.17961307947275 -34.38342799370874 100
      vertex -13.988733002017758 -35.331506463753556 7
    endloop
  endfacet
  facet normal 0.6129070536529769 0.7901550123756901 0
    outer loop
      vertex -22.33583958711398 -30.742645786248005 7
      vertex -24.222111610450206 -29.279503225479996 7
      vertex -24.222111610450206 -29.279503225479996 100
    endloop
  endfacet
  facet normal 0.9995065603657315 0.031410759078127834 -4.2162854057425524e-17
    outer loop
      vertex -37.92501568027432 -2.3860397421139043 7
      vertex -38 0 7
      vertex -37.9815281042851 -0.5877852522924731 49.19098300562505
    endloop
  endfacet
  facet normal 0.8607420270039441 0.5090414157503703 0
    outer loop
      vertex -32.08446116907657 -20.361418209201876 7
      vertex -33.29965384166681 -18.306639615865183 7
      vertex -33.29965384166681 -18.306639615865183 100
    endloop
  endfacet
  facet normal 0.8910065241883677 0.4539904997395472 0
    outer loop
      vertex -33.29965384166681 -18.306639615865183 7
      vertex -34.38342799370874 -16.17961307947275 7
      vertex -34.38342799370874 -16.17961307947275 100
    endloop
  endfacet
  facet normal 0.9177546256839807 0.3971478906347818 0
    outer loop
      vertex -35.331506463753556 -13.988733002017758 7
      vertex -35.331506463753556 -13.988733002017758 100
      vertex -34.38342799370874 -16.17961307947275 7
    endloop
  endfacet
  facet normal 0.9602936856769427 0.27899110603923066 0
    outer loop
      vertex -36.14014761921583 -11.742645786248001 7
      vertex -36.80616012288798 -9.450215712264484 7
      vertex -36.80616012288798 -9.450215712264484 100
    endloop
  endfacet
  facet normal 0.9408807689542262 0.33873792024528937 0
    outer loop
      vertex -35.331506463753556 -13.988733002017758 7
      vertex -36.14014761921583 -11.742645786248001 7
      vertex -36.14014761921583 -11.742645786248001 100
    endloop
  endfacet
  facet normal 0.9995065603657319 0.031410759078114935 5.080408333302254e-16
    outer loop
      vertex -37.92501568027432 -2.3860397421139043 7
      vertex -37.9815281042851 -0.5877852522924731 49.19098300562505
      vertex -37.97011184489665 -0.9510565162951535 50.30901699437495
    endloop
  endfacet
  facet normal 0.9995065603657315 0.03141075907813085 0
    outer loop
      vertex -38 0 7
      vertex -38 0 49.19098300562505
      vertex -37.9815281042851 -0.5877852522924731 49.19098300562505
    endloop
  endfacet
  facet normal 0.9759167619387473 0.21814324139654315 0
    outer loop
      vertex -36.80616012288798 -9.450215712264484 7
      vertex -37.32691552769017 -7.120489954257543 7
      vertex -37.32691552769017 -7.120489954257543 100
    endloop
  endfacet
  facet normal 0.9876883405951375 0.15643446504023187 0
    outer loop
      vertex -37.32691552769017 -7.120489954257543 7
      vertex -37.70035864995016 -4.762662875443555 7
      vertex -37.70035864995016 -4.762662875443555 100
    endloop
  endfacet
  facet normal 0.9955619646030801 0.09410831331851358 0
    outer loop
      vertex -37.70035864995016 -4.762662875443555 7
      vertex -37.92501568027432 -2.3860397421139043 7
      vertex -37.92501568027432 -2.3860397421139043 100
    endloop
  endfacet
  facet normal 0.7501110696304585 0.661311865323653 0
    outer loop
      vertex -27.700807842013642 -26.012790025290162 7
      vertex -29.279503225479996 -24.222111610450206 100
      vertex -27.700807842013642 -26.012790025290162 100
    endloop
  endfacet
  facet normal 0.7071067811865476 0.7071067811865476 0
    outer loop
      vertex -26.012790025290162 -27.700807842013642 7
      vertex -27.700807842013642 -26.012790025290162 100
      vertex -26.012790025290162 -27.700807842013642 100
    endloop
  endfacet
  facet normal 0.7901550123756901 0.6129070536529769 0
    outer loop
      vertex -29.279503225479996 -24.222111610450206 7
      vertex -30.742645786248005 -22.33583958711398 100
      vertex -29.279503225479996 -24.222111610450206 100
    endloop
  endfacet
  facet normal 0.8270805742745628 0.5620833778521293 0
    outer loop
      vertex -30.742645786248005 -22.33583958711398 7
      vertex -32.08446116907657 -20.361418209201876 100
      vertex -30.742645786248005 -22.33583958711398 100
    endloop
  endfacet
  facet normal 0.6129070536529769 0.7901550123756901 0
    outer loop
      vertex -22.33583958711398 -30.742645786248005 7
      vertex -24.222111610450206 -29.279503225479996 100
      vertex -22.33583958711398 -30.742645786248005 100
    endloop
  endfacet
  facet normal 0.5090414157503703 0.8607420270039441 0
    outer loop
      vertex -18.306639615865183 -33.29965384166681 7
      vertex -20.361418209201876 -32.08446116907657 100
      vertex -18.306639615865183 -33.29965384166681 100
    endloop
  endfacet
  facet normal 0.5620833778521293 0.8270805742745628 0
    outer loop
      vertex -20.361418209201876 -32.08446116907657 7
      vertex -22.33583958711398 -30.742645786248005 100
      vertex -20.361418209201876 -32.08446116907657 100
    endloop
  endfacet
  facet normal 0.3971478906347818 0.9177546256839807 0
    outer loop
      vertex -13.988733002017758 -35.331506463753556 7
      vertex -16.17961307947275 -34.38342799370874 100
      vertex -13.988733002017758 -35.331506463753556 100
    endloop
  endfacet
  facet normal 0.33873792024528937 0.9408807689542262 0
    outer loop
      vertex -11.742645786248001 -36.14014761921583 7
      vertex -13.988733002017758 -35.331506463753556 100
      vertex -11.742645786248001 -36.14014761921583 100
    endloop
  endfacet
  facet normal 0.4539904997395472 0.8910065241883677 0
    outer loop
      vertex -16.17961307947275 -34.38342799370874 7
      vertex -18.306639615865183 -33.29965384166681 100
      vertex -16.17961307947275 -34.38342799370874 100
    endloop
  endfacet
  facet normal 0.661311865323653 0.7501110696304585 0
    outer loop
      vertex -24.222111610450206 -29.279503225479996 7
      vertex -26.012790025290162 -27.700807842013642 100
      vertex -24.222111610450206 -29.279503225479996 100
    endloop
  endfacet
  facet normal 0.8910065241883677 0.4539904997395472 0
    outer loop
      vertex -33.29965384166681 -18.306639615865183 7
      vertex -34.38342799370874 -16.17961307947275 100
      vertex -33.29965384166681 -18.306639615865183 100
    endloop
  endfacet
  facet normal 0.8607420270039441 0.5090414157503703 0
    outer loop
      vertex -32.08446116907657 -20.361418209201876 7
      vertex -33.29965384166681 -18.306639615865183 100
      vertex -32.08446116907657 -20.361418209201876 100
    endloop
  endfacet
  facet normal 0.9177546256839807 0.3971478906347818 0
    outer loop
      vertex -34.38342799370874 -16.17961307947275 7
      vertex -35.331506463753556 -13.988733002017758 100
      vertex -34.38342799370874 -16.17961307947275 100
    endloop
  endfacet
  facet normal 0.9408807689542262 0.33873792024528937 0
    outer loop
      vertex -35.331506463753556 -13.988733002017758 7
      vertex -36.14014761921583 -11.742645786248001 100
      vertex -35.331506463753556 -13.988733002017758 100
    endloop
  endfacet
  facet normal 0.9602936856769427 0.27899110603923066 0
    outer loop
      vertex -36.14014761921583 -11.742645786248001 7
      vertex -36.80616012288798 -9.450215712264484 100
      vertex -36.14014761921583 -11.742645786248001 100
    endloop
  endfacet
  facet normal 0.9995065603657313 0.0314107590781386 -2.7634653534089966e-16
    outer loop
      vertex -37.92501568027432 -2.3860397421139043 7
      vertex -37.97011184489665 -0.9510565162951535 50.30901699437495
      vertex -38 0 100
    endloop
  endfacet
  facet normal 0.9759167619387473 0.21814324139654315 0
    outer loop
      vertex -36.80616012288798 -9.450215712264484 7
      vertex -37.32691552769017 -7.120489954257543 100
      vertex -36.80616012288798 -9.450215712264484 100
    endloop
  endfacet
  facet normal 0.9876883405951375 0.15643446504023187 0
    outer loop
      vertex -37.32691552769017 -7.120489954257543 7
      vertex -37.70035864995016 -4.762662875443555 100
      vertex -37.32691552769017 -7.120489954257543 100
    endloop
  endfacet
  facet normal 0.9995065603657317 0.03141075907812418 0
    outer loop
      vertex -38 0 100
      vertex -37.97011184489665 -0.9510565162951535 50.30901699437495
      vertex -38 0 51
    endloop
  endfacet
  facet normal 0.9955619646030801 0.09410831331851358 0
    outer loop
      vertex -37.70035864995016 -4.762662875443555 7
      vertex -37.92501568027432 -2.3860397421139043 100
      vertex -37.70035864995016 -4.762662875443555 100
    endloop
  endfacet
  facet normal 0.9995065603657315 0.031410759078127834 0
    outer loop
      vertex -37.92501568027432 -2.3860397421139043 7
      vertex -38 0 100
      vertex -37.92501568027432 -2.3860397421139043 100
    endloop
  endfacet
  facet normal 0.940880768954226 -0.3387379202452899 0
    outer loop
      vertex -36.132219764750516 11.764666249147705 0
      vertex -35.331506463753556 13.988733002017758 0
      vertex -35.331506463753556 13.988733002017758 7
    endloop
  endfacet
  facet normal 0.9408807689542266 -0.3387379202452885 -5.28981639329394e-16
    outer loop
      vertex -36.132219764750516 11.764666249147705 0
      vertex -35.331506463753556 13.988733002017758 7
      vertex -36.0767247834933 11.91880948944563 7
    endloop
  endfacet
  facet normal 0.9995065603657315 -0.03141075907813085 0
    outer loop
      vertex -38 0 7
      vertex -37.9815281042851 0.5877852522924731 49.19098300562505
      vertex -38 0 49.19098300562505
    endloop
  endfacet
  facet normal 0.999506560365732 -0.03141075907811259 -2.54591031014243e-16
    outer loop
      vertex -38 0 7
      vertex -37.97011184489665 0.9510565162951535 50.30901699437495
      vertex -37.9815281042851 0.5877852522924731 49.19098300562505
    endloop
  endfacet
  facet normal 0.9995065603657315 -0.031410759078127834 0
    outer loop
      vertex -38 0 7
      vertex -37.92501568027432 2.3860397421139043 7
      vertex -37.92501568027432 2.3860397421139043 100
    endloop
  endfacet
  facet normal 0.9955619646030801 -0.09410831331851358 0
    outer loop
      vertex -37.92501568027432 2.3860397421139043 7
      vertex -37.70035864995016 4.762662875443555 7
      vertex -37.70035864995016 4.762662875443555 100
    endloop
  endfacet
  facet normal 0.9876883405951375 -0.15643446504023187 0
    outer loop
      vertex -37.70035864995016 4.762662875443555 7
      vertex -37.32691552769017 7.120489954257543 7
      vertex -37.32691552769017 7.120489954257543 100
    endloop
  endfacet
  facet normal 0.9759167619387473 -0.21814324139654315 0
    outer loop
      vertex -37.32691552769017 7.120489954257543 7
      vertex -36.80616012288798 9.450215712264484 7
      vertex -36.80616012288798 9.450215712264484 100
    endloop
  endfacet
  facet normal 0.9602936856769427 -0.27899110603923066 0
    outer loop
      vertex -36.80616012288798 9.450215712264484 7
      vertex -36.14014761921583 11.742645786248001 7
      vertex -36.14014761921583 11.742645786248001 100
    endloop
  endfacet
  facet normal 0.9408807689542225 -0.3387379202452997 2.821361378530188e-16
    outer loop
      vertex -36.14014761921583 11.742645786248001 7
      vertex -36.0767247834933 11.91880948944563 7
      vertex -35.331506463753556 13.988733002017758 100
    endloop
  endfacet
  facet normal 0.9408807689542266 -0.3387379202452884 0
    outer loop
      vertex -36.0767247834933 11.91880948944563 7
      vertex -35.331506463753556 13.988733002017758 7
      vertex -35.331506463753556 13.988733002017758 100
    endloop
  endfacet
  facet normal 0.9177546256839807 -0.3971478906347818 0
    outer loop
      vertex -35.331506463753556 13.988733002017758 7
      vertex -34.38342799370874 16.17961307947275 7
      vertex -34.38342799370874 16.17961307947275 100
    endloop
  endfacet
  facet normal 0.8910065241883677 -0.4539904997395472 0
    outer loop
      vertex -34.38342799370874 16.17961307947275 7
      vertex -33.29965384166681 18.306639615865183 7
      vertex -33.29965384166681 18.306639615865183 100
    endloop
  endfacet
  facet normal 0.8607420270039441 -0.5090414157503703 0
    outer loop
      vertex -33.29965384166681 18.306639615865183 7
      vertex -32.08446116907657 20.361418209201876 7
      vertex -32.08446116907657 20.361418209201876 100
    endloop
  endfacet
  facet normal 0.8270805742745628 -0.5620833778521293 0
    outer loop
      vertex -32.08446116907657 20.361418209201876 7
      vertex -30.742645786248005 22.33583958711398 7
      vertex -30.742645786248005 22.33583958711398 100
    endloop
  endfacet
  facet normal 0.7901550123756901 -0.6129070536529769 0
    outer loop
      vertex -30.742645786248005 22.33583958711398 7
      vertex -29.279503225479996 24.222111610450206 7
      vertex -29.279503225479996 24.222111610450206 100
    endloop
  endfacet
  facet normal 0.7501110696304585 -0.661311865323653 0
    outer loop
      vertex -29.279503225479996 24.222111610450206 7
      vertex -27.700807842013642 26.012790025290162 7
      vertex -27.700807842013642 26.012790025290162 100
    endloop
  endfacet
  facet normal 0.7071067811865476 -0.7071067811865476 0
    outer loop
      vertex -27.700807842013642 26.012790025290162 7
      vertex -26.012790025290162 27.700807842013642 7
      vertex -26.012790025290162 27.700807842013642 100
    endloop
  endfacet
  facet normal 0.661311865323653 -0.7501110696304585 0
    outer loop
      vertex -26.012790025290162 27.700807842013642 7
      vertex -24.222111610450206 29.279503225479996 7
      vertex -24.222111610450206 29.279503225479996 100
    endloop
  endfacet
  facet normal 0.6129070536529769 -0.7901550123756901 0
    outer loop
      vertex -24.222111610450206 29.279503225479996 7
      vertex -22.33583958711398 30.742645786248005 7
      vertex -22.33583958711398 30.742645786248005 100
    endloop
  endfacet
  facet normal 0.5620833778521293 -0.8270805742745628 0
    outer loop
      vertex -22.33583958711398 30.742645786248005 7
      vertex -20.361418209201876 32.08446116907657 7
      vertex -20.361418209201876 32.08446116907657 100
    endloop
  endfacet
  facet normal 0.509041415750372 -0.8607420270039432 0
    outer loop
      vertex -20.361418209201876 32.08446116907657 7
      vertex -18.30663961586518 33.29965384166682 7
      vertex -18.30663961586518 33.29965384166682 100
    endloop
  endfacet
  facet normal 0.4539904997395472 -0.8910065241883677 0
    outer loop
      vertex -18.30663961586518 33.29965384166682 7
      vertex -16.179613079472762 34.38342799370874 7
      vertex -16.179613079472762 34.38342799370874 100
    endloop
  endfacet
  facet normal 0.3971478906347802 -0.9177546256839814 0
    outer loop
      vertex -16.179613079472762 34.38342799370874 7
      vertex -13.988733002017758 35.331506463753556 7
      vertex -13.988733002017758 35.331506463753556 100
    endloop
  endfacet
  facet normal 0.33873792024528937 -0.9408807689542262 0
    outer loop
      vertex -13.988733002017758 35.331506463753556 7
      vertex -11.742645786248001 36.14014761921583 7
      vertex -11.742645786248001 36.14014761921583 100
    endloop
  endfacet
  facet normal 0.9995065603657308 -0.03141075907814956 5.580506386595997e-16
    outer loop
      vertex -38 0 7
      vertex -37.92501568027432 2.3860397421139043 100
      vertex -37.97011184489665 0.9510565162951535 50.30901699437495
    endloop
  endfacet
  facet normal 0.9995065603657317 -0.031410759078124295 -1.724866486923011e-16
    outer loop
      vertex -37.92501568027432 2.3860397421139043 100
      vertex -38 0 51
      vertex -37.97011184489665 0.9510565162951535 50.30901699437495
    endloop
  endfacet
  facet normal 0.9955619646030801 -0.09410831331851358 0
    outer loop
      vertex -37.92501568027432 2.3860397421139043 7
      vertex -37.70035864995016 4.762662875443555 100
      vertex -37.92501568027432 2.3860397421139043 100
    endloop
  endfacet
  facet normal 0.9876883405951375 -0.15643446504023187 0
    outer loop
      vertex -37.70035864995016 4.762662875443555 7
      vertex -37.32691552769017 7.120489954257543 100
      vertex -37.70035864995016 4.762662875443555 100
    endloop
  endfacet
  facet normal 0.9759167619387473 -0.21814324139654315 0
    outer loop
      vertex -37.32691552769017 7.120489954257543 7
      vertex -36.80616012288798 9.450215712264484 100
      vertex -37.32691552769017 7.120489954257543 100
    endloop
  endfacet
  facet normal 0.9602936856769427 -0.27899110603923066 0
    outer loop
      vertex -36.80616012288798 9.450215712264484 7
      vertex -36.14014761921583 11.742645786248001 100
      vertex -36.80616012288798 9.450215712264484 100
    endloop
  endfacet
  facet normal 0.9408807689542262 -0.33873792024528937 0
    outer loop
      vertex -36.14014761921583 11.742645786248001 7
      vertex -35.331506463753556 13.988733002017758 100
      vertex -36.14014761921583 11.742645786248001 100
    endloop
  endfacet
  facet normal 0.9177546256839807 -0.3971478906347818 0
    outer loop
      vertex -35.331506463753556 13.988733002017758 7
      vertex -34.38342799370874 16.17961307947275 100
      vertex -35.331506463753556 13.988733002017758 100
    endloop
  endfacet
  facet normal 0.8910065241883677 -0.4539904997395472 0
    outer loop
      vertex -34.38342799370874 16.17961307947275 7
      vertex -33.29965384166681 18.306639615865183 100
      vertex -34.38342799370874 16.17961307947275 100
    endloop
  endfacet
  facet normal 0.8607420270039441 -0.5090414157503703 0
    outer loop
      vertex -33.29965384166681 18.306639615865183 7
      vertex -32.08446116907657 20.361418209201876 100
      vertex -33.29965384166681 18.306639615865183 100
    endloop
  endfacet
  facet normal 0.9995065603657316 -0.031410759078127834 0
    outer loop
      vertex -38 0 100
      vertex -38 0 51
      vertex -37.92501568027432 2.3860397421139043 100
    endloop
  endfacet
  facet normal 0.8270805742745628 -0.5620833778521293 0
    outer loop
      vertex -32.08446116907657 20.361418209201876 7
      vertex -30.742645786248005 22.33583958711398 100
      vertex -32.08446116907657 20.361418209201876 100
    endloop
  endfacet
  facet normal 0.7901550123756901 -0.6129070536529769 0
    outer loop
      vertex -30.742645786248005 22.33583958711398 7
      vertex -29.279503225479996 24.222111610450206 100
      vertex -30.742645786248005 22.33583958711398 100
    endloop
  endfacet
  facet normal 0.7501110696304585 -0.661311865323653 0
    outer loop
      vertex -29.279503225479996 24.222111610450206 7
      vertex -27.700807842013642 26.012790025290162 100
      vertex -29.279503225479996 24.222111610450206 100
    endloop
  endfacet
  facet normal 0.7071067811865476 -0.7071067811865476 0
    outer loop
      vertex -27.700807842013642 26.012790025290162 7
      vertex -26.012790025290162 27.700807842013642 100
      vertex -27.700807842013642 26.012790025290162 100
    endloop
  endfacet
  facet normal 0.661311865323653 -0.7501110696304585 0
    outer loop
      vertex -26.012790025290162 27.700807842013642 7
      vertex -24.222111610450206 29.279503225479996 100
      vertex -26.012790025290162 27.700807842013642 100
    endloop
  endfacet
  facet normal 0.6129070536529769 -0.7901550123756901 0
    outer loop
      vertex -24.222111610450206 29.279503225479996 7
      vertex -22.33583958711398 30.742645786248005 100
      vertex -24.222111610450206 29.279503225479996 100
    endloop
  endfacet
  facet normal 0.5620833778521293 -0.8270805742745628 0
    outer loop
      vertex -22.33583958711398 30.742645786248005 7
      vertex -20.361418209201876 32.08446116907657 100
      vertex -22.33583958711398 30.742645786248005 100
    endloop
  endfacet
  facet normal 0.509041415750372 -0.8607420270039432 0
    outer loop
      vertex -20.361418209201876 32.08446116907657 7
      vertex -18.30663961586518 33.29965384166682 100
      vertex -20.361418209201876 32.08446116907657 100
    endloop
  endfacet
  facet normal 0.4539904997395472 -0.8910065241883677 0
    outer loop
      vertex -18.30663961586518 33.29965384166682 7
      vertex -16.179613079472762 34.38342799370874 100
      vertex -18.30663961586518 33.29965384166682 100
    endloop
  endfacet
  facet normal 0.3971478906347802 -0.9177546256839814 0
    outer loop
      vertex -16.179613079472762 34.38342799370874 7
      vertex -13.988733002017758 35.331506463753556 100
      vertex -16.179613079472762 34.38342799370874 100
    endloop
  endfacet
  facet normal 0.33873792024528937 -0.9408807689542262 0
    outer loop
      vertex -13.988733002017758 35.331506463753556 7
      vertex -11.742645786248001 36.14014761921583 100
      vertex -13.988733002017758 35.331506463753556 100
    endloop
  endfacet
  facet normal 0.03141075907812821 0.9995065603657316 5.531256222603071e-16
    outer loop
      vertex -2.36264719562261 -37.92575082066379 0
      vertex -2.1988993701834194 -37.93089680339006 7
      vertex 0 -38 0
    endloop
  endfacet
  facet normal -0.03141075907812968 0.9995065603657315 -5.180550594710095e-16
    outer loop
      vertex 0.02339254649131297 -37.999264859610534 0
      vertex 0.18714037193050376 -37.99411887688426 7
      vertex 0.2982549677642403 -37.99062696003429 0
    endloop
  endfacet
  facet normal 0.031410759078126446 0.9995065603657316 0
    outer loop
      vertex -2.1988993701834194 -37.93089680339006 7
      vertex 0 -38 7
      vertex 0 -38 0
    endloop
  endfacet
  facet normal -0.03141075907812645 0.9995065603657316 -4.665762244681282e-16
    outer loop
      vertex 0.2982549677642403 -37.99062696003429 0
      vertex 0.18714037193050376 -37.99411887688426 7
      vertex 2.386039742113923 -37.92501568027432 7
    endloop
  endfacet
  facet normal -0.33873792024528937 0.9408807689542262 0
    outer loop
      vertex 11.742645786248001 -36.14014761921583 0
      vertex 11.742645786248001 -36.14014761921583 7
      vertex 13.988733002017778 -35.33150646375355 0
    endloop
  endfacet
  facet normal 0.27899110603923066 0.9602936856769427 0
    outer loop
      vertex -11.742645786248001 -36.14014761921583 7
      vertex -11.742645786248001 -36.14014761921583 100
      vertex -9.450215712264484 -36.80616012288798 7
    endloop
  endfacet
  facet normal 0.21814324139654315 0.9759167619387473 0
    outer loop
      vertex -9.450215712264484 -36.80616012288798 7
      vertex -9.450215712264484 -36.80616012288798 100
      vertex -7.120489954257543 -37.32691552769017 7
    endloop
  endfacet
  facet normal 0.15643446504023187 0.9876883405951375 0
    outer loop
      vertex -7.120489954257543 -37.32691552769017 7
      vertex -7.120489954257543 -37.32691552769017 100
      vertex -4.762662875443555 -37.70035864995016 7
    endloop
  endfacet
  facet normal 0.09410831331851431 0.99556196460308 0
    outer loop
      vertex -4.762662875443555 -37.70035864995016 7
      vertex -4.762662875443555 -37.70035864995016 100
      vertex -2.386039742113923 -37.92501568027432 7
    endloop
  endfacet
  facet normal 0.031410759078141 0.999506560365731 0
    outer loop
      vertex -2.386039742113923 -37.92501568027432 7
      vertex -2.386039742113923 -37.92501568027432 100
      vertex -2.1988993701834194 -37.93089680339006 7
    endloop
  endfacet
  facet normal 0.03141075907812645 0.9995065603657316 -2.93107533525029e-17
    outer loop
      vertex -2.1988993701834194 -37.93089680339006 7
      vertex -2.386039742113923 -37.92501568027432 100
      vertex 0 -38 7
    endloop
  endfacet
  facet normal -0.03141075907814097 0.999506560365731 0
    outer loop
      vertex 0 -38 7
      vertex 0 -38 100
      vertex 0.18714037193050376 -37.99411887688426 7
    endloop
  endfacet
  facet normal -0.03141075907812645 0.9995065603657316 2.925140268039775e-17
    outer loop
      vertex 0.18714037193050376 -37.99411887688426 7
      vertex 0 -38 100
      vertex 2.386039742113923 -37.92501568027432 7
    endloop
  endfacet
  facet normal -0.33873792024528937 0.9408807689542261 0
    outer loop
      vertex 13.988733002017778 -35.33150646375355 0
      vertex 11.742645786248001 -36.14014761921583 7
      vertex 11.742645786248001 -36.14014761921583 100
    endloop
  endfacet
  facet normal -0.33873792024528937 0.9408807689542262 0
    outer loop
      vertex 13.988733002017778 -35.33150646375355 0
      vertex 11.742645786248001 -36.14014761921583 100
      vertex 13.988733002017778 -35.33150646375355 7
    endloop
  endfacet
  facet normal -0.09410831331851431 0.99556196460308 0
    outer loop
      vertex 2.386039742113923 -37.92501568027432 7
      vertex 2.386039742113923 -37.92501568027432 100
      vertex 4.762662875443555 -37.70035864995016 7
    endloop
  endfacet
  facet normal -0.15643446504023187 0.9876883405951375 0
    outer loop
      vertex 4.762662875443555 -37.70035864995016 7
      vertex 4.762662875443555 -37.70035864995016 100
      vertex 7.120489954257543 -37.32691552769017 7
    endloop
  endfacet
  facet normal -0.2181432413965417 0.9759167619387475 0
    outer loop
      vertex 7.120489954257543 -37.32691552769017 7
      vertex 7.120489954257543 -37.32691552769017 100
      vertex 9.450215712264468 -36.80616012288799 7
    endloop
  endfacet
  facet normal -0.2789911060392316 0.9602936856769424 0
    outer loop
      vertex 9.450215712264468 -36.80616012288799 7
      vertex 9.450215712264468 -36.80616012288799 100
      vertex 11.742645786248001 -36.14014761921583 7
    endloop
  endfacet
  facet normal -0.6129070536529437 0.7901550123757158 0
    outer loop
      vertex 22.33583958711398 -30.742645786248005 0
      vertex 22.33583958711398 -30.742645786248005 7
      vertex 22.354332450087867 -30.728301251338515 0
    endloop
  endfacet
  facet normal -0.6129070536529805 0.7901550123756873 -1.5552071460799463e-16
    outer loop
      vertex 22.354332450087867 -30.728301251338515 0
      vertex 22.33583958711398 -30.742645786248005 7
      vertex 22.483782490905057 -30.627889506972082 7
    endloop
  endfacet
  facet normal -0.39714789063478234 0.9177546256839805 0
    outer loop
      vertex 13.988733002017778 -35.33150646375355 7
      vertex 13.988733002017778 -35.33150646375355 100
      vertex 16.17961307947275 -34.38342799370874 7
    endloop
  endfacet
  facet normal -0.4539904997395472 0.8910065241883677 0
    outer loop
      vertex 16.17961307947275 -34.38342799370874 7
      vertex 16.17961307947275 -34.38342799370874 100
      vertex 18.306639615865183 -33.29965384166681 7
    endloop
  endfacet
  facet normal -0.50904141575037 0.8607420270039444 0
    outer loop
      vertex 18.306639615865183 -33.29965384166681 7
      vertex 18.306639615865183 -33.29965384166681 100
      vertex 20.361418209201855 -32.08446116907658 7
    endloop
  endfacet
  facet normal -0.562083377852129 0.8270805742745628 0
    outer loop
      vertex 20.361418209201855 -32.08446116907658 7
      vertex 20.361418209201855 -32.08446116907658 100
      vertex 22.33583958711398 -30.742645786248005 7
    endloop
  endfacet
  facet normal -0.6129070536529805 0.7901550123756874 0
    outer loop
      vertex 22.33583958711398 -30.742645786248005 7
      vertex 22.33583958711398 -30.742645786248005 100
      vertex 22.483782490905057 -30.627889506972082 7
    endloop
  endfacet
  facet normal -0.6129070536529765 0.7901550123756903 1.0038742253214765e-17
    outer loop
      vertex 22.483782490905057 -30.627889506972082 7
      vertex 22.33583958711398 -30.742645786248005 100
      vertex 24.22211161045022 -29.279503225479985 7
    endloop
  endfacet
  facet normal -0.6613118653236535 0.7501110696304581 0
    outer loop
      vertex 24.22211161045022 -29.279503225479985 7
      vertex 24.22211161045022 -29.279503225479985 100
      vertex 26.012790025290162 -27.700807842013642 7
    endloop
  endfacet
  facet normal -0.7071067811865476 0.7071067811865476 0
    outer loop
      vertex 26.012790025290162 -27.700807842013642 7
      vertex 26.012790025290162 -27.700807842013642 100
      vertex 27.700807842013642 -26.012790025290162 7
    endloop
  endfacet
  facet normal -0.7501110696304581 0.6613118653236535 0
    outer loop
      vertex 27.700807842013642 -26.012790025290162 7
      vertex 27.700807842013642 -26.012790025290162 100
      vertex 29.279503225479985 -24.22211161045022 7
    endloop
  endfacet
  facet normal -0.7901550123756901 0.6129070536529767 0
    outer loop
      vertex 29.279503225479985 -24.22211161045022 7
      vertex 29.279503225479985 -24.22211161045022 100
      vertex 30.742645786248005 -22.33583958711398 7
    endloop
  endfacet
  facet normal -0.8270805742745628 0.562083377852129 0
    outer loop
      vertex 30.742645786248005 -22.33583958711398 7
      vertex 30.742645786248005 -22.33583958711398 100
      vertex 32.08446116907658 -20.361418209201855 7
    endloop
  endfacet
  facet normal -0.9177546256839798 0.3971478906347838 0
    outer loop
      vertex 34.38342799370874 -16.17961307947275 0
      vertex 34.38342799370874 -16.17961307947275 7
      vertex 35.21299665499795 -14.26259301169965 0
    endloop
  endfacet
  facet normal -0.9408807689542266 0.3387379202452885 -2.793599798843451e-16
    outer loop
      vertex 36.039067474783046 -12.023406688219223 0
      vertex 35.33150646375355 -13.988733002017778 7
      vertex 36.0767247834933 -11.91880948944563 7
    endloop
  endfacet
  facet normal -0.9408807689542243 0.3387379202452944 -3.793888759074488e-16
    outer loop
      vertex 36.039067474783046 -12.023406688219223 0
      vertex 36.0767247834933 -11.91880948944563 7
      vertex 36.132219764750516 -11.764666249147705 0
    endloop
  endfacet
  facet normal -0.960293685676942 0.2789911060392327 0
    outer loop
      vertex 36.14014761921583 -11.742645786248001 0
      vertex 36.14014761921583 -11.742645786248001 7
      vertex 36.799630588538264 -9.472690516911365 0
    endloop
  endfacet
  facet normal -0.9602936856769421 0.2789911060392327 0
    outer loop
      vertex 36.14014761921583 -11.742645786248001 7
      vertex 36.753923848090174 -9.630014149439647 7
      vertex 36.799630588538264 -9.472690516911365 0
    endloop
  endfacet
  facet normal -0.8607420270039444 0.50904141575037 0
    outer loop
      vertex 32.08446116907658 -20.361418209201855 7
      vertex 32.08446116907658 -20.361418209201855 100
      vertex 33.29965384166681 -18.306639615865183 7
    endloop
  endfacet
  facet normal -0.8910065241883677 0.4539904997395472 0
    outer loop
      vertex 33.29965384166681 -18.306639615865183 7
      vertex 33.29965384166681 -18.306639615865183 100
      vertex 34.38342799370874 -16.17961307947275 7
    endloop
  endfacet
  facet normal -0.9177546256839805 0.39714789063478234 0
    outer loop
      vertex 34.38342799370874 -16.17961307947275 7
      vertex 34.38342799370874 -16.17961307947275 100
      vertex 35.33150646375355 -13.988733002017778 7
    endloop
  endfacet
  facet normal -0.9408807689542266 0.33873792024528854 0
    outer loop
      vertex 35.33150646375355 -13.988733002017778 7
      vertex 35.33150646375355 -13.988733002017778 100
      vertex 36.0767247834933 -11.91880948944563 7
    endloop
  endfacet
  facet normal -0.9408807689542225 0.3387379202452997 2.821361378530188e-16
    outer loop
      vertex 36.0767247834933 -11.91880948944563 7
      vertex 35.33150646375355 -13.988733002017778 100
      vertex 36.14014761921583 -11.742645786248001 7
    endloop
  endfacet
  facet normal -0.9602936856769422 0.2789911060392328 0
    outer loop
      vertex 36.14014761921583 -11.742645786248001 7
      vertex 36.14014761921583 -11.742645786248001 100
      vertex 36.753923848090174 -9.630014149439647 7
    endloop
  endfacet
  facet normal -0.9602936856769464 0.27899110603921795 -3.6422659604189226e-16
    outer loop
      vertex 36.753923848090174 -9.630014149439647 7
      vertex 36.14014761921583 -11.742645786248001 100
      vertex 36.80616012288799 -9.450215712264468 7
    endloop
  endfacet
  facet normal -0.9759167619387475 0.2181432413965417 0
    outer loop
      vertex 36.80616012288799 -9.450215712264468 7
      vertex 36.80616012288799 -9.450215712264468 100
      vertex 37.32691552769017 -7.120489954257543 7
    endloop
  endfacet
  facet normal -0.9876883405951375 0.15643446504023187 0
    outer loop
      vertex 37.32691552769017 -7.120489954257543 7
      vertex 37.32691552769017 -7.120489954257543 100
      vertex 37.70035864995016 -4.762662875443555 7
    endloop
  endfacet
  facet normal -0.99556196460308 0.09410831331851431 0
    outer loop
      vertex 37.70035864995016 -4.762662875443555 7
      vertex 37.70035864995016 -4.762662875443555 100
      vertex 37.92501568027432 -2.386039742113923 7
    endloop
  endfacet
  facet normal -0.9995065603657315 0.03141075907812759 0
    outer loop
      vertex 37.92501568027432 -2.386039742113923 7
      vertex 37.92501568027432 -2.386039742113923 100
      vertex 38 0 7
    endloop
  endfacet
  facet normal 0.27899110603923066 0.9602936856769427 0
    outer loop
      vertex -9.450215712264484 -36.80616012288798 7
      vertex -11.742645786248001 -36.14014761921583 100
      vertex -9.450215712264484 -36.80616012288798 100
    endloop
  endfacet
  facet normal 0.15643446504023187 0.9876883405951375 0
    outer loop
      vertex -4.762662875443555 -37.70035864995016 7
      vertex -7.120489954257543 -37.32691552769017 100
      vertex -4.762662875443555 -37.70035864995016 100
    endloop
  endfacet
  facet normal 0.21814324139654315 0.9759167619387473 0
    outer loop
      vertex -7.120489954257543 -37.32691552769017 7
      vertex -9.450215712264484 -36.80616012288798 100
      vertex -7.120489954257543 -37.32691552769017 100
    endloop
  endfacet
  facet normal 0.09410831331851431 0.99556196460308 0
    outer loop
      vertex -2.386039742113923 -37.92501568027432 7
      vertex -4.762662875443555 -37.70035864995016 100
      vertex -2.386039742113923 -37.92501568027432 100
    endloop
  endfacet
  facet normal 0.03141075907812759 0.9995065603657315 0
    outer loop
      vertex -2.386039742113923 -37.92501568027432 100
      vertex 0 -38 100
      vertex 0 -38 7
    endloop
  endfacet
  facet normal -0.03141075907812759 0.9995065603657315 0
    outer loop
      vertex 2.386039742113923 -37.92501568027432 7
      vertex 0 -38 100
      vertex 2.386039742113923 -37.92501568027432 100
    endloop
  endfacet
  facet normal -0.09410831331851431 0.99556196460308 0
    outer loop
      vertex 4.762662875443555 -37.70035864995016 7
      vertex 2.386039742113923 -37.92501568027432 100
      vertex 4.762662875443555 -37.70035864995016 100
    endloop
  endfacet
  facet normal -0.15643446504023187 0.9876883405951375 0
    outer loop
      vertex 7.120489954257543 -37.32691552769017 7
      vertex 4.762662875443555 -37.70035864995016 100
      vertex 7.120489954257543 -37.32691552769017 100
    endloop
  endfacet
  facet normal -0.2181432413965417 0.9759167619387475 0
    outer loop
      vertex 9.450215712264468 -36.80616012288799 7
      vertex 7.120489954257543 -37.32691552769017 100
      vertex 9.450215712264468 -36.80616012288799 100
    endloop
  endfacet
  facet normal -0.2789911060392316 0.9602936856769424 0
    outer loop
      vertex 11.742645786248001 -36.14014761921583 7
      vertex 9.450215712264468 -36.80616012288799 100
      vertex 11.742645786248001 -36.14014761921583 100
    endloop
  endfacet
  facet normal -0.33873792024528937 0.9408807689542261 0
    outer loop
      vertex 13.988733002017778 -35.33150646375355 7
      vertex 11.742645786248001 -36.14014761921583 100
      vertex 13.988733002017778 -35.33150646375355 100
    endloop
  endfacet
  facet normal -0.39714789063478234 0.9177546256839805 0
    outer loop
      vertex 16.17961307947275 -34.38342799370874 7
      vertex 13.988733002017778 -35.33150646375355 100
      vertex 16.17961307947275 -34.38342799370874 100
    endloop
  endfacet
  facet normal -0.4539904997395472 0.8910065241883677 0
    outer loop
      vertex 18.306639615865183 -33.29965384166681 7
      vertex 16.17961307947275 -34.38342799370874 100
      vertex 18.306639615865183 -33.29965384166681 100
    endloop
  endfacet
  facet normal -0.50904141575037 0.8607420270039444 0
    outer loop
      vertex 20.361418209201855 -32.08446116907658 7
      vertex 18.306639615865183 -33.29965384166681 100
      vertex 20.361418209201855 -32.08446116907658 100
    endloop
  endfacet
  facet normal -0.562083377852129 0.8270805742745628 0
    outer loop
      vertex 22.33583958711398 -30.742645786248005 7
      vertex 20.361418209201855 -32.08446116907658 100
      vertex 22.33583958711398 -30.742645786248005 100
    endloop
  endfacet
  facet normal -0.6129070536529767 0.7901550123756901 0
    outer loop
      vertex 24.22211161045022 -29.279503225479985 7
      vertex 22.33583958711398 -30.742645786248005 100
      vertex 24.22211161045022 -29.279503225479985 100
    endloop
  endfacet
  facet normal -0.6613118653236535 0.7501110696304581 0
    outer loop
      vertex 26.012790025290162 -27.700807842013642 7
      vertex 24.22211161045022 -29.279503225479985 100
      vertex 26.012790025290162 -27.700807842013642 100
    endloop
  endfacet
  facet normal -0.7071067811865476 0.7071067811865476 0
    outer loop
      vertex 27.700807842013642 -26.012790025290162 7
      vertex 26.012790025290162 -27.700807842013642 100
      vertex 27.700807842013642 -26.012790025290162 100
    endloop
  endfacet
  facet normal -0.7501110696304581 0.6613118653236535 0
    outer loop
      vertex 29.279503225479985 -24.22211161045022 7
      vertex 27.700807842013642 -26.012790025290162 100
      vertex 29.279503225479985 -24.22211161045022 100
    endloop
  endfacet
  facet normal -0.7901550123756901 0.6129070536529767 0
    outer loop
      vertex 30.742645786248005 -22.33583958711398 7
      vertex 29.279503225479985 -24.22211161045022 100
      vertex 30.742645786248005 -22.33583958711398 100
    endloop
  endfacet
  facet normal -0.8270805742745628 0.562083377852129 0
    outer loop
      vertex 32.08446116907658 -20.361418209201855 7
      vertex 30.742645786248005 -22.33583958711398 100
      vertex 32.08446116907658 -20.361418209201855 100
    endloop
  endfacet
  facet normal -0.8607420270039444 0.50904141575037 0
    outer loop
      vertex 33.29965384166681 -18.306639615865183 7
      vertex 32.08446116907658 -20.361418209201855 100
      vertex 33.29965384166681 -18.306639615865183 100
    endloop
  endfacet
  facet normal -0.8910065241883677 0.4539904997395472 0
    outer loop
      vertex 34.38342799370874 -16.17961307947275 7
      vertex 33.29965384166681 -18.306639615865183 100
      vertex 34.38342799370874 -16.17961307947275 100
    endloop
  endfacet
  facet normal -0.9177546256839805 0.39714789063478234 0
    outer loop
      vertex 35.33150646375355 -13.988733002017778 7
      vertex 34.38342799370874 -16.17961307947275 100
      vertex 35.33150646375355 -13.988733002017778 100
    endloop
  endfacet
  facet normal -0.9408807689542261 0.33873792024528937 0
    outer loop
      vertex 36.14014761921583 -11.742645786248001 7
      vertex 35.33150646375355 -13.988733002017778 100
      vertex 36.14014761921583 -11.742645786248001 100
    endloop
  endfacet
  facet normal -0.9602936856769424 0.2789911060392316 0
    outer loop
      vertex 36.80616012288799 -9.450215712264468 7
      vertex 36.14014761921583 -11.742645786248001 100
      vertex 36.80616012288799 -9.450215712264468 100
    endloop
  endfacet
  facet normal -0.9759167619387475 0.2181432413965417 0
    outer loop
      vertex 37.32691552769017 -7.120489954257543 7
      vertex 36.80616012288799 -9.450215712264468 100
      vertex 37.32691552769017 -7.120489954257543 100
    endloop
  endfacet
  facet normal -0.9876883405951375 0.15643446504023187 0
    outer loop
      vertex 37.70035864995016 -4.762662875443555 7
      vertex 37.32691552769017 -7.120489954257543 100
      vertex 37.70035864995016 -4.762662875443555 100
    endloop
  endfacet
  facet normal -0.99556196460308 0.09410831331851431 0
    outer loop
      vertex 37.92501568027432 -2.386039742113923 7
      vertex 37.70035864995016 -4.762662875443555 100
      vertex 37.92501568027432 -2.386039742113923 100
    endloop
  endfacet
  facet normal -0.9995065603657315 0.03141075907812759 0
    outer loop
      vertex 37.92501568027432 -2.386039742113923 100
      vertex 38 0 100
      vertex 38 0 7
    endloop
  endfacet
  facet normal 0.03141075907812846 -0.9995065603657316 -5.53544974513731e-16
    outer loop
      vertex -2.3860397421139043 37.92501568027432 0
      vertex -0.023392546491312786 37.999264859610534 0
      vertex -0.1871403719305023 37.99411887688426 7
    endloop
  endfacet
  facet normal 0.031410759078126696 -0.9995065603657317 0
    outer loop
      vertex -2.3860397421139043 37.92501568027432 0
      vertex -0.1871403719305023 37.99411887688426 7
      vertex -2.3860397421139043 37.92501568027432 7
    endloop
  endfacet
  facet normal -0.031410759078126696 -0.9995065603657317 0
    outer loop
      vertex 0 38 0
      vertex 2.198899370183402 37.93089680339006 7
      vertex 0 38 7
    endloop
  endfacet
  facet normal -0.03141075907812846 -0.9995065603657316 5.53544974513731e-16
    outer loop
      vertex 0 38 0
      vertex 2.3626471956225914 37.92575082066379 0
      vertex 2.198899370183402 37.93089680339006 7
    endloop
  endfacet
  facet normal -0.09410831331851201 -0.9955619646030802 0
    outer loop
      vertex 2.3860397421139043 37.92501568027432 0
      vertex 4.465584983777355 37.72844077874068 0
      vertex 2.3860397421139043 37.92501568027432 7
    endloop
  endfacet
  facet normal 0.27899110603923066 -0.9602936856769427 0
    outer loop
      vertex -11.742645786248001 36.14014761921583 7
      vertex -9.450215712264484 36.80616012288798 7
      vertex -9.450215712264484 36.80616012288798 100
    endloop
  endfacet
  facet normal 0.2181432413965423 -0.9759167619387475 0
    outer loop
      vertex -9.450215712264484 36.80616012288798 7
      vertex -7.1204899542575335 37.32691552769017 7
      vertex -7.1204899542575335 37.32691552769017 100
    endloop
  endfacet
  facet normal 0.156434465040233 -0.9876883405951373 0
    outer loop
      vertex -7.1204899542575335 37.32691552769017 7
      vertex -4.762662875443563 37.70035864995016 7
      vertex -4.762662875443563 37.70035864995016 100
    endloop
  endfacet
  facet normal 0.09410831331851326 -0.9955619646030801 0
    outer loop
      vertex -4.762662875443563 37.70035864995016 7
      vertex -2.3860397421139043 37.92501568027432 7
      vertex -2.3860397421139043 37.92501568027432 100
    endloop
  endfacet
  facet normal 0.031410759078126696 -0.9995065603657316 2.916661600596204e-17
    outer loop
      vertex -2.3860397421139043 37.92501568027432 7
      vertex -0.1871403719305023 37.99411887688426 7
      vertex 0 38 100
    endloop
  endfacet
  facet normal 0.03141075907814122 -0.999506560365731 0
    outer loop
      vertex -0.1871403719305023 37.99411887688426 7
      vertex 0 38 7
      vertex 0 38 100
    endloop
  endfacet
  facet normal -0.031410759078126696 -0.9995065603657316 -2.916661600596204e-17
    outer loop
      vertex 0 38 7
      vertex 2.198899370183402 37.93089680339006 7
      vertex 2.3860397421139043 37.92501568027432 100
    endloop
  endfacet
  facet normal -0.03141075907814122 -0.999506560365731 0
    outer loop
      vertex 2.198899370183402 37.93089680339006 7
      vertex 2.3860397421139043 37.92501568027432 7
      vertex 2.3860397421139043 37.92501568027432 100
    endloop
  endfacet
  facet normal -0.09410831331851326 -0.9955619646030801 0
    outer loop
      vertex 2.3860397421139043 37.92501568027432 7
      vertex 4.762662875443563 37.70035864995016 7
      vertex 4.762662875443563 37.70035864995016 100
    endloop
  endfacet
  facet normal -0.156434465040233 -0.9876883405951373 0
    outer loop
      vertex 4.762662875443563 37.70035864995016 7
      vertex 7.1204899542575335 37.32691552769017 7
      vertex 7.1204899542575335 37.32691552769017 100
    endloop
  endfacet
  facet normal -0.2181432413965423 -0.9759167619387475 0
    outer loop
      vertex 7.1204899542575335 37.32691552769017 7
      vertex 9.450215712264484 36.80616012288798 7
      vertex 9.450215712264484 36.80616012288798 100
    endloop
  endfacet
  facet normal -0.27899110603923066 -0.9602936856769427 0
    outer loop
      vertex 9.450215712264484 36.80616012288798 7
      vertex 11.742645786248001 36.14014761921583 7
      vertex 11.742645786248001 36.14014761921583 100
    endloop
  endfacet
  facet normal -0.33873792024528937 -0.9408807689542262 0
    outer loop
      vertex 11.742645786248001 36.14014761921583 7
      vertex 13.988733002017758 35.331506463753556 7
      vertex 13.988733002017758 35.331506463753556 100
    endloop
  endfacet
  facet normal -0.8607420270039475 -0.5090414157503645 2.551240438685785e-15
    outer loop
      vertex 33.29965384166682 18.306639615865183 7
      vertex 32.084461169076576 20.361418209201872 0
      vertex 32.23636025315035 20.10457088503479 0
    endloop
  endfacet
  facet normal -0.9995065603657315 -0.031410759078127785 0
    outer loop
      vertex 38 0 7
      vertex 38 0 100
      vertex 37.92501568027432 2.3860397421139083 7
    endloop
  endfacet
  facet normal -0.9955619646030801 -0.09410831331851345 0
    outer loop
      vertex 37.92501568027432 2.3860397421139083 7
      vertex 37.92501568027432 2.3860397421139083 100
      vertex 37.70035864995016 4.762662875443562 7
    endloop
  endfacet
  facet normal -0.9876883405951373 -0.15643446504023276 0
    outer loop
      vertex 37.70035864995016 4.762662875443562 7
      vertex 37.70035864995016 4.762662875443562 100
      vertex 37.32691552769017 7.120489954257536 7
    endloop
  endfacet
  facet normal -0.9759167619387473 -0.21814324139654268 0
    outer loop
      vertex 37.32691552769017 7.120489954257536 7
      vertex 37.32691552769017 7.120489954257536 100
      vertex 36.80616012288798 9.450215712264482 7
    endloop
  endfacet
  facet normal -0.8607420270039439 -0.5090414157503711 0
    outer loop
      vertex 32.084461169076576 20.361418209201872 0
      vertex 33.29965384166682 18.306639615865183 100
      vertex 32.084461169076576 20.361418209201872 7
    endloop
  endfacet
  facet normal -0.8607420270039438 -0.5090414157503711 0
    outer loop
      vertex 33.29965384166682 18.306639615865183 7
      vertex 33.29965384166682 18.306639615865183 100
      vertex 32.084461169076576 20.361418209201872 0
    endloop
  endfacet
  facet normal -0.9602936856769427 -0.27899110603923044 0
    outer loop
      vertex 36.80616012288798 9.450215712264482 7
      vertex 36.80616012288798 9.450215712264482 100
      vertex 36.14014761921583 11.742645786248001 7
    endloop
  endfacet
  facet normal -0.9408807689542256 -0.33873792024529126 0
    outer loop
      vertex 36.14014761921583 11.742645786248001 7
      vertex 36.14014761921583 11.742645786248001 100
      vertex 35.33150646375355 13.988733002017764 7
    endloop
  endfacet
  facet normal -0.9177546256839821 -0.3971478906347785 0
    outer loop
      vertex 34.38342799370874 16.179613079472762 7
      vertex 35.33150646375355 13.988733002017764 7
      vertex 35.33150646375355 13.988733002017764 100
    endloop
  endfacet
  facet normal -0.891006524188368 -0.45399049973954664 0
    outer loop
      vertex 34.38342799370874 16.179613079472762 7
      vertex 34.38342799370874 16.179613079472762 100
      vertex 33.29965384166682 18.306639615865183 7
    endloop
  endfacet
  facet normal -0.39714789063478023 -0.9177546256839814 0
    outer loop
      vertex 13.988733002017758 35.331506463753556 0
      vertex 16.179613079472762 34.38342799370874 0
      vertex 16.179613079472762 34.38342799370874 6.418181818181818
    endloop
  endfacet
  facet normal -0.3971478906347745 -0.9177546256839837 -2.314196237076787e-15
    outer loop
      vertex 13.988733002017758 35.331506463753556 0
      vertex 16.179613079472762 34.38342799370874 6.418181818181818
      vertex 16.007779347907665 34.45778708939853 7
    endloop
  endfacet
  facet normal -0.39714789063478123 -0.9177546256839808 0
    outer loop
      vertex 13.988733002017758 35.331506463753556 0
      vertex 16.007779347907665 34.45778708939853 7
      vertex 13.988733002017758 35.331506463753556 7
    endloop
  endfacet
  facet normal -0.612907053652978 -0.7901550123756891 0
    outer loop
      vertex 24.22211161045021 29.27950322547999 7
      vertex 24.22211161045021 29.27950322547999 100
      vertex 22.33583958711398 30.742645786248005 7
    endloop
  endfacet
  facet normal -0.6613118653236507 -0.7501110696304606 0
    outer loop
      vertex 24.22211161045021 29.27950322547999 7
      vertex 26.012790025290172 27.70080784201364 7
      vertex 26.012790025290172 27.70080784201364 100
    endloop
  endfacet
  facet normal -0.39714789063478123 -0.9177546256839808 2.930227468505939e-17
    outer loop
      vertex 13.988733002017758 35.331506463753556 7
      vertex 16.007779347907665 34.45778708939853 7
      vertex 16.179613079472762 34.38342799370874 100
    endloop
  endfacet
  facet normal -0.3971478906347676 -0.9177546256839867 0
    outer loop
      vertex 16.007779347907665 34.45778708939853 7
      vertex 16.179613079472762 34.38342799370874 7
      vertex 16.179613079472762 34.38342799370874 100
    endloop
  endfacet
  facet normal -0.5090414157503703 -0.8607420270039441 0
    outer loop
      vertex 18.30663961586518 33.29965384166682 7
      vertex 20.361418209201872 32.084461169076576 7
      vertex 20.361418209201872 32.084461169076576 100
    endloop
  endfacet
  facet normal -0.4539904997395472 -0.8910065241883677 0
    outer loop
      vertex 16.179613079472762 34.38342799370874 7
      vertex 18.30663961586518 33.29965384166682 7
      vertex 18.30663961586518 33.29965384166682 100
    endloop
  endfacet
  facet normal -0.5620833778521305 -0.8270805742745618 0
    outer loop
      vertex 20.361418209201872 32.084461169076576 7
      vertex 22.33583958711398 30.742645786248005 7
      vertex 22.33583958711398 30.742645786248005 100
    endloop
  endfacet
  facet normal -0.7501110696304606 -0.6613118653236507 0
    outer loop
      vertex 29.27950322547999 24.22211161045021 7
      vertex 29.27950322547999 24.22211161045021 100
      vertex 27.70080784201364 26.012790025290172 7
    endloop
  endfacet
  facet normal -0.8270805742745618 -0.5620833778521305 0
    outer loop
      vertex 30.742645786248005 22.33583958711398 7
      vertex 32.084461169076576 20.361418209201872 7
      vertex 32.084461169076576 20.361418209201872 100
    endloop
  endfacet
  facet normal -0.7901550123756891 -0.612907053652978 0
    outer loop
      vertex 29.27950322547999 24.22211161045021 7
      vertex 30.742645786248005 22.33583958711398 7
      vertex 30.742645786248005 22.33583958711398 100
    endloop
  endfacet
  facet normal -0.7071067811865475 -0.7071067811865475 0
    outer loop
      vertex 26.012790025290172 27.70080784201364 7
      vertex 27.70080784201364 26.012790025290172 7
      vertex 27.70080784201364 26.012790025290172 100
    endloop
  endfacet
  facet normal 0.27899110603923066 -0.9602936856769427 0
    outer loop
      vertex -11.742645786248001 36.14014761921583 7
      vertex -9.450215712264484 36.80616012288798 100
      vertex -11.742645786248001 36.14014761921583 100
    endloop
  endfacet
  facet normal 0.2181432413965423 -0.9759167619387475 0
    outer loop
      vertex -9.450215712264484 36.80616012288798 7
      vertex -7.1204899542575335 37.32691552769017 100
      vertex -9.450215712264484 36.80616012288798 100
    endloop
  endfacet
  facet normal 0.156434465040233 -0.9876883405951373 0
    outer loop
      vertex -7.1204899542575335 37.32691552769017 7
      vertex -4.762662875443563 37.70035864995016 100
      vertex -7.1204899542575335 37.32691552769017 100
    endloop
  endfacet
  facet normal 0.09410831331851326 -0.9955619646030801 0
    outer loop
      vertex -4.762662875443563 37.70035864995016 7
      vertex -2.3860397421139043 37.92501568027432 100
      vertex -4.762662875443563 37.70035864995016 100
    endloop
  endfacet
  facet normal 0.031410759078127834 -0.9995065603657315 0
    outer loop
      vertex -2.3860397421139043 37.92501568027432 7
      vertex 0 38 100
      vertex -2.3860397421139043 37.92501568027432 100
    endloop
  endfacet
  facet normal -0.031410759078127834 -0.9995065603657315 0
    outer loop
      vertex 0 38 7
      vertex 2.3860397421139043 37.92501568027432 100
      vertex 0 38 100
    endloop
  endfacet
  facet normal -0.09410831331851326 -0.9955619646030801 0
    outer loop
      vertex 2.3860397421139043 37.92501568027432 7
      vertex 4.762662875443563 37.70035864995016 100
      vertex 2.3860397421139043 37.92501568027432 100
    endloop
  endfacet
  facet normal -0.156434465040233 -0.9876883405951373 0
    outer loop
      vertex 4.762662875443563 37.70035864995016 7
      vertex 7.1204899542575335 37.32691552769017 100
      vertex 4.762662875443563 37.70035864995016 100
    endloop
  endfacet
  facet normal -0.2181432413965423 -0.9759167619387475 0
    outer loop
      vertex 7.1204899542575335 37.32691552769017 7
      vertex 9.450215712264484 36.80616012288798 100
      vertex 7.1204899542575335 37.32691552769017 100
    endloop
  endfacet
  facet normal -0.27899110603923066 -0.9602936856769427 0
    outer loop
      vertex 9.450215712264484 36.80616012288798 7
      vertex 11.742645786248001 36.14014761921583 100
      vertex 9.450215712264484 36.80616012288798 100
    endloop
  endfacet
  facet normal -0.33873792024528937 -0.9408807689542262 0
    outer loop
      vertex 11.742645786248001 36.14014761921583 7
      vertex 13.988733002017758 35.331506463753556 100
      vertex 11.742645786248001 36.14014761921583 100
    endloop
  endfacet
  facet normal -0.9995065603657315 -0.031410759078127785 0
    outer loop
      vertex 37.92501568027432 2.3860397421139083 7
      vertex 38 0 100
      vertex 37.92501568027432 2.3860397421139083 100
    endloop
  endfacet
  facet normal -0.9955619646030801 -0.09410831331851345 0
    outer loop
      vertex 37.70035864995016 4.762662875443562 7
      vertex 37.92501568027432 2.3860397421139083 100
      vertex 37.70035864995016 4.762662875443562 100
    endloop
  endfacet
  facet normal -0.9876883405951373 -0.15643446504023276 0
    outer loop
      vertex 37.32691552769017 7.120489954257536 7
      vertex 37.70035864995016 4.762662875443562 100
      vertex 37.32691552769017 7.120489954257536 100
    endloop
  endfacet
  facet normal -0.9759167619387473 -0.21814324139654268 0
    outer loop
      vertex 36.80616012288798 9.450215712264482 7
      vertex 37.32691552769017 7.120489954257536 100
      vertex 36.80616012288798 9.450215712264482 100
    endloop
  endfacet
  facet normal -0.8607420270039438 -0.5090414157503711 0
    outer loop
      vertex 32.084461169076576 20.361418209201872 7
      vertex 33.29965384166682 18.306639615865183 100
      vertex 32.084461169076576 20.361418209201872 100
    endloop
  endfacet
  facet normal -0.9602936856769427 -0.27899110603923044 0
    outer loop
      vertex 36.14014761921583 11.742645786248001 7
      vertex 36.80616012288798 9.450215712264482 100
      vertex 36.14014761921583 11.742645786248001 100
    endloop
  endfacet
  facet normal -0.9408807689542256 -0.33873792024529126 0
    outer loop
      vertex 35.33150646375355 13.988733002017764 7
      vertex 36.14014761921583 11.742645786248001 100
      vertex 35.33150646375355 13.988733002017764 100
    endloop
  endfacet
  facet normal -0.9177546256839821 -0.3971478906347785 0
    outer loop
      vertex 34.38342799370874 16.179613079472762 7
      vertex 35.33150646375355 13.988733002017764 100
      vertex 34.38342799370874 16.179613079472762 100
    endloop
  endfacet
  facet normal -0.891006524188368 -0.45399049973954664 0
    outer loop
      vertex 33.29965384166682 18.306639615865183 7
      vertex 34.38342799370874 16.179613079472762 100
      vertex 33.29965384166682 18.306639615865183 100
    endloop
  endfacet
  facet normal -0.7071067811865475 -0.7071067811865475 0
    outer loop
      vertex 26.012790025290172 27.70080784201364 7
      vertex 27.70080784201364 26.012790025290172 100
      vertex 26.012790025290172 27.70080784201364 100
    endloop
  endfacet
  facet normal -0.6613118653236507 -0.7501110696304606 0
    outer loop
      vertex 24.22211161045021 29.27950322547999 7
      vertex 26.012790025290172 27.70080784201364 100
      vertex 24.22211161045021 29.27950322547999 100
    endloop
  endfacet
  facet normal -0.4539904997395472 -0.8910065241883677 0
    outer loop
      vertex 16.179613079472762 34.38342799370874 7
      vertex 18.30663961586518 33.29965384166682 100
      vertex 16.179613079472762 34.38342799370874 100
    endloop
  endfacet
  facet normal -0.5090414157503703 -0.8607420270039441 0
    outer loop
      vertex 18.30663961586518 33.29965384166682 7
      vertex 20.361418209201872 32.084461169076576 100
      vertex 18.30663961586518 33.29965384166682 100
    endloop
  endfacet
  facet normal -0.3971478906347802 -0.9177546256839814 0
    outer loop
      vertex 13.988733002017758 35.331506463753556 7
      vertex 16.179613079472762 34.38342799370874 100
      vertex 13.988733002017758 35.331506463753556 100
    endloop
  endfacet
  facet normal -0.5620833778521305 -0.8270805742745618 0
    outer loop
      vertex 20.361418209201872 32.084461169076576 7
      vertex 22.33583958711398 30.742645786248005 100
      vertex 20.361418209201872 32.084461169076576 100
    endloop
  endfacet
  facet normal -0.612907053652978 -0.7901550123756891 0
    outer loop
      vertex 22.33583958711398 30.742645786248005 7
      vertex 24.22211161045021 29.27950322547999 100
      vertex 22.33583958711398 30.742645786248005 100
    endloop
  endfacet
  facet normal -0.7901550123756891 -0.612907053652978 0
    outer loop
      vertex 29.27950322547999 24.22211161045021 7
      vertex 30.742645786248005 22.33583958711398 100
      vertex 29.27950322547999 24.22211161045021 100
    endloop
  endfacet
  facet normal -0.8270805742745618 -0.5620833778521305 0
    outer loop
      vertex 30.742645786248005 22.33583958711398 7
      vertex 32.084461169076576 20.361418209201872 100
      vertex 30.742645786248005 22.33583958711398 100
    endloop
  endfacet
  facet normal -0.7501110696304606 -0.6613118653236507 0
    outer loop
      vertex 27.70080784201364 26.012790025290172 7
      vertex 29.27950322547999 24.22211161045021 100
      vertex 27.70080784201364 26.012790025290172 100
    endloop
  endfacet
  facet normal 0.8270805742745628 0.5620833778521291 0
    outer loop
      vertex -32.08446116907657 -20.361418209201876 0
      vertex -32.08446116907657 -20.361418209201876 7
      vertex -30.742645786248005 -22.33583958711398 0
    endloop
  endfacet
  facet normal 0.6613118653236529 0.7501110696304586 0
    outer loop
      vertex -26.012790025290162 -27.700807842013642 0
      vertex -26.012790025290162 -27.700807842013642 7
      vertex -24.222111610450206 -29.279503225479996 0
    endloop
  endfacet
  facet normal 0.7071067811865476 0.7071067811865476 0
    outer loop
      vertex -27.700807842013642 -26.012790025290162 0
      vertex -27.700807842013642 -26.012790025290162 7
      vertex -26.012790025290162 -27.700807842013642 0
    endloop
  endfacet
  facet normal 0.7501110696304586 0.6613118653236529 0
    outer loop
      vertex -27.700807842013642 -26.012790025290162 0
      vertex -29.279503225479996 -24.222111610450206 7
      vertex -27.700807842013642 -26.012790025290162 7
    endloop
  endfacet
  facet normal 0.7071067811865476 0.7071067811865476 0
    outer loop
      vertex -26.012790025290162 -27.700807842013642 0
      vertex -27.700807842013642 -26.012790025290162 7
      vertex -26.012790025290162 -27.700807842013642 7
    endloop
  endfacet
  facet normal 0.7901550123756901 0.6129070536529769 0
    outer loop
      vertex -30.742645786248005 -22.33583958711398 0
      vertex -30.742645786248005 -22.33583958711398 7
      vertex -29.279503225479996 -24.222111610450206 0
    endloop
  endfacet
  facet normal 0.7501110696304586 0.6613118653236529 0
    outer loop
      vertex -27.700807842013642 -26.012790025290162 0
      vertex -29.279503225479996 -24.222111610450206 0
      vertex -29.279503225479996 -24.222111610450206 7
    endloop
  endfacet
  facet normal 0.7901550123756901 0.6129070536529769 0
    outer loop
      vertex -30.742645786248005 -22.33583958711398 7
      vertex -29.279503225479996 -24.222111610450206 7
      vertex -29.279503225479996 -24.222111610450206 0
    endloop
  endfacet
  facet normal 0.8270805742745628 0.5620833778521291 0
    outer loop
      vertex -30.742645786248005 -22.33583958711398 0
      vertex -32.08446116907657 -20.361418209201876 7
      vertex -30.742645786248005 -22.33583958711398 7
    endloop
  endfacet
  facet normal 0.6129070536529769 0.7901550123756901 0
    outer loop
      vertex -22.33583958711398 -30.742645786248005 0
      vertex -24.222111610450206 -29.279503225479996 7
      vertex -22.33583958711398 -30.742645786248005 7
    endloop
  endfacet
  facet normal 0.5090414157503704 0.8607420270039442 0
    outer loop
      vertex -20.361418209201876 -32.08446116907657 7
      vertex -18.306639615865183 -33.29965384166681 7
      vertex -18.306639615865183 -33.29965384166681 0
    endloop
  endfacet
  facet normal 0.5620833778521291 0.8270805742745628 0
    outer loop
      vertex -22.33583958711398 -30.742645786248005 0
      vertex -22.33583958711398 -30.742645786248005 7
      vertex -20.361418209201876 -32.08446116907657 0
    endloop
  endfacet
  facet normal 0.5090414157503704 0.8607420270039442 0
    outer loop
      vertex -20.361418209201876 -32.08446116907657 0
      vertex -20.361418209201876 -32.08446116907657 7
      vertex -18.306639615865183 -33.29965384166681 0
    endloop
  endfacet
  facet normal 0.5620833778521291 0.8270805742745628 0
    outer loop
      vertex -20.361418209201876 -32.08446116907657 0
      vertex -22.33583958711398 -30.742645786248005 7
      vertex -20.361418209201876 -32.08446116907657 7
    endloop
  endfacet
  facet normal 0.33873792024528937 0.9408807689542262 0
    outer loop
      vertex -13.988733002017758 -35.331506463753556 0
      vertex -13.988733002017758 -35.331506463753556 7
      vertex -11.742645786248001 -36.14014761921583 0
    endloop
  endfacet
  facet normal 0.33873792024528937 0.9408807689542262 0
    outer loop
      vertex -11.742645786248001 -36.14014761921583 0
      vertex -13.988733002017758 -35.331506463753556 7
      vertex -11.742645786248001 -36.14014761921583 7
    endloop
  endfacet
  facet normal 0.45399049973954886 0.8910065241883668 0
    outer loop
      vertex -18.306639615865183 -33.29965384166681 0
      vertex -18.306639615865183 -33.29965384166681 7
      vertex -18.04076129881613 -33.43512561067205 0
    endloop
  endfacet
  facet normal 0.3971478906346968 0.9177546256840174 0
    outer loop
      vertex -16.17961307947275 -34.38342799370874 0
      vertex -16.17961307947275 -34.38342799370874 7
      vertex -16.158133863027114 -34.392722880669965 0
    endloop
  endfacet
  facet normal 0.45399049973954714 0.8910065241883677 -8.304819136346761e-17
    outer loop
      vertex -18.04076129881613 -33.43512561067205 0
      vertex -18.306639615865183 -33.29965384166681 7
      vertex -16.17961307947275 -34.38342799370874 7
    endloop
  endfacet
  facet normal 0.39714789063476763 0.9177546256839868 2.5809820722178e-16
    outer loop
      vertex -16.158133863027114 -34.392722880669965 0
      vertex -16.17961307947275 -34.38342799370874 7
      vertex -16.007779347907654 -34.45778708939853 7
    endloop
  endfacet
  facet normal 0.6129070536529769 0.7901550123756901 0
    outer loop
      vertex -22.33583958711398 -30.742645786248005 0
      vertex -24.222111610450206 -29.279503225479996 0
      vertex -24.222111610450206 -29.279503225479996 7
    endloop
  endfacet
  facet normal 0.6613118653236529 0.7501110696304586 0
    outer loop
      vertex -26.012790025290162 -27.700807842013642 7
      vertex -24.222111610450206 -29.279503225479996 7
      vertex -24.222111610450206 -29.279503225479996 0
    endloop
  endfacet
  facet normal 0.8607420270039442 0.5090414157503704 0
    outer loop
      vertex -32.08446116907657 -20.361418209201876 0
      vertex -33.29965384166681 -18.306639615865183 0
      vertex -33.29965384166681 -18.306639615865183 7
    endloop
  endfacet
  facet normal 0.8910065241883677 0.45399049973954714 0
    outer loop
      vertex -33.29965384166681 -18.306639615865183 0
      vertex -34.38342799370874 -16.17961307947275 7
      vertex -33.29965384166681 -18.306639615865183 7
    endloop
  endfacet
  facet normal 0.8607420270039442 0.5090414157503704 0
    outer loop
      vertex -32.08446116907657 -20.361418209201876 0
      vertex -33.29965384166681 -18.306639615865183 7
      vertex -32.08446116907657 -20.361418209201876 7
    endloop
  endfacet
  facet normal 0.8910065241883677 0.45399049973954714 0
    outer loop
      vertex -33.29965384166681 -18.306639615865183 0
      vertex -34.38342799370874 -16.17961307947275 0
      vertex -34.38342799370874 -16.17961307947275 7
    endloop
  endfacet
  facet normal 0.9177546256839807 0.39714789063478184 0
    outer loop
      vertex -35.331506463753556 -13.988733002017758 7
      vertex -34.38342799370874 -16.17961307947275 7
      vertex -34.38342799370874 -16.17961307947275 0
    endloop
  endfacet
  facet normal 0.9177546256839807 0.39714789063478184 0
    outer loop
      vertex -35.331506463753556 -13.988733002017758 0
      vertex -35.331506463753556 -13.988733002017758 7
      vertex -34.38342799370874 -16.17961307947275 0
    endloop
  endfacet
  facet normal 0.9408807689542262 0.33873792024528937 0
    outer loop
      vertex -35.331506463753556 -13.988733002017758 0
      vertex -36.14014761921583 -11.742645786248001 7
      vertex -35.331506463753556 -13.988733002017758 7
    endloop
  endfacet
  facet normal 0.9602936856769426 0.2789911060392306 0
    outer loop
      vertex -36.14014761921583 -11.742645786248001 0
      vertex -36.80616012288798 -9.450215712264484 0
      vertex -36.80616012288798 -9.450215712264484 7
    endloop
  endfacet
  facet normal 0.9408807689542262 0.33873792024528937 0
    outer loop
      vertex -35.331506463753556 -13.988733002017758 0
      vertex -36.14014761921583 -11.742645786248001 0
      vertex -36.14014761921583 -11.742645786248001 7
    endloop
  endfacet
  facet normal 0.9602936856769426 0.2789911060392306 0
    outer loop
      vertex -36.14014761921583 -11.742645786248001 0
      vertex -36.80616012288798 -9.450215712264484 7
      vertex -36.14014761921583 -11.742645786248001 7
    endloop
  endfacet
  facet normal 0.9759167619387472 0.21814324139654315 0
    outer loop
      vertex -36.80616012288798 -9.450215712264484 0
      vertex -37.32691552769017 -7.120489954257543 0
      vertex -37.32691552769017 -7.120489954257543 7
    endloop
  endfacet
  facet normal 0.9759167619387472 0.21814324139654315 0
    outer loop
      vertex -36.80616012288798 -9.450215712264484 0
      vertex -37.32691552769017 -7.120489954257543 7
      vertex -36.80616012288798 -9.450215712264484 7
    endloop
  endfacet
  facet normal 0.9876883405951375 0.15643446504023187 0
    outer loop
      vertex -37.32691552769017 -7.120489954257543 0
      vertex -37.70035864995016 -4.762662875443555 0
      vertex -37.70035864995016 -4.762662875443555 7
    endloop
  endfacet
  facet normal 0.9876883405951375 0.15643446504023187 0
    outer loop
      vertex -37.32691552769017 -7.120489954257543 0
      vertex -37.70035864995016 -4.762662875443555 7
      vertex -37.32691552769017 -7.120489954257543 7
    endloop
  endfacet
  facet normal 0.9955619646030801 0.09410831331851359 0
    outer loop
      vertex -37.70035864995016 -4.762662875443555 0
      vertex -37.92501568027432 -2.3860397421139043 0
      vertex -37.92501568027432 -2.3860397421139043 7
    endloop
  endfacet
  facet normal 0.9955619646030801 0.09410831331851359 0
    outer loop
      vertex -37.70035864995016 -4.762662875443555 0
      vertex -37.92501568027432 -2.3860397421139043 7
      vertex -37.70035864995016 -4.762662875443555 7
    endloop
  endfacet
  facet normal 0.9995065603657316 0.031410759078127834 0
    outer loop
      vertex -37.92501568027432 -2.3860397421139043 0
      vertex -38 0 0
      vertex -38 0 7
    endloop
  endfacet
  facet normal 0.9995065603657316 0.031410759078127834 0
    outer loop
      vertex -37.92501568027432 -2.3860397421139043 0
      vertex -38 0 7
      vertex -37.92501568027432 -2.3860397421139043 7
    endloop
  endfacet
  facet normal 0.9995065603657316 -0.031410759078127834 0
    outer loop
      vertex -38 0 0
      vertex -37.92501568027432 2.3860397421139043 0
      vertex -37.92501568027432 2.3860397421139043 7
    endloop
  endfacet
  facet normal 0.9995065603657316 -0.031410759078127834 0
    outer loop
      vertex -38 0 0
      vertex -37.92501568027432 2.3860397421139043 7
      vertex -38 0 7
    endloop
  endfacet
  facet normal 0.9955619646030801 -0.09410831331851359 0
    outer loop
      vertex -37.92501568027432 2.3860397421139043 0
      vertex -37.70035864995016 4.762662875443555 0
      vertex -37.70035864995016 4.762662875443555 7
    endloop
  endfacet
  facet normal 0.9955619646030801 -0.09410831331851359 0
    outer loop
      vertex -37.92501568027432 2.3860397421139043 0
      vertex -37.70035864995016 4.762662875443555 7
      vertex -37.92501568027432 2.3860397421139043 7
    endloop
  endfacet
  facet normal 0.9876883405951375 -0.15643446504023187 0
    outer loop
      vertex -37.70035864995016 4.762662875443555 0
      vertex -37.32691552769017 7.120489954257543 0
      vertex -37.32691552769017 7.120489954257543 7
    endloop
  endfacet
  facet normal 0.9876883405951375 -0.15643446504023187 0
    outer loop
      vertex -37.70035864995016 4.762662875443555 0
      vertex -37.32691552769017 7.120489954257543 7
      vertex -37.70035864995016 4.762662875443555 7
    endloop
  endfacet
  facet normal 0.9759167619387472 -0.21814324139654315 0
    outer loop
      vertex -37.32691552769017 7.120489954257543 0
      vertex -36.80616012288798 9.450215712264484 0
      vertex -36.80616012288798 9.450215712264484 7
    endloop
  endfacet
  facet normal 0.9759167619387472 -0.21814324139654315 0
    outer loop
      vertex -37.32691552769017 7.120489954257543 0
      vertex -36.80616012288798 9.450215712264484 7
      vertex -37.32691552769017 7.120489954257543 7
    endloop
  endfacet
  facet normal 0.9602936856769426 -0.2789911060392306 0
    outer loop
      vertex -36.80616012288798 9.450215712264484 0
      vertex -36.14014761921583 11.742645786248001 0
      vertex -36.14014761921583 11.742645786248001 7
    endloop
  endfacet
  facet normal 0.9408807689542478 -0.33873792024522953 0
    outer loop
      vertex -36.14014761921583 11.742645786248001 0
      vertex -36.132219764750516 11.764666249147705 0
      vertex -36.14014761921583 11.742645786248001 7
    endloop
  endfacet
  facet normal 0.9602936856769426 -0.2789911060392306 0
    outer loop
      vertex -36.80616012288798 9.450215712264484 0
      vertex -36.14014761921583 11.742645786248001 7
      vertex -36.80616012288798 9.450215712264484 7
    endloop
  endfacet
  facet normal 0.9408807689542225 -0.33873792024529975 -2.4949493364771727e-16
    outer loop
      vertex -36.132219764750516 11.764666249147705 0
      vertex -36.0767247834933 11.91880948944563 7
      vertex -36.14014761921583 11.742645786248001 7
    endloop
  endfacet
  facet normal 0.9177546256839807 -0.39714789063478184 0
    outer loop
      vertex -35.331506463753556 13.988733002017758 0
      vertex -34.38342799370874 16.17961307947275 7
      vertex -35.331506463753556 13.988733002017758 7
    endloop
  endfacet
  facet normal 0.9177546256839807 -0.39714789063478184 0
    outer loop
      vertex -35.331506463753556 13.988733002017758 0
      vertex -34.38342799370874 16.17961307947275 0
      vertex -34.38342799370874 16.17961307947275 7
    endloop
  endfacet
  facet normal 0.8910065241883677 -0.45399049973954714 0
    outer loop
      vertex -34.38342799370874 16.17961307947275 0
      vertex -33.29965384166681 18.306639615865183 7
      vertex -34.38342799370874 16.17961307947275 7
    endloop
  endfacet
  facet normal 0.8910065241883677 -0.45399049973954714 0
    outer loop
      vertex -34.38342799370874 16.17961307947275 0
      vertex -33.29965384166681 18.306639615865183 0
      vertex -33.29965384166681 18.306639615865183 7
    endloop
  endfacet
  facet normal 0.8607420270039442 -0.5090414157503704 0
    outer loop
      vertex -33.29965384166681 18.306639615865183 0
      vertex -32.08446116907657 20.361418209201876 0
      vertex -32.08446116907657 20.361418209201876 7
    endloop
  endfacet
  facet normal 0.8607420270039442 -0.5090414157503704 0
    outer loop
      vertex -33.29965384166681 18.306639615865183 0
      vertex -32.08446116907657 20.361418209201876 7
      vertex -33.29965384166681 18.306639615865183 7
    endloop
  endfacet
  facet normal 0.8270805742745628 -0.5620833778521291 0
    outer loop
      vertex -32.08446116907657 20.361418209201876 0
      vertex -30.742645786248005 22.33583958711398 7
      vertex -32.08446116907657 20.361418209201876 7
    endloop
  endfacet
  facet normal 0.8270805742745628 -0.5620833778521291 0
    outer loop
      vertex -32.08446116907657 20.361418209201876 0
      vertex -30.742645786248005 22.33583958711398 0
      vertex -30.742645786248005 22.33583958711398 7
    endloop
  endfacet
  facet normal 0.7901550123756901 -0.6129070536529769 0
    outer loop
      vertex -30.742645786248005 22.33583958711398 0
      vertex -29.279503225479996 24.222111610450206 0
      vertex -29.279503225479996 24.222111610450206 7
    endloop
  endfacet
  facet normal 0.7901550123756901 -0.6129070536529769 0
    outer loop
      vertex -30.742645786248005 22.33583958711398 0
      vertex -29.279503225479996 24.222111610450206 7
      vertex -30.742645786248005 22.33583958711398 7
    endloop
  endfacet
  facet normal 0.7501110696304586 -0.6613118653236529 0
    outer loop
      vertex -29.279503225479996 24.222111610450206 0
      vertex -27.700807842013642 26.012790025290162 7
      vertex -29.279503225479996 24.222111610450206 7
    endloop
  endfacet
  facet normal 0.7501110696304586 -0.6613118653236529 0
    outer loop
      vertex -29.279503225479996 24.222111610450206 0
      vertex -27.700807842013642 26.012790025290162 0
      vertex -27.700807842013642 26.012790025290162 7
    endloop
  endfacet
  facet normal 0.7071067811865476 -0.7071067811865476 0
    outer loop
      vertex -27.700807842013642 26.012790025290162 0
      vertex -26.012790025290162 27.700807842013642 0
      vertex -26.012790025290162 27.700807842013642 7
    endloop
  endfacet
  facet normal 0.7071067811865476 -0.7071067811865476 0
    outer loop
      vertex -27.700807842013642 26.012790025290162 0
      vertex -26.012790025290162 27.700807842013642 7
      vertex -27.700807842013642 26.012790025290162 7
    endloop
  endfacet
  facet normal 0.6613118653236529 -0.7501110696304586 0
    outer loop
      vertex -26.012790025290162 27.700807842013642 0
      vertex -24.222111610450206 29.279503225479996 7
      vertex -26.012790025290162 27.700807842013642 7
    endloop
  endfacet
  facet normal 0.6613118653236529 -0.7501110696304586 0
    outer loop
      vertex -26.012790025290162 27.700807842013642 0
      vertex -24.222111610450206 29.279503225479996 0
      vertex -24.222111610450206 29.279503225479996 7
    endloop
  endfacet
  facet normal 0.6129070536529769 -0.7901550123756901 0
    outer loop
      vertex -24.222111610450206 29.279503225479996 0
      vertex -22.33583958711398 30.742645786248005 7
      vertex -24.222111610450206 29.279503225479996 7
    endloop
  endfacet
  facet normal 0.6129070536529769 -0.7901550123756901 0
    outer loop
      vertex -24.222111610450206 29.279503225479996 0
      vertex -22.33583958711398 30.742645786248005 0
      vertex -22.33583958711398 30.742645786248005 7
    endloop
  endfacet
  facet normal 0.5620833778521291 -0.8270805742745628 0
    outer loop
      vertex -22.33583958711398 30.742645786248005 0
      vertex -20.361418209201876 32.08446116907657 0
      vertex -20.361418209201876 32.08446116907657 7
    endloop
  endfacet
  facet normal 0.5620833778521291 -0.8270805742745628 0
    outer loop
      vertex -22.33583958711398 30.742645786248005 0
      vertex -20.361418209201876 32.08446116907657 7
      vertex -22.33583958711398 30.742645786248005 7
    endloop
  endfacet
  facet normal 0.5090414157503719 -0.8607420270039432 0
    outer loop
      vertex -20.361418209201876 32.08446116907657 0
      vertex -18.30663961586518 33.29965384166682 7
      vertex -20.361418209201876 32.08446116907657 7
    endloop
  endfacet
  facet normal 0.5090414157503719 -0.8607420270039432 0
    outer loop
      vertex -20.361418209201876 32.08446116907657 0
      vertex -18.30663961586518 33.29965384166682 0
      vertex -18.30663961586518 33.29965384166682 7
    endloop
  endfacet
  facet normal 0.4539904997395472 -0.8910065241883677 0
    outer loop
      vertex -18.30663961586518 33.29965384166682 0
      vertex -16.179613079472762 34.38342799370874 0
      vertex -16.179613079472762 34.38342799370874 7
    endloop
  endfacet
  facet normal 0.4539904997395472 -0.8910065241883677 0
    outer loop
      vertex -18.30663961586518 33.29965384166682 0
      vertex -16.179613079472762 34.38342799370874 7
      vertex -18.30663961586518 33.29965384166682 7
    endloop
  endfacet
  facet normal 0.3971478906347802 -0.9177546256839813 0
    outer loop
      vertex -16.179613079472762 34.38342799370874 0
      vertex -13.988733002017758 35.331506463753556 7
      vertex -16.179613079472762 34.38342799370874 7
    endloop
  endfacet
  facet normal 0.3971478906347802 -0.9177546256839813 0
    outer loop
      vertex -16.179613079472762 34.38342799370874 0
      vertex -13.988733002017758 35.331506463753556 0
      vertex -13.988733002017758 35.331506463753556 7
    endloop
  endfacet
  facet normal 0.33873792024528937 -0.9408807689542262 0
    outer loop
      vertex -13.988733002017758 35.331506463753556 0
      vertex -11.742645786248001 36.14014761921583 0
      vertex -11.742645786248001 36.14014761921583 7
    endloop
  endfacet
  facet normal 0.33873792024528937 -0.9408807689542262 0
    outer loop
      vertex -13.988733002017758 35.331506463753556 0
      vertex -11.742645786248001 36.14014761921583 7
      vertex -13.988733002017758 35.331506463753556 7
    endloop
  endfacet
  facet normal 0.2789911060392306 0.9602936856769426 0
    outer loop
      vertex -11.742645786248001 -36.14014761921583 0
      vertex -11.742645786248001 -36.14014761921583 7
      vertex -9.450215712264484 -36.80616012288798 0
    endloop
  endfacet
  facet normal 0.2789911060392306 0.9602936856769426 0
    outer loop
      vertex -11.742645786248001 -36.14014761921583 7
      vertex -9.450215712264484 -36.80616012288798 7
      vertex -9.450215712264484 -36.80616012288798 0
    endloop
  endfacet
  facet normal 0.15643446504023187 0.9876883405951375 0
    outer loop
      vertex -7.120489954257543 -37.32691552769017 7
      vertex -4.762662875443555 -37.70035864995016 7
      vertex -4.762662875443555 -37.70035864995016 0
    endloop
  endfacet
  facet normal 0.21814324139654315 0.9759167619387472 0
    outer loop
      vertex -9.450215712264484 -36.80616012288798 0
      vertex -9.450215712264484 -36.80616012288798 7
      vertex -7.120489954257543 -37.32691552769017 0
    endloop
  endfacet
  facet normal 0.15643446504023187 0.9876883405951375 0
    outer loop
      vertex -7.120489954257543 -37.32691552769017 0
      vertex -7.120489954257543 -37.32691552769017 7
      vertex -4.762662875443555 -37.70035864995016 0
    endloop
  endfacet
  facet normal 0.21814324139654315 0.9759167619387472 0
    outer loop
      vertex -7.120489954257543 -37.32691552769017 0
      vertex -9.450215712264484 -36.80616012288798 7
      vertex -7.120489954257543 -37.32691552769017 7
    endloop
  endfacet
  facet normal 0.09410831331851431 0.9955619646030801 0
    outer loop
      vertex -4.762662875443555 -37.70035864995016 0
      vertex -4.762662875443555 -37.70035864995016 7
      vertex -2.386039742113923 -37.92501568027432 0
    endloop
  endfacet
  facet normal 0.031410759078065176 0.9995065603657336 0
    outer loop
      vertex -2.386039742113923 -37.92501568027432 0
      vertex -2.386039742113923 -37.92501568027432 7
      vertex -2.36264719562261 -37.92575082066379 0
    endloop
  endfacet
  facet normal 0.09410831331851431 0.9955619646030801 0
    outer loop
      vertex -2.386039742113923 -37.92501568027432 0
      vertex -4.762662875443555 -37.70035864995016 7
      vertex -2.386039742113923 -37.92501568027432 7
    endloop
  endfacet
  facet normal 0.031410759078141 0.999506560365731 2.536414633390609e-16
    outer loop
      vertex -2.36264719562261 -37.92575082066379 0
      vertex -2.386039742113923 -37.92501568027432 7
      vertex -2.1988993701834194 -37.93089680339006 7
    endloop
  endfacet
  facet normal -0.03141075907806515 0.9995065603657336 0
    outer loop
      vertex 0 -38 0
      vertex 0 -38 7
      vertex 0.02339254649131297 -37.999264859610534 0
    endloop
  endfacet
  facet normal -0.031410759078140976 0.9995065603657313 -2.5364146333906076e-16
    outer loop
      vertex 0.02339254649131297 -37.999264859610534 0
      vertex 0 -38 7
      vertex 0.18714037193050376 -37.99411887688426 7
    endloop
  endfacet
  facet normal -0.031410759078128014 0.9995065603657316 0
    outer loop
      vertex 0.2982549677642403 -37.99062696003429 0
      vertex 2.386039742113923 -37.92501568027432 7
      vertex 2.386039742113923 -37.92501568027432 0
    endloop
  endfacet
  facet normal -0.09410831331851431 0.9955619646030801 0
    outer loop
      vertex 2.386039742113923 -37.92501568027432 0
      vertex 2.386039742113923 -37.92501568027432 7
      vertex 4.762662875443555 -37.70035864995016 0
    endloop
  endfacet
  facet normal -0.09410831331851431 0.9955619646030801 0
    outer loop
      vertex 4.762662875443555 -37.70035864995016 0
      vertex 2.386039742113923 -37.92501568027432 7
      vertex 4.762662875443555 -37.70035864995016 7
    endloop
  endfacet
  facet normal -0.15643446504023187 0.9876883405951375 0
    outer loop
      vertex 4.762662875443555 -37.70035864995016 0
      vertex 4.762662875443555 -37.70035864995016 7
      vertex 7.120489954257543 -37.32691552769017 0
    endloop
  endfacet
  facet normal -0.15643446504023187 0.9876883405951375 0
    outer loop
      vertex 4.762662875443555 -37.70035864995016 7
      vertex 7.120489954257543 -37.32691552769017 7
      vertex 7.120489954257543 -37.32691552769017 0
    endloop
  endfacet
  facet normal -0.21814324139654173 0.9759167619387477 0
    outer loop
      vertex 7.120489954257543 -37.32691552769017 0
      vertex 7.120489954257543 -37.32691552769017 7
      vertex 9.450215712264468 -36.80616012288799 0
    endloop
  endfacet
  facet normal -0.27899110603923155 0.9602936856769424 0
    outer loop
      vertex 9.450215712264468 -36.80616012288799 0
      vertex 9.450215712264468 -36.80616012288799 7
      vertex 11.742645786248001 -36.14014761921583 0
    endloop
  endfacet
  facet normal -0.21814324139654173 0.9759167619387477 0
    outer loop
      vertex 9.450215712264468 -36.80616012288799 0
      vertex 7.120489954257543 -37.32691552769017 7
      vertex 9.450215712264468 -36.80616012288799 7
    endloop
  endfacet
  facet normal -0.27899110603923155 0.9602936856769424 0
    outer loop
      vertex 9.450215712264468 -36.80616012288799 7
      vertex 11.742645786248001 -36.14014761921583 7
      vertex 11.742645786248001 -36.14014761921583 0
    endloop
  endfacet
  facet normal -0.39714789063478223 0.9177546256839804 0
    outer loop
      vertex 13.988733002017778 -35.33150646375355 0
      vertex 13.988733002017778 -35.33150646375355 7
      vertex 16.17961307947275 -34.38342799370874 0
    endloop
  endfacet
  facet normal -0.45399049973954714 0.8910065241883677 0
    outer loop
      vertex 16.17961307947275 -34.38342799370874 0
      vertex 16.17961307947275 -34.38342799370874 7
      vertex 18.306639615865183 -33.29965384166681 0
    endloop
  endfacet
  facet normal -0.39714789063478223 0.9177546256839804 0
    outer loop
      vertex 13.988733002017778 -35.33150646375355 7
      vertex 16.17961307947275 -34.38342799370874 7
      vertex 16.17961307947275 -34.38342799370874 0
    endloop
  endfacet
  facet normal -0.5090414157503699 0.8607420270039444 0
    outer loop
      vertex 18.306639615865183 -33.29965384166681 0
      vertex 18.306639615865183 -33.29965384166681 7
      vertex 20.361418209201855 -32.08446116907658 0
    endloop
  endfacet
  facet normal -0.45399049973954714 0.8910065241883677 0
    outer loop
      vertex 18.306639615865183 -33.29965384166681 0
      vertex 16.17961307947275 -34.38342799370874 7
      vertex 18.306639615865183 -33.29965384166681 7
    endloop
  endfacet
  facet normal -0.5090414157503699 0.8607420270039444 0
    outer loop
      vertex 18.306639615865183 -33.29965384166681 7
      vertex 20.361418209201855 -32.08446116907658 7
      vertex 20.361418209201855 -32.08446116907658 0
    endloop
  endfacet
  facet normal -0.562083377852129 0.8270805742745627 0
    outer loop
      vertex 20.361418209201855 -32.08446116907658 0
      vertex 20.361418209201855 -32.08446116907658 7
      vertex 22.33583958711398 -30.742645786248005 0
    endloop
  endfacet
  facet normal -0.6129070536529772 0.7901550123756899 -2.532887610653722e-16
    outer loop
      vertex 22.354332450087867 -30.728301251338515 0
      vertex 22.483782490905057 -30.627889506972082 7
      vertex 24.22211161045022 -29.279503225479985 0
    endloop
  endfacet
  facet normal -0.562083377852129 0.8270805742745627 0
    outer loop
      vertex 22.33583958711398 -30.742645786248005 0
      vertex 20.361418209201855 -32.08446116907658 7
      vertex 22.33583958711398 -30.742645786248005 7
    endloop
  endfacet
  facet normal -0.6129070536529765 0.7901550123756903 0
    outer loop
      vertex 22.483782490905057 -30.627889506972082 7
      vertex 24.22211161045022 -29.279503225479985 7
      vertex 24.22211161045022 -29.279503225479985 0
    endloop
  endfacet
  facet normal -0.6613118653236535 0.7501110696304581 0
    outer loop
      vertex 24.22211161045022 -29.279503225479985 0
      vertex 24.22211161045022 -29.279503225479985 7
      vertex 26.012790025290162 -27.700807842013642 0
    endloop
  endfacet
  facet normal -0.6613118653236535 0.7501110696304581 0
    outer loop
      vertex 24.22211161045022 -29.279503225479985 7
      vertex 26.012790025290162 -27.700807842013642 7
      vertex 26.012790025290162 -27.700807842013642 0
    endloop
  endfacet
  facet normal -0.7071067811865476 0.7071067811865476 0
    outer loop
      vertex 26.012790025290162 -27.700807842013642 0
      vertex 26.012790025290162 -27.700807842013642 7
      vertex 27.700807842013642 -26.012790025290162 0
    endloop
  endfacet
  facet normal -0.7501110696304581 0.6613118653236535 0
    outer loop
      vertex 27.700807842013642 -26.012790025290162 0
      vertex 27.700807842013642 -26.012790025290162 7
      vertex 29.279503225479985 -24.22211161045022 0
    endloop
  endfacet
  facet normal -0.7071067811865476 0.7071067811865476 0
    outer loop
      vertex 27.700807842013642 -26.012790025290162 0
      vertex 26.012790025290162 -27.700807842013642 7
      vertex 27.700807842013642 -26.012790025290162 7
    endloop
  endfacet
  facet normal -0.7901550123756902 0.6129070536529768 0
    outer loop
      vertex 29.279503225479985 -24.22211161045022 0
      vertex 29.279503225479985 -24.22211161045022 7
      vertex 30.742645786248005 -22.33583958711398 0
    endloop
  endfacet
  facet normal -0.7501110696304581 0.6613118653236535 0
    outer loop
      vertex 27.700807842013642 -26.012790025290162 7
      vertex 29.279503225479985 -24.22211161045022 7
      vertex 29.279503225479985 -24.22211161045022 0
    endloop
  endfacet
  facet normal -0.7901550123756902 0.6129070536529768 0
    outer loop
      vertex 29.279503225479985 -24.22211161045022 7
      vertex 30.742645786248005 -22.33583958711398 7
      vertex 30.742645786248005 -22.33583958711398 0
    endloop
  endfacet
  facet normal -0.8270805742745627 0.562083377852129 0
    outer loop
      vertex 30.742645786248005 -22.33583958711398 0
      vertex 30.742645786248005 -22.33583958711398 7
      vertex 32.08446116907658 -20.361418209201855 0
    endloop
  endfacet
  facet normal -0.8270805742745627 0.562083377852129 0
    outer loop
      vertex 32.08446116907658 -20.361418209201855 0
      vertex 30.742645786248005 -22.33583958711398 7
      vertex 32.08446116907658 -20.361418209201855 7
    endloop
  endfacet
  facet normal -0.8607420270039444 0.5090414157503699 0
    outer loop
      vertex 32.08446116907658 -20.361418209201855 0
      vertex 32.08446116907658 -20.361418209201855 7
      vertex 33.29965384166681 -18.306639615865183 0
    endloop
  endfacet
  facet normal -0.8607420270039444 0.5090414157503699 0
    outer loop
      vertex 32.08446116907658 -20.361418209201855 7
      vertex 33.29965384166681 -18.306639615865183 7
      vertex 33.29965384166681 -18.306639615865183 0
    endloop
  endfacet
  facet normal -0.8910065241883677 0.45399049973954714 0
    outer loop
      vertex 33.29965384166681 -18.306639615865183 0
      vertex 33.29965384166681 -18.306639615865183 7
      vertex 34.38342799370874 -16.17961307947275 0
    endloop
  endfacet
  facet normal -0.8910065241883677 0.45399049973954714 0
    outer loop
      vertex 34.38342799370874 -16.17961307947275 0
      vertex 33.29965384166681 -18.306639615865183 7
      vertex 34.38342799370874 -16.17961307947275 7
    endloop
  endfacet
  facet normal -0.9177546256839849 0.3971478906347717 0
    outer loop
      vertex 35.21299665499795 -14.26259301169965 0
      vertex 35.33150646375355 -13.988733002017778 7
      vertex 35.33150646375355 -13.988733002017778 0
    endloop
  endfacet
  facet normal -0.9408807689542261 0.33873792024528937 0
    outer loop
      vertex 35.33150646375355 -13.988733002017778 0
      vertex 35.33150646375355 -13.988733002017778 7
      vertex 36.039067474783046 -12.023406688219223 0
    endloop
  endfacet
  facet normal -0.9177546256839804 0.39714789063478223 -4.916452928717361e-16
    outer loop
      vertex 34.38342799370874 -16.17961307947275 7
      vertex 35.33150646375355 -13.988733002017778 7
      vertex 35.21299665499795 -14.26259301169965 0
    endloop
  endfacet
  facet normal -0.9408807689542478 0.33873792024522953 0
    outer loop
      vertex 36.132219764750516 -11.764666249147705 0
      vertex 36.14014761921583 -11.742645786248001 7
      vertex 36.14014761921583 -11.742645786248001 0
    endloop
  endfacet
  facet normal -0.9408807689542225 0.33873792024529975 -2.4949493364771727e-16
    outer loop
      vertex 36.132219764750516 -11.764666249147705 0
      vertex 36.0767247834933 -11.91880948944563 7
      vertex 36.14014761921583 -11.742645786248001 7
    endloop
  endfacet
  facet normal -0.9602936856769768 0.2789911060391129 0
    outer loop
      vertex 36.799630588538264 -9.472690516911365 0
      vertex 36.80616012288799 -9.450215712264468 7
      vertex 36.80616012288799 -9.450215712264468 0
    endloop
  endfacet
  facet normal -0.9759167619387477 0.21814324139654173 0
    outer loop
      vertex 36.80616012288799 -9.450215712264468 0
      vertex 36.80616012288799 -9.450215712264468 7
      vertex 37.32691552769017 -7.120489954257543 0
    endloop
  endfacet
  facet normal -0.9602936856769464 0.27899110603921795 -3.6563912689751736e-16
    outer loop
      vertex 36.799630588538264 -9.472690516911365 0
      vertex 36.753923848090174 -9.630014149439647 7
      vertex 36.80616012288799 -9.450215712264468 7
    endloop
  endfacet
  facet normal -0.9759167619387477 0.21814324139654173 0
    outer loop
      vertex 37.32691552769017 -7.120489954257543 0
      vertex 36.80616012288799 -9.450215712264468 7
      vertex 37.32691552769017 -7.120489954257543 7
    endloop
  endfacet
  facet normal -0.9876883405951375 0.15643446504023187 0
    outer loop
      vertex 37.32691552769017 -7.120489954257543 0
      vertex 37.32691552769017 -7.120489954257543 7
      vertex 37.70035864995016 -4.762662875443555 0
    endloop
  endfacet
  facet normal -0.9876883405951375 0.15643446504023187 0
    outer loop
      vertex 37.32691552769017 -7.120489954257543 7
      vertex 37.70035864995016 -4.762662875443555 7
      vertex 37.70035864995016 -4.762662875443555 0
    endloop
  endfacet
  facet normal -0.9955619646030801 0.09410831331851431 0
    outer loop
      vertex 37.70035864995016 -4.762662875443555 0
      vertex 37.70035864995016 -4.762662875443555 7
      vertex 37.92501568027432 -2.386039742113923 0
    endloop
  endfacet
  facet normal -0.9955619646030801 0.09410831331851431 0
    outer loop
      vertex 37.92501568027432 -2.386039742113923 0
      vertex 37.70035864995016 -4.762662875443555 7
      vertex 37.92501568027432 -2.386039742113923 7
    endloop
  endfacet
  facet normal -0.9995065603657316 0.03141075907812759 0
    outer loop
      vertex 37.92501568027432 -2.386039742113923 0
      vertex 37.92501568027432 -2.386039742113923 7
      vertex 38 0 0
    endloop
  endfacet
  facet normal -0.9995065603657316 0.03141075907812759 0
    outer loop
      vertex 37.92501568027432 -2.386039742113923 7
      vertex 38 0 7
      vertex 38 0 0
    endloop
  endfacet
  facet normal 0.2789911060392306 -0.9602936856769426 0
    outer loop
      vertex -11.742645786248001 36.14014761921583 0
      vertex -9.450215712264484 36.80616012288798 0
      vertex -9.450215712264484 36.80616012288798 7
    endloop
  endfacet
  facet normal 0.2789911060392306 -0.9602936856769426 0
    outer loop
      vertex -11.742645786248001 36.14014761921583 0
      vertex -9.450215712264484 36.80616012288798 7
      vertex -11.742645786248001 36.14014761921583 7
    endloop
  endfacet
  facet normal 0.21814324139654231 -0.9759167619387475 0
    outer loop
      vertex -9.450215712264484 36.80616012288798 0
      vertex -7.1204899542575335 37.32691552769017 0
      vertex -7.1204899542575335 37.32691552769017 7
    endloop
  endfacet
  facet normal 0.21814324139654231 -0.9759167619387475 0
    outer loop
      vertex -9.450215712264484 36.80616012288798 0
      vertex -7.1204899542575335 37.32691552769017 7
      vertex -9.450215712264484 36.80616012288798 7
    endloop
  endfacet
  facet normal 0.15643446504023298 -0.9876883405951373 0
    outer loop
      vertex -7.1204899542575335 37.32691552769017 0
      vertex -4.762662875443563 37.70035864995016 7
      vertex -7.1204899542575335 37.32691552769017 7
    endloop
  endfacet
  facet normal 0.15643446504023298 -0.9876883405951373 0
    outer loop
      vertex -7.1204899542575335 37.32691552769017 0
      vertex -4.762662875443563 37.70035864995016 0
      vertex -4.762662875443563 37.70035864995016 7
    endloop
  endfacet
  facet normal 0.09410831331851327 -0.9955619646030801 0
    outer loop
      vertex -4.762662875443563 37.70035864995016 0
      vertex -2.3860397421139043 37.92501568027432 0
      vertex -2.3860397421139043 37.92501568027432 7
    endloop
  endfacet
  facet normal 0.09410831331851327 -0.9955619646030801 0
    outer loop
      vertex -4.762662875443563 37.70035864995016 0
      vertex -2.3860397421139043 37.92501568027432 7
      vertex -4.762662875443563 37.70035864995016 7
    endloop
  endfacet
  facet normal 0.03141075907806539 -0.9995065603657335 0
    outer loop
      vertex -0.023392546491312786 37.999264859610534 0
      vertex 0 38 0
      vertex 0 38 7
    endloop
  endfacet
  facet normal 0.03141075907814122 -0.999506560365731 -2.536414633390627e-16
    outer loop
      vertex -0.023392546491312786 37.999264859610534 0
      vertex 0 38 7
      vertex -0.1871403719305023 37.99411887688426 7
    endloop
  endfacet
  facet normal -0.031410759078065176 -0.9995065603657336 0
    outer loop
      vertex 2.3626471956225914 37.92575082066379 0
      vertex 2.3860397421139043 37.92501568027432 0
      vertex 2.3860397421139043 37.92501568027432 7
    endloop
  endfacet
  facet normal -0.03141075907814122 -0.999506560365731 2.543859773983563e-16
    outer loop
      vertex 2.3626471956225914 37.92575082066379 0
      vertex 2.3860397421139043 37.92501568027432 7
      vertex 2.198899370183402 37.93089680339006 7
    endloop
  endfacet
  facet normal -0.09410831331851327 -0.9955619646030801 -3.7828451166059636e-16
    outer loop
      vertex 4.465584983777355 37.72844077874068 0
      vertex 4.762662875443563 37.70035864995016 7
      vertex 2.3860397421139043 37.92501568027432 7
    endloop
  endfacet
  facet normal -0.15643446504023298 -0.9876883405951373 0
    outer loop
      vertex 4.762662875443563 37.70035864995016 0
      vertex 7.1204899542575335 37.32691552769017 0
      vertex 7.1204899542575335 37.32691552769017 7
    endloop
  endfacet
  facet normal -0.0941083133185221 -0.9955619646030792 0
    outer loop
      vertex 4.465584983777355 37.72844077874068 0
      vertex 4.762662875443563 37.70035864995016 0
      vertex 4.762662875443563 37.70035864995016 7
    endloop
  endfacet
  facet normal -0.15643446504023298 -0.9876883405951373 0
    outer loop
      vertex 4.762662875443563 37.70035864995016 0
      vertex 7.1204899542575335 37.32691552769017 7
      vertex 4.762662875443563 37.70035864995016 7
    endloop
  endfacet
  facet normal -0.21814324139654231 -0.9759167619387475 0
    outer loop
      vertex 7.1204899542575335 37.32691552769017 0
      vertex 9.450215712264484 36.80616012288798 0
      vertex 9.450215712264484 36.80616012288798 7
    endloop
  endfacet
  facet normal -0.21814324139654231 -0.9759167619387475 0
    outer loop
      vertex 7.1204899542575335 37.32691552769017 0
      vertex 9.450215712264484 36.80616012288798 7
      vertex 7.1204899542575335 37.32691552769017 7
    endloop
  endfacet
  facet normal -0.2789911060392306 -0.9602936856769426 0
    outer loop
      vertex 9.450215712264484 36.80616012288798 0
      vertex 11.742645786248001 36.14014761921583 7
      vertex 9.450215712264484 36.80616012288798 7
    endloop
  endfacet
  facet normal -0.2789911060392306 -0.9602936856769426 0
    outer loop
      vertex 9.450215712264484 36.80616012288798 0
      vertex 11.742645786248001 36.14014761921583 0
      vertex 11.742645786248001 36.14014761921583 7
    endloop
  endfacet
  facet normal -0.33873792024528937 -0.9408807689542262 0
    outer loop
      vertex 11.742645786248001 36.14014761921583 0
      vertex 13.988733002017758 35.331506463753556 0
      vertex 13.988733002017758 35.331506463753556 7
    endloop
  endfacet
  facet normal -0.33873792024528937 -0.9408807689542262 0
    outer loop
      vertex 11.742645786248001 36.14014761921583 0
      vertex 13.988733002017758 35.331506463753556 7
      vertex 11.742645786248001 36.14014761921583 7
    endloop
  endfacet
  facet normal -0.9995065603657316 -0.031410759078127785 0
    outer loop
      vertex 38 0 0
      vertex 38 0 7
      vertex 37.92501568027432 2.3860397421139083 0
    endloop
  endfacet
  facet normal -0.9995065603657316 -0.031410759078127785 0
    outer loop
      vertex 37.92501568027432 2.3860397421139083 0
      vertex 38 0 7
      vertex 37.92501568027432 2.3860397421139083 7
    endloop
  endfacet
  facet normal -0.9955619646030801 -0.09410831331851345 0
    outer loop
      vertex 37.92501568027432 2.3860397421139083 0
      vertex 37.92501568027432 2.3860397421139083 7
      vertex 37.70035864995016 4.762662875443562 0
    endloop
  endfacet
  facet normal -0.9955619646030801 -0.09410831331851345 0
    outer loop
      vertex 37.70035864995016 4.762662875443562 0
      vertex 37.92501568027432 2.3860397421139083 7
      vertex 37.70035864995016 4.762662875443562 7
    endloop
  endfacet
  facet normal -0.9876883405951375 -0.1564344650402328 0
    outer loop
      vertex 37.70035864995016 4.762662875443562 0
      vertex 37.70035864995016 4.762662875443562 7
      vertex 37.32691552769017 7.120489954257536 0
    endloop
  endfacet
  facet normal -0.9876883405951375 -0.1564344650402328 0
    outer loop
      vertex 37.70035864995016 4.762662875443562 7
      vertex 37.32691552769017 7.120489954257536 7
      vertex 37.32691552769017 7.120489954257536 0
    endloop
  endfacet
  facet normal -0.9759167619387474 -0.21814324139654268 0
    outer loop
      vertex 37.32691552769017 7.120489954257536 0
      vertex 37.32691552769017 7.120489954257536 7
      vertex 36.80616012288798 9.450215712264482 0
    endloop
  endfacet
  facet normal -0.9759167619387474 -0.21814324139654268 0
    outer loop
      vertex 36.80616012288798 9.450215712264482 0
      vertex 37.32691552769017 7.120489954257536 7
      vertex 36.80616012288798 9.450215712264482 7
    endloop
  endfacet
  facet normal -0.8607420270039432 -0.509041415750372 0
    outer loop
      vertex 33.29965384166682 18.306639615865183 0
      vertex 33.29965384166682 18.306639615865183 7
      vertex 32.23636025315035 20.10457088503479 0
    endloop
  endfacet
  facet normal -0.9602936856769428 -0.27899110603923044 0
    outer loop
      vertex 36.80616012288798 9.450215712264482 0
      vertex 36.80616012288798 9.450215712264482 7
      vertex 36.14014761921583 11.742645786248001 0
    endloop
  endfacet
  facet normal -0.9408807689542255 -0.33873792024529126 0
    outer loop
      vertex 36.14014761921583 11.742645786248001 0
      vertex 36.14014761921583 11.742645786248001 7
      vertex 35.33150646375355 13.988733002017764 0
    endloop
  endfacet
  facet normal -0.9602936856769428 -0.27899110603923044 0
    outer loop
      vertex 36.80616012288798 9.450215712264482 7
      vertex 36.14014761921583 11.742645786248001 7
      vertex 36.14014761921583 11.742645786248001 0
    endloop
  endfacet
  facet normal -0.917754625683982 -0.39714789063477846 0
    outer loop
      vertex 34.38342799370874 16.179613079472762 0
      vertex 35.33150646375355 13.988733002017764 0
      vertex 35.33150646375355 13.988733002017764 7
    endloop
  endfacet
  facet normal -0.9408807689542255 -0.33873792024529126 0
    outer loop
      vertex 35.33150646375355 13.988733002017764 0
      vertex 36.14014761921583 11.742645786248001 7
      vertex 35.33150646375355 13.988733002017764 7
    endloop
  endfacet
  facet normal -0.891006524188368 -0.4539904997395466 0
    outer loop
      vertex 34.38342799370874 16.179613079472762 0
      vertex 34.38342799370874 16.179613079472762 7
      vertex 33.29965384166682 18.306639615865183 0
    endloop
  endfacet
  facet normal -0.917754625683982 -0.39714789063477846 0
    outer loop
      vertex 34.38342799370874 16.179613079472762 0
      vertex 35.33150646375355 13.988733002017764 7
      vertex 34.38342799370874 16.179613079472762 7
    endloop
  endfacet
  facet normal -0.891006524188368 -0.4539904997395466 0
    outer loop
      vertex 33.29965384166682 18.306639615865183 0
      vertex 34.38342799370874 16.179613079472762 7
      vertex 33.29965384166682 18.306639615865183 7
    endloop
  endfacet
  facet normal -0.6129070536529782 -0.7901550123756892 0
    outer loop
      vertex 24.22211161045021 29.27950322547999 0
      vertex 24.22211161045021 29.27950322547999 7
      vertex 22.33583958711398 30.742645786248005 0
    endloop
  endfacet
  facet normal -0.7071067811865475 -0.7071067811865475 0
    outer loop
      vertex 26.012790025290172 27.70080784201364 0
      vertex 27.70080784201364 26.012790025290172 7
      vertex 26.012790025290172 27.70080784201364 7
    endloop
  endfacet
  facet normal -0.6613118653236506 -0.7501110696304606 0
    outer loop
      vertex 24.22211161045021 29.27950322547999 0
      vertex 26.012790025290172 27.70080784201364 0
      vertex 26.012790025290172 27.70080784201364 7
    endloop
  endfacet
  facet normal -0.6613118653236506 -0.7501110696304606 0
    outer loop
      vertex 24.22211161045021 29.27950322547999 0
      vertex 26.012790025290172 27.70080784201364 7
      vertex 24.22211161045021 29.27950322547999 7
    endloop
  endfacet
  facet normal -0.4539904997395472 -0.8910065241883676 0
    outer loop
      vertex 16.179613079472762 34.38342799370874 0
      vertex 18.30663961586518 33.29965384166682 7
      vertex 16.179613079472762 34.38342799370874 6.418181818181818
    endloop
  endfacet
  facet normal -0.5090414157503704 -0.8607420270039442 0
    outer loop
      vertex 18.30663961586518 33.29965384166682 0
      vertex 20.361418209201872 32.084461169076576 0
      vertex 20.361418209201872 32.084461169076576 7
    endloop
  endfacet
  facet normal -0.4539904997395472 -0.8910065241883677 0
    outer loop
      vertex 16.179613079472762 34.38342799370874 0
      vertex 18.30663961586518 33.29965384166682 0
      vertex 18.30663961586518 33.29965384166682 7
    endloop
  endfacet
  facet normal -0.5090414157503704 -0.8607420270039442 0
    outer loop
      vertex 18.30663961586518 33.29965384166682 0
      vertex 20.361418209201872 32.084461169076576 7
      vertex 18.30663961586518 33.29965384166682 7
    endloop
  endfacet
  facet normal -0.3971478906347676 -0.9177546256839868 0
    outer loop
      vertex 16.179613079472762 34.38342799370874 6.418181818181818
      vertex 16.179613079472762 34.38342799370874 7
      vertex 16.007779347907665 34.45778708939853 7
    endloop
  endfacet
  facet normal -0.45399049973954725 -0.8910065241883677 0
    outer loop
      vertex 16.179613079472762 34.38342799370874 6.418181818181818
      vertex 18.30663961586518 33.29965384166682 7
      vertex 16.179613079472762 34.38342799370874 7
    endloop
  endfacet
  facet normal -0.5620833778521306 -0.827080574274562 0
    outer loop
      vertex 20.361418209201872 32.084461169076576 0
      vertex 22.33583958711398 30.742645786248005 0
      vertex 22.33583958711398 30.742645786248005 7
    endloop
  endfacet
  facet normal -0.5620833778521306 -0.827080574274562 0
    outer loop
      vertex 20.361418209201872 32.084461169076576 0
      vertex 22.33583958711398 30.742645786248005 7
      vertex 20.361418209201872 32.084461169076576 7
    endloop
  endfacet
  facet normal -0.6129070536529782 -0.7901550123756892 0
    outer loop
      vertex 24.22211161045021 29.27950322547999 7
      vertex 22.33583958711398 30.742645786248005 7
      vertex 22.33583958711398 30.742645786248005 0
    endloop
  endfacet
  facet normal -0.7501110696304606 -0.6613118653236506 0
    outer loop
      vertex 29.27950322547999 24.22211161045021 0
      vertex 29.27950322547999 24.22211161045021 7
      vertex 27.70080784201364 26.012790025290172 0
    endloop
  endfacet
  facet normal -0.7901550123756892 -0.6129070536529782 0
    outer loop
      vertex 29.27950322547999 24.22211161045021 0
      vertex 30.742645786248005 22.33583958711398 7
      vertex 29.27950322547999 24.22211161045021 7
    endloop
  endfacet
  facet normal -0.827080574274562 -0.5620833778521306 0
    outer loop
      vertex 30.742645786248005 22.33583958711398 0
      vertex 32.084461169076576 20.361418209201872 0
      vertex 32.084461169076576 20.361418209201872 7
    endloop
  endfacet
  facet normal -0.827080574274562 -0.5620833778521306 0
    outer loop
      vertex 30.742645786248005 22.33583958711398 0
      vertex 32.084461169076576 20.361418209201872 7
      vertex 30.742645786248005 22.33583958711398 7
    endloop
  endfacet
  facet normal -0.7901550123756892 -0.6129070536529782 0
    outer loop
      vertex 29.27950322547999 24.22211161045021 0
      vertex 30.742645786248005 22.33583958711398 0
      vertex 30.742645786248005 22.33583958711398 7
    endloop
  endfacet
  facet normal -0.7071067811865475 -0.7071067811865475 0
    outer loop
      vertex 26.012790025290172 27.70080784201364 0
      vertex 27.70080784201364 26.012790025290172 0
      vertex 27.70080784201364 26.012790025290172 7
    endloop
  endfacet
  facet normal -0.7501110696304606 -0.6613118653236506 0
    outer loop
      vertex 29.27950322547999 24.22211161045021 7
      vertex 27.70080784201364 26.012790025290172 7
      vertex 27.70080784201364 26.012790025290172 0
    endloop
  endfacet
  facet normal -1 0 0
    outer loop
      vertex -64 -0.5877852522924731 49.19098300562505
      vertex -64 -0.9510565162951535 50.30901699437495
      vertex -64 0.9510565162951535 50.30901699437495
    endloop
  endfacet
  facet normal 0 -0.9510565162951541 -0.309016994374946
    outer loop
      vertex -64 -0.5877852522924731 49.19098300562505
      vertex -39.9815281042851 -0.5877852522924731 49.19098300562505
      vertex -64 -0.9510565162951535 50.30901699437495
    endloop
  endfacet
  facet normal 0 -0.951056516295154 -0.309016994374946
    outer loop
      vertex -64 -0.9510565162951535 50.30901699437495
      vertex -39.9815281042851 -0.5877852522924731 49.19098300562505
      vertex -39.97011184489665 -0.9510565162951535 50.30901699437495
    endloop
  endfacet
  facet normal 0 0 -1
    outer loop
      vertex -64 -0.5877852522924731 49.19098300562505
      vertex -40 0 49.19098300562505
      vertex -39.9815281042851 -0.5877852522924731 49.19098300562505
    endloop
  endfacet
  facet normal 0 -0.9510565162951541 -0.30901699437494606
    outer loop
      vertex 36 -0.5877852522924731 49.19098300562505
      vertex -37.97011184489665 -0.9510565162951535 50.30901699437495
      vertex -37.9815281042851 -0.5877852522924731 49.19098300562505
    endloop
  endfacet
  facet normal 0 0 -1
    outer loop
      vertex 36 -0.5877852522924731 49.19098300562505
      vertex -37.9815281042851 -0.5877852522924731 49.19098300562505
      vertex -38 0 49.19098300562505
    endloop
  endfacet
  facet normal 0 -0.5877852522924717 0.8090169943749486
    outer loop
      vertex -64 -0.9510565162951535 50.30901699437495
      vertex -40 0 51
      vertex -64 0 51
    endloop
  endfacet
  facet normal 0 -0.5877852522924717 0.8090169943749486
    outer loop
      vertex -64 -0.9510565162951535 50.30901699437495
      vertex -39.97011184489665 -0.9510565162951535 50.30901699437495
      vertex -40 0 51
    endloop
  endfacet
  facet normal 0 -0.5877852522924717 0.8090169943749485
    outer loop
      vertex 36 0 51
      vertex -38 0 51
      vertex -37.97011184489665 -0.9510565162951535 50.30901699437495
    endloop
  endfacet
  facet normal -1 0 0
    outer loop
      vertex -64 -0.5877852522924731 49.19098300562505
      vertex -64 0.9510565162951535 50.30901699437495
      vertex -64 0.5877852522924731 49.19098300562505
    endloop
  endfacet
  facet normal 0 0 -1
    outer loop
      vertex -64 -0.5877852522924731 49.19098300562505
      vertex -64 0.5877852522924731 49.19098300562505
      vertex -40 0 49.19098300562505
    endloop
  endfacet
  facet normal 0 0.9510565162951541 -0.309016994374946
    outer loop
      vertex -64 0.5877852522924731 49.19098300562505
      vertex -64 0.9510565162951535 50.30901699437495
      vertex -39.9815281042851 0.5877852522924731 49.19098300562505
    endloop
  endfacet
  facet normal 0 0 -1
    outer loop
      vertex -64 0.5877852522924731 49.19098300562505
      vertex -39.9815281042851 0.5877852522924731 49.19098300562505
      vertex -40 0 49.19098300562505
    endloop
  endfacet
  facet normal 0 0.951056516295154 -0.309016994374946
    outer loop
      vertex -64 0.9510565162951535 50.30901699437495
      vertex -39.97011184489665 0.9510565162951535 50.30901699437495
      vertex -39.9815281042851 0.5877852522924731 49.19098300562505
    endloop
  endfacet
  facet normal 0 0 -1
    outer loop
      vertex 36 -0.5877852522924731 49.19098300562505
      vertex -38 0 49.19098300562505
      vertex -37.9815281042851 0.5877852522924731 49.19098300562505
    endloop
  endfacet
  facet normal 0 0.9510565162951541 -0.30901699437494606
    outer loop
      vertex 36 0.5877852522924731 49.19098300562505
      vertex -37.9815281042851 0.5877852522924731 49.19098300562505
      vertex -37.97011184489665 0.9510565162951535 50.30901699437495
    endloop
  endfacet
  facet normal -1 0 0
    outer loop
      vertex -64 -0.9510565162951535 50.30901699437495
      vertex -64 0 51
      vertex -64 0.9510565162951535 50.30901699437495
    endloop
  endfacet
  facet normal 0 0.5877852522924717 0.8090169943749486
    outer loop
      vertex -64 0 51
      vertex -40 0 51
      vertex -64 0.9510565162951535 50.30901699437495
    endloop
  endfacet
  facet normal 0 0.5877852522924717 0.8090169943749486
    outer loop
      vertex -64 0.9510565162951535 50.30901699437495
      vertex -40 0 51
      vertex -39.97011184489665 0.9510565162951535 50.30901699437495
    endloop
  endfacet
  facet normal 0 0.5877852522924717 0.8090169943749485
    outer loop
      vertex 36 0 51
      vertex -37.97011184489665 0.9510565162951535 50.30901699437495
      vertex -38 0 51
    endloop
  endfacet
  facet normal 0 -0.9510565162951541 -0.30901699437494606
    outer loop
      vertex 36 -0.5877852522924731 49.19098300562505
      vertex 36 -0.9510565162951535 50.30901699437495
      vertex -37.97011184489665 -0.9510565162951535 50.30901699437495
    endloop
  endfacet
  facet normal 1 0 0
    outer loop
      vertex 36 -0.5877852522924731 49.19098300562505
      vertex 36 0.9510565162951535 50.30901699437495
      vertex 36 -0.9510565162951535 50.30901699437495
    endloop
  endfacet
  facet normal 0 -0.5877852522924716 0.8090169943749485
    outer loop
      vertex 36 -0.9510565162951535 50.30901699437495
      vertex 36 0 51
      vertex -37.97011184489665 -0.9510565162951535 50.30901699437495
    endloop
  endfacet
  facet normal 0 0 -1
    outer loop
      vertex 36 -0.5877852522924731 49.19098300562505
      vertex -37.9815281042851 0.5877852522924731 49.19098300562505
      vertex 36 0.5877852522924731 49.19098300562505
    endloop
  endfacet
  facet normal 0 0.9510565162951541 -0.30901699437494606
    outer loop
      vertex 36 0.5877852522924731 49.19098300562505
      vertex -37.97011184489665 0.9510565162951535 50.30901699437495
      vertex 36 0.9510565162951535 50.30901699437495
    endloop
  endfacet
  facet normal 1 0 0
    outer loop
      vertex 36 -0.5877852522924731 49.19098300562505
      vertex 36 0.5877852522924731 49.19098300562505
      vertex 36 0.9510565162951535 50.30901699437495
    endloop
  endfacet
  facet normal 0 0.5877852522924716 0.8090169943749485
    outer loop
      vertex 36 0 51
      vertex 36 0.9510565162951535 50.30901699437495
      vertex -37.97011184489665 0.9510565162951535 50.30901699437495
    endloop
  endfacet
  facet normal 1 0 0
    outer loop
      vertex 36 -0.9510565162951535 50.30901699437495
      vertex 36 0.9510565162951535 50.30901699437495
      vertex 36 0 51
    endloop
  endfacet
endsolid OpenSCAD_Model
