solid OpenSCAD_Model
  facet normal -0.6642524379112832 -0.7475083268625955 0
    outer loop
      vertex -25.977921933207348 -30.416238624001238 0
      vertex -25.977921933207348 -30.416238624001238 90
      vertex -27.15202982131767 -29.37290037742742 0
    endloop
  endfacet
  facet normal -0.6343932841636438 -0.7730104533627384 0
    outer loop
      vertex -25.977921933207348 -30.416238624001238 0
      vertex -24.763757972393357 -31.412677235229797 0
      vertex -24.763757972393357 -31.412677235229797 90
    endloop
  endfacet
  facet normal -0.8204014435255146 -0.571787960227611 0
    outer loop
      vertex -33.25878449210181 -22.222809320784087 0
      vertex -32.3606797749979 -23.511410091698927 0
      vertex -33.25878449210181 -22.222809320784087 90
    endloop
  endfacet
  facet normal -0.8422172337162874 -0.5391383229109988 0
    outer loop
      vertex -34.10560657416369 -20.899942588637952 0
      vertex -33.25878449210181 -22.222809320784087 0
      vertex -34.10560657416369 -20.899942588637952 90
    endloop
  endfacet
  facet normal -0.72085359670292 -0.6930873625456346 0
    outer loop
      vertex -28.284271247461902 -28.284271247461902 0
      vertex -29.37290037742742 -27.15202982131767 90
      vertex -29.37290037742742 -27.15202982131767 0
    endloop
  endfacet
  facet normal -0.7730104533627384 -0.6343932841636438 0
    outer loop
      vertex -30.416238624001238 -25.977921933207348 0
      vertex -31.412677235229797 -24.763757972393357 90
      vertex -31.412677235229797 -24.763757972393357 0
    endloop
  endfacet
  facet normal -0.7475083268625955 -0.6642524379112832 0
    outer loop
      vertex -30.416238624001238 -25.977921933207348 0
      vertex -29.37290037742742 -27.15202982131767 0
      vertex -30.416238624001238 -25.977921933207348 90
    endloop
  endfacet
  facet normal -0.6930873625456346 -0.72085359670292 0
    outer loop
      vertex -28.284271247461902 -28.284271247461902 0
      vertex -27.15202982131767 -29.37290037742742 0
      vertex -27.15202982131767 -29.37290037742742 90
    endloop
  endfacet
  facet normal -0.7973206537727057 -0.6035559419535733 0
    outer loop
      vertex -31.412677235229797 -24.763757972393357 0
      vertex -32.3606797749979 -23.511410091698927 90
      vertex -32.3606797749979 -23.511410091698927 0
    endloop
  endfacet
  facet normal -0.4713967368259959 -0.8819212643483558 0
    outer loop
      vertex -18.15961998958187 -35.640260967534715 0
      vertex -18.15961998958187 -35.640260967534715 90
      vertex -19.544849659878196 -34.89984028291189 0
    endloop
  endfacet
  facet normal -0.571787960227611 -0.8204014435255146 0
    outer loop
      vertex -23.511410091698927 -32.3606797749979 0
      vertex -22.222809320784087 -33.25878449210181 0
      vertex -22.222809320784087 -33.25878449210181 90
    endloop
  endfacet
  facet normal -0.6035559419535733 -0.7973206537727057 0
    outer loop
      vertex -24.763757972393357 -31.412677235229797 0
      vertex -23.511410091698927 -32.3606797749979 0
      vertex -23.511410091698927 -32.3606797749979 90
    endloop
  endfacet
  facet normal -0.5391383229109988 -0.8422172337162874 0
    outer loop
      vertex -22.222809320784087 -33.25878449210181 0
      vertex -20.899942588637952 -34.10560657416369 0
      vertex -20.899942588637952 -34.10560657416369 90
    endloop
  endfacet
  facet normal -0.5056573733779876 -0.8627343859777902 0
    outer loop
      vertex -20.899942588637952 -34.10560657416369 0
      vertex -19.544849659878196 -34.89984028291189 0
      vertex -19.544849659878196 -34.89984028291189 90
    endloop
  endfacet
  facet normal -0.43640924067333986 -0.8997482840522226 0
    outer loop
      vertex -18.15961998958187 -35.640260967534715 0
      vertex -16.746389501497124 -36.32572695300325 0
      vertex -16.746389501497124 -36.32572695300325 90
    endloop
  endfacet
  facet normal -0.4007488331031441 -0.9161879571171344 0
    outer loop
      vertex -16.746389501497124 -36.32572695300325 0
      vertex -15.307337294603592 -36.95518130045147 0
      vertex -15.307337294603592 -36.95518130045147 90
    endloop
  endfacet
  facet normal -0.36447049987914787 -0.9312149347588042 0
    outer loop
      vertex -15.307337294603592 -36.95518130045147 0
      vertex -13.844682283099718 -37.527653436899364 0
      vertex -13.844682283099718 -37.527653436899364 90
    endloop
  endfacet
  facet normal -0.327630179561692 -0.9448060464668785 0
    outer loop
      vertex -13.844682283099718 -37.527653436899364 0
      vertex -12.360679774997896 -38.04226065180614 0
      vertex -12.360679774997896 -38.04226065180614 90
    endloop
  endfacet
  facet normal -0.2902846772544663 -0.9569403357322076 0
    outer loop
      vertex -12.360679774997896 -38.04226065180614 0
      vertex -10.85761799460297 -38.498209458145894 0
      vertex -10.85761799460297 -38.498209458145894 90
    endloop
  endfacet
  facet normal 0 0 -1
    outer loop
      vertex -25.977921933207348 -30.416238624001238 0
      vertex -24.763757972393357 31.412677235229797 0
      vertex -24.763757972393357 -31.412677235229797 0
    endloop
  endfacet
  facet normal 0 0 -1
    outer loop
      vertex -36.32572695300325 -16.746389501497124 0
      vertex -36.95518130045147 -15.307337294603592 0
      vertex -36.32572695300325 16.746389501497124 0
    endloop
  endfacet
  facet normal 0 0 -1
    outer loop
      vertex -35.640260967534715 -18.15961998958187 0
      vertex -36.32572695300325 -16.746389501497124 0
      vertex -35.640260967534715 18.15961998958187 0
    endloop
  endfacet
  facet normal 0 0 -1
    outer loop
      vertex -35.640260967534715 -18.15961998958187 0
      vertex -34.89984028291189 19.544849659878196 0
      vertex -34.89984028291189 -19.544849659878196 0
    endloop
  endfacet
  facet normal 0 0 -1
    outer loop
      vertex -34.10560657416369 -20.899942588637952 0
      vertex -33.25878449210181 22.222809320784087 0
      vertex -33.25878449210181 -22.222809320784087 0
    endloop
  endfacet
  facet normal 0 0 -1
    outer loop
      vertex -34.10560657416369 -20.899942588637952 0
      vertex -34.89984028291189 -19.544849659878196 0
      vertex -34.10560657416369 20.899942588637952 0
    endloop
  endfacet
  facet normal 0 0 -1
    outer loop
      vertex -33.25878449210181 -22.222809320784087 0
      vertex -32.3606797749979 23.511410091698927 0
      vertex -32.3606797749979 -23.511410091698927 0
    endloop
  endfacet
  facet normal 0 0 -1
    outer loop
      vertex -38.04226065180614 -12.360679774997896 0
      vertex -38.498209458145894 -10.85761799460297 0
      vertex -38.04226065180614 12.360679774997896 0
    endloop
  endfacet
  facet normal 0 0 -1
    outer loop
      vertex -38.498209458145894 -10.85761799460297 0
      vertex -38.894796815907064 -9.337814554236216 0
      vertex -38.498209458145894 10.85761799460297 0
    endloop
  endfacet
  facet normal 0 0 -1
    outer loop
      vertex -38.894796815907064 -9.337814554236216 0
      vertex -39.23141121612922 -7.8036128806451295 0
      vertex -38.894796815907064 9.337814554236216 0
    endloop
  endfacet
  facet normal 0 0 -1
    outer loop
      vertex -37.527653436899364 -13.844682283099718 0
      vertex -38.04226065180614 -12.360679774997896 0
      vertex -37.527653436899364 13.844682283099718 0
    endloop
  endfacet
  facet normal 0 0 -1
    outer loop
      vertex -36.95518130045147 -15.307337294603592 0
      vertex -37.527653436899364 -13.844682283099718 0
      vertex -36.95518130045147 15.307337294603592 0
    endloop
  endfacet
  facet normal 0 0 -1
    outer loop
      vertex -39.23141121612922 -7.8036128806451295 0
      vertex -39.507533623805514 -6.2573786016092345 0
      vertex -39.23141121612922 7.8036128806451295 0
    endloop
  endfacet
  facet normal 0 0 -1
    outer loop
      vertex -39.507533623805514 -6.2573786016092345 0
      vertex -39.72273827819705 -4.701495898313506 0
      vertex -39.507533623805514 6.2573786016092345 0
    endloop
  endfacet
  facet normal 0 0 -1
    outer loop
      vertex -39.72273827819705 -4.701495898313506 0
      vertex -39.876693349325116 -3.1383638291137976 0
      vertex -39.72273827819705 4.701495898313506 0
    endloop
  endfacet
  facet normal 0 0 -1
    outer loop
      vertex -39.876693349325116 -3.1383638291137976 0
      vertex -39.96916144962891 -1.5703926303627445 0
      vertex -39.876693349325116 3.1383638291137976 0
    endloop
  endfacet
  facet normal 0 0 -1
    outer loop
      vertex -31.412677235229797 -24.763757972393357 0
      vertex -32.3606797749979 -23.511410091698927 0
      vertex -31.412677235229797 24.763757972393357 0
    endloop
  endfacet
  facet normal 0 0 -1
    outer loop
      vertex -30.416238624001238 -25.977921933207348 0
      vertex -31.412677235229797 -24.763757972393357 0
      vertex -30.416238624001238 25.977921933207348 0
    endloop
  endfacet
  facet normal 0 0 -1
    outer loop
      vertex -30.416238624001238 -25.977921933207348 0
      vertex -29.37290037742742 27.15202982131767 0
      vertex -29.37290037742742 -27.15202982131767 0
    endloop
  endfacet
  facet normal 0 0 -1
    outer loop
      vertex -28.284271247461902 -28.284271247461902 0
      vertex -29.37290037742742 -27.15202982131767 0
      vertex -28.284271247461902 28.284271247461902 0
    endloop
  endfacet
  facet normal 0 0 -1
    outer loop
      vertex -28.284271247461902 -28.284271247461902 0
      vertex -27.15202982131767 29.37290037742742 0
      vertex -27.15202982131767 -29.37290037742742 0
    endloop
  endfacet
  facet normal 0 0 -1
    outer loop
      vertex -25.977921933207348 -30.416238624001238 0
      vertex -27.15202982131767 -29.37290037742742 0
      vertex -25.977921933207348 30.416238624001238 0
    endloop
  endfacet
  facet normal 0 0 -1
    outer loop
      vertex -24.763757972393357 -31.412677235229797 0
      vertex -23.511410091698927 32.3606797749979 0
      vertex -23.511410091698927 -32.3606797749979 0
    endloop
  endfacet
  facet normal 0 0 -1
    outer loop
      vertex -23.511410091698927 -32.3606797749979 0
      vertex -22.222809320784087 33.25878449210181 0
      vertex -22.222809320784087 -33.25878449210181 0
    endloop
  endfacet
  facet normal 0 0 -1
    outer loop
      vertex -20.899942588637952 -34.10560657416369 0
      vertex -19.544849659878196 34.89984028291189 0
      vertex -19.544849659878196 -34.89984028291189 0
    endloop
  endfacet
  facet normal 0 0 -1
    outer loop
      vertex -22.222809320784087 -33.25878449210181 0
      vertex -20.899942588637952 34.10560657416369 0
      vertex -20.899942588637952 -34.10560657416369 0
    endloop
  endfacet
  facet normal 0 0 -1
    outer loop
      vertex -18.15961998958187 -35.640260967534715 0
      vertex -19.544849659878196 -34.89984028291189 0
      vertex -18.15961998958187 35.640260967534715 0
    endloop
  endfacet
  facet normal 0 0 -1
    outer loop
      vertex -18.15961998958187 -35.640260967534715 0
      vertex -16.746389501497124 36.32572695300325 0
      vertex -16.746389501497124 -36.32572695300325 0
    endloop
  endfacet
  facet normal 0 0 -1
    outer loop
      vertex -16.746389501497124 -36.32572695300325 0
      vertex -15.307337294603592 36.95518130045147 0
      vertex -15.307337294603592 -36.95518130045147 0
    endloop
  endfacet
  facet normal 0 0 -1
    outer loop
      vertex -15.307337294603592 -36.95518130045147 0
      vertex -13.844682283099718 37.527653436899364 0
      vertex -13.844682283099718 -37.527653436899364 0
    endloop
  endfacet
  facet normal 0 0 -1
    outer loop
      vertex -13.844682283099718 -37.527653436899364 0
      vertex -12.360679774997896 38.04226065180614 0
      vertex -12.360679774997896 -38.04226065180614 0
    endloop
  endfacet
  facet normal 0 0 -1
    outer loop
      vertex -12.360679774997896 -38.04226065180614 0
      vertex -10.85761799460297 38.498209458145894 0
      vertex -10.85761799460297 -38.498209458145894 0
    endloop
  endfacet
  facet normal -0.9161879571171344 -0.4007488331031441 0
    outer loop
      vertex -36.32572695300325 -16.746389501497124 0
      vertex -36.95518130045147 -15.307337294603592 90
      vertex -36.95518130045147 -15.307337294603592 0
    endloop
  endfacet
  facet normal -0.8627343859777902 -0.5056573733779876 0
    outer loop
      vertex -34.10560657416369 -20.899942588637952 0
      vertex -34.89984028291189 -19.544849659878196 90
      vertex -34.89984028291189 -19.544849659878196 0
    endloop
  endfacet
  facet normal -0.8819212643483558 -0.4713967368259959 0
    outer loop
      vertex -35.640260967534715 -18.15961998958187 0
      vertex -34.89984028291189 -19.544849659878196 0
      vertex -35.640260967534715 -18.15961998958187 90
    endloop
  endfacet
  facet normal -0.8997482840522226 -0.43640924067333986 0
    outer loop
      vertex -35.640260967534715 -18.15961998958187 0
      vertex -36.32572695300325 -16.746389501497124 90
      vertex -36.32572695300325 -16.746389501497124 0
    endloop
  endfacet
  facet normal -0.9312149347588042 -0.36447049987914787 0
    outer loop
      vertex -36.95518130045147 -15.307337294603592 0
      vertex -37.527653436899364 -13.844682283099718 90
      vertex -37.527653436899364 -13.844682283099718 0
    endloop
  endfacet
  facet normal -0.9448060464668785 -0.327630179561692 0
    outer loop
      vertex -37.527653436899364 -13.844682283099718 0
      vertex -38.04226065180614 -12.360679774997896 90
      vertex -38.04226065180614 -12.360679774997896 0
    endloop
  endfacet
  facet normal -0.9569403357322076 -0.2902846772544663 0
    outer loop
      vertex -38.04226065180614 -12.360679774997896 0
      vertex -38.498209458145894 -10.85761799460297 90
      vertex -38.498209458145894 -10.85761799460297 0
    endloop
  endfacet
  facet normal -0.9675990923602602 -0.2524915770151565 0
    outer loop
      vertex -38.498209458145894 -10.85761799460297 0
      vertex -38.894796815907064 -9.337814554236216 90
      vertex -38.894796815907064 -9.337814554236216 0
    endloop
  endfacet
  facet normal -0.9767658813208726 -0.21430915306505022 0
    outer loop
      vertex -38.894796815907064 -9.337814554236216 0
      vertex -39.23141121612922 -7.8036128806451295 90
      vertex -39.23141121612922 -7.8036128806451295 0
    endloop
  endfacet
  facet normal -0.984426568089891 -0.17579627993435837 0
    outer loop
      vertex -39.23141121612922 -7.8036128806451295 0
      vertex -39.507533623805514 -6.2573786016092345 90
      vertex -39.507533623805514 -6.2573786016092345 0
    endloop
  endfacet
  facet normal -0.990569340443578 -0.137012341681963 0
    outer loop
      vertex -39.507533623805514 -6.2573786016092345 0
      vertex -39.72273827819705 -4.701495898313506 90
      vertex -39.72273827819705 -4.701495898313506 0
    endloop
  endfacet
  facet normal -0.9951847266721968 -0.09801714032956034 0
    outer loop
      vertex -39.72273827819705 -4.701495898313506 0
      vertex -39.876693349325116 -3.1383638291137976 90
      vertex -39.876693349325116 -3.1383638291137976 0
    endloop
  endfacet
  facet normal -0.9982656101847158 -0.05887080365118849 0
    outer loop
      vertex -39.876693349325116 -3.1383638291137976 0
      vertex -39.96916144962891 -1.5703926303627445 90
      vertex -39.96916144962891 -1.5703926303627445 0
    endloop
  endfacet
  facet normal -0.9998072404820649 -0.01963369246063086 0
    outer loop
      vertex -39.96916144962891 -1.5703926303627445 0
      vertex -40 0 90
      vertex -40 0 0
    endloop
  endfacet
  facet normal -0.2524915770151565 -0.9675990923602602 0
    outer loop
      vertex -10.85761799460297 -38.498209458145894 0
      vertex -9.337814554236216 -38.894796815907064 0
      vertex -9.337814554236216 -38.894796815907064 90
    endloop
  endfacet
  facet normal -0.21430915306505022 -0.9767658813208726 0
    outer loop
      vertex -9.337814554236216 -38.894796815907064 0
      vertex -7.8036128806451295 -39.23141121612922 0
      vertex -7.8036128806451295 -39.23141121612922 90
    endloop
  endfacet
  facet normal -0.17579627993435837 -0.984426568089891 0
    outer loop
      vertex -7.8036128806451295 -39.23141121612922 0
      vertex -6.2573786016092345 -39.507533623805514 0
      vertex -6.2573786016092345 -39.507533623805514 90
    endloop
  endfacet
  facet normal -0.137012341681963 -0.990569340443578 0
    outer loop
      vertex -6.2573786016092345 -39.507533623805514 0
      vertex -4.701495898313506 -39.72273827819705 0
      vertex -4.701495898313506 -39.72273827819705 90
    endloop
  endfacet
  facet normal -0.09801714032956034 -0.9951847266721968 0
    outer loop
      vertex -4.701495898313506 -39.72273827819705 0
      vertex -3.1383638291137976 -39.876693349325116 0
      vertex -3.1383638291137976 -39.876693349325116 90
    endloop
  endfacet
  facet normal -0.05887080365118849 -0.9982656101847158 0
    outer loop
      vertex -3.1383638291137976 -39.876693349325116 0
      vertex -1.5703926303627445 -39.96916144962891 0
      vertex -1.5703926303627445 -39.96916144962891 90
    endloop
  endfacet
  facet normal -0.01963369246063086 -0.9998072404820649 0
    outer loop
      vertex -1.5703926303627445 -39.96916144962891 0
      vertex 0 -40 0
      vertex 0 -40 90
    endloop
  endfacet
  facet normal 0.01963369246063086 -0.9998072404820649 0
    outer loop
      vertex 0 -40 0
      vertex 1.5703926303627445 -39.96916144962891 0
      vertex 1.5703926303627445 -39.96916144962891 90
    endloop
  endfacet
  facet normal 0.05887080365118849 -0.9982656101847158 0
    outer loop
      vertex 1.5703926303627445 -39.96916144962891 0
      vertex 3.1383638291137976 -39.876693349325116 0
      vertex 3.1383638291137976 -39.876693349325116 90
    endloop
  endfacet
  facet normal 0.09801714032956034 -0.9951847266721968 0
    outer loop
      vertex 3.1383638291137976 -39.876693349325116 0
      vertex 4.701495898313506 -39.72273827819705 0
      vertex 4.701495898313506 -39.72273827819705 90
    endloop
  endfacet
  facet normal 0.137012341681963 -0.990569340443578 0
    outer loop
      vertex 4.701495898313506 -39.72273827819705 0
      vertex 6.2573786016092345 -39.507533623805514 0
      vertex 6.2573786016092345 -39.507533623805514 90
    endloop
  endfacet
  facet normal 0.17579627993435837 -0.984426568089891 0
    outer loop
      vertex 6.2573786016092345 -39.507533623805514 0
      vertex 7.8036128806451295 -39.23141121612922 0
      vertex 7.8036128806451295 -39.23141121612922 90
    endloop
  endfacet
  facet normal 0.21430915306505022 -0.9767658813208726 0
    outer loop
      vertex 7.8036128806451295 -39.23141121612922 0
      vertex 9.337814554236216 -38.894796815907064 0
      vertex 9.337814554236216 -38.894796815907064 90
    endloop
  endfacet
  facet normal 0.2524915770151565 -0.9675990923602602 0
    outer loop
      vertex 9.337814554236216 -38.894796815907064 0
      vertex 10.85761799460297 -38.498209458145894 0
      vertex 10.85761799460297 -38.498209458145894 90
    endloop
  endfacet
  facet normal 0.2902846772544663 -0.9569403357322076 0
    outer loop
      vertex 10.85761799460297 -38.498209458145894 0
      vertex 12.360679774997896 -38.04226065180614 0
      vertex 12.360679774997896 -38.04226065180614 90
    endloop
  endfacet
  facet normal 0.327630179561692 -0.9448060464668785 0
    outer loop
      vertex 12.360679774997896 -38.04226065180614 0
      vertex 13.844682283099718 -37.527653436899364 0
      vertex 13.844682283099718 -37.527653436899364 90
    endloop
  endfacet
  facet normal 0.36447049987914787 -0.9312149347588042 0
    outer loop
      vertex 13.844682283099718 -37.527653436899364 0
      vertex 15.307337294603592 -36.95518130045147 0
      vertex 15.307337294603592 -36.95518130045147 90
    endloop
  endfacet
  facet normal 0.4007488331031441 -0.9161879571171344 0
    outer loop
      vertex 15.307337294603592 -36.95518130045147 0
      vertex 16.746389501497124 -36.32572695300325 0
      vertex 16.746389501497124 -36.32572695300325 90
    endloop
  endfacet
  facet normal 0.43640924067333986 -0.8997482840522226 0
    outer loop
      vertex 16.746389501497124 -36.32572695300325 0
      vertex 18.15961998958187 -35.640260967534715 0
      vertex 18.15961998958187 -35.640260967534715 90
    endloop
  endfacet
  facet normal 0.4713967368259959 -0.8819212643483558 0
    outer loop
      vertex 18.15961998958187 -35.640260967534715 0
      vertex 19.544849659878196 -34.89984028291189 0
      vertex 19.544849659878196 -34.89984028291189 90
    endloop
  endfacet
  facet normal 0 0 -1
    outer loop
      vertex -10.85761799460297 -38.498209458145894 0
      vertex -9.337814554236216 38.894796815907064 0
      vertex -9.337814554236216 -38.894796815907064 0
    endloop
  endfacet
  facet normal 0 0 -1
    outer loop
      vertex -9.337814554236216 -38.894796815907064 0
      vertex -7.8036128806451295 39.23141121612922 0
      vertex -7.8036128806451295 -39.23141121612922 0
    endloop
  endfacet
  facet normal 0 0 -1
    outer loop
      vertex -7.8036128806451295 -39.23141121612922 0
      vertex -6.2573786016092345 39.507533623805514 0
      vertex -6.2573786016092345 -39.507533623805514 0
    endloop
  endfacet
  facet normal 0 0 -1
    outer loop
      vertex -6.2573786016092345 -39.507533623805514 0
      vertex -4.701495898313506 39.72273827819705 0
      vertex -4.701495898313506 -39.72273827819705 0
    endloop
  endfacet
  facet normal 0 0 -1
    outer loop
      vertex -4.701495898313506 -39.72273827819705 0
      vertex -3.1383638291137976 39.876693349325116 0
      vertex -3.1383638291137976 -39.876693349325116 0
    endloop
  endfacet
  facet normal 0 0 -1
    outer loop
      vertex -3.1383638291137976 -39.876693349325116 0
      vertex -1.5703926303627445 39.96916144962891 0
      vertex -1.5703926303627445 -39.96916144962891 0
    endloop
  endfacet
  facet normal 0 0 -1
    outer loop
      vertex -1.5703926303627445 -39.96916144962891 0
      vertex 0 40 0
      vertex 0 -40 0
    endloop
  endfacet
  facet normal 0 0 -1
    outer loop
      vertex 0 -40 0
      vertex 1.5703926303627445 39.96916144962891 0
      vertex 1.5703926303627445 -39.96916144962891 0
    endloop
  endfacet
  facet normal 0 0 -1
    outer loop
      vertex 1.5703926303627445 -39.96916144962891 0
      vertex 3.1383638291137976 39.876693349325116 0
      vertex 3.1383638291137976 -39.876693349325116 0
    endloop
  endfacet
  facet normal 0 0 -1
    outer loop
      vertex 3.1383638291137976 -39.876693349325116 0
      vertex 4.701495898313506 39.72273827819705 0
      vertex 4.701495898313506 -39.72273827819705 0
    endloop
  endfacet
  facet normal 0 0 -1
    outer loop
      vertex 4.701495898313506 -39.72273827819705 0
      vertex 6.2573786016092345 39.507533623805514 0
      vertex 6.2573786016092345 -39.507533623805514 0
    endloop
  endfacet
  facet normal 0 0 -1
    outer loop
      vertex 6.2573786016092345 -39.507533623805514 0
      vertex 7.8036128806451295 39.23141121612922 0
      vertex 7.8036128806451295 -39.23141121612922 0
    endloop
  endfacet
  facet normal 0 0 -1
    outer loop
      vertex 7.8036128806451295 -39.23141121612922 0
      vertex 9.337814554236216 38.894796815907064 0
      vertex 9.337814554236216 -38.894796815907064 0
    endloop
  endfacet
  facet normal 0 0 -1
    outer loop
      vertex 9.337814554236216 -38.894796815907064 0
      vertex 10.85761799460297 38.498209458145894 0
      vertex 10.85761799460297 -38.498209458145894 0
    endloop
  endfacet
  facet normal 0 0 -1
    outer loop
      vertex 10.85761799460297 -38.498209458145894 0
      vertex 12.360679774997896 38.04226065180614 0
      vertex 12.360679774997896 -38.04226065180614 0
    endloop
  endfacet
  facet normal 0 0 -1
    outer loop
      vertex 12.360679774997896 -38.04226065180614 0
      vertex 13.844682283099718 37.527653436899364 0
      vertex 13.844682283099718 -37.527653436899364 0
    endloop
  endfacet
  facet normal 0 0 -1
    outer loop
      vertex 13.844682283099718 -37.527653436899364 0
      vertex 15.307337294603592 36.95518130045147 0
      vertex 15.307337294603592 -36.95518130045147 0
    endloop
  endfacet
  facet normal 0 0 -1
    outer loop
      vertex 15.307337294603592 -36.95518130045147 0
      vertex 16.746389501497124 36.32572695300325 0
      vertex 16.746389501497124 -36.32572695300325 0
    endloop
  endfacet
  facet normal 0 0 -1
    outer loop
      vertex 16.746389501497124 -36.32572695300325 0
      vertex 18.15961998958187 35.640260967534715 0
      vertex 18.15961998958187 -35.640260967534715 0
    endloop
  endfacet
  facet normal 0 0 -1
    outer loop
      vertex 18.15961998958187 -35.640260967534715 0
      vertex 19.544849659878196 34.89984028291189 0
      vertex 19.544849659878196 -34.89984028291189 0
    endloop
  endfacet
  facet normal -0.6343932841636438 -0.7730104533627384 0
    outer loop
      vertex -25.977921933207348 -30.416238624001238 0
      vertex -24.763757972393357 -31.412677235229797 90
      vertex -25.977921933207348 -30.416238624001238 90
    endloop
  endfacet
  facet normal -0.8204014435255146 -0.571787960227611 0
    outer loop
      vertex -32.3606797749979 -23.511410091698927 0
      vertex -32.3606797749979 -23.511410091698927 90
      vertex -33.25878449210181 -22.222809320784087 90
    endloop
  endfacet
  facet normal -0.8422172337162874 -0.5391383229109988 0
    outer loop
      vertex -33.25878449210181 -22.222809320784087 0
      vertex -33.25878449210181 -22.222809320784087 90
      vertex -34.10560657416369 -20.899942588637952 90
    endloop
  endfacet
  facet normal -0.8627343859777902 -0.5056573733779876 0
    outer loop
      vertex -34.10560657416369 -20.899942588637952 0
      vertex -34.10560657416369 -20.899942588637952 90
      vertex -34.89984028291189 -19.544849659878196 90
    endloop
  endfacet
  facet normal -0.7730104533627384 -0.6343932841636438 0
    outer loop
      vertex -30.416238624001238 -25.977921933207348 0
      vertex -30.416238624001238 -25.977921933207348 90
      vertex -31.412677235229797 -24.763757972393357 90
    endloop
  endfacet
  facet normal -0.7475083268625955 -0.6642524379112832 0
    outer loop
      vertex -29.37290037742742 -27.15202982131767 0
      vertex -29.37290037742742 -27.15202982131767 90
      vertex -30.416238624001238 -25.977921933207348 90
    endloop
  endfacet
  facet normal -0.72085359670292 -0.6930873625456346 0
    outer loop
      vertex -28.284271247461902 -28.284271247461902 0
      vertex -28.284271247461902 -28.284271247461902 90
      vertex -29.37290037742742 -27.15202982131767 90
    endloop
  endfacet
  facet normal -0.6930873625456346 -0.72085359670292 0
    outer loop
      vertex -28.284271247461902 -28.284271247461902 0
      vertex -27.15202982131767 -29.37290037742742 90
      vertex -28.284271247461902 -28.284271247461902 90
    endloop
  endfacet
  facet normal -0.6642524379112832 -0.7475083268625955 0
    outer loop
      vertex -27.15202982131767 -29.37290037742742 0
      vertex -25.977921933207348 -30.416238624001238 90
      vertex -27.15202982131767 -29.37290037742742 90
    endloop
  endfacet
  facet normal -0.7973206537727057 -0.6035559419535733 0
    outer loop
      vertex -31.412677235229797 -24.763757972393357 0
      vertex -31.412677235229797 -24.763757972393357 90
      vertex -32.3606797749979 -23.511410091698927 90
    endloop
  endfacet
  facet normal -0.4713967368259959 -0.8819212643483558 0
    outer loop
      vertex -19.544849659878196 -34.89984028291189 0
      vertex -18.15961998958187 -35.640260967534715 90
      vertex -19.544849659878196 -34.89984028291189 90
    endloop
  endfacet
  facet normal -0.43640924067333986 -0.8997482840522226 0
    outer loop
      vertex -18.15961998958187 -35.640260967534715 0
      vertex -16.746389501497124 -36.32572695300325 90
      vertex -18.15961998958187 -35.640260967534715 90
    endloop
  endfacet
  facet normal -0.571787960227611 -0.8204014435255146 0
    outer loop
      vertex -23.511410091698927 -32.3606797749979 0
      vertex -22.222809320784087 -33.25878449210181 90
      vertex -23.511410091698927 -32.3606797749979 90
    endloop
  endfacet
  facet normal -0.5391383229109988 -0.8422172337162874 0
    outer loop
      vertex -22.222809320784087 -33.25878449210181 0
      vertex -20.899942588637952 -34.10560657416369 90
      vertex -22.222809320784087 -33.25878449210181 90
    endloop
  endfacet
  facet normal -0.6035559419535733 -0.7973206537727057 0
    outer loop
      vertex -24.763757972393357 -31.412677235229797 0
      vertex -23.511410091698927 -32.3606797749979 90
      vertex -24.763757972393357 -31.412677235229797 90
    endloop
  endfacet
  facet normal -0.5056573733779876 -0.8627343859777902 0
    outer loop
      vertex -20.899942588637952 -34.10560657416369 0
      vertex -19.544849659878196 -34.89984028291189 90
      vertex -20.899942588637952 -34.10560657416369 90
    endloop
  endfacet
  facet normal -0.4007488331031441 -0.9161879571171344 0
    outer loop
      vertex -16.746389501497124 -36.32572695300325 0
      vertex -15.307337294603592 -36.95518130045147 90
      vertex -16.746389501497124 -36.32572695300325 90
    endloop
  endfacet
  facet normal -0.36447049987914787 -0.9312149347588042 0
    outer loop
      vertex -15.307337294603592 -36.95518130045147 0
      vertex -13.844682283099718 -37.527653436899364 90
      vertex -15.307337294603592 -36.95518130045147 90
    endloop
  endfacet
  facet normal -0.327630179561692 -0.9448060464668785 0
    outer loop
      vertex -13.844682283099718 -37.527653436899364 0
      vertex -12.360679774997896 -38.04226065180614 90
      vertex -13.844682283099718 -37.527653436899364 90
    endloop
  endfacet
  facet normal -0.2902846772544663 -0.9569403357322076 0
    outer loop
      vertex -12.360679774997896 -38.04226065180614 0
      vertex -10.85761799460297 -38.498209458145894 90
      vertex -12.360679774997896 -38.04226065180614 90
    endloop
  endfacet
  facet normal -0.2524915770151565 -0.9675990923602602 0
    outer loop
      vertex -10.85761799460297 -38.498209458145894 0
      vertex -9.337814554236216 -38.894796815907064 90
      vertex -10.85761799460297 -38.498209458145894 90
    endloop
  endfacet
  facet normal 0 0 1
    outer loop
      vertex -25.977921933207348 -30.416238624001238 90
      vertex -26.614208796001083 -22.730681691556427 90
      vertex -27.15202982131767 -29.37290037742742 90
    endloop
  endfacet
  facet normal 0 0 1
    outer loop
      vertex -25.977921933207348 -30.416238624001238 90
      vertex -24.763757972393357 -31.412677235229797 90
      vertex -25.701287830248994 -23.75802609365296 90
    endloop
  endfacet
  facet normal 0 0 1
    outer loop
      vertex -28.284271247461902 -28.284271247461902 90
      vertex -27.15202982131767 -29.37290037742742 90
      vertex -27.486092580826075 -21.66828822584419 90
    endloop
  endfacet
  facet normal 0 0 1
    outer loop
      vertex -25.977921933207348 -30.416238624001238 90
      vertex -25.701287830248994 -23.75802609365296 90
      vertex -26.614208796001083 -22.730681691556427 90
    endloop
  endfacet
  facet normal 0 0 1
    outer loop
      vertex -30.416238624001238 -25.977921933207348 90
      vertex -29.37290037742742 -27.15202982131767 90
      vertex -29.842405752393226 -18.28744976505821 90
    endloop
  endfacet
  facet normal 0 0 1
    outer loop
      vertex -28.284271247461902 -28.284271247461902 90
      vertex -29.101436430589082 -19.444958155686077 90
      vertex -29.37290037742742 -27.15202982131767 90
    endloop
  endfacet
  facet normal 0 0 1
    outer loop
      vertex -30.416238624001238 -25.977921933207348 90
      vertex -31.185228346592876 -15.889667490884136 90
      vertex -31.412677235229797 -24.763757972393357 90
    endloop
  endfacet
  facet normal 0 0 1
    outer loop
      vertex -31.412677235229797 -24.763757972393357 90
      vertex -31.785011083877844 -14.653090813809984 90
      vertex -32.3606797749979 -23.511410091698927 90
    endloop
  endfacet
  facet normal 0 0 1
    outer loop
      vertex -29.37290037742742 -27.15202982131767 90
      vertex -29.101436430589082 -19.444958155686077 90
      vertex -29.842405752393226 -18.28744976505821 90
    endloop
  endfacet
  facet normal 0 0 1
    outer loop
      vertex -30.416238624001238 -25.977921933207348 90
      vertex -29.842405752393226 -18.28744976505821 90
      vertex -30.537360247547902 -17.10174345239342 90
    endloop
  endfacet
  facet normal 0 0 1
    outer loop
      vertex -27.15202982131767 -29.37290037742742 90
      vertex -26.614208796001083 -22.730681691556427 90
      vertex -27.486092580826075 -21.66828822584419 90
    endloop
  endfacet
  facet normal 0 0 1
    outer loop
      vertex -28.284271247461902 -28.284271247461902 90
      vertex -27.486092580826075 -21.66828822584419 90
      vertex -28.31559480312316 -20.57248383023656 90
    endloop
  endfacet
  facet normal 0 0 1
    outer loop
      vertex -28.284271247461902 -28.284271247461902 90
      vertex -28.31559480312316 -20.57248383023656 90
      vertex -29.101436430589082 -19.444958155686077 90
    endloop
  endfacet
  facet normal 0 0 1
    outer loop
      vertex -22.222809320784087 -33.25878449210181 90
      vertex -20.899942588637952 -34.10560657416369 90
      vertex -21.66828822584419 -27.486092580826075 90
    endloop
  endfacet
  facet normal 0 0 1
    outer loop
      vertex -23.511410091698927 -32.3606797749979 90
      vertex -22.222809320784087 -33.25878449210181 90
      vertex -22.730681691556427 -26.614208796001083 90
    endloop
  endfacet
  facet normal 0 0 1
    outer loop
      vertex -18.15961998958187 -35.640260967534715 90
      vertex -18.28744976505821 -29.842405752393226 90
      vertex -19.544849659878196 -34.89984028291189 90
    endloop
  endfacet
  facet normal 0 0 1
    outer loop
      vertex -20.899942588637952 -34.10560657416369 90
      vertex -19.544849659878196 -34.89984028291189 90
      vertex -20.57248383023656 -28.31559480312316 90
    endloop
  endfacet
  facet normal 0 0 1
    outer loop
      vertex -20.57248383023656 -28.31559480312316 90
      vertex -19.544849659878196 -34.89984028291189 90
      vertex -19.444958155686077 -29.101436430589082 90
    endloop
  endfacet
  facet normal 0 0 1
    outer loop
      vertex -19.544849659878196 -34.89984028291189 90
      vertex -18.28744976505821 -29.842405752393226 90
      vertex -19.444958155686077 -29.101436430589082 90
    endloop
  endfacet
  facet normal 0 0 1
    outer loop
      vertex -18.15961998958187 -35.640260967534715 90
      vertex -17.10174345239342 -30.537360247547902 90
      vertex -18.28744976505821 -29.842405752393226 90
    endloop
  endfacet
  facet normal 0 0 1
    outer loop
      vertex -15.307337294603592 -36.95518130045147 90
      vertex -13.844682283099718 -37.527653436899364 90
      vertex -14.653090813809984 -31.785011083877844 90
    endloop
  endfacet
  facet normal 0 0 1
    outer loop
      vertex -13.844682283099718 -37.527653436899364 90
      vertex -12.360679774997896 -38.04226065180614 90
      vertex -13.393920132778142 -32.335783637895034 90
    endloop
  endfacet
  facet normal 0 0 1
    outer loop
      vertex -12.360679774997896 -38.04226065180614 90
      vertex -10.85761799460297 -38.498209458145894 90
      vertex -12.114096997712254 -32.836696757286944 90
    endloop
  endfacet
  facet normal 0 0 1
    outer loop
      vertex -10.85761799460297 -38.498209458145894 90
      vertex -9.5004157452776 -33.68593327587765 90
      vertex -10.815594803123158 -33.28697807033037 90
    endloop
  endfacet
  facet normal 0 0 1
    outer loop
      vertex -18.15961998958187 -35.640260967534715 90
      vertex -16.746389501497124 -36.32572695300325 90
      vertex -17.10174345239342 -30.537360247547902 90
    endloop
  endfacet
  facet normal 0 0 1
    outer loop
      vertex -16.746389501497124 -36.32572695300325 90
      vertex -15.307337294603592 -36.95518130045147 90
      vertex -15.889667490884136 -31.185228346592876 90
    endloop
  endfacet
  facet normal 0 0 1
    outer loop
      vertex -16.746389501497124 -36.32572695300325 90
      vertex -15.889667490884136 -31.185228346592876 90
      vertex -17.10174345239342 -30.537360247547902 90
    endloop
  endfacet
  facet normal 0 0 1
    outer loop
      vertex -15.307337294603592 -36.95518130045147 90
      vertex -14.653090813809984 -31.785011083877844 90
      vertex -15.889667490884136 -31.185228346592876 90
    endloop
  endfacet
  facet normal 0 0 1
    outer loop
      vertex -13.844682283099718 -37.527653436899364 90
      vertex -13.393920132778142 -32.335783637895034 90
      vertex -14.653090813809984 -31.785011083877844 90
    endloop
  endfacet
  facet normal 0 0 1
    outer loop
      vertex -12.360679774997896 -38.04226065180614 90
      vertex -12.114096997712254 -32.836696757286944 90
      vertex -13.393920132778142 -32.335783637895034 90
    endloop
  endfacet
  facet normal 0 0 1
    outer loop
      vertex -10.85761799460297 -38.498209458145894 90
      vertex -10.815594803123158 -33.28697807033037 90
      vertex -12.114096997712254 -32.836696757286944 90
    endloop
  endfacet
  facet normal 0 0 1
    outer loop
      vertex -24.763757972393357 -31.412677235229797 90
      vertex -23.511410091698927 -32.3606797749979 90
      vertex -23.75802609365296 -25.701287830248994 90
    endloop
  endfacet
  facet normal 0 0 1
    outer loop
      vertex -23.511410091698927 -32.3606797749979 90
      vertex -22.730681691556427 -26.614208796001083 90
      vertex -23.75802609365296 -25.701287830248994 90
    endloop
  endfacet
  facet normal 0 0 1
    outer loop
      vertex -22.222809320784087 -33.25878449210181 90
      vertex -21.66828822584419 -27.486092580826075 90
      vertex -22.730681691556427 -26.614208796001083 90
    endloop
  endfacet
  facet normal 0 0 1
    outer loop
      vertex -24.763757972393357 -31.412677235229797 90
      vertex -23.75802609365296 -25.701287830248994 90
      vertex -24.748737341529164 -24.748737341529164 90
    endloop
  endfacet
  facet normal 0 0 1
    outer loop
      vertex -24.763757972393357 -31.412677235229797 90
      vertex -24.748737341529164 -24.748737341529164 90
      vertex -25.701287830248994 -23.75802609365296 90
    endloop
  endfacet
  facet normal 0 0 1
    outer loop
      vertex -20.899942588637952 -34.10560657416369 90
      vertex -20.57248383023656 -28.31559480312316 90
      vertex -21.66828822584419 -27.486092580826075 90
    endloop
  endfacet
  facet normal -0.9161879571171344 -0.4007488331031441 0
    outer loop
      vertex -36.32572695300325 -16.746389501497124 0
      vertex -36.32572695300325 -16.746389501497124 90
      vertex -36.95518130045147 -15.307337294603592 90
    endloop
  endfacet
  facet normal -0.8819212643483558 -0.4713967368259959 0
    outer loop
      vertex -34.89984028291189 -19.544849659878196 0
      vertex -34.89984028291189 -19.544849659878196 90
      vertex -35.640260967534715 -18.15961998958187 90
    endloop
  endfacet
  facet normal -0.8997482840522226 -0.43640924067333986 0
    outer loop
      vertex -35.640260967534715 -18.15961998958187 0
      vertex -35.640260967534715 -18.15961998958187 90
      vertex -36.32572695300325 -16.746389501497124 90
    endloop
  endfacet
  facet normal -0.9312149347588042 -0.36447049987914787 0
    outer loop
      vertex -36.95518130045147 -15.307337294603592 0
      vertex -36.95518130045147 -15.307337294603592 90
      vertex -37.527653436899364 -13.844682283099718 90
    endloop
  endfacet
  facet normal -0.9448060464668785 -0.327630179561692 0
    outer loop
      vertex -37.527653436899364 -13.844682283099718 0
      vertex -37.527653436899364 -13.844682283099718 90
      vertex -38.04226065180614 -12.360679774997896 90
    endloop
  endfacet
  facet normal -0.9569403357322076 -0.2902846772544663 0
    outer loop
      vertex -38.04226065180614 -12.360679774997896 0
      vertex -38.04226065180614 -12.360679774997896 90
      vertex -38.498209458145894 -10.85761799460297 90
    endloop
  endfacet
  facet normal -0.9675990923602602 -0.2524915770151565 0
    outer loop
      vertex -38.498209458145894 -10.85761799460297 0
      vertex -38.498209458145894 -10.85761799460297 90
      vertex -38.894796815907064 -9.337814554236216 90
    endloop
  endfacet
  facet normal -0.9767658813208726 -0.21430915306505022 0
    outer loop
      vertex -38.894796815907064 -9.337814554236216 0
      vertex -38.894796815907064 -9.337814554236216 90
      vertex -39.23141121612922 -7.8036128806451295 90
    endloop
  endfacet
  facet normal -0.984426568089891 -0.17579627993435837 0
    outer loop
      vertex -39.23141121612922 -7.8036128806451295 0
      vertex -39.23141121612922 -7.8036128806451295 90
      vertex -39.507533623805514 -6.2573786016092345 90
    endloop
  endfacet
  facet normal -0.990569340443578 -0.137012341681963 0
    outer loop
      vertex -39.507533623805514 -6.2573786016092345 0
      vertex -39.507533623805514 -6.2573786016092345 90
      vertex -39.72273827819705 -4.701495898313506 90
    endloop
  endfacet
  facet normal -0.9951847266721968 -0.09801714032956034 0
    outer loop
      vertex -39.72273827819705 -4.701495898313506 0
      vertex -39.72273827819705 -4.701495898313506 90
      vertex -39.876693349325116 -3.1383638291137976 90
    endloop
  endfacet
  facet normal -0.9982656101847158 -0.05887080365118849 0
    outer loop
      vertex -39.876693349325116 -3.1383638291137976 0
      vertex -39.876693349325116 -3.1383638291137976 90
      vertex -39.96916144962891 -1.5703926303627445 90
    endloop
  endfacet
  facet normal -0.9998072404820649 -0.01963369246063086 0
    outer loop
      vertex -39.96916144962891 -1.5703926303627445 0
      vertex -39.96916144962891 -1.5703926303627445 90
      vertex -40 0 90
    endloop
  endfacet
  facet normal 0 0 1
    outer loop
      vertex -33.25878449210181 -22.222809320784087 90
      vertex -32.3606797749979 -23.511410091698927 90
      vertex -32.836696757286944 -12.114096997712254 90
    endloop
  endfacet
  facet normal 0 0 1
    outer loop
      vertex -34.10560657416369 -20.899942588637952 90
      vertex -33.25878449210181 -22.222809320784087 90
      vertex -33.68593327587765 -9.5004157452776 90
    endloop
  endfacet
  facet normal 0 0 1
    outer loop
      vertex -34.10560657416369 -20.899942588637952 90
      vertex -34.56909192082982 -5.47520627640808 90
      vertex -34.89984028291189 -19.544849659878196 90
    endloop
  endfacet
  facet normal 0 0 1
    outer loop
      vertex -33.25878449210181 -22.222809320784087 90
      vertex -32.836696757286944 -12.114096997712254 90
      vertex -33.28697807033037 -10.815594803123158 90
    endloop
  endfacet
  facet normal 0 0 1
    outer loop
      vertex -33.25878449210181 -22.222809320784087 90
      vertex -33.28697807033037 -10.815594803123158 90
      vertex -33.68593327587765 -9.5004157452776 90
    endloop
  endfacet
  facet normal 0 0 1
    outer loop
      vertex -34.10560657416369 -20.899942588637952 90
      vertex -33.68593327587765 -9.5004157452776 90
      vertex -34.03294721391868 -8.170587734956689 90
    endloop
  endfacet
  facet normal 0 0 1
    outer loop
      vertex -34.10560657416369 -20.899942588637952 90
      vertex -34.03294721391868 -8.170587734956689 90
      vertex -34.32748481411306 -6.828161270564489 90
    endloop
  endfacet
  facet normal 0 0 1
    outer loop
      vertex -34.10560657416369 -20.899942588637952 90
      vertex -34.32748481411306 -6.828161270564489 90
      vertex -34.56909192082982 -5.47520627640808 90
    endloop
  endfacet
  facet normal 0 0 1
    outer loop
      vertex -30.416238624001238 -25.977921933207348 90
      vertex -30.537360247547902 -17.10174345239342 90
      vertex -31.185228346592876 -15.889667490884136 90
    endloop
  endfacet
  facet normal 0 0 1
    outer loop
      vertex -31.412677235229797 -24.763757972393357 90
      vertex -31.185228346592876 -15.889667490884136 90
      vertex -31.785011083877844 -14.653090813809984 90
    endloop
  endfacet
  facet normal 0 0 1
    outer loop
      vertex -32.3606797749979 -23.511410091698927 90
      vertex -31.785011083877844 -14.653090813809984 90
      vertex -32.335783637895034 -13.393920132778142 90
    endloop
  endfacet
  facet normal 0 0 1
    outer loop
      vertex -32.3606797749979 -23.511410091698927 90
      vertex -32.335783637895034 -13.393920132778142 90
      vertex -32.836696757286944 -12.114096997712254 90
    endloop
  endfacet
  facet normal 0 0 1
    outer loop
      vertex -36.95518130045147 -15.307337294603592 90
      vertex -37.527653436899364 13.844682283099718 90
      vertex -37.527653436899364 -13.844682283099718 90
    endloop
  endfacet
  facet normal 0 0 1
    outer loop
      vertex -36.32572695300325 -16.746389501497124 90
      vertex -36.95518130045147 15.307337294603592 90
      vertex -36.95518130045147 -15.307337294603592 90
    endloop
  endfacet
  facet normal 0 0 1
    outer loop
      vertex -34.89984028291189 -19.544849659878196 90
      vertex -34.56909192082982 -5.47520627640808 90
      vertex -34.75739599342242 -4.113808911024318 90
    endloop
  endfacet
  facet normal 0 0 1
    outer loop
      vertex -34.89984028291189 -19.544849659878196 90
      vertex -34.75739599342242 -4.113808911024318 90
      vertex -34.89210668065948 -2.746068350474573 90
    endloop
  endfacet
  facet normal 0 0 1
    outer loop
      vertex -34.89984028291189 -19.544849659878196 90
      vertex -34.89210668065948 -2.746068350474573 90
      vertex -34.973016268425305 -1.3740935515674013 90
    endloop
  endfacet
  facet normal 0 0 1
    outer loop
      vertex -35.640260967534715 -18.15961998958187 90
      vertex -34.89984028291189 -19.544849659878196 90
      vertex -35.640260967534715 18.15961998958187 90
    endloop
  endfacet
  facet normal 0 0 1
    outer loop
      vertex -34.89984028291189 -19.544849659878196 90
      vertex -34.973016268425305 -1.3740935515674013 90
      vertex -35 0 90
    endloop
  endfacet
  facet normal 0 0 1
    outer loop
      vertex -35.640260967534715 -18.15961998958187 90
      vertex -36.32572695300325 16.746389501497124 90
      vertex -36.32572695300325 -16.746389501497124 90
    endloop
  endfacet
  facet normal 0 0 1
    outer loop
      vertex -38.04226065180614 -12.360679774997896 90
      vertex -38.498209458145894 10.85761799460297 90
      vertex -38.498209458145894 -10.85761799460297 90
    endloop
  endfacet
  facet normal 0 0 1
    outer loop
      vertex -38.894796815907064 -9.337814554236216 90
      vertex -39.23141121612922 7.8036128806451295 90
      vertex -39.23141121612922 -7.8036128806451295 90
    endloop
  endfacet
  facet normal 0 0 1
    outer loop
      vertex -39.23141121612922 -7.8036128806451295 90
      vertex -39.507533623805514 6.2573786016092345 90
      vertex -39.507533623805514 -6.2573786016092345 90
    endloop
  endfacet
  facet normal 0 0 1
    outer loop
      vertex -38.498209458145894 -10.85761799460297 90
      vertex -38.894796815907064 9.337814554236216 90
      vertex -38.894796815907064 -9.337814554236216 90
    endloop
  endfacet
  facet normal 0 0 1
    outer loop
      vertex -37.527653436899364 -13.844682283099718 90
      vertex -38.04226065180614 12.360679774997896 90
      vertex -38.04226065180614 -12.360679774997896 90
    endloop
  endfacet
  facet normal 0 0 1
    outer loop
      vertex -39.507533623805514 -6.2573786016092345 90
      vertex -39.72273827819705 4.701495898313506 90
      vertex -39.72273827819705 -4.701495898313506 90
    endloop
  endfacet
  facet normal 0 0 1
    outer loop
      vertex -39.72273827819705 -4.701495898313506 90
      vertex -39.876693349325116 3.1383638291137976 90
      vertex -39.876693349325116 -3.1383638291137976 90
    endloop
  endfacet
  facet normal 0 0 1
    outer loop
      vertex -39.876693349325116 -3.1383638291137976 90
      vertex -39.96916144962891 1.5703926303627445 90
      vertex -39.96916144962891 -1.5703926303627445 90
    endloop
  endfacet
  facet normal 0 0 1
    outer loop
      vertex -34.89984028291189 -19.544849659878196 90
      vertex -35 0 90
      vertex -35.640260967534715 18.15961998958187 90
    endloop
  endfacet
  facet normal -0.21430915306505022 -0.9767658813208726 0
    outer loop
      vertex -9.337814554236216 -38.894796815907064 0
      vertex -7.8036128806451295 -39.23141121612922 90
      vertex -9.337814554236216 -38.894796815907064 90
    endloop
  endfacet
  facet normal -0.17579627993435837 -0.984426568089891 0
    outer loop
      vertex -7.8036128806451295 -39.23141121612922 0
      vertex -6.2573786016092345 -39.507533623805514 90
      vertex -7.8036128806451295 -39.23141121612922 90
    endloop
  endfacet
  facet normal -0.137012341681963 -0.990569340443578 0
    outer loop
      vertex -6.2573786016092345 -39.507533623805514 0
      vertex -4.701495898313506 -39.72273827819705 90
      vertex -6.2573786016092345 -39.507533623805514 90
    endloop
  endfacet
  facet normal -0.09801714032956034 -0.9951847266721968 0
    outer loop
      vertex -4.701495898313506 -39.72273827819705 0
      vertex -3.1383638291137976 -39.876693349325116 90
      vertex -4.701495898313506 -39.72273827819705 90
    endloop
  endfacet
  facet normal -0.05887080365118849 -0.9982656101847158 0
    outer loop
      vertex -3.1383638291137976 -39.876693349325116 0
      vertex -1.5703926303627445 -39.96916144962891 90
      vertex -3.1383638291137976 -39.876693349325116 90
    endloop
  endfacet
  facet normal -0.01963369246063086 -0.9998072404820649 0
    outer loop
      vertex -1.5703926303627445 -39.96916144962891 0
      vertex 0 -40 90
      vertex -1.5703926303627445 -39.96916144962891 90
    endloop
  endfacet
  facet normal 0.01963369246063086 -0.9998072404820649 0
    outer loop
      vertex 0 -40 0
      vertex 1.5703926303627445 -39.96916144962891 90
      vertex 0 -40 90
    endloop
  endfacet
  facet normal 0.05887080365118849 -0.9982656101847158 0
    outer loop
      vertex 1.5703926303627445 -39.96916144962891 0
      vertex 3.1383638291137976 -39.876693349325116 90
      vertex 1.5703926303627445 -39.96916144962891 90
    endloop
  endfacet
  facet normal 0.09801714032956034 -0.9951847266721968 0
    outer loop
      vertex 3.1383638291137976 -39.876693349325116 0
      vertex 4.701495898313506 -39.72273827819705 90
      vertex 3.1383638291137976 -39.876693349325116 90
    endloop
  endfacet
  facet normal 0.137012341681963 -0.990569340443578 0
    outer loop
      vertex 4.701495898313506 -39.72273827819705 0
      vertex 6.2573786016092345 -39.507533623805514 90
      vertex 4.701495898313506 -39.72273827819705 90
    endloop
  endfacet
  facet normal 0.17579627993435837 -0.984426568089891 0
    outer loop
      vertex 6.2573786016092345 -39.507533623805514 0
      vertex 7.8036128806451295 -39.23141121612922 90
      vertex 6.2573786016092345 -39.507533623805514 90
    endloop
  endfacet
  facet normal 0.21430915306505022 -0.9767658813208726 0
    outer loop
      vertex 7.8036128806451295 -39.23141121612922 0
      vertex 9.337814554236216 -38.894796815907064 90
      vertex 7.8036128806451295 -39.23141121612922 90
    endloop
  endfacet
  facet normal 0.2524915770151565 -0.9675990923602602 0
    outer loop
      vertex 9.337814554236216 -38.894796815907064 0
      vertex 10.85761799460297 -38.498209458145894 90
      vertex 9.337814554236216 -38.894796815907064 90
    endloop
  endfacet
  facet normal 0.2902846772544663 -0.9569403357322076 0
    outer loop
      vertex 10.85761799460297 -38.498209458145894 0
      vertex 12.360679774997896 -38.04226065180614 90
      vertex 10.85761799460297 -38.498209458145894 90
    endloop
  endfacet
  facet normal 0.327630179561692 -0.9448060464668785 0
    outer loop
      vertex 12.360679774997896 -38.04226065180614 0
      vertex 13.844682283099718 -37.527653436899364 90
      vertex 12.360679774997896 -38.04226065180614 90
    endloop
  endfacet
  facet normal 0.36447049987914787 -0.9312149347588042 0
    outer loop
      vertex 13.844682283099718 -37.527653436899364 0
      vertex 15.307337294603592 -36.95518130045147 90
      vertex 13.844682283099718 -37.527653436899364 90
    endloop
  endfacet
  facet normal 0.4007488331031441 -0.9161879571171344 0
    outer loop
      vertex 15.307337294603592 -36.95518130045147 0
      vertex 16.746389501497124 -36.32572695300325 90
      vertex 15.307337294603592 -36.95518130045147 90
    endloop
  endfacet
  facet normal 0.43640924067333986 -0.8997482840522226 0
    outer loop
      vertex 16.746389501497124 -36.32572695300325 0
      vertex 18.15961998958187 -35.640260967534715 90
      vertex 16.746389501497124 -36.32572695300325 90
    endloop
  endfacet
  facet normal 0.4713967368259959 -0.8819212643483558 0
    outer loop
      vertex 18.15961998958187 -35.640260967534715 0
      vertex 19.544849659878196 -34.89984028291189 90
      vertex 18.15961998958187 -35.640260967534715 90
    endloop
  endfacet
  facet normal 0 0 1
    outer loop
      vertex -7.8036128806451295 -39.23141121612922 90
      vertex -6.2573786016092345 -39.507533623805514 90
      vertex -6.828161270564489 -34.32748481411306 90
    endloop
  endfacet
  facet normal 0 0 1
    outer loop
      vertex -10.85761799460297 -38.498209458145894 90
      vertex -9.337814554236216 -38.894796815907064 90
      vertex -9.5004157452776 -33.68593327587765 90
    endloop
  endfacet
  facet normal 0 0 1
    outer loop
      vertex -9.337814554236216 -38.894796815907064 90
      vertex -7.8036128806451295 -39.23141121612922 90
      vertex -8.170587734956689 -34.03294721391868 90
    endloop
  endfacet
  facet normal 0 0 1
    outer loop
      vertex -9.337814554236216 -38.894796815907064 90
      vertex -8.170587734956689 -34.03294721391868 90
      vertex -9.5004157452776 -33.68593327587765 90
    endloop
  endfacet
  facet normal 0 0 1
    outer loop
      vertex -7.8036128806451295 -39.23141121612922 90
      vertex -6.828161270564489 -34.32748481411306 90
      vertex -8.170587734956689 -34.03294721391868 90
    endloop
  endfacet
  facet normal 0 0 1
    outer loop
      vertex -6.2573786016092345 -39.507533623805514 90
      vertex -4.701495898313506 -39.72273827819705 90
      vertex -5.47520627640808 -34.56909192082982 90
    endloop
  endfacet
  facet normal 0 0 1
    outer loop
      vertex -4.701495898313506 -39.72273827819705 90
      vertex -3.1383638291137976 -39.876693349325116 90
      vertex -4.113808911024318 -34.75739599342242 90
    endloop
  endfacet
  facet normal 0 0 1
    outer loop
      vertex -5.47520627640808 -34.56909192082982 90
      vertex -4.701495898313506 -39.72273827819705 90
      vertex -4.113808911024318 -34.75739599342242 90
    endloop
  endfacet
  facet normal 0 0 1
    outer loop
      vertex -6.2573786016092345 -39.507533623805514 90
      vertex -5.47520627640808 -34.56909192082982 90
      vertex -6.828161270564489 -34.32748481411306 90
    endloop
  endfacet
  facet normal 0 0 1
    outer loop
      vertex -3.1383638291137976 -39.876693349325116 90
      vertex -2.746068350474573 -34.89210668065948 90
      vertex -4.113808911024318 -34.75739599342242 90
    endloop
  endfacet
  facet normal 0 0 1
    outer loop
      vertex -3.1383638291137976 -39.876693349325116 90
      vertex -1.5703926303627445 -39.96916144962891 90
      vertex -2.746068350474573 -34.89210668065948 90
    endloop
  endfacet
  facet normal 0 0 1
    outer loop
      vertex -1.5703926303627445 -39.96916144962891 90
      vertex 0 -40 90
      vertex -1.3740935515674013 -34.973016268425305 90
    endloop
  endfacet
  facet normal 0 0 1
    outer loop
      vertex 0 -40 90
      vertex 1.5703926303627445 -39.96916144962891 90
      vertex 0 -35 90
    endloop
  endfacet
  facet normal 0 0 1
    outer loop
      vertex -1.5703926303627445 -39.96916144962891 90
      vertex -1.3740935515674013 -34.973016268425305 90
      vertex -2.746068350474573 -34.89210668065948 90
    endloop
  endfacet
  facet normal 0 0 1
    outer loop
      vertex -1.3740935515674013 -34.973016268425305 90
      vertex 0 -40 90
      vertex 0 -35 90
    endloop
  endfacet
  facet normal 0 0 1
    outer loop
      vertex 1.5703926303627445 -39.96916144962891 90
      vertex 3.1383638291137976 -39.876693349325116 90
      vertex 1.3740935515674013 -34.973016268425305 90
    endloop
  endfacet
  facet normal 0 0 1
    outer loop
      vertex 3.1383638291137976 -39.876693349325116 90
      vertex 4.701495898313506 -39.72273827819705 90
      vertex 2.746068350474573 -34.89210668065948 90
    endloop
  endfacet
  facet normal 0 0 1
    outer loop
      vertex 1.5703926303627445 -39.96916144962891 90
      vertex 1.3740935515674013 -34.973016268425305 90
      vertex 0 -35 90
    endloop
  endfacet
  facet normal 0 0 1
    outer loop
      vertex 3.1383638291137976 -39.876693349325116 90
      vertex 2.746068350474573 -34.89210668065948 90
      vertex 1.3740935515674013 -34.973016268425305 90
    endloop
  endfacet
  facet normal 0 0 1
    outer loop
      vertex 4.701495898313506 -39.72273827819705 90
      vertex 4.113808911024318 -34.75739599342242 90
      vertex 2.746068350474573 -34.89210668065948 90
    endloop
  endfacet
  facet normal 0 0 1
    outer loop
      vertex 4.701495898313506 -39.72273827819705 90
      vertex 6.2573786016092345 -39.507533623805514 90
      vertex 4.113808911024318 -34.75739599342242 90
    endloop
  endfacet
  facet normal 0 0 1
    outer loop
      vertex 6.2573786016092345 -39.507533623805514 90
      vertex 7.8036128806451295 -39.23141121612922 90
      vertex 5.47520627640808 -34.56909192082982 90
    endloop
  endfacet
  facet normal 0 0 1
    outer loop
      vertex 4.113808911024318 -34.75739599342242 90
      vertex 6.2573786016092345 -39.507533623805514 90
      vertex 5.47520627640808 -34.56909192082982 90
    endloop
  endfacet
  facet normal 0 0 1
    outer loop
      vertex 7.8036128806451295 -39.23141121612922 90
      vertex 9.337814554236216 -38.894796815907064 90
      vertex 6.828161270564489 -34.32748481411306 90
    endloop
  endfacet
  facet normal 0 0 1
    outer loop
      vertex 7.8036128806451295 -39.23141121612922 90
      vertex 6.828161270564489 -34.32748481411306 90
      vertex 5.47520627640808 -34.56909192082982 90
    endloop
  endfacet
  facet normal 0 0 1
    outer loop
      vertex 9.337814554236216 -38.894796815907064 90
      vertex 8.170587734956689 -34.03294721391868 90
      vertex 6.828161270564489 -34.32748481411306 90
    endloop
  endfacet
  facet normal 0 0 1
    outer loop
      vertex 9.337814554236216 -38.894796815907064 90
      vertex 10.85761799460297 -38.498209458145894 90
      vertex 8.170587734956689 -34.03294721391868 90
    endloop
  endfacet
  facet normal 0 0 1
    outer loop
      vertex 8.170587734956689 -34.03294721391868 90
      vertex 10.85761799460297 -38.498209458145894 90
      vertex 9.5004157452776 -33.68593327587765 90
    endloop
  endfacet
  facet normal 0 0 1
    outer loop
      vertex 10.85761799460297 -38.498209458145894 90
      vertex 12.360679774997896 -38.04226065180614 90
      vertex 10.815594803123158 -33.28697807033037 90
    endloop
  endfacet
  facet normal 0 0 1
    outer loop
      vertex 9.5004157452776 -33.68593327587765 90
      vertex 10.85761799460297 -38.498209458145894 90
      vertex 10.815594803123158 -33.28697807033037 90
    endloop
  endfacet
  facet normal 0 0 1
    outer loop
      vertex 12.360679774997896 -38.04226065180614 90
      vertex 12.114096997712254 -32.836696757286944 90
      vertex 10.815594803123158 -33.28697807033037 90
    endloop
  endfacet
  facet normal 0 0 1
    outer loop
      vertex 12.360679774997896 -38.04226065180614 90
      vertex 13.844682283099718 -37.527653436899364 90
      vertex 12.114096997712254 -32.836696757286944 90
    endloop
  endfacet
  facet normal 0 0 1
    outer loop
      vertex 13.844682283099718 -37.527653436899364 90
      vertex 15.307337294603592 -36.95518130045147 90
      vertex 13.393920132778142 -32.335783637895034 90
    endloop
  endfacet
  facet normal 0 0 1
    outer loop
      vertex 14.653090813809984 -31.785011083877844 90
      vertex 15.307337294603592 -36.95518130045147 90
      vertex 16.746389501497124 -36.32572695300325 90
    endloop
  endfacet
  facet normal 0 0 1
    outer loop
      vertex 13.844682283099718 -37.527653436899364 90
      vertex 13.393920132778142 -32.335783637895034 90
      vertex 12.114096997712254 -32.836696757286944 90
    endloop
  endfacet
  facet normal 0 0 1
    outer loop
      vertex 13.393920132778142 -32.335783637895034 90
      vertex 15.307337294603592 -36.95518130045147 90
      vertex 14.653090813809984 -31.785011083877844 90
    endloop
  endfacet
  facet normal 0 0 1
    outer loop
      vertex 14.653090813809984 -31.785011083877844 90
      vertex 16.746389501497124 -36.32572695300325 90
      vertex 15.889667490884136 -31.185228346592876 90
    endloop
  endfacet
  facet normal 0 0 1
    outer loop
      vertex 16.746389501497124 -36.32572695300325 90
      vertex 18.15961998958187 -35.640260967534715 90
      vertex 15.889667490884136 -31.185228346592876 90
    endloop
  endfacet
  facet normal 0 0 1
    outer loop
      vertex 18.15961998958187 -35.640260967534715 90
      vertex 19.544849659878196 -34.89984028291189 90
      vertex 17.10174345239342 -30.537360247547902 90
    endloop
  endfacet
  facet normal 0 0 1
    outer loop
      vertex 18.15961998958187 -35.640260967534715 90
      vertex 17.10174345239342 -30.537360247547902 90
      vertex 15.889667490884136 -31.185228346592876 90
    endloop
  endfacet
  facet normal 0 0 1
    outer loop
      vertex 17.10174345239342 -30.537360247547902 90
      vertex 19.544849659878196 -34.89984028291189 90
      vertex 18.28744976505821 -29.842405752393226 90
    endloop
  endfacet
  facet normal 0 0 1
    outer loop
      vertex 19.544849659878196 -34.89984028291189 90
      vertex 19.444958155686077 -29.101436430589082 90
      vertex 18.28744976505821 -29.842405752393226 90
    endloop
  endfacet
  facet normal 0 0 -1
    outer loop
      vertex -39.96916144962891 -1.5703926303627445 0
      vertex -40 0 0
      vertex -39.96916144962891 1.5703926303627445 0
    endloop
  endfacet
  facet normal 0 0 -1
    outer loop
      vertex -39.96916144962891 -1.5703926303627445 0
      vertex -39.96916144962891 1.5703926303627445 0
      vertex -39.876693349325116 3.1383638291137976 0
    endloop
  endfacet
  facet normal 0 0 -1
    outer loop
      vertex -39.876693349325116 -3.1383638291137976 0
      vertex -39.876693349325116 3.1383638291137976 0
      vertex -39.72273827819705 4.701495898313506 0
    endloop
  endfacet
  facet normal 0 0 -1
    outer loop
      vertex -39.72273827819705 -4.701495898313506 0
      vertex -39.72273827819705 4.701495898313506 0
      vertex -39.507533623805514 6.2573786016092345 0
    endloop
  endfacet
  facet normal 0 0 -1
    outer loop
      vertex -39.507533623805514 -6.2573786016092345 0
      vertex -39.507533623805514 6.2573786016092345 0
      vertex -39.23141121612922 7.8036128806451295 0
    endloop
  endfacet
  facet normal 0 0 -1
    outer loop
      vertex -39.23141121612922 -7.8036128806451295 0
      vertex -39.23141121612922 7.8036128806451295 0
      vertex -38.894796815907064 9.337814554236216 0
    endloop
  endfacet
  facet normal 0 0 -1
    outer loop
      vertex -38.894796815907064 -9.337814554236216 0
      vertex -38.894796815907064 9.337814554236216 0
      vertex -38.498209458145894 10.85761799460297 0
    endloop
  endfacet
  facet normal 0 0 -1
    outer loop
      vertex -38.498209458145894 -10.85761799460297 0
      vertex -38.498209458145894 10.85761799460297 0
      vertex -38.04226065180614 12.360679774997896 0
    endloop
  endfacet
  facet normal 0 0 -1
    outer loop
      vertex -38.04226065180614 -12.360679774997896 0
      vertex -38.04226065180614 12.360679774997896 0
      vertex -37.527653436899364 13.844682283099718 0
    endloop
  endfacet
  facet normal 0 0 -1
    outer loop
      vertex -37.527653436899364 -13.844682283099718 0
      vertex -37.527653436899364 13.844682283099718 0
      vertex -36.95518130045147 15.307337294603592 0
    endloop
  endfacet
  facet normal 0 0 -1
    outer loop
      vertex -36.95518130045147 -15.307337294603592 0
      vertex -36.95518130045147 15.307337294603592 0
      vertex -36.32572695300325 16.746389501497124 0
    endloop
  endfacet
  facet normal 0 0 -1
    outer loop
      vertex -36.32572695300325 -16.746389501497124 0
      vertex -36.32572695300325 16.746389501497124 0
      vertex -35.640260967534715 18.15961998958187 0
    endloop
  endfacet
  facet normal 0 0 -1
    outer loop
      vertex -35.640260967534715 -18.15961998958187 0
      vertex -35.640260967534715 18.15961998958187 0
      vertex -34.89984028291189 19.544849659878196 0
    endloop
  endfacet
  facet normal 0 0 -1
    outer loop
      vertex -34.89984028291189 -19.544849659878196 0
      vertex -34.89984028291189 19.544849659878196 0
      vertex -34.10560657416369 20.899942588637952 0
    endloop
  endfacet
  facet normal 0 0 -1
    outer loop
      vertex -34.10560657416369 -20.899942588637952 0
      vertex -34.10560657416369 20.899942588637952 0
      vertex -33.25878449210181 22.222809320784087 0
    endloop
  endfacet
  facet normal 0 0 -1
    outer loop
      vertex -33.25878449210181 -22.222809320784087 0
      vertex -33.25878449210181 22.222809320784087 0
      vertex -32.3606797749979 23.511410091698927 0
    endloop
  endfacet
  facet normal 0 0 -1
    outer loop
      vertex -32.3606797749979 -23.511410091698927 0
      vertex -32.3606797749979 23.511410091698927 0
      vertex -31.412677235229797 24.763757972393357 0
    endloop
  endfacet
  facet normal 0 0 -1
    outer loop
      vertex -31.412677235229797 -24.763757972393357 0
      vertex -31.412677235229797 24.763757972393357 0
      vertex -30.416238624001238 25.977921933207348 0
    endloop
  endfacet
  facet normal 0 0 -1
    outer loop
      vertex -30.416238624001238 -25.977921933207348 0
      vertex -30.416238624001238 25.977921933207348 0
      vertex -29.37290037742742 27.15202982131767 0
    endloop
  endfacet
  facet normal 0 0 -1
    outer loop
      vertex -29.37290037742742 -27.15202982131767 0
      vertex -29.37290037742742 27.15202982131767 0
      vertex -28.284271247461902 28.284271247461902 0
    endloop
  endfacet
  facet normal 0 0 -1
    outer loop
      vertex -28.284271247461902 -28.284271247461902 0
      vertex -28.284271247461902 28.284271247461902 0
      vertex -27.15202982131767 29.37290037742742 0
    endloop
  endfacet
  facet normal 0 0 -1
    outer loop
      vertex -27.15202982131767 -29.37290037742742 0
      vertex -27.15202982131767 29.37290037742742 0
      vertex -25.977921933207348 30.416238624001238 0
    endloop
  endfacet
  facet normal 0 0 -1
    outer loop
      vertex -25.977921933207348 -30.416238624001238 0
      vertex -25.977921933207348 30.416238624001238 0
      vertex -24.763757972393357 31.412677235229797 0
    endloop
  endfacet
  facet normal 0 0 -1
    outer loop
      vertex -24.763757972393357 -31.412677235229797 0
      vertex -24.763757972393357 31.412677235229797 0
      vertex -23.511410091698927 32.3606797749979 0
    endloop
  endfacet
  facet normal 0 0 -1
    outer loop
      vertex -23.511410091698927 -32.3606797749979 0
      vertex -23.511410091698927 32.3606797749979 0
      vertex -22.222809320784087 33.25878449210181 0
    endloop
  endfacet
  facet normal 0 0 -1
    outer loop
      vertex -22.222809320784087 -33.25878449210181 0
      vertex -22.222809320784087 33.25878449210181 0
      vertex -20.899942588637952 34.10560657416369 0
    endloop
  endfacet
  facet normal 0 0 -1
    outer loop
      vertex -20.899942588637952 -34.10560657416369 0
      vertex -20.899942588637952 34.10560657416369 0
      vertex -19.544849659878196 34.89984028291189 0
    endloop
  endfacet
  facet normal 0 0 -1
    outer loop
      vertex -19.544849659878196 -34.89984028291189 0
      vertex -19.544849659878196 34.89984028291189 0
      vertex -18.15961998958187 35.640260967534715 0
    endloop
  endfacet
  facet normal 0 0 -1
    outer loop
      vertex -18.15961998958187 -35.640260967534715 0
      vertex -18.15961998958187 35.640260967534715 0
      vertex -16.746389501497124 36.32572695300325 0
    endloop
  endfacet
  facet normal 0 0 -1
    outer loop
      vertex -16.746389501497124 -36.32572695300325 0
      vertex -16.746389501497124 36.32572695300325 0
      vertex -15.307337294603592 36.95518130045147 0
    endloop
  endfacet
  facet normal 0 0 -1
    outer loop
      vertex -15.307337294603592 -36.95518130045147 0
      vertex -15.307337294603592 36.95518130045147 0
      vertex -13.844682283099718 37.527653436899364 0
    endloop
  endfacet
  facet normal 0 0 -1
    outer loop
      vertex -13.844682283099718 -37.527653436899364 0
      vertex -13.844682283099718 37.527653436899364 0
      vertex -12.360679774997896 38.04226065180614 0
    endloop
  endfacet
  facet normal 0 0 -1
    outer loop
      vertex -12.360679774997896 -38.04226065180614 0
      vertex -12.360679774997896 38.04226065180614 0
      vertex -10.85761799460297 38.498209458145894 0
    endloop
  endfacet
  facet normal 0 0 -1
    outer loop
      vertex -10.85761799460297 -38.498209458145894 0
      vertex -10.85761799460297 38.498209458145894 0
      vertex -9.337814554236216 38.894796815907064 0
    endloop
  endfacet
  facet normal -0.9998072404820649 0.01963369246063086 0
    outer loop
      vertex -40 0 0
      vertex -39.96916144962891 1.5703926303627445 90
      vertex -39.96916144962891 1.5703926303627445 0
    endloop
  endfacet
  facet normal -0.9982656101847158 0.05887080365118849 0
    outer loop
      vertex -39.96916144962891 1.5703926303627445 0
      vertex -39.876693349325116 3.1383638291137976 90
      vertex -39.876693349325116 3.1383638291137976 0
    endloop
  endfacet
  facet normal -0.9951847266721968 0.09801714032956034 0
    outer loop
      vertex -39.876693349325116 3.1383638291137976 0
      vertex -39.72273827819705 4.701495898313506 90
      vertex -39.72273827819705 4.701495898313506 0
    endloop
  endfacet
  facet normal -0.990569340443578 0.137012341681963 0
    outer loop
      vertex -39.72273827819705 4.701495898313506 0
      vertex -39.507533623805514 6.2573786016092345 90
      vertex -39.507533623805514 6.2573786016092345 0
    endloop
  endfacet
  facet normal -0.984426568089891 0.17579627993435837 0
    outer loop
      vertex -39.507533623805514 6.2573786016092345 0
      vertex -39.23141121612922 7.8036128806451295 90
      vertex -39.23141121612922 7.8036128806451295 0
    endloop
  endfacet
  facet normal -0.9767658813208726 0.21430915306505022 0
    outer loop
      vertex -39.23141121612922 7.8036128806451295 0
      vertex -38.894796815907064 9.337814554236216 90
      vertex -38.894796815907064 9.337814554236216 0
    endloop
  endfacet
  facet normal -0.9675990923602602 0.2524915770151565 0
    outer loop
      vertex -38.894796815907064 9.337814554236216 0
      vertex -38.498209458145894 10.85761799460297 90
      vertex -38.498209458145894 10.85761799460297 0
    endloop
  endfacet
  facet normal -0.9569403357322076 0.2902846772544663 0
    outer loop
      vertex -38.498209458145894 10.85761799460297 0
      vertex -38.04226065180614 12.360679774997896 90
      vertex -38.04226065180614 12.360679774997896 0
    endloop
  endfacet
  facet normal -0.9448060464668785 0.327630179561692 0
    outer loop
      vertex -38.04226065180614 12.360679774997896 0
      vertex -37.527653436899364 13.844682283099718 90
      vertex -37.527653436899364 13.844682283099718 0
    endloop
  endfacet
  facet normal -0.9312149347588042 0.36447049987914787 0
    outer loop
      vertex -37.527653436899364 13.844682283099718 0
      vertex -36.95518130045147 15.307337294603592 90
      vertex -36.95518130045147 15.307337294603592 0
    endloop
  endfacet
  facet normal -0.9161879571171344 0.4007488331031441 0
    outer loop
      vertex -36.95518130045147 15.307337294603592 0
      vertex -36.32572695300325 16.746389501497124 90
      vertex -36.32572695300325 16.746389501497124 0
    endloop
  endfacet
  facet normal -0.8997482840522226 0.43640924067333986 0
    outer loop
      vertex -36.32572695300325 16.746389501497124 0
      vertex -35.640260967534715 18.15961998958187 90
      vertex -35.640260967534715 18.15961998958187 0
    endloop
  endfacet
  facet normal -0.8819212643483558 0.4713967368259959 0
    outer loop
      vertex -35.640260967534715 18.15961998958187 0
      vertex -34.89984028291189 19.544849659878196 90
      vertex -34.89984028291189 19.544849659878196 0
    endloop
  endfacet
  facet normal -0.8627343859777902 0.5056573733779876 0
    outer loop
      vertex -34.89984028291189 19.544849659878196 0
      vertex -34.10560657416369 20.899942588637952 90
      vertex -34.10560657416369 20.899942588637952 0
    endloop
  endfacet
  facet normal -0.8422172337162874 0.5391383229109988 0
    outer loop
      vertex -34.10560657416369 20.899942588637952 0
      vertex -33.25878449210181 22.222809320784087 90
      vertex -33.25878449210181 22.222809320784087 0
    endloop
  endfacet
  facet normal -0.8204014435255146 0.571787960227611 0
    outer loop
      vertex -33.25878449210181 22.222809320784087 0
      vertex -32.3606797749979 23.511410091698927 90
      vertex -32.3606797749979 23.511410091698927 0
    endloop
  endfacet
  facet normal -0.7973206537727057 0.6035559419535733 0
    outer loop
      vertex -32.3606797749979 23.511410091698927 0
      vertex -31.412677235229797 24.763757972393357 90
      vertex -31.412677235229797 24.763757972393357 0
    endloop
  endfacet
  facet normal -0.7730104533627384 0.6343932841636438 0
    outer loop
      vertex -31.412677235229797 24.763757972393357 0
      vertex -30.416238624001238 25.977921933207348 90
      vertex -30.416238624001238 25.977921933207348 0
    endloop
  endfacet
  facet normal -0.7475083268625955 0.6642524379112832 0
    outer loop
      vertex -30.416238624001238 25.977921933207348 0
      vertex -29.37290037742742 27.15202982131767 90
      vertex -29.37290037742742 27.15202982131767 0
    endloop
  endfacet
  facet normal -0.72085359670292 0.6930873625456346 0
    outer loop
      vertex -29.37290037742742 27.15202982131767 0
      vertex -28.284271247461902 28.284271247461902 90
      vertex -28.284271247461902 28.284271247461902 0
    endloop
  endfacet
  facet normal -0.6930873625456346 0.72085359670292 0
    outer loop
      vertex -28.284271247461902 28.284271247461902 0
      vertex -28.284271247461902 28.284271247461902 90
      vertex -27.15202982131767 29.37290037742742 0
    endloop
  endfacet
  facet normal -0.6642524379112832 0.7475083268625955 0
    outer loop
      vertex -27.15202982131767 29.37290037742742 0
      vertex -27.15202982131767 29.37290037742742 90
      vertex -25.977921933207348 30.416238624001238 0
    endloop
  endfacet
  facet normal -0.6343932841636438 0.7730104533627384 0
    outer loop
      vertex -25.977921933207348 30.416238624001238 0
      vertex -25.977921933207348 30.416238624001238 90
      vertex -24.763757972393357 31.412677235229797 0
    endloop
  endfacet
  facet normal -0.6035559419535733 0.7973206537727057 0
    outer loop
      vertex -24.763757972393357 31.412677235229797 0
      vertex -24.763757972393357 31.412677235229797 90
      vertex -23.511410091698927 32.3606797749979 0
    endloop
  endfacet
  facet normal -0.571787960227611 0.8204014435255146 0
    outer loop
      vertex -23.511410091698927 32.3606797749979 0
      vertex -23.511410091698927 32.3606797749979 90
      vertex -22.222809320784087 33.25878449210181 0
    endloop
  endfacet
  facet normal -0.5391383229109988 0.8422172337162874 0
    outer loop
      vertex -22.222809320784087 33.25878449210181 0
      vertex -22.222809320784087 33.25878449210181 90
      vertex -20.899942588637952 34.10560657416369 0
    endloop
  endfacet
  facet normal -0.5056573733779876 0.8627343859777902 0
    outer loop
      vertex -20.899942588637952 34.10560657416369 0
      vertex -20.899942588637952 34.10560657416369 90
      vertex -19.544849659878196 34.89984028291189 0
    endloop
  endfacet
  facet normal -0.4713967368259959 0.8819212643483558 0
    outer loop
      vertex -19.544849659878196 34.89984028291189 0
      vertex -19.544849659878196 34.89984028291189 90
      vertex -18.15961998958187 35.640260967534715 0
    endloop
  endfacet
  facet normal -0.43640924067333986 0.8997482840522226 0
    outer loop
      vertex -18.15961998958187 35.640260967534715 0
      vertex -18.15961998958187 35.640260967534715 90
      vertex -16.746389501497124 36.32572695300325 0
    endloop
  endfacet
  facet normal -0.4007488331031441 0.9161879571171344 0
    outer loop
      vertex -16.746389501497124 36.32572695300325 0
      vertex -16.746389501497124 36.32572695300325 90
      vertex -15.307337294603592 36.95518130045147 0
    endloop
  endfacet
  facet normal -0.36447049987914787 0.9312149347588042 0
    outer loop
      vertex -15.307337294603592 36.95518130045147 0
      vertex -15.307337294603592 36.95518130045147 90
      vertex -13.844682283099718 37.527653436899364 0
    endloop
  endfacet
  facet normal -0.327630179561692 0.9448060464668785 0
    outer loop
      vertex -13.844682283099718 37.527653436899364 0
      vertex -13.844682283099718 37.527653436899364 90
      vertex -12.360679774997896 38.04226065180614 0
    endloop
  endfacet
  facet normal -0.2902846772544663 0.9569403357322076 0
    outer loop
      vertex -12.360679774997896 38.04226065180614 0
      vertex -12.360679774997896 38.04226065180614 90
      vertex -10.85761799460297 38.498209458145894 0
    endloop
  endfacet
  facet normal -0.2524915770151565 0.9675990923602602 0
    outer loop
      vertex -10.85761799460297 38.498209458145894 0
      vertex -10.85761799460297 38.498209458145894 90
      vertex -9.337814554236216 38.894796815907064 0
    endloop
  endfacet
  facet normal 0 0 -1
    outer loop
      vertex -9.337814554236216 -38.894796815907064 0
      vertex -9.337814554236216 38.894796815907064 0
      vertex -7.8036128806451295 39.23141121612922 0
    endloop
  endfacet
  facet normal 0 0 -1
    outer loop
      vertex -7.8036128806451295 -39.23141121612922 0
      vertex -7.8036128806451295 39.23141121612922 0
      vertex -6.2573786016092345 39.507533623805514 0
    endloop
  endfacet
  facet normal 0 0 -1
    outer loop
      vertex -6.2573786016092345 -39.507533623805514 0
      vertex -6.2573786016092345 39.507533623805514 0
      vertex -4.701495898313506 39.72273827819705 0
    endloop
  endfacet
  facet normal 0 0 -1
    outer loop
      vertex -4.701495898313506 -39.72273827819705 0
      vertex -4.701495898313506 39.72273827819705 0
      vertex -3.1383638291137976 39.876693349325116 0
    endloop
  endfacet
  facet normal 0 0 -1
    outer loop
      vertex -3.1383638291137976 -39.876693349325116 0
      vertex -3.1383638291137976 39.876693349325116 0
      vertex -1.5703926303627445 39.96916144962891 0
    endloop
  endfacet
  facet normal 0 0 -1
    outer loop
      vertex -1.5703926303627445 -39.96916144962891 0
      vertex -1.5703926303627445 39.96916144962891 0
      vertex 0 40 0
    endloop
  endfacet
  facet normal 0 0 -1
    outer loop
      vertex 0 -40 0
      vertex 0 40 0
      vertex 1.5703926303627445 39.96916144962891 0
    endloop
  endfacet
  facet normal 0 0 -1
    outer loop
      vertex 1.5703926303627445 -39.96916144962891 0
      vertex 1.5703926303627445 39.96916144962891 0
      vertex 3.1383638291137976 39.876693349325116 0
    endloop
  endfacet
  facet normal 0 0 -1
    outer loop
      vertex 3.1383638291137976 -39.876693349325116 0
      vertex 3.1383638291137976 39.876693349325116 0
      vertex 4.701495898313506 39.72273827819705 0
    endloop
  endfacet
  facet normal 0 0 -1
    outer loop
      vertex 4.701495898313506 -39.72273827819705 0
      vertex 4.701495898313506 39.72273827819705 0
      vertex 6.2573786016092345 39.507533623805514 0
    endloop
  endfacet
  facet normal 0 0 -1
    outer loop
      vertex 6.2573786016092345 -39.507533623805514 0
      vertex 6.2573786016092345 39.507533623805514 0
      vertex 7.8036128806451295 39.23141121612922 0
    endloop
  endfacet
  facet normal 0 0 -1
    outer loop
      vertex 7.8036128806451295 -39.23141121612922 0
      vertex 7.8036128806451295 39.23141121612922 0
      vertex 9.337814554236216 38.894796815907064 0
    endloop
  endfacet
  facet normal 0 0 -1
    outer loop
      vertex 9.337814554236216 -38.894796815907064 0
      vertex 9.337814554236216 38.894796815907064 0
      vertex 10.85761799460297 38.498209458145894 0
    endloop
  endfacet
  facet normal 0 0 -1
    outer loop
      vertex 10.85761799460297 -38.498209458145894 0
      vertex 10.85761799460297 38.498209458145894 0
      vertex 12.360679774997896 38.04226065180614 0
    endloop
  endfacet
  facet normal 0 0 -1
    outer loop
      vertex 13.844682283099718 -37.527653436899364 0
      vertex 13.844682283099718 37.527653436899364 0
      vertex 15.307337294603592 36.95518130045147 0
    endloop
  endfacet
  facet normal 0 0 -1
    outer loop
      vertex 12.360679774997896 -38.04226065180614 0
      vertex 12.360679774997896 38.04226065180614 0
      vertex 13.844682283099718 37.527653436899364 0
    endloop
  endfacet
  facet normal 0 0 -1
    outer loop
      vertex 15.307337294603592 -36.95518130045147 0
      vertex 15.307337294603592 36.95518130045147 0
      vertex 16.746389501497124 36.32572695300325 0
    endloop
  endfacet
  facet normal 0 0 -1
    outer loop
      vertex 16.746389501497124 -36.32572695300325 0
      vertex 16.746389501497124 36.32572695300325 0
      vertex 18.15961998958187 35.640260967534715 0
    endloop
  endfacet
  facet normal 0 0 -1
    outer loop
      vertex 18.15961998958187 -35.640260967534715 0
      vertex 18.15961998958187 35.640260967534715 0
      vertex 19.544849659878196 34.89984028291189 0
    endloop
  endfacet
  facet normal -0.21430915306505022 0.9767658813208726 0
    outer loop
      vertex -9.337814554236216 38.894796815907064 0
      vertex -9.337814554236216 38.894796815907064 90
      vertex -7.8036128806451295 39.23141121612922 0
    endloop
  endfacet
  facet normal -0.17579627993435837 0.984426568089891 0
    outer loop
      vertex -7.8036128806451295 39.23141121612922 0
      vertex -7.8036128806451295 39.23141121612922 90
      vertex -6.2573786016092345 39.507533623805514 0
    endloop
  endfacet
  facet normal -0.137012341681963 0.990569340443578 0
    outer loop
      vertex -6.2573786016092345 39.507533623805514 0
      vertex -6.2573786016092345 39.507533623805514 90
      vertex -4.701495898313506 39.72273827819705 0
    endloop
  endfacet
  facet normal -0.09801714032956034 0.9951847266721968 0
    outer loop
      vertex -4.701495898313506 39.72273827819705 0
      vertex -4.701495898313506 39.72273827819705 90
      vertex -3.1383638291137976 39.876693349325116 0
    endloop
  endfacet
  facet normal -0.05887080365118849 0.9982656101847158 0
    outer loop
      vertex -3.1383638291137976 39.876693349325116 0
      vertex -3.1383638291137976 39.876693349325116 90
      vertex -1.5703926303627445 39.96916144962891 0
    endloop
  endfacet
  facet normal -0.01963369246063086 0.9998072404820649 0
    outer loop
      vertex -1.5703926303627445 39.96916144962891 0
      vertex -1.5703926303627445 39.96916144962891 90
      vertex 0 40 0
    endloop
  endfacet
  facet normal 0.01963369246063086 0.9998072404820649 0
    outer loop
      vertex 0 40 0
      vertex 0 40 90
      vertex 1.5703926303627445 39.96916144962891 0
    endloop
  endfacet
  facet normal 0.05887080365118849 0.9982656101847158 0
    outer loop
      vertex 1.5703926303627445 39.96916144962891 0
      vertex 1.5703926303627445 39.96916144962891 90
      vertex 3.1383638291137976 39.876693349325116 0
    endloop
  endfacet
  facet normal 0.09801714032956034 0.9951847266721968 0
    outer loop
      vertex 3.1383638291137976 39.876693349325116 0
      vertex 3.1383638291137976 39.876693349325116 90
      vertex 4.701495898313506 39.72273827819705 0
    endloop
  endfacet
  facet normal 0.137012341681963 0.990569340443578 0
    outer loop
      vertex 4.701495898313506 39.72273827819705 0
      vertex 4.701495898313506 39.72273827819705 90
      vertex 6.2573786016092345 39.507533623805514 0
    endloop
  endfacet
  facet normal 0.17579627993435837 0.984426568089891 0
    outer loop
      vertex 6.2573786016092345 39.507533623805514 0
      vertex 6.2573786016092345 39.507533623805514 90
      vertex 7.8036128806451295 39.23141121612922 0
    endloop
  endfacet
  facet normal 0.21430915306505022 0.9767658813208726 0
    outer loop
      vertex 7.8036128806451295 39.23141121612922 0
      vertex 7.8036128806451295 39.23141121612922 90
      vertex 9.337814554236216 38.894796815907064 0
    endloop
  endfacet
  facet normal 0.2524915770151565 0.9675990923602602 0
    outer loop
      vertex 9.337814554236216 38.894796815907064 0
      vertex 9.337814554236216 38.894796815907064 90
      vertex 10.85761799460297 38.498209458145894 0
    endloop
  endfacet
  facet normal 0.2902846772544663 0.9569403357322076 0
    outer loop
      vertex 10.85761799460297 38.498209458145894 0
      vertex 10.85761799460297 38.498209458145894 90
      vertex 12.360679774997896 38.04226065180614 0
    endloop
  endfacet
  facet normal 0.36447049987914787 0.9312149347588042 0
    outer loop
      vertex 13.844682283099718 37.527653436899364 0
      vertex 13.844682283099718 37.527653436899364 90
      vertex 15.307337294603592 36.95518130045147 0
    endloop
  endfacet
  facet normal 0.327630179561692 0.9448060464668785 0
    outer loop
      vertex 12.360679774997896 38.04226065180614 0
      vertex 12.360679774997896 38.04226065180614 90
      vertex 13.844682283099718 37.527653436899364 0
    endloop
  endfacet
  facet normal 0.43640924067333986 0.8997482840522226 0
    outer loop
      vertex 16.746389501497124 36.32572695300325 0
      vertex 16.746389501497124 36.32572695300325 90
      vertex 18.15961998958187 35.640260967534715 0
    endloop
  endfacet
  facet normal 0.4007488331031441 0.9161879571171344 0
    outer loop
      vertex 15.307337294603592 36.95518130045147 0
      vertex 15.307337294603592 36.95518130045147 90
      vertex 16.746389501497124 36.32572695300325 0
    endloop
  endfacet
  facet normal 0.4713967368259959 0.8819212643483558 0
    outer loop
      vertex 19.544849659878196 34.89984028291189 0
      vertex 18.15961998958187 35.640260967534715 0
      vertex 18.15961998958187 35.640260967534715 90
    endloop
  endfacet
  facet normal -0.9998072404820649 0.01963369246063086 0
    outer loop
      vertex -40 0 0
      vertex -40 0 90
      vertex -39.96916144962891 1.5703926303627445 90
    endloop
  endfacet
  facet normal -0.9982656101847158 0.05887080365118849 0
    outer loop
      vertex -39.96916144962891 1.5703926303627445 0
      vertex -39.96916144962891 1.5703926303627445 90
      vertex -39.876693349325116 3.1383638291137976 90
    endloop
  endfacet
  facet normal -0.9951847266721968 0.09801714032956034 0
    outer loop
      vertex -39.876693349325116 3.1383638291137976 0
      vertex -39.876693349325116 3.1383638291137976 90
      vertex -39.72273827819705 4.701495898313506 90
    endloop
  endfacet
  facet normal -0.990569340443578 0.137012341681963 0
    outer loop
      vertex -39.72273827819705 4.701495898313506 0
      vertex -39.72273827819705 4.701495898313506 90
      vertex -39.507533623805514 6.2573786016092345 90
    endloop
  endfacet
  facet normal -0.984426568089891 0.17579627993435837 0
    outer loop
      vertex -39.507533623805514 6.2573786016092345 0
      vertex -39.507533623805514 6.2573786016092345 90
      vertex -39.23141121612922 7.8036128806451295 90
    endloop
  endfacet
  facet normal -0.9767658813208726 0.21430915306505022 0
    outer loop
      vertex -39.23141121612922 7.8036128806451295 0
      vertex -39.23141121612922 7.8036128806451295 90
      vertex -38.894796815907064 9.337814554236216 90
    endloop
  endfacet
  facet normal -0.9675990923602602 0.2524915770151565 0
    outer loop
      vertex -38.894796815907064 9.337814554236216 0
      vertex -38.894796815907064 9.337814554236216 90
      vertex -38.498209458145894 10.85761799460297 90
    endloop
  endfacet
  facet normal -0.9569403357322076 0.2902846772544663 0
    outer loop
      vertex -38.498209458145894 10.85761799460297 0
      vertex -38.498209458145894 10.85761799460297 90
      vertex -38.04226065180614 12.360679774997896 90
    endloop
  endfacet
  facet normal -0.9448060464668785 0.327630179561692 0
    outer loop
      vertex -38.04226065180614 12.360679774997896 0
      vertex -38.04226065180614 12.360679774997896 90
      vertex -37.527653436899364 13.844682283099718 90
    endloop
  endfacet
  facet normal -0.9312149347588042 0.36447049987914787 0
    outer loop
      vertex -37.527653436899364 13.844682283099718 0
      vertex -37.527653436899364 13.844682283099718 90
      vertex -36.95518130045147 15.307337294603592 90
    endloop
  endfacet
  facet normal -0.9161879571171344 0.4007488331031441 0
    outer loop
      vertex -36.95518130045147 15.307337294603592 0
      vertex -36.95518130045147 15.307337294603592 90
      vertex -36.32572695300325 16.746389501497124 90
    endloop
  endfacet
  facet normal -0.8997482840522226 0.43640924067333986 0
    outer loop
      vertex -36.32572695300325 16.746389501497124 0
      vertex -36.32572695300325 16.746389501497124 90
      vertex -35.640260967534715 18.15961998958187 90
    endloop
  endfacet
  facet normal -0.8819212643483558 0.4713967368259959 0
    outer loop
      vertex -35.640260967534715 18.15961998958187 0
      vertex -35.640260967534715 18.15961998958187 90
      vertex -34.89984028291189 19.544849659878196 90
    endloop
  endfacet
  facet normal -0.8627343859777902 0.5056573733779876 0
    outer loop
      vertex -34.89984028291189 19.544849659878196 0
      vertex -34.89984028291189 19.544849659878196 90
      vertex -34.10560657416369 20.899942588637952 90
    endloop
  endfacet
  facet normal 0 0 1
    outer loop
      vertex -39.96916144962891 -1.5703926303627445 90
      vertex -39.96916144962891 1.5703926303627445 90
      vertex -40 0 90
    endloop
  endfacet
  facet normal 0 0 1
    outer loop
      vertex -39.876693349325116 -3.1383638291137976 90
      vertex -39.876693349325116 3.1383638291137976 90
      vertex -39.96916144962891 1.5703926303627445 90
    endloop
  endfacet
  facet normal 0 0 1
    outer loop
      vertex -39.72273827819705 -4.701495898313506 90
      vertex -39.72273827819705 4.701495898313506 90
      vertex -39.876693349325116 3.1383638291137976 90
    endloop
  endfacet
  facet normal 0 0 1
    outer loop
      vertex -39.507533623805514 -6.2573786016092345 90
      vertex -39.507533623805514 6.2573786016092345 90
      vertex -39.72273827819705 4.701495898313506 90
    endloop
  endfacet
  facet normal 0 0 1
    outer loop
      vertex -39.23141121612922 -7.8036128806451295 90
      vertex -39.23141121612922 7.8036128806451295 90
      vertex -39.507533623805514 6.2573786016092345 90
    endloop
  endfacet
  facet normal 0 0 1
    outer loop
      vertex -38.894796815907064 -9.337814554236216 90
      vertex -38.894796815907064 9.337814554236216 90
      vertex -39.23141121612922 7.8036128806451295 90
    endloop
  endfacet
  facet normal 0 0 1
    outer loop
      vertex -38.498209458145894 -10.85761799460297 90
      vertex -38.498209458145894 10.85761799460297 90
      vertex -38.894796815907064 9.337814554236216 90
    endloop
  endfacet
  facet normal 0 0 1
    outer loop
      vertex -38.04226065180614 -12.360679774997896 90
      vertex -38.04226065180614 12.360679774997896 90
      vertex -38.498209458145894 10.85761799460297 90
    endloop
  endfacet
  facet normal 0 0 1
    outer loop
      vertex -37.527653436899364 -13.844682283099718 90
      vertex -37.527653436899364 13.844682283099718 90
      vertex -38.04226065180614 12.360679774997896 90
    endloop
  endfacet
  facet normal 0 0 1
    outer loop
      vertex -36.95518130045147 -15.307337294603592 90
      vertex -36.95518130045147 15.307337294603592 90
      vertex -37.527653436899364 13.844682283099718 90
    endloop
  endfacet
  facet normal 0 0 1
    outer loop
      vertex -36.32572695300325 -16.746389501497124 90
      vertex -36.32572695300325 16.746389501497124 90
      vertex -36.95518130045147 15.307337294603592 90
    endloop
  endfacet
  facet normal 0 0 1
    outer loop
      vertex -35.640260967534715 -18.15961998958187 90
      vertex -35.640260967534715 18.15961998958187 90
      vertex -36.32572695300325 16.746389501497124 90
    endloop
  endfacet
  facet normal 0 0 1
    outer loop
      vertex -35 0 90
      vertex -34.973016268425305 1.3740935515674013 90
      vertex -35.640260967534715 18.15961998958187 90
    endloop
  endfacet
  facet normal 0 0 1
    outer loop
      vertex -34.973016268425305 1.3740935515674013 90
      vertex -34.89210668065948 2.746068350474573 90
      vertex -35.640260967534715 18.15961998958187 90
    endloop
  endfacet
  facet normal 0 0 1
    outer loop
      vertex -34.89210668065948 2.746068350474573 90
      vertex -34.75739599342242 4.113808911024318 90
      vertex -34.89984028291189 19.544849659878196 90
    endloop
  endfacet
  facet normal 0 0 1
    outer loop
      vertex -34.75739599342242 4.113808911024318 90
      vertex -34.56909192082982 5.47520627640808 90
      vertex -34.89984028291189 19.544849659878196 90
    endloop
  endfacet
  facet normal 0 0 1
    outer loop
      vertex -34.56909192082982 5.47520627640808 90
      vertex -34.32748481411306 6.828161270564489 90
      vertex -34.89984028291189 19.544849659878196 90
    endloop
  endfacet
  facet normal 0 0 1
    outer loop
      vertex -34.32748481411306 6.828161270564489 90
      vertex -34.03294721391868 8.170587734956689 90
      vertex -34.89984028291189 19.544849659878196 90
    endloop
  endfacet
  facet normal 0 0 1
    outer loop
      vertex -34.89210668065948 2.746068350474573 90
      vertex -34.89984028291189 19.544849659878196 90
      vertex -35.640260967534715 18.15961998958187 90
    endloop
  endfacet
  facet normal 0 0 1
    outer loop
      vertex -34.03294721391868 8.170587734956689 90
      vertex -33.68593327587765 9.5004157452776 90
      vertex -34.10560657416369 20.899942588637952 90
    endloop
  endfacet
  facet normal 0 0 1
    outer loop
      vertex -33.68593327587765 9.5004157452776 90
      vertex -33.28697807033037 10.815594803123158 90
      vertex -34.10560657416369 20.899942588637952 90
    endloop
  endfacet
  facet normal 0 0 1
    outer loop
      vertex -33.28697807033037 10.815594803123158 90
      vertex -32.836696757286944 12.114096997712254 90
      vertex -34.10560657416369 20.899942588637952 90
    endloop
  endfacet
  facet normal 0 0 1
    outer loop
      vertex -34.03294721391868 8.170587734956689 90
      vertex -34.10560657416369 20.899942588637952 90
      vertex -34.89984028291189 19.544849659878196 90
    endloop
  endfacet
  facet normal 0 0 1
    outer loop
      vertex -32.836696757286944 12.114096997712254 90
      vertex -32.335783637895034 13.393920132778142 90
      vertex -33.25878449210181 22.222809320784087 90
    endloop
  endfacet
  facet normal 0 0 1
    outer loop
      vertex -32.836696757286944 12.114096997712254 90
      vertex -33.25878449210181 22.222809320784087 90
      vertex -34.10560657416369 20.899942588637952 90
    endloop
  endfacet
  facet normal 0 0 1
    outer loop
      vertex -32.335783637895034 13.393920132778142 90
      vertex -32.3606797749979 23.511410091698927 90
      vertex -33.25878449210181 22.222809320784087 90
    endloop
  endfacet
  facet normal 0 0 1
    outer loop
      vertex -32.335783637895034 13.393920132778142 90
      vertex -31.785011083877844 14.653090813809984 90
      vertex -32.3606797749979 23.511410091698927 90
    endloop
  endfacet
  facet normal 0 0 1
    outer loop
      vertex -31.785011083877844 14.653090813809984 90
      vertex -31.185228346592876 15.889667490884136 90
      vertex -32.3606797749979 23.511410091698927 90
    endloop
  endfacet
  facet normal 0 0 1
    outer loop
      vertex -31.185228346592876 15.889667490884136 90
      vertex -30.537360247547902 17.10174345239342 90
      vertex -31.412677235229797 24.763757972393357 90
    endloop
  endfacet
  facet normal -0.8422172337162874 0.5391383229109988 0
    outer loop
      vertex -34.10560657416369 20.899942588637952 0
      vertex -34.10560657416369 20.899942588637952 90
      vertex -33.25878449210181 22.222809320784087 90
    endloop
  endfacet
  facet normal -0.8204014435255146 0.571787960227611 0
    outer loop
      vertex -33.25878449210181 22.222809320784087 0
      vertex -33.25878449210181 22.222809320784087 90
      vertex -32.3606797749979 23.511410091698927 90
    endloop
  endfacet
  facet normal -0.7973206537727057 0.6035559419535733 0
    outer loop
      vertex -32.3606797749979 23.511410091698927 0
      vertex -32.3606797749979 23.511410091698927 90
      vertex -31.412677235229797 24.763757972393357 90
    endloop
  endfacet
  facet normal -0.7730104533627384 0.6343932841636438 0
    outer loop
      vertex -31.412677235229797 24.763757972393357 0
      vertex -31.412677235229797 24.763757972393357 90
      vertex -30.416238624001238 25.977921933207348 90
    endloop
  endfacet
  facet normal -0.7475083268625955 0.6642524379112832 0
    outer loop
      vertex -30.416238624001238 25.977921933207348 0
      vertex -30.416238624001238 25.977921933207348 90
      vertex -29.37290037742742 27.15202982131767 90
    endloop
  endfacet
  facet normal -0.72085359670292 0.6930873625456346 0
    outer loop
      vertex -29.37290037742742 27.15202982131767 0
      vertex -29.37290037742742 27.15202982131767 90
      vertex -28.284271247461902 28.284271247461902 90
    endloop
  endfacet
  facet normal -0.6930873625456346 0.72085359670292 0
    outer loop
      vertex -27.15202982131767 29.37290037742742 0
      vertex -28.284271247461902 28.284271247461902 90
      vertex -27.15202982131767 29.37290037742742 90
    endloop
  endfacet
  facet normal -0.6642524379112832 0.7475083268625955 0
    outer loop
      vertex -25.977921933207348 30.416238624001238 0
      vertex -27.15202982131767 29.37290037742742 90
      vertex -25.977921933207348 30.416238624001238 90
    endloop
  endfacet
  facet normal -0.6343932841636438 0.7730104533627384 0
    outer loop
      vertex -24.763757972393357 31.412677235229797 0
      vertex -25.977921933207348 30.416238624001238 90
      vertex -24.763757972393357 31.412677235229797 90
    endloop
  endfacet
  facet normal -0.6035559419535733 0.7973206537727057 0
    outer loop
      vertex -23.511410091698927 32.3606797749979 0
      vertex -24.763757972393357 31.412677235229797 90
      vertex -23.511410091698927 32.3606797749979 90
    endloop
  endfacet
  facet normal -0.571787960227611 0.8204014435255146 0
    outer loop
      vertex -22.222809320784087 33.25878449210181 0
      vertex -23.511410091698927 32.3606797749979 90
      vertex -22.222809320784087 33.25878449210181 90
    endloop
  endfacet
  facet normal -0.5391383229109988 0.8422172337162874 0
    outer loop
      vertex -20.899942588637952 34.10560657416369 0
      vertex -22.222809320784087 33.25878449210181 90
      vertex -20.899942588637952 34.10560657416369 90
    endloop
  endfacet
  facet normal -0.5056573733779876 0.8627343859777902 0
    outer loop
      vertex -19.544849659878196 34.89984028291189 0
      vertex -20.899942588637952 34.10560657416369 90
      vertex -19.544849659878196 34.89984028291189 90
    endloop
  endfacet
  facet normal -0.4713967368259959 0.8819212643483558 0
    outer loop
      vertex -18.15961998958187 35.640260967534715 0
      vertex -19.544849659878196 34.89984028291189 90
      vertex -18.15961998958187 35.640260967534715 90
    endloop
  endfacet
  facet normal -0.43640924067333986 0.8997482840522226 0
    outer loop
      vertex -16.746389501497124 36.32572695300325 0
      vertex -18.15961998958187 35.640260967534715 90
      vertex -16.746389501497124 36.32572695300325 90
    endloop
  endfacet
  facet normal -0.4007488331031441 0.9161879571171344 0
    outer loop
      vertex -15.307337294603592 36.95518130045147 0
      vertex -16.746389501497124 36.32572695300325 90
      vertex -15.307337294603592 36.95518130045147 90
    endloop
  endfacet
  facet normal -0.36447049987914787 0.9312149347588042 0
    outer loop
      vertex -13.844682283099718 37.527653436899364 0
      vertex -15.307337294603592 36.95518130045147 90
      vertex -13.844682283099718 37.527653436899364 90
    endloop
  endfacet
  facet normal -0.327630179561692 0.9448060464668785 0
    outer loop
      vertex -12.360679774997896 38.04226065180614 0
      vertex -13.844682283099718 37.527653436899364 90
      vertex -12.360679774997896 38.04226065180614 90
    endloop
  endfacet
  facet normal -0.2902846772544663 0.9569403357322076 0
    outer loop
      vertex -10.85761799460297 38.498209458145894 0
      vertex -12.360679774997896 38.04226065180614 90
      vertex -10.85761799460297 38.498209458145894 90
    endloop
  endfacet
  facet normal 0 0 1
    outer loop
      vertex -31.185228346592876 15.889667490884136 90
      vertex -31.412677235229797 24.763757972393357 90
      vertex -32.3606797749979 23.511410091698927 90
    endloop
  endfacet
  facet normal 0 0 1
    outer loop
      vertex -30.537360247547902 17.10174345239342 90
      vertex -29.842405752393226 18.28744976505821 90
      vertex -31.412677235229797 24.763757972393357 90
    endloop
  endfacet
  facet normal 0 0 1
    outer loop
      vertex -29.842405752393226 18.28744976505821 90
      vertex -29.101436430589082 19.444958155686077 90
      vertex -30.416238624001238 25.977921933207348 90
    endloop
  endfacet
  facet normal 0 0 1
    outer loop
      vertex -29.101436430589082 19.444958155686077 90
      vertex -28.31559480312316 20.57248383023656 90
      vertex -29.37290037742742 27.15202982131767 90
    endloop
  endfacet
  facet normal 0 0 1
    outer loop
      vertex -29.842405752393226 18.28744976505821 90
      vertex -30.416238624001238 25.977921933207348 90
      vertex -31.412677235229797 24.763757972393357 90
    endloop
  endfacet
  facet normal 0 0 1
    outer loop
      vertex -29.101436430589082 19.444958155686077 90
      vertex -29.37290037742742 27.15202982131767 90
      vertex -30.416238624001238 25.977921933207348 90
    endloop
  endfacet
  facet normal 0 0 1
    outer loop
      vertex -28.31559480312316 20.57248383023656 90
      vertex -27.486092580826075 21.66828822584419 90
      vertex -29.37290037742742 27.15202982131767 90
    endloop
  endfacet
  facet normal 0 0 1
    outer loop
      vertex -27.486092580826075 21.66828822584419 90
      vertex -26.614208796001083 22.730681691556427 90
      vertex -28.284271247461902 28.284271247461902 90
    endloop
  endfacet
  facet normal 0 0 1
    outer loop
      vertex -27.486092580826075 21.66828822584419 90
      vertex -28.284271247461902 28.284271247461902 90
      vertex -29.37290037742742 27.15202982131767 90
    endloop
  endfacet
  facet normal 0 0 1
    outer loop
      vertex -26.614208796001083 22.730681691556427 90
      vertex -27.15202982131767 29.37290037742742 90
      vertex -28.284271247461902 28.284271247461902 90
    endloop
  endfacet
  facet normal 0 0 1
    outer loop
      vertex -26.614208796001083 22.730681691556427 90
      vertex -25.701287830248994 23.75802609365296 90
      vertex -27.15202982131767 29.37290037742742 90
    endloop
  endfacet
  facet normal 0 0 1
    outer loop
      vertex -25.701287830248994 23.75802609365296 90
      vertex -24.748737341529164 24.748737341529164 90
      vertex -25.977921933207348 30.416238624001238 90
    endloop
  endfacet
  facet normal 0 0 1
    outer loop
      vertex -25.701287830248994 23.75802609365296 90
      vertex -25.977921933207348 30.416238624001238 90
      vertex -27.15202982131767 29.37290037742742 90
    endloop
  endfacet
  facet normal 0 0 1
    outer loop
      vertex -24.748737341529164 24.748737341529164 90
      vertex -24.763757972393357 31.412677235229797 90
      vertex -25.977921933207348 30.416238624001238 90
    endloop
  endfacet
  facet normal 0 0 1
    outer loop
      vertex -24.748737341529164 24.748737341529164 90
      vertex -23.75802609365296 25.701287830248994 90
      vertex -24.763757972393357 31.412677235229797 90
    endloop
  endfacet
  facet normal 0 0 1
    outer loop
      vertex -23.75802609365296 25.701287830248994 90
      vertex -22.730681691556427 26.614208796001083 90
      vertex -24.763757972393357 31.412677235229797 90
    endloop
  endfacet
  facet normal 0 0 1
    outer loop
      vertex -22.730681691556427 26.614208796001083 90
      vertex -21.66828822584419 27.486092580826075 90
      vertex -23.511410091698927 32.3606797749979 90
    endloop
  endfacet
  facet normal 0 0 1
    outer loop
      vertex -21.66828822584419 27.486092580826075 90
      vertex -20.57248383023656 28.31559480312316 90
      vertex -22.222809320784087 33.25878449210181 90
    endloop
  endfacet
  facet normal 0 0 1
    outer loop
      vertex -22.730681691556427 26.614208796001083 90
      vertex -23.511410091698927 32.3606797749979 90
      vertex -24.763757972393357 31.412677235229797 90
    endloop
  endfacet
  facet normal 0 0 1
    outer loop
      vertex -21.66828822584419 27.486092580826075 90
      vertex -22.222809320784087 33.25878449210181 90
      vertex -23.511410091698927 32.3606797749979 90
    endloop
  endfacet
  facet normal 0 0 1
    outer loop
      vertex -20.57248383023656 28.31559480312316 90
      vertex -19.444958155686077 29.101436430589082 90
      vertex -20.899942588637952 34.10560657416369 90
    endloop
  endfacet
  facet normal 0 0 1
    outer loop
      vertex -20.57248383023656 28.31559480312316 90
      vertex -20.899942588637952 34.10560657416369 90
      vertex -22.222809320784087 33.25878449210181 90
    endloop
  endfacet
  facet normal 0 0 1
    outer loop
      vertex -19.444958155686077 29.101436430589082 90
      vertex -18.28744976505821 29.842405752393226 90
      vertex -19.544849659878196 34.89984028291189 90
    endloop
  endfacet
  facet normal 0 0 1
    outer loop
      vertex -18.28744976505821 29.842405752393226 90
      vertex -17.10174345239342 30.537360247547902 90
      vertex -19.544849659878196 34.89984028291189 90
    endloop
  endfacet
  facet normal 0 0 1
    outer loop
      vertex -20.899942588637952 34.10560657416369 90
      vertex -19.444958155686077 29.101436430589082 90
      vertex -19.544849659878196 34.89984028291189 90
    endloop
  endfacet
  facet normal 0 0 1
    outer loop
      vertex -19.544849659878196 34.89984028291189 90
      vertex -17.10174345239342 30.537360247547902 90
      vertex -18.15961998958187 35.640260967534715 90
    endloop
  endfacet
  facet normal 0 0 1
    outer loop
      vertex -17.10174345239342 30.537360247547902 90
      vertex -15.889667490884136 31.185228346592876 90
      vertex -18.15961998958187 35.640260967534715 90
    endloop
  endfacet
  facet normal 0 0 1
    outer loop
      vertex -15.889667490884136 31.185228346592876 90
      vertex -16.746389501497124 36.32572695300325 90
      vertex -18.15961998958187 35.640260967534715 90
    endloop
  endfacet
  facet normal 0 0 1
    outer loop
      vertex -15.889667490884136 31.185228346592876 90
      vertex -14.653090813809984 31.785011083877844 90
      vertex -16.746389501497124 36.32572695300325 90
    endloop
  endfacet
  facet normal 0 0 1
    outer loop
      vertex -15.307337294603592 36.95518130045147 90
      vertex -14.653090813809984 31.785011083877844 90
      vertex -13.393920132778142 32.335783637895034 90
    endloop
  endfacet
  facet normal 0 0 1
    outer loop
      vertex -13.393920132778142 32.335783637895034 90
      vertex -12.114096997712254 32.836696757286944 90
      vertex -13.844682283099718 37.527653436899364 90
    endloop
  endfacet
  facet normal 0 0 1
    outer loop
      vertex -12.114096997712254 32.836696757286944 90
      vertex -10.815594803123158 33.28697807033037 90
      vertex -12.360679774997896 38.04226065180614 90
    endloop
  endfacet
  facet normal 0 0 1
    outer loop
      vertex -16.746389501497124 36.32572695300325 90
      vertex -14.653090813809984 31.785011083877844 90
      vertex -15.307337294603592 36.95518130045147 90
    endloop
  endfacet
  facet normal 0 0 1
    outer loop
      vertex -15.307337294603592 36.95518130045147 90
      vertex -13.393920132778142 32.335783637895034 90
      vertex -13.844682283099718 37.527653436899364 90
    endloop
  endfacet
  facet normal 0 0 1
    outer loop
      vertex -12.114096997712254 32.836696757286944 90
      vertex -12.360679774997896 38.04226065180614 90
      vertex -13.844682283099718 37.527653436899364 90
    endloop
  endfacet
  facet normal 0 0 1
    outer loop
      vertex -10.815594803123158 33.28697807033037 90
      vertex -9.5004157452776 33.68593327587765 90
      vertex -10.85761799460297 38.498209458145894 90
    endloop
  endfacet
  facet normal 0 0 1
    outer loop
      vertex -10.815594803123158 33.28697807033037 90
      vertex -10.85761799460297 38.498209458145894 90
      vertex -12.360679774997896 38.04226065180614 90
    endloop
  endfacet
  facet normal -0.2524915770151565 0.9675990923602602 0
    outer loop
      vertex -9.337814554236216 38.894796815907064 0
      vertex -10.85761799460297 38.498209458145894 90
      vertex -9.337814554236216 38.894796815907064 90
    endloop
  endfacet
  facet normal -0.21430915306505022 0.9767658813208726 0
    outer loop
      vertex -7.8036128806451295 39.23141121612922 0
      vertex -9.337814554236216 38.894796815907064 90
      vertex -7.8036128806451295 39.23141121612922 90
    endloop
  endfacet
  facet normal -0.17579627993435837 0.984426568089891 0
    outer loop
      vertex -6.2573786016092345 39.507533623805514 0
      vertex -7.8036128806451295 39.23141121612922 90
      vertex -6.2573786016092345 39.507533623805514 90
    endloop
  endfacet
  facet normal -0.137012341681963 0.990569340443578 0
    outer loop
      vertex -4.701495898313506 39.72273827819705 0
      vertex -6.2573786016092345 39.507533623805514 90
      vertex -4.701495898313506 39.72273827819705 90
    endloop
  endfacet
  facet normal -0.09801714032956034 0.9951847266721968 0
    outer loop
      vertex -3.1383638291137976 39.876693349325116 0
      vertex -4.701495898313506 39.72273827819705 90
      vertex -3.1383638291137976 39.876693349325116 90
    endloop
  endfacet
  facet normal -0.05887080365118849 0.9982656101847158 0
    outer loop
      vertex -1.5703926303627445 39.96916144962891 0
      vertex -3.1383638291137976 39.876693349325116 90
      vertex -1.5703926303627445 39.96916144962891 90
    endloop
  endfacet
  facet normal -0.01963369246063086 0.9998072404820649 0
    outer loop
      vertex -1.5703926303627445 39.96916144962891 90
      vertex 0 40 90
      vertex 0 40 0
    endloop
  endfacet
  facet normal 0.01963369246063086 0.9998072404820649 0
    outer loop
      vertex 1.5703926303627445 39.96916144962891 0
      vertex 0 40 90
      vertex 1.5703926303627445 39.96916144962891 90
    endloop
  endfacet
  facet normal 0.05887080365118849 0.9982656101847158 0
    outer loop
      vertex 3.1383638291137976 39.876693349325116 0
      vertex 1.5703926303627445 39.96916144962891 90
      vertex 3.1383638291137976 39.876693349325116 90
    endloop
  endfacet
  facet normal 0.09801714032956034 0.9951847266721968 0
    outer loop
      vertex 4.701495898313506 39.72273827819705 0
      vertex 3.1383638291137976 39.876693349325116 90
      vertex 4.701495898313506 39.72273827819705 90
    endloop
  endfacet
  facet normal 0.137012341681963 0.990569340443578 0
    outer loop
      vertex 6.2573786016092345 39.507533623805514 0
      vertex 4.701495898313506 39.72273827819705 90
      vertex 6.2573786016092345 39.507533623805514 90
    endloop
  endfacet
  facet normal 0.17579627993435837 0.984426568089891 0
    outer loop
      vertex 7.8036128806451295 39.23141121612922 0
      vertex 6.2573786016092345 39.507533623805514 90
      vertex 7.8036128806451295 39.23141121612922 90
    endloop
  endfacet
  facet normal 0.21430915306505022 0.9767658813208726 0
    outer loop
      vertex 9.337814554236216 38.894796815907064 0
      vertex 7.8036128806451295 39.23141121612922 90
      vertex 9.337814554236216 38.894796815907064 90
    endloop
  endfacet
  facet normal 0.2524915770151565 0.9675990923602602 0
    outer loop
      vertex 10.85761799460297 38.498209458145894 0
      vertex 9.337814554236216 38.894796815907064 90
      vertex 10.85761799460297 38.498209458145894 90
    endloop
  endfacet
  facet normal 0.2902846772544663 0.9569403357322076 0
    outer loop
      vertex 12.360679774997896 38.04226065180614 0
      vertex 10.85761799460297 38.498209458145894 90
      vertex 12.360679774997896 38.04226065180614 90
    endloop
  endfacet
  facet normal 0.36447049987914787 0.9312149347588042 0
    outer loop
      vertex 15.307337294603592 36.95518130045147 0
      vertex 13.844682283099718 37.527653436899364 90
      vertex 15.307337294603592 36.95518130045147 90
    endloop
  endfacet
  facet normal 0.327630179561692 0.9448060464668785 0
    outer loop
      vertex 13.844682283099718 37.527653436899364 0
      vertex 12.360679774997896 38.04226065180614 90
      vertex 13.844682283099718 37.527653436899364 90
    endloop
  endfacet
  facet normal 0.4007488331031441 0.9161879571171344 0
    outer loop
      vertex 16.746389501497124 36.32572695300325 0
      vertex 15.307337294603592 36.95518130045147 90
      vertex 16.746389501497124 36.32572695300325 90
    endloop
  endfacet
  facet normal 0.43640924067333986 0.8997482840522226 0
    outer loop
      vertex 18.15961998958187 35.640260967534715 0
      vertex 16.746389501497124 36.32572695300325 90
      vertex 18.15961998958187 35.640260967534715 90
    endloop
  endfacet
  facet normal 0.4713967368259959 0.8819212643483558 0
    outer loop
      vertex 19.544849659878196 34.89984028291189 0
      vertex 18.15961998958187 35.640260967534715 90
      vertex 19.544849659878196 34.89984028291189 90
    endloop
  endfacet
  facet normal 0 0 1
    outer loop
      vertex -10.85761799460297 38.498209458145894 90
      vertex -9.5004157452776 33.68593327587765 90
      vertex -8.170587734956689 34.03294721391868 90
    endloop
  endfacet
  facet normal 0 0 1
    outer loop
      vertex -10.85761799460297 38.498209458145894 90
      vertex -8.170587734956689 34.03294721391868 90
      vertex -9.337814554236216 38.894796815907064 90
    endloop
  endfacet
  facet normal 0 0 1
    outer loop
      vertex -8.170587734956689 34.03294721391868 90
      vertex -6.828161270564489 34.32748481411306 90
      vertex -9.337814554236216 38.894796815907064 90
    endloop
  endfacet
  facet normal 0 0 1
    outer loop
      vertex -6.828161270564489 34.32748481411306 90
      vertex -5.47520627640808 34.56909192082982 90
      vertex -7.8036128806451295 39.23141121612922 90
    endloop
  endfacet
  facet normal 0 0 1
    outer loop
      vertex -6.828161270564489 34.32748481411306 90
      vertex -7.8036128806451295 39.23141121612922 90
      vertex -9.337814554236216 38.894796815907064 90
    endloop
  endfacet
  facet normal 0 0 1
    outer loop
      vertex -5.47520627640808 34.56909192082982 90
      vertex -4.113808911024318 34.75739599342242 90
      vertex -6.2573786016092345 39.507533623805514 90
    endloop
  endfacet
  facet normal 0 0 1
    outer loop
      vertex -4.113808911024318 34.75739599342242 90
      vertex -2.746068350474573 34.89210668065948 90
      vertex -4.701495898313506 39.72273827819705 90
    endloop
  endfacet
  facet normal 0 0 1
    outer loop
      vertex -5.47520627640808 34.56909192082982 90
      vertex -6.2573786016092345 39.507533623805514 90
      vertex -7.8036128806451295 39.23141121612922 90
    endloop
  endfacet
  facet normal 0 0 1
    outer loop
      vertex -6.2573786016092345 39.507533623805514 90
      vertex -4.113808911024318 34.75739599342242 90
      vertex -4.701495898313506 39.72273827819705 90
    endloop
  endfacet
  facet normal 0 0 1
    outer loop
      vertex -2.746068350474573 34.89210668065948 90
      vertex -3.1383638291137976 39.876693349325116 90
      vertex -4.701495898313506 39.72273827819705 90
    endloop
  endfacet
  facet normal 0 0 1
    outer loop
      vertex -2.746068350474573 34.89210668065948 90
      vertex -1.3740935515674013 34.973016268425305 90
      vertex -3.1383638291137976 39.876693349325116 90
    endloop
  endfacet
  facet normal 0 0 1
    outer loop
      vertex -1.3740935515674013 34.973016268425305 90
      vertex 0 35 90
      vertex -1.5703926303627445 39.96916144962891 90
    endloop
  endfacet
  facet normal 0 0 1
    outer loop
      vertex 1.3740935515674013 34.973016268425305 90
      vertex 0 40 90
      vertex 0 35 90
    endloop
  endfacet
  facet normal 0 0 1
    outer loop
      vertex -1.3740935515674013 34.973016268425305 90
      vertex -1.5703926303627445 39.96916144962891 90
      vertex -3.1383638291137976 39.876693349325116 90
    endloop
  endfacet
  facet normal 0 0 1
    outer loop
      vertex -1.5703926303627445 39.96916144962891 90
      vertex 0 35 90
      vertex 0 40 90
    endloop
  endfacet
  facet normal 0 0 1
    outer loop
      vertex 1.3740935515674013 34.973016268425305 90
      vertex 2.746068350474573 34.89210668065948 90
      vertex 1.5703926303627445 39.96916144962891 90
    endloop
  endfacet
  facet normal 0 0 1
    outer loop
      vertex 2.746068350474573 34.89210668065948 90
      vertex 4.113808911024318 34.75739599342242 90
      vertex 3.1383638291137976 39.876693349325116 90
    endloop
  endfacet
  facet normal 0 0 1
    outer loop
      vertex 1.3740935515674013 34.973016268425305 90
      vertex 1.5703926303627445 39.96916144962891 90
      vertex 0 40 90
    endloop
  endfacet
  facet normal 0 0 1
    outer loop
      vertex 2.746068350474573 34.89210668065948 90
      vertex 3.1383638291137976 39.876693349325116 90
      vertex 1.5703926303627445 39.96916144962891 90
    endloop
  endfacet
  facet normal 0 0 1
    outer loop
      vertex 4.113808911024318 34.75739599342242 90
      vertex 4.701495898313506 39.72273827819705 90
      vertex 3.1383638291137976 39.876693349325116 90
    endloop
  endfacet
  facet normal 0 0 1
    outer loop
      vertex 10.815594803123158 33.28697807033037 90
      vertex 12.114096997712254 32.836696757286944 90
      vertex 10.85761799460297 38.498209458145894 90
    endloop
  endfacet
  facet normal 0 0 1
    outer loop
      vertex 5.47520627640808 34.56909192082982 90
      vertex 6.828161270564489 34.32748481411306 90
      vertex 6.2573786016092345 39.507533623805514 90
    endloop
  endfacet
  facet normal 0 0 1
    outer loop
      vertex 4.113808911024318 34.75739599342242 90
      vertex 5.47520627640808 34.56909192082982 90
      vertex 4.701495898313506 39.72273827819705 90
    endloop
  endfacet
  facet normal 0 0 1
    outer loop
      vertex 6.828161270564489 34.32748481411306 90
      vertex 8.170587734956689 34.03294721391868 90
      vertex 7.8036128806451295 39.23141121612922 90
    endloop
  endfacet
  facet normal 0 0 1
    outer loop
      vertex 4.701495898313506 39.72273827819705 90
      vertex 5.47520627640808 34.56909192082982 90
      vertex 6.2573786016092345 39.507533623805514 90
    endloop
  endfacet
  facet normal 0 0 1
    outer loop
      vertex 6.828161270564489 34.32748481411306 90
      vertex 7.8036128806451295 39.23141121612922 90
      vertex 6.2573786016092345 39.507533623805514 90
    endloop
  endfacet
  facet normal 0 0 1
    outer loop
      vertex 8.170587734956689 34.03294721391868 90
      vertex 9.5004157452776 33.68593327587765 90
      vertex 9.337814554236216 38.894796815907064 90
    endloop
  endfacet
  facet normal 0 0 1
    outer loop
      vertex 8.170587734956689 34.03294721391868 90
      vertex 9.337814554236216 38.894796815907064 90
      vertex 7.8036128806451295 39.23141121612922 90
    endloop
  endfacet
  facet normal 0 0 1
    outer loop
      vertex 9.5004157452776 33.68593327587765 90
      vertex 10.85761799460297 38.498209458145894 90
      vertex 9.337814554236216 38.894796815907064 90
    endloop
  endfacet
  facet normal 0 0 1
    outer loop
      vertex 9.5004157452776 33.68593327587765 90
      vertex 10.815594803123158 33.28697807033037 90
      vertex 10.85761799460297 38.498209458145894 90
    endloop
  endfacet
  facet normal 0 0 1
    outer loop
      vertex 12.114096997712254 32.836696757286944 90
      vertex 12.360679774997896 38.04226065180614 90
      vertex 10.85761799460297 38.498209458145894 90
    endloop
  endfacet
  facet normal 0 0 1
    outer loop
      vertex 12.114096997712254 32.836696757286944 90
      vertex 13.393920132778142 32.335783637895034 90
      vertex 12.360679774997896 38.04226065180614 90
    endloop
  endfacet
  facet normal 0 0 1
    outer loop
      vertex 14.653090813809984 31.785011083877844 90
      vertex 15.889667490884136 31.185228346592876 90
      vertex 15.307337294603592 36.95518130045147 90
    endloop
  endfacet
  facet normal 0 0 1
    outer loop
      vertex 13.393920132778142 32.335783637895034 90
      vertex 14.653090813809984 31.785011083877844 90
      vertex 13.844682283099718 37.527653436899364 90
    endloop
  endfacet
  facet normal 0 0 1
    outer loop
      vertex 18.28744976505821 29.842405752393226 90
      vertex 18.15961998958187 35.640260967534715 90
      vertex 17.10174345239342 30.537360247547902 90
    endloop
  endfacet
  facet normal 0 0 1
    outer loop
      vertex 18.28744976505821 29.842405752393226 90
      vertex 19.444958155686077 29.101436430589082 90
      vertex 19.544849659878196 34.89984028291189 90
    endloop
  endfacet
  facet normal 0 0 1
    outer loop
      vertex 15.889667490884136 31.185228346592876 90
      vertex 17.10174345239342 30.537360247547902 90
      vertex 16.746389501497124 36.32572695300325 90
    endloop
  endfacet
  facet normal 0 0 1
    outer loop
      vertex 15.889667490884136 31.185228346592876 90
      vertex 16.746389501497124 36.32572695300325 90
      vertex 15.307337294603592 36.95518130045147 90
    endloop
  endfacet
  facet normal 0 0 1
    outer loop
      vertex 17.10174345239342 30.537360247547902 90
      vertex 18.15961998958187 35.640260967534715 90
      vertex 16.746389501497124 36.32572695300325 90
    endloop
  endfacet
  facet normal 0 0 1
    outer loop
      vertex 18.28744976505821 29.842405752393226 90
      vertex 19.544849659878196 34.89984028291189 90
      vertex 18.15961998958187 35.640260967534715 90
    endloop
  endfacet
  facet normal 0 0 1
    outer loop
      vertex 13.393920132778142 32.335783637895034 90
      vertex 13.844682283099718 37.527653436899364 90
      vertex 12.360679774997896 38.04226065180614 90
    endloop
  endfacet
  facet normal 0 0 1
    outer loop
      vertex 14.653090813809984 31.785011083877844 90
      vertex 15.307337294603592 36.95518130045147 90
      vertex 13.844682283099718 37.527653436899364 90
    endloop
  endfacet
  facet normal 0.5056573733779876 -0.8627343859777902 0
    outer loop
      vertex 19.544849659878196 -34.89984028291189 0
      vertex 20.899942588637952 -34.10560657416369 0
      vertex 20.899942588637952 -34.10560657416369 90
    endloop
  endfacet
  facet normal 0.5391383229109988 -0.8422172337162874 0
    outer loop
      vertex 20.899942588637952 -34.10560657416369 0
      vertex 22.222809320784087 -33.25878449210181 0
      vertex 22.222809320784087 -33.25878449210181 90
    endloop
  endfacet
  facet normal 0.571787960227611 -0.8204014435255146 0
    outer loop
      vertex 22.222809320784087 -33.25878449210181 0
      vertex 23.511410091698927 -32.3606797749979 0
      vertex 23.511410091698927 -32.3606797749979 90
    endloop
  endfacet
  facet normal 0.6035559419535733 -0.7973206537727057 0
    outer loop
      vertex 23.511410091698927 -32.3606797749979 0
      vertex 24.763757972393357 -31.412677235229797 0
      vertex 24.763757972393357 -31.412677235229797 90
    endloop
  endfacet
  facet normal 0.6343932841636438 -0.7730104533627384 0
    outer loop
      vertex 24.763757972393357 -31.412677235229797 0
      vertex 25.977921933207348 -30.416238624001238 0
      vertex 25.977921933207348 -30.416238624001238 90
    endloop
  endfacet
  facet normal 0.6642524379112832 -0.7475083268625955 0
    outer loop
      vertex 25.977921933207348 -30.416238624001238 0
      vertex 27.15202982131767 -29.37290037742742 0
      vertex 27.15202982131767 -29.37290037742742 90
    endloop
  endfacet
  facet normal 0.6930873625456346 -0.72085359670292 0
    outer loop
      vertex 27.15202982131767 -29.37290037742742 0
      vertex 28.284271247461902 -28.284271247461902 0
      vertex 28.284271247461902 -28.284271247461902 90
    endloop
  endfacet
  facet normal 0.72085359670292 -0.6930873625456346 0
    outer loop
      vertex 28.284271247461902 -28.284271247461902 0
      vertex 29.37290037742742 -27.15202982131767 0
      vertex 28.284271247461902 -28.284271247461902 90
    endloop
  endfacet
  facet normal 0.7475083268625955 -0.6642524379112832 0
    outer loop
      vertex 29.37290037742742 -27.15202982131767 0
      vertex 30.416238624001238 -25.977921933207348 0
      vertex 29.37290037742742 -27.15202982131767 90
    endloop
  endfacet
  facet normal 0.7730104533627384 -0.6343932841636438 0
    outer loop
      vertex 30.416238624001238 -25.977921933207348 0
      vertex 31.412677235229797 -24.763757972393357 0
      vertex 30.416238624001238 -25.977921933207348 90
    endloop
  endfacet
  facet normal 0.7973206537727057 -0.6035559419535733 0
    outer loop
      vertex 31.412677235229797 -24.763757972393357 0
      vertex 32.3606797749979 -23.511410091698927 0
      vertex 31.412677235229797 -24.763757972393357 90
    endloop
  endfacet
  facet normal 0.8204014435255146 -0.571787960227611 0
    outer loop
      vertex 32.3606797749979 -23.511410091698927 0
      vertex 33.25878449210181 -22.222809320784087 0
      vertex 32.3606797749979 -23.511410091698927 90
    endloop
  endfacet
  facet normal 0.8422172337162874 -0.5391383229109988 0
    outer loop
      vertex 33.25878449210181 -22.222809320784087 0
      vertex 34.10560657416369 -20.899942588637952 0
      vertex 33.25878449210181 -22.222809320784087 90
    endloop
  endfacet
  facet normal 0.8627343859777902 -0.5056573733779876 0
    outer loop
      vertex 34.10560657416369 -20.899942588637952 0
      vertex 34.89984028291189 -19.544849659878196 0
      vertex 34.10560657416369 -20.899942588637952 90
    endloop
  endfacet
  facet normal 0 0 -1
    outer loop
      vertex 19.544849659878196 -34.89984028291189 0
      vertex 20.899942588637952 34.10560657416369 0
      vertex 20.899942588637952 -34.10560657416369 0
    endloop
  endfacet
  facet normal 0 0 -1
    outer loop
      vertex 20.899942588637952 -34.10560657416369 0
      vertex 22.222809320784087 33.25878449210181 0
      vertex 22.222809320784087 -33.25878449210181 0
    endloop
  endfacet
  facet normal 0 0 -1
    outer loop
      vertex 22.222809320784087 -33.25878449210181 0
      vertex 23.511410091698927 32.3606797749979 0
      vertex 23.511410091698927 -32.3606797749979 0
    endloop
  endfacet
  facet normal 0 0 -1
    outer loop
      vertex 23.511410091698927 -32.3606797749979 0
      vertex 24.763757972393357 31.412677235229797 0
      vertex 24.763757972393357 -31.412677235229797 0
    endloop
  endfacet
  facet normal 0 0 -1
    outer loop
      vertex 24.763757972393357 -31.412677235229797 0
      vertex 25.977921933207348 30.416238624001238 0
      vertex 25.977921933207348 -30.416238624001238 0
    endloop
  endfacet
  facet normal 0 0 -1
    outer loop
      vertex 25.977921933207348 -30.416238624001238 0
      vertex 27.15202982131767 29.37290037742742 0
      vertex 27.15202982131767 -29.37290037742742 0
    endloop
  endfacet
  facet normal 0 0 -1
    outer loop
      vertex 27.15202982131767 -29.37290037742742 0
      vertex 28.284271247461902 28.284271247461902 0
      vertex 28.284271247461902 -28.284271247461902 0
    endloop
  endfacet
  facet normal 0 0 -1
    outer loop
      vertex 28.284271247461902 -28.284271247461902 0
      vertex 29.37290037742742 27.15202982131767 0
      vertex 29.37290037742742 -27.15202982131767 0
    endloop
  endfacet
  facet normal 0 0 -1
    outer loop
      vertex 29.37290037742742 -27.15202982131767 0
      vertex 30.416238624001238 25.977921933207348 0
      vertex 30.416238624001238 -25.977921933207348 0
    endloop
  endfacet
  facet normal 0 0 -1
    outer loop
      vertex 30.416238624001238 -25.977921933207348 0
      vertex 31.412677235229797 24.763757972393357 0
      vertex 31.412677235229797 -24.763757972393357 0
    endloop
  endfacet
  facet normal 0 0 -1
    outer loop
      vertex 31.412677235229797 -24.763757972393357 0
      vertex 32.3606797749979 23.511410091698927 0
      vertex 32.3606797749979 -23.511410091698927 0
    endloop
  endfacet
  facet normal 0 0 -1
    outer loop
      vertex 32.3606797749979 -23.511410091698927 0
      vertex 33.25878449210181 22.222809320784087 0
      vertex 33.25878449210181 -22.222809320784087 0
    endloop
  endfacet
  facet normal 0 0 -1
    outer loop
      vertex 33.25878449210181 -22.222809320784087 0
      vertex 34.10560657416369 20.899942588637952 0
      vertex 34.10560657416369 -20.899942588637952 0
    endloop
  endfacet
  facet normal 0 0 -1
    outer loop
      vertex 34.10560657416369 -20.899942588637952 0
      vertex 34.89984028291189 19.544849659878196 0
      vertex 34.89984028291189 -19.544849659878196 0
    endloop
  endfacet
  facet normal 0 0 -1
    outer loop
      vertex 34.89984028291189 -19.544849659878196 0
      vertex 35.640260967534715 18.15961998958187 0
      vertex 35.640260967534715 -18.15961998958187 0
    endloop
  endfacet
  facet normal 0 0 -1
    outer loop
      vertex 35.640260967534715 -18.15961998958187 0
      vertex 36.32572695300325 16.746389501497124 0
      vertex 36.32572695300325 -16.746389501497124 0
    endloop
  endfacet
  facet normal 0 0 -1
    outer loop
      vertex 36.32572695300325 -16.746389501497124 0
      vertex 36.95518130045147 15.307337294603592 0
      vertex 36.95518130045147 -15.307337294603592 0
    endloop
  endfacet
  facet normal 0 0 -1
    outer loop
      vertex 36.95518130045147 -15.307337294603592 0
      vertex 37.527653436899364 13.844682283099718 0
      vertex 37.527653436899364 -13.844682283099718 0
    endloop
  endfacet
  facet normal 0.9767658813208726 -0.21430915306505022 5.418224917531146e-18
    outer loop
      vertex 38.894796815907064 -9.337814554236216 0
      vertex 39.23141121612922 -7.8036128806451295 0
      vertex 39.020031943917274 -8.767025120216589 26.091030068695545
    endloop
  endfacet
  facet normal 0.9905693404435779 -0.13701234168196297 -6.985169045099695e-19
    outer loop
      vertex 39.507533623805514 -6.2573786016092345 0
      vertex 39.72273827819705 -4.701495898313506 0
      vertex 39.527864046394825 -6.110394081470318 25.297717981040478
    endloop
  endfacet
  facet normal 0.9844265680898909 -0.17579627993435834 -2.7658901497963473e-18
    outer loop
      vertex 39.23141121612922 -7.8036128806451295 0
      vertex 39.507533623805514 -6.2573786016092345 0
      vertex 39.3482431024313 -7.149375982578969 25.55543813854456
    endloop
  endfacet
  facet normal 0 0 -1
    outer loop
      vertex 37.527653436899364 -13.844682283099718 0
      vertex 38.04226065180614 12.360679774997896 0
      vertex 38.04226065180614 -12.360679774997896 0
    endloop
  endfacet
  facet normal 0 0 -1
    outer loop
      vertex 38.04226065180614 -12.360679774997896 0
      vertex 38.498209458145894 10.85761799460297 0
      vertex 38.498209458145894 -10.85761799460297 0
    endloop
  endfacet
  facet normal 0 0 -1
    outer loop
      vertex 38.498209458145894 -10.85761799460297 0
      vertex 38.894796815907064 9.337814554236216 0
      vertex 38.894796815907064 -9.337814554236216 0
    endloop
  endfacet
  facet normal 0 0 -1
    outer loop
      vertex 38.894796815907064 -9.337814554236216 0
      vertex 39.23141121612922 7.8036128806451295 0
      vertex 39.23141121612922 -7.8036128806451295 0
    endloop
  endfacet
  facet normal 0 0 -1
    outer loop
      vertex 39.23141121612922 -7.8036128806451295 0
      vertex 39.507533623805514 6.2573786016092345 0
      vertex 39.507533623805514 -6.2573786016092345 0
    endloop
  endfacet
  facet normal 0 0 -1
    outer loop
      vertex 39.507533623805514 -6.2573786016092345 0
      vertex 39.72273827819705 4.701495898313506 0
      vertex 39.72273827819705 -4.701495898313506 0
    endloop
  endfacet
  facet normal 0 0 -1
    outer loop
      vertex 39.72273827819705 -4.701495898313506 0
      vertex 39.876693349325116 3.1383638291137976 0
      vertex 39.876693349325116 -3.1383638291137976 0
    endloop
  endfacet
  facet normal 0 0 -1
    outer loop
      vertex 39.876693349325116 -3.1383638291137976 0
      vertex 39.96916144962891 1.5703926303627445 0
      vertex 39.96916144962891 -1.5703926303627445 0
    endloop
  endfacet
  facet normal 0.9951847266721969 -0.09801714032956035 0
    outer loop
      vertex 39.72273827819705 -4.701495898313506 0
      vertex 39.876693349325116 -3.1383638291137976 0
      vertex 39.72273827819705 -4.701495898313506 25.040822353516617
    endloop
  endfacet
  facet normal 0.9982656101847158 -0.0588708036511885 3.5620439382025074e-19
    outer loop
      vertex 39.876693349325116 -3.1383638291137976 0
      vertex 39.96916144962891 -1.5703926303627445 0
      vertex 39.91675227880478 -2.459089057916494 24.804415613412857
    endloop
  endfacet
  facet normal 0.9998072404820648 -0.019633692460630858 0
    outer loop
      vertex 39.96916144962891 -1.5703926303627445 0
      vertex 40 0 0
      vertex 39.96916144962891 -1.5703926303627445 24.745437594017396
    endloop
  endfacet
  facet normal 0.9905693404435779 -0.13701234168196313 0
    outer loop
      vertex 39.507533623805514 -6.2573786016092345 0
      vertex 39.527864046394825 -6.110394081470318 25.297717981040478
      vertex 39.507533623805514 -6.2573786016092345 25.326888074439527
    endloop
  endfacet
  facet normal 0.9905693404435779 -0.137012341681963 -1.1013717360012244e-18
    outer loop
      vertex 39.72273827819705 -4.701495898313506 0
      vertex 39.71746455132961 -4.739623793075586 25.047248408198357
      vertex 39.527864046394825 -6.110394081470318 25.297717981040478
    endloop
  endfacet
  facet normal 0.9767658813208726 -0.2143091530650496 -9.945814202348849e-18
    outer loop
      vertex 38.894796815907064 -9.337814554236216 0
      vertex 39.020031943917274 -8.767025120216589 26.091030068695545
      vertex 38.96891565277052 -9 26.18666192556686
    endloop
  endfacet
  facet normal 0.9767658813208725 -0.21430915306505027 1.819183111992547e-18
    outer loop
      vertex 39.23141121612922 -7.8036128806451295 0
      vertex 39.17887868732214 -8.043042606647939 25.820011481642723
      vertex 39.020031943917274 -8.767025120216589 26.091030068695545
    endloop
  endfacet
  facet normal 0.9767658813208725 -0.2143091530650505 0
    outer loop
      vertex 39.23141121612922 -7.8036128806451295 0
      vertex 39.23141121612922 -7.8036128806451295 25.737947567809755
      vertex 39.17887868732214 -8.043042606647939 25.820011481642723
    endloop
  endfacet
  facet normal 0.984426568089891 -0.1757962799343585 0
    outer loop
      vertex 39.23141121612922 -7.8036128806451295 0
      vertex 39.3482431024313 -7.149375982578969 25.55543813854456
      vertex 39.23141121612922 -7.8036128806451295 25.737947567809755
    endloop
  endfacet
  facet normal 0.984426568089891 -0.1757962799343583 0
    outer loop
      vertex 39.507533623805514 -6.2573786016092345 0
      vertex 39.507533623805514 -6.2573786016092345 25.326888074439527
      vertex 39.3482431024313 -7.149375982578969 25.55543813854456
    endloop
  endfacet
  facet normal 0.990569340443578 -0.13701234168196227 0
    outer loop
      vertex 39.72273827819705 -4.701495898313506 0
      vertex 39.72273827819705 -4.701495898313506 25.040822353516617
      vertex 39.71746455132961 -4.739623793075586 25.047248408198357
    endloop
  endfacet
  facet normal 0.9951847266721969 -0.09801714032956034 0
    outer loop
      vertex 39.876693349325116 -3.1383638291137976 0
      vertex 39.876693349325116 -3.1383638291137976 24.853227559461438
      vertex 39.72273827819705 -4.701495898313506 25.040822353516617
    endloop
  endfacet
  facet normal 0.9982656101847159 -0.058870803651188484 0
    outer loop
      vertex 39.876693349325116 -3.1383638291137976 0
      vertex 39.91675227880478 -2.459089057916494 24.804415613412857
      vertex 39.876693349325116 -3.1383638291137976 24.853227559461438
    endloop
  endfacet
  facet normal 0.9982656101847159 -0.05887080365118851 0
    outer loop
      vertex 39.96916144962891 -1.5703926303627445 0
      vertex 39.96916144962891 -1.5703926303627445 24.745437594017396
      vertex 39.91675227880478 -2.459089057916494 24.804415613412857
    endloop
  endfacet
  facet normal 0.9998072404820649 -0.019633692460630858 0
    outer loop
      vertex 40 0 0
      vertex 40 0 24.710733808528843
      vertex 39.96916144962891 -1.5703926303627445 24.745437594017396
    endloop
  endfacet
  facet normal 0.8819212643483558 -0.4713967368259959 0
    outer loop
      vertex 34.89984028291189 -19.544849659878196 0
      vertex 35.640260967534715 -18.15961998958187 0
      vertex 34.89984028291189 -19.544849659878196 90
    endloop
  endfacet
  facet normal 0.8997482840522226 -0.43640924067333986 0
    outer loop
      vertex 35.640260967534715 -18.15961998958187 0
      vertex 36.32572695300325 -16.746389501497124 0
      vertex 35.640260967534715 -18.15961998958187 90
    endloop
  endfacet
  facet normal 0.9161879571171344 -0.4007488331031441 0
    outer loop
      vertex 36.32572695300325 -16.746389501497124 0
      vertex 36.95518130045147 -15.307337294603592 0
      vertex 36.32572695300325 -16.746389501497124 90
    endloop
  endfacet
  facet normal 0.9312149347588042 -0.36447049987914787 0
    outer loop
      vertex 36.95518130045147 -15.307337294603592 0
      vertex 37.527653436899364 -13.844682283099718 0
      vertex 36.95518130045147 -15.307337294603592 90
    endloop
  endfacet
  facet normal 0.9448060464668785 -0.327630179561692 0
    outer loop
      vertex 37.527653436899364 -13.844682283099718 0
      vertex 38.04226065180614 -12.360679774997896 0
      vertex 37.527653436899364 -13.844682283099718 90
    endloop
  endfacet
  facet normal 0.9569403357322076 -0.2902846772544663 0
    outer loop
      vertex 38.04226065180614 -12.360679774997896 0
      vertex 38.498209458145894 -10.85761799460297 0
      vertex 38.04226065180614 -12.360679774997896 90
    endloop
  endfacet
  facet normal 0.9675990923602602 -0.2524915770151565 0
    outer loop
      vertex 38.498209458145894 -10.85761799460297 0
      vertex 38.894796815907064 -9.337814554236216 0
      vertex 38.498209458145894 -10.85761799460297 90
    endloop
  endfacet
  facet normal 0.9767658813208725 -0.2143091530650503 0
    outer loop
      vertex 38.894796815907064 -9.337814554236216 0
      vertex 38.96891565277052 -9 26.18666192556686
      vertex 38.96891565277052 -9 63.81365031853011
    endloop
  endfacet
  facet normal 0.5056573733779876 -0.8627343859777902 0
    outer loop
      vertex 19.544849659878196 -34.89984028291189 0
      vertex 20.899942588637952 -34.10560657416369 90
      vertex 19.544849659878196 -34.89984028291189 90
    endloop
  endfacet
  facet normal 0.5391383229109988 -0.8422172337162874 0
    outer loop
      vertex 20.899942588637952 -34.10560657416369 0
      vertex 22.222809320784087 -33.25878449210181 90
      vertex 20.899942588637952 -34.10560657416369 90
    endloop
  endfacet
  facet normal 0.571787960227611 -0.8204014435255146 0
    outer loop
      vertex 22.222809320784087 -33.25878449210181 0
      vertex 23.511410091698927 -32.3606797749979 90
      vertex 22.222809320784087 -33.25878449210181 90
    endloop
  endfacet
  facet normal 0.6035559419535733 -0.7973206537727057 0
    outer loop
      vertex 23.511410091698927 -32.3606797749979 0
      vertex 24.763757972393357 -31.412677235229797 90
      vertex 23.511410091698927 -32.3606797749979 90
    endloop
  endfacet
  facet normal 0.6343932841636438 -0.7730104533627384 0
    outer loop
      vertex 24.763757972393357 -31.412677235229797 0
      vertex 25.977921933207348 -30.416238624001238 90
      vertex 24.763757972393357 -31.412677235229797 90
    endloop
  endfacet
  facet normal 0.6642524379112832 -0.7475083268625955 0
    outer loop
      vertex 25.977921933207348 -30.416238624001238 0
      vertex 27.15202982131767 -29.37290037742742 90
      vertex 25.977921933207348 -30.416238624001238 90
    endloop
  endfacet
  facet normal 0.6930873625456346 -0.72085359670292 0
    outer loop
      vertex 27.15202982131767 -29.37290037742742 0
      vertex 28.284271247461902 -28.284271247461902 90
      vertex 27.15202982131767 -29.37290037742742 90
    endloop
  endfacet
  facet normal 0.72085359670292 -0.6930873625456346 0
    outer loop
      vertex 29.37290037742742 -27.15202982131767 0
      vertex 29.37290037742742 -27.15202982131767 90
      vertex 28.284271247461902 -28.284271247461902 90
    endloop
  endfacet
  facet normal 0.7475083268625955 -0.6642524379112832 0
    outer loop
      vertex 30.416238624001238 -25.977921933207348 0
      vertex 30.416238624001238 -25.977921933207348 90
      vertex 29.37290037742742 -27.15202982131767 90
    endloop
  endfacet
  facet normal 0.7730104533627384 -0.6343932841636438 0
    outer loop
      vertex 31.412677235229797 -24.763757972393357 0
      vertex 31.412677235229797 -24.763757972393357 90
      vertex 30.416238624001238 -25.977921933207348 90
    endloop
  endfacet
  facet normal 0.7973206537727057 -0.6035559419535733 0
    outer loop
      vertex 32.3606797749979 -23.511410091698927 0
      vertex 32.3606797749979 -23.511410091698927 90
      vertex 31.412677235229797 -24.763757972393357 90
    endloop
  endfacet
  facet normal 0.8204014435255146 -0.571787960227611 0
    outer loop
      vertex 33.25878449210181 -22.222809320784087 0
      vertex 33.25878449210181 -22.222809320784087 90
      vertex 32.3606797749979 -23.511410091698927 90
    endloop
  endfacet
  facet normal 0.8422172337162874 -0.5391383229109988 0
    outer loop
      vertex 34.10560657416369 -20.899942588637952 0
      vertex 34.10560657416369 -20.899942588637952 90
      vertex 33.25878449210181 -22.222809320784087 90
    endloop
  endfacet
  facet normal 0 0 1
    outer loop
      vertex 19.544849659878196 -34.89984028291189 90
      vertex 20.899942588637952 -34.10560657416369 90
      vertex 19.444958155686077 -29.101436430589082 90
    endloop
  endfacet
  facet normal 0 0 1
    outer loop
      vertex 20.899942588637952 -34.10560657416369 90
      vertex 22.222809320784087 -33.25878449210181 90
      vertex 20.57248383023656 -28.31559480312316 90
    endloop
  endfacet
  facet normal 0 0 1
    outer loop
      vertex 19.444958155686077 -29.101436430589082 90
      vertex 20.899942588637952 -34.10560657416369 90
      vertex 20.57248383023656 -28.31559480312316 90
    endloop
  endfacet
  facet normal 0 0 1
    outer loop
      vertex 22.222809320784087 -33.25878449210181 90
      vertex 23.511410091698927 -32.3606797749979 90
      vertex 21.66828822584419 -27.486092580826075 90
    endloop
  endfacet
  facet normal 0 0 1
    outer loop
      vertex 23.511410091698927 -32.3606797749979 90
      vertex 24.763757972393357 -31.412677235229797 90
      vertex 22.730681691556427 -26.614208796001083 90
    endloop
  endfacet
  facet normal 0 0 1
    outer loop
      vertex 22.222809320784087 -33.25878449210181 90
      vertex 21.66828822584419 -27.486092580826075 90
      vertex 20.57248383023656 -28.31559480312316 90
    endloop
  endfacet
  facet normal 0 0 1
    outer loop
      vertex 23.511410091698927 -32.3606797749979 90
      vertex 22.730681691556427 -26.614208796001083 90
      vertex 21.66828822584419 -27.486092580826075 90
    endloop
  endfacet
  facet normal 0 0 1
    outer loop
      vertex 24.763757972393357 -31.412677235229797 90
      vertex 23.75802609365296 -25.701287830248994 90
      vertex 22.730681691556427 -26.614208796001083 90
    endloop
  endfacet
  facet normal 0 0 1
    outer loop
      vertex 24.763757972393357 -31.412677235229797 90
      vertex 25.977921933207348 -30.416238624001238 90
      vertex 24.748737341529164 -24.748737341529164 90
    endloop
  endfacet
  facet normal 0 0 1
    outer loop
      vertex 25.977921933207348 -30.416238624001238 90
      vertex 27.15202982131767 -29.37290037742742 90
      vertex 25.701287830248994 -23.75802609365296 90
    endloop
  endfacet
  facet normal 0 0 1
    outer loop
      vertex 24.763757972393357 -31.412677235229797 90
      vertex 24.748737341529164 -24.748737341529164 90
      vertex 23.75802609365296 -25.701287830248994 90
    endloop
  endfacet
  facet normal 0 0 1
    outer loop
      vertex 25.977921933207348 -30.416238624001238 90
      vertex 25.701287830248994 -23.75802609365296 90
      vertex 24.748737341529164 -24.748737341529164 90
    endloop
  endfacet
  facet normal 0 0 1
    outer loop
      vertex 27.15202982131767 -29.37290037742742 90
      vertex 26.614208796001083 -22.730681691556427 90
      vertex 25.701287830248994 -23.75802609365296 90
    endloop
  endfacet
  facet normal 0 0 1
    outer loop
      vertex 27.15202982131767 -29.37290037742742 90
      vertex 28.284271247461902 -28.284271247461902 90
      vertex 26.614208796001083 -22.730681691556427 90
    endloop
  endfacet
  facet normal 0 0 1
    outer loop
      vertex 28.284271247461902 -28.284271247461902 90
      vertex 29.37290037742742 -27.15202982131767 90
      vertex 27.486092580826075 -21.66828822584419 90
    endloop
  endfacet
  facet normal 0 0 1
    outer loop
      vertex 28.284271247461902 -28.284271247461902 90
      vertex 27.486092580826075 -21.66828822584419 90
      vertex 26.614208796001083 -22.730681691556427 90
    endloop
  endfacet
  facet normal 0 0 1
    outer loop
      vertex 29.37290037742742 -27.15202982131767 90
      vertex 28.31559480312316 -20.57248383023656 90
      vertex 27.486092580826075 -21.66828822584419 90
    endloop
  endfacet
  facet normal 0 0 1
    outer loop
      vertex 29.37290037742742 -27.15202982131767 90
      vertex 30.416238624001238 -25.977921933207348 90
      vertex 29.101436430589082 -19.444958155686077 90
    endloop
  endfacet
  facet normal 0 0 1
    outer loop
      vertex 30.416238624001238 -25.977921933207348 90
      vertex 31.412677235229797 -24.763757972393357 90
      vertex 29.842405752393226 -18.28744976505821 90
    endloop
  endfacet
  facet normal 0 0 1
    outer loop
      vertex 29.37290037742742 -27.15202982131767 90
      vertex 29.101436430589082 -19.444958155686077 90
      vertex 28.31559480312316 -20.57248383023656 90
    endloop
  endfacet
  facet normal 0 0 1
    outer loop
      vertex 30.416238624001238 -25.977921933207348 90
      vertex 29.842405752393226 -18.28744976505821 90
      vertex 29.101436430589082 -19.444958155686077 90
    endloop
  endfacet
  facet normal 0 0 1
    outer loop
      vertex 31.412677235229797 -24.763757972393357 90
      vertex 30.537360247547902 -17.10174345239342 90
      vertex 29.842405752393226 -18.28744976505821 90
    endloop
  endfacet
  facet normal 0 0 1
    outer loop
      vertex 31.412677235229797 -24.763757972393357 90
      vertex 32.3606797749979 -23.511410091698927 90
      vertex 31.185228346592876 -15.889667490884136 90
    endloop
  endfacet
  facet normal 0.8627343859777902 -0.5056573733779876 0
    outer loop
      vertex 34.89984028291189 -19.544849659878196 0
      vertex 34.89984028291189 -19.544849659878196 90
      vertex 34.10560657416369 -20.899942588637952 90
    endloop
  endfacet
  facet normal 0.8819212643483558 -0.4713967368259959 0
    outer loop
      vertex 35.640260967534715 -18.15961998958187 0
      vertex 35.640260967534715 -18.15961998958187 90
      vertex 34.89984028291189 -19.544849659878196 90
    endloop
  endfacet
  facet normal 0.8997482840522226 -0.43640924067333986 0
    outer loop
      vertex 36.32572695300325 -16.746389501497124 0
      vertex 36.32572695300325 -16.746389501497124 90
      vertex 35.640260967534715 -18.15961998958187 90
    endloop
  endfacet
  facet normal 0.9161879571171344 -0.4007488331031441 0
    outer loop
      vertex 36.95518130045147 -15.307337294603592 0
      vertex 36.95518130045147 -15.307337294603592 90
      vertex 36.32572695300325 -16.746389501497124 90
    endloop
  endfacet
  facet normal 0.9312149347588042 -0.36447049987914787 0
    outer loop
      vertex 37.527653436899364 -13.844682283099718 0
      vertex 37.527653436899364 -13.844682283099718 90
      vertex 36.95518130045147 -15.307337294603592 90
    endloop
  endfacet
  facet normal 0.9448060464668785 -0.327630179561692 0
    outer loop
      vertex 38.04226065180614 -12.360679774997896 0
      vertex 38.04226065180614 -12.360679774997896 90
      vertex 37.527653436899364 -13.844682283099718 90
    endloop
  endfacet
  facet normal 0.9569403357322076 -0.2902846772544663 0
    outer loop
      vertex 38.498209458145894 -10.85761799460297 0
      vertex 38.498209458145894 -10.85761799460297 90
      vertex 38.04226065180614 -12.360679774997896 90
    endloop
  endfacet
  facet normal 0.9767658813208726 -0.2143091530650503 0
    outer loop
      vertex 38.894796815907064 -9.337814554236216 0
      vertex 38.96891565277052 -9 63.81365031853011
      vertex 38.894796815907064 -9.337814554236216 90
    endloop
  endfacet
  facet normal 0.9675990923602602 -0.2524915770151565 0
    outer loop
      vertex 38.894796815907064 -9.337814554236216 0
      vertex 38.894796815907064 -9.337814554236216 90
      vertex 38.498209458145894 -10.85761799460297 90
    endloop
  endfacet
  facet normal 0 0 1
    outer loop
      vertex 31.412677235229797 -24.763757972393357 90
      vertex 31.185228346592876 -15.889667490884136 90
      vertex 30.537360247547902 -17.10174345239342 90
    endloop
  endfacet
  facet normal 0 0 1
    outer loop
      vertex 32.3606797749979 -23.511410091698927 90
      vertex 31.785011083877844 -14.653090813809984 90
      vertex 31.185228346592876 -15.889667490884136 90
    endloop
  endfacet
  facet normal 0 0 1
    outer loop
      vertex 32.3606797749979 -23.511410091698927 90
      vertex 33.25878449210181 -22.222809320784087 90
      vertex 32.335783637895034 -13.393920132778142 90
    endloop
  endfacet
  facet normal 0 0 1
    outer loop
      vertex 33.25878449210181 -22.222809320784087 90
      vertex 34.10560657416369 -20.899942588637952 90
      vertex 32.836696757286944 -12.114096997712254 90
    endloop
  endfacet
  facet normal 0 0 1
    outer loop
      vertex 32.3606797749979 -23.511410091698927 90
      vertex 32.335783637895034 -13.393920132778142 90
      vertex 31.785011083877844 -14.653090813809984 90
    endloop
  endfacet
  facet normal 0 0 1
    outer loop
      vertex 33.25878449210181 -22.222809320784087 90
      vertex 32.836696757286944 -12.114096997712254 90
      vertex 32.335783637895034 -13.393920132778142 90
    endloop
  endfacet
  facet normal 0 0 1
    outer loop
      vertex 34.10560657416369 -20.899942588637952 90
      vertex 34.89984028291189 -19.544849659878196 90
      vertex 34.03294721391868 -8.170587734956689 90
    endloop
  endfacet
  facet normal 0 0 1
    outer loop
      vertex 34.10560657416369 -20.899942588637952 90
      vertex 33.28697807033037 -10.815594803123158 90
      vertex 32.836696757286944 -12.114096997712254 90
    endloop
  endfacet
  facet normal 0 0 1
    outer loop
      vertex 34.10560657416369 -20.899942588637952 90
      vertex 33.68593327587765 -9.5004157452776 90
      vertex 33.28697807033037 -10.815594803123158 90
    endloop
  endfacet
  facet normal 0 0 1
    outer loop
      vertex 34.10560657416369 -20.899942588637952 90
      vertex 34.03294721391868 -8.170587734956689 90
      vertex 33.68593327587765 -9.5004157452776 90
    endloop
  endfacet
  facet normal 0 0 1
    outer loop
      vertex 34.89984028291189 -19.544849659878196 90
      vertex 35.640260967534715 -18.15961998958187 90
      vertex 34.89210668065948 -2.746068350474573 90
    endloop
  endfacet
  facet normal 0 0 1
    outer loop
      vertex 34.89984028291189 -19.544849659878196 90
      vertex 34.32748481411306 -6.828161270564489 90
      vertex 34.03294721391868 -8.170587734956689 90
    endloop
  endfacet
  facet normal 0 0 1
    outer loop
      vertex 34.89984028291189 -19.544849659878196 90
      vertex 34.56909192082982 -5.47520627640808 90
      vertex 34.32748481411306 -6.828161270564489 90
    endloop
  endfacet
  facet normal 0.9767658813208726 -0.21430915306504983 6.1949040921438714e-18
    outer loop
      vertex 38.894796815907064 -9.337814554236216 90
      vertex 38.96891565277052 -9 63.81365031853011
      vertex 39.0783586204052 -8.501187162530524 64.01134398579597
    endloop
  endfacet
  facet normal 0.9767658813208724 -0.2143091530650504 -1.478204224935338e-17
    outer loop
      vertex 38.894796815907064 -9.337814554236216 90
      vertex 39.0783586204052 -8.501187162530524 64.01134398579597
      vertex 39.23141121612922 -7.8036128806451295 64.26387624197231
    endloop
  endfacet
  facet normal 0.9844265680898912 -0.17579627993435748 0
    outer loop
      vertex 39.23141121612922 -7.8036128806451295 90
      vertex 39.23141121612922 -7.8036128806451295 64.26387624197231
      vertex 39.24117957800627 -7.748911865572026 64.27999375015497
    endloop
  endfacet
  facet normal 0.984426568089891 -0.17579627993435845 -2.1888438773842214e-18
    outer loop
      vertex 39.23141121612922 -7.8036128806451295 90
      vertex 39.24117957800627 -7.748911865572026 64.27999375015497
      vertex 39.414422154426575 -6.778785563603781 64.54204408079386
    endloop
  endfacet
  facet normal 0.984426568089891 -0.17579627993435828 4.0760828984086e-18
    outer loop
      vertex 39.23141121612922 -7.8036128806451295 90
      vertex 39.414422154426575 -6.778785563603781 64.54204408079386
      vertex 39.507533623805514 -6.2573786016092345 64.67153243990477
    endloop
  endfacet
  facet normal 0.990569340443578 -0.137012341681963 0
    outer loop
      vertex 39.507533623805514 -6.2573786016092345 90
      vertex 39.507533623805514 -6.2573786016092345 64.67153243990477
      vertex 39.597819209098816 -5.60463351618368 64.79709089547396
    endloop
  endfacet
  facet normal 0.990569340443578 -0.13701234168196305 -2.404758754774646e-18
    outer loop
      vertex 39.507533623805514 -6.2573786016092345 90
      vertex 39.597819209098816 -5.60463351618368 64.79709089547396
      vertex 39.72273827819705 -4.701495898313506 64.9571592666818
    endloop
  endfacet
  facet normal 0.9951847266721968 -0.09801714032956031 0
    outer loop
      vertex 39.72273827819705 -4.701495898313506 90
      vertex 39.72273827819705 -4.701495898313506 64.9571592666818
      vertex 39.791087962687016 -4.0075299057475675 65.04474095255136
    endloop
  endfacet
  facet normal 0.995184726672197 -0.09801714032956037 -1.2693597943675847e-18
    outer loop
      vertex 39.72273827819705 -4.701495898313506 90
      vertex 39.791087962687016 -4.0075299057475675 65.04474095255136
      vertex 39.876693349325116 -3.1383638291137976 65.14597364577848
    endloop
  endfacet
  facet normal 0.9982656101847159 -0.0588708036511885 0
    outer loop
      vertex 39.876693349325116 -3.1383638291137976 90
      vertex 39.876693349325116 -3.1383638291137976 65.14597364577848
      vertex 39.96916144962891 -1.5703926303627445 65.25532184451885
    endloop
  endfacet
  facet normal 0.9998072404820648 -0.019633692460630854 0
    outer loop
      vertex 39.96916144962891 -1.5703926303627445 90
      vertex 39.96916144962891 -1.5703926303627445 65.25532184451885
      vertex 39.99393040686846 -0.30908211340604447 65.28461238741875
    endloop
  endfacet
  facet normal 0.9998072404820648 -0.019633692460630858 0
    outer loop
      vertex 40 0 90
      vertex 39.99393040686846 -0.30908211340604447 65.28461238741875
      vertex 40 0 65.29124341790376
    endloop
  endfacet
  facet normal 0.9767658813208725 -0.21430915306505025 0
    outer loop
      vertex 38.894796815907064 -9.337814554236216 90
      vertex 39.23141121612922 -7.8036128806451295 64.26387624197231
      vertex 39.23141121612922 -7.8036128806451295 90
    endloop
  endfacet
  facet normal 0.9844265680898909 -0.17579627993435834 0
    outer loop
      vertex 39.23141121612922 -7.8036128806451295 90
      vertex 39.507533623805514 -6.2573786016092345 64.67153243990477
      vertex 39.507533623805514 -6.2573786016092345 90
    endloop
  endfacet
  facet normal 0.9905693404435779 -0.137012341681963 0
    outer loop
      vertex 39.507533623805514 -6.2573786016092345 90
      vertex 39.72273827819705 -4.701495898313506 64.9571592666818
      vertex 39.72273827819705 -4.701495898313506 90
    endloop
  endfacet
  facet normal 0 0 1
    outer loop
      vertex 34.89984028291189 -19.544849659878196 90
      vertex 34.75739599342242 -4.113808911024318 90
      vertex 34.56909192082982 -5.47520627640808 90
    endloop
  endfacet
  facet normal 0 0 1
    outer loop
      vertex 34.89984028291189 -19.544849659878196 90
      vertex 34.89210668065948 -2.746068350474573 90
      vertex 34.75739599342242 -4.113808911024318 90
    endloop
  endfacet
  facet normal 0 0 1
    outer loop
      vertex 35.640260967534715 -18.15961998958187 90
      vertex 34.973016268425305 -1.3740935515674013 90
      vertex 34.89210668065948 -2.746068350474573 90
    endloop
  endfacet
  facet normal 0 0 1
    outer loop
      vertex 35.640260967534715 -18.15961998958187 90
      vertex 35 0 90
      vertex 34.973016268425305 -1.3740935515674013 90
    endloop
  endfacet
  facet normal 0 0 1
    outer loop
      vertex 35.640260967534715 -18.15961998958187 90
      vertex 36.32572695300325 -16.746389501497124 90
      vertex 35.640260967534715 18.15961998958187 90
    endloop
  endfacet
  facet normal 0 0 1
    outer loop
      vertex 36.32572695300325 -16.746389501497124 90
      vertex 36.95518130045147 -15.307337294603592 90
      vertex 36.32572695300325 16.746389501497124 90
    endloop
  endfacet
  facet normal 0.9951847266721968 -0.09801714032956034 0
    outer loop
      vertex 39.72273827819705 -4.701495898313506 90
      vertex 39.876693349325116 -3.1383638291137976 65.14597364577848
      vertex 39.876693349325116 -3.1383638291137976 90
    endloop
  endfacet
  facet normal 0.9982656101847159 -0.05887080365118849 0
    outer loop
      vertex 39.876693349325116 -3.1383638291137976 90
      vertex 39.96916144962891 -1.5703926303627445 65.25532184451885
      vertex 39.96916144962891 -1.5703926303627445 90
    endloop
  endfacet
  facet normal 0.9998072404820648 -0.019633692460630858 0
    outer loop
      vertex 39.96916144962891 -1.5703926303627445 90
      vertex 39.99393040686846 -0.30908211340604447 65.28461238741875
      vertex 40 0 90
    endloop
  endfacet
  facet normal 0 0 1
    outer loop
      vertex 36.95518130045147 -15.307337294603592 90
      vertex 37.527653436899364 -13.844682283099718 90
      vertex 36.95518130045147 15.307337294603592 90
    endloop
  endfacet
  facet normal 0 0 1
    outer loop
      vertex 37.527653436899364 -13.844682283099718 90
      vertex 38.04226065180614 -12.360679774997896 90
      vertex 37.527653436899364 13.844682283099718 90
    endloop
  endfacet
  facet normal 0 0 1
    outer loop
      vertex 38.04226065180614 -12.360679774997896 90
      vertex 38.498209458145894 -10.85761799460297 90
      vertex 38.04226065180614 12.360679774997896 90
    endloop
  endfacet
  facet normal 0 0 1
    outer loop
      vertex 38.498209458145894 -10.85761799460297 90
      vertex 38.894796815907064 -9.337814554236216 90
      vertex 38.498209458145894 10.85761799460297 90
    endloop
  endfacet
  facet normal 0 0 1
    outer loop
      vertex 38.894796815907064 -9.337814554236216 90
      vertex 39.23141121612922 -7.8036128806451295 90
      vertex 38.894796815907064 9.337814554236216 90
    endloop
  endfacet
  facet normal 0 0 1
    outer loop
      vertex 39.23141121612922 -7.8036128806451295 90
      vertex 39.507533623805514 -6.2573786016092345 90
      vertex 39.23141121612922 7.8036128806451295 90
    endloop
  endfacet
  facet normal 0 0 1
    outer loop
      vertex 39.507533623805514 -6.2573786016092345 90
      vertex 39.72273827819705 -4.701495898313506 90
      vertex 39.507533623805514 6.2573786016092345 90
    endloop
  endfacet
  facet normal 0 0 1
    outer loop
      vertex 39.72273827819705 -4.701495898313506 90
      vertex 39.876693349325116 -3.1383638291137976 90
      vertex 39.72273827819705 4.701495898313506 90
    endloop
  endfacet
  facet normal 0 0 1
    outer loop
      vertex 39.876693349325116 -3.1383638291137976 90
      vertex 39.96916144962891 -1.5703926303627445 90
      vertex 39.876693349325116 3.1383638291137976 90
    endloop
  endfacet
  facet normal 0 0 -1
    outer loop
      vertex 25.977921933207348 -30.416238624001238 0
      vertex 25.977921933207348 30.416238624001238 0
      vertex 27.15202982131767 29.37290037742742 0
    endloop
  endfacet
  facet normal 0 0 -1
    outer loop
      vertex 27.15202982131767 -29.37290037742742 0
      vertex 27.15202982131767 29.37290037742742 0
      vertex 28.284271247461902 28.284271247461902 0
    endloop
  endfacet
  facet normal 0 0 -1
    outer loop
      vertex 28.284271247461902 -28.284271247461902 0
      vertex 28.284271247461902 28.284271247461902 0
      vertex 29.37290037742742 27.15202982131767 0
    endloop
  endfacet
  facet normal 0 0 -1
    outer loop
      vertex 29.37290037742742 -27.15202982131767 0
      vertex 29.37290037742742 27.15202982131767 0
      vertex 30.416238624001238 25.977921933207348 0
    endloop
  endfacet
  facet normal 0 0 -1
    outer loop
      vertex 32.3606797749979 -23.511410091698927 0
      vertex 32.3606797749979 23.511410091698927 0
      vertex 33.25878449210181 22.222809320784087 0
    endloop
  endfacet
  facet normal 0 0 -1
    outer loop
      vertex 34.10560657416369 -20.899942588637952 0
      vertex 34.10560657416369 20.899942588637952 0
      vertex 34.89984028291189 19.544849659878196 0
    endloop
  endfacet
  facet normal 0 0 -1
    outer loop
      vertex 33.25878449210181 -22.222809320784087 0
      vertex 33.25878449210181 22.222809320784087 0
      vertex 34.10560657416369 20.899942588637952 0
    endloop
  endfacet
  facet normal 0 0 -1
    outer loop
      vertex 30.416238624001238 -25.977921933207348 0
      vertex 30.416238624001238 25.977921933207348 0
      vertex 31.412677235229797 24.763757972393357 0
    endloop
  endfacet
  facet normal 0 0 -1
    outer loop
      vertex 31.412677235229797 -24.763757972393357 0
      vertex 31.412677235229797 24.763757972393357 0
      vertex 32.3606797749979 23.511410091698927 0
    endloop
  endfacet
  facet normal 0 0 -1
    outer loop
      vertex 20.899942588637952 -34.10560657416369 0
      vertex 20.899942588637952 34.10560657416369 0
      vertex 22.222809320784087 33.25878449210181 0
    endloop
  endfacet
  facet normal 0 0 -1
    outer loop
      vertex 19.544849659878196 -34.89984028291189 0
      vertex 19.544849659878196 34.89984028291189 0
      vertex 20.899942588637952 34.10560657416369 0
    endloop
  endfacet
  facet normal 0 0 -1
    outer loop
      vertex 22.222809320784087 -33.25878449210181 0
      vertex 22.222809320784087 33.25878449210181 0
      vertex 23.511410091698927 32.3606797749979 0
    endloop
  endfacet
  facet normal 0 0 -1
    outer loop
      vertex 23.511410091698927 -32.3606797749979 0
      vertex 23.511410091698927 32.3606797749979 0
      vertex 24.763757972393357 31.412677235229797 0
    endloop
  endfacet
  facet normal 0 0 -1
    outer loop
      vertex 24.763757972393357 -31.412677235229797 0
      vertex 24.763757972393357 31.412677235229797 0
      vertex 25.977921933207348 30.416238624001238 0
    endloop
  endfacet
  facet normal 0 0 -1
    outer loop
      vertex 36.95518130045147 -15.307337294603592 0
      vertex 36.95518130045147 15.307337294603592 0
      vertex 37.527653436899364 13.844682283099718 0
    endloop
  endfacet
  facet normal 0 0 -1
    outer loop
      vertex 37.527653436899364 -13.844682283099718 0
      vertex 37.527653436899364 13.844682283099718 0
      vertex 38.04226065180614 12.360679774997896 0
    endloop
  endfacet
  facet normal 0 0 -1
    outer loop
      vertex 39.876693349325116 -3.1383638291137976 0
      vertex 39.876693349325116 3.1383638291137976 0
      vertex 39.96916144962891 1.5703926303627445 0
    endloop
  endfacet
  facet normal 0 0 -1
    outer loop
      vertex 39.72273827819705 -4.701495898313506 0
      vertex 39.72273827819705 4.701495898313506 0
      vertex 39.876693349325116 3.1383638291137976 0
    endloop
  endfacet
  facet normal 0 0 -1
    outer loop
      vertex 39.507533623805514 -6.2573786016092345 0
      vertex 39.507533623805514 6.2573786016092345 0
      vertex 39.72273827819705 4.701495898313506 0
    endloop
  endfacet
  facet normal 0 0 -1
    outer loop
      vertex 39.23141121612922 -7.8036128806451295 0
      vertex 39.23141121612922 7.8036128806451295 0
      vertex 39.507533623805514 6.2573786016092345 0
    endloop
  endfacet
  facet normal 0 0 -1
    outer loop
      vertex 39.96916144962891 -1.5703926303627445 0
      vertex 39.96916144962891 1.5703926303627445 0
      vertex 40 0 0
    endloop
  endfacet
  facet normal 0 0 -1
    outer loop
      vertex 38.894796815907064 -9.337814554236216 0
      vertex 38.894796815907064 9.337814554236216 0
      vertex 39.23141121612922 7.8036128806451295 0
    endloop
  endfacet
  facet normal 0 0 -1
    outer loop
      vertex 38.498209458145894 -10.85761799460297 0
      vertex 38.498209458145894 10.85761799460297 0
      vertex 38.894796815907064 9.337814554236216 0
    endloop
  endfacet
  facet normal 0 0 -1
    outer loop
      vertex 38.04226065180614 -12.360679774997896 0
      vertex 38.04226065180614 12.360679774997896 0
      vertex 38.498209458145894 10.85761799460297 0
    endloop
  endfacet
  facet normal 0.9982656101847159 0.058870803651188505 0
    outer loop
      vertex 39.96916144962891 1.5703926303627445 0
      vertex 39.876693349325116 3.1383638291137976 0
      vertex 39.96916144962891 1.5703926303627445 24.745437594017396
    endloop
  endfacet
  facet normal 0.9998072404820649 0.019633692460630858 0
    outer loop
      vertex 40 0 0
      vertex 39.96916144962891 1.5703926303627445 0
      vertex 40 0 24.710733808528843
    endloop
  endfacet
  facet normal 0.9951847266721969 0.09801714032956034 0
    outer loop
      vertex 39.876693349325116 3.1383638291137976 0
      vertex 39.72273827819705 4.701495898313506 0
      vertex 39.876693349325116 3.1383638291137976 24.853227559461438
    endloop
  endfacet
  facet normal 0 0 -1
    outer loop
      vertex 34.89984028291189 -19.544849659878196 0
      vertex 34.89984028291189 19.544849659878196 0
      vertex 35.640260967534715 18.15961998958187 0
    endloop
  endfacet
  facet normal 0 0 -1
    outer loop
      vertex 35.640260967534715 -18.15961998958187 0
      vertex 35.640260967534715 18.15961998958187 0
      vertex 36.32572695300325 16.746389501497124 0
    endloop
  endfacet
  facet normal 0 0 -1
    outer loop
      vertex 36.32572695300325 -16.746389501497124 0
      vertex 36.32572695300325 16.746389501497124 0
      vertex 36.95518130045147 15.307337294603592 0
    endloop
  endfacet
  facet normal 0.9905693404435779 0.137012341681963 0
    outer loop
      vertex 39.72273827819705 4.701495898313506 0
      vertex 39.507533623805514 6.2573786016092345 0
      vertex 39.72273827819705 4.701495898313506 25.040822353516617
    endloop
  endfacet
  facet normal 0.9844265680898909 0.17579627993435834 0
    outer loop
      vertex 39.507533623805514 6.2573786016092345 0
      vertex 39.23141121612922 7.8036128806451295 0
      vertex 39.507533623805514 6.2573786016092345 25.326888074439527
    endloop
  endfacet
  facet normal 0.9767658813208725 0.21430915306505025 0
    outer loop
      vertex 39.23141121612922 7.8036128806451295 0
      vertex 38.894796815907064 9.337814554236216 0
      vertex 39.23141121612922 7.8036128806451295 25.737947567809755
    endloop
  endfacet
  facet normal 0.9982656101847158 0.05887080365118852 6.273289698880095e-19
    outer loop
      vertex 39.876693349325116 3.1383638291137976 0
      vertex 39.91675227880478 2.459089057916494 24.804415613412857
      vertex 39.96916144962891 1.5703926303627445 24.745437594017396
    endloop
  endfacet
  facet normal 0.9998072404820648 0.019633692460630858 0
    outer loop
      vertex 39.96916144962891 1.5703926303627445 0
      vertex 39.96916144962891 1.5703926303627445 24.745437594017396
      vertex 40 0 24.710733808528843
    endloop
  endfacet
  facet normal 0.9982656101847159 0.058870803651188484 0
    outer loop
      vertex 39.876693349325116 3.1383638291137976 0
      vertex 39.876693349325116 3.1383638291137976 24.853227559461438
      vertex 39.91675227880478 2.459089057916494 24.804415613412857
    endloop
  endfacet
  facet normal 0.9951847266721969 0.09801714032956035 0
    outer loop
      vertex 39.72273827819705 4.701495898313506 0
      vertex 39.72273827819705 4.701495898313506 25.040822353516617
      vertex 39.876693349325116 3.1383638291137976 24.853227559461438
    endloop
  endfacet
  facet normal 0.9905693404435781 0.1370123416819618 0
    outer loop
      vertex 39.507533623805514 6.2573786016092345 0
      vertex 39.71746455132961 4.739623793075586 25.047248408198357
      vertex 39.72273827819705 4.701495898313506 25.040822353516617
    endloop
  endfacet
  facet normal 0.9905693404435779 0.13701234168196302 -6.930049246096155e-19
    outer loop
      vertex 39.507533623805514 6.2573786016092345 0
      vertex 39.527864046394825 6.110394081470318 25.297717981040478
      vertex 39.71746455132961 4.739623793075586 25.047248408198357
    endloop
  endfacet
  facet normal 0.9905693404435779 0.13701234168196313 0
    outer loop
      vertex 39.507533623805514 6.2573786016092345 0
      vertex 39.507533623805514 6.2573786016092345 25.326888074439527
      vertex 39.527864046394825 6.110394081470318 25.297717981040478
    endloop
  endfacet
  facet normal 0.9844265680898908 0.17579627993435826 -4.763291957588775e-18
    outer loop
      vertex 39.23141121612922 7.8036128806451295 0
      vertex 39.3482431024313 7.149375982578969 25.55543813854456
      vertex 39.507533623805514 6.2573786016092345 25.326888074439527
    endloop
  endfacet
  facet normal 0.984426568089891 0.1757962799343585 0
    outer loop
      vertex 39.23141121612922 7.8036128806451295 0
      vertex 39.23141121612922 7.8036128806451295 25.737947567809755
      vertex 39.3482431024313 7.149375982578969 25.55543813854456
    endloop
  endfacet
  facet normal 0.9767658813208725 0.2143091530650504 1.7245080484783796e-17
    outer loop
      vertex 38.894796815907064 9.337814554236216 0
      vertex 39.17887868732214 8.043042606647939 25.820011481642723
      vertex 39.23141121612922 7.8036128806451295 25.737947567809755
    endloop
  endfacet
  facet normal 0.9767658813208725 0.21430915306505038 7.117857113625684e-18
    outer loop
      vertex 38.894796815907064 9.337814554236216 0
      vertex 39.020031943917274 8.767025120216589 26.091030068695545
      vertex 39.17887868732214 8.043042606647939 25.820011481642723
    endloop
  endfacet
  facet normal 0.9767658813208726 0.2143091530650496 -9.945814202348849e-18
    outer loop
      vertex 38.894796815907064 9.337814554236216 0
      vertex 38.96891565277052 9 26.18666192556686
      vertex 39.020031943917274 8.767025120216589 26.091030068695545
    endloop
  endfacet
  facet normal 0.9767658813208725 0.2143091530650503 0
    outer loop
      vertex 38.894796815907064 9.337814554236216 0
      vertex 38.96891565277052 9 63.81365031853011
      vertex 38.96891565277052 9 26.18666192556686
    endloop
  endfacet
  facet normal 0.9675990923602602 0.2524915770151565 0
    outer loop
      vertex 38.894796815907064 9.337814554236216 0
      vertex 38.498209458145894 10.85761799460297 0
      vertex 38.894796815907064 9.337814554236216 90
    endloop
  endfacet
  facet normal 0.9448060464668785 0.327630179561692 0
    outer loop
      vertex 38.04226065180614 12.360679774997896 0
      vertex 37.527653436899364 13.844682283099718 0
      vertex 38.04226065180614 12.360679774997896 90
    endloop
  endfacet
  facet normal 0.9312149347588042 0.36447049987914787 0
    outer loop
      vertex 37.527653436899364 13.844682283099718 0
      vertex 36.95518130045147 15.307337294603592 0
      vertex 37.527653436899364 13.844682283099718 90
    endloop
  endfacet
  facet normal 0.9569403357322076 0.2902846772544663 0
    outer loop
      vertex 38.498209458145894 10.85761799460297 0
      vertex 38.04226065180614 12.360679774997896 0
      vertex 38.498209458145894 10.85761799460297 90
    endloop
  endfacet
  facet normal 0.8997482840522226 0.43640924067333986 0
    outer loop
      vertex 36.32572695300325 16.746389501497124 0
      vertex 35.640260967534715 18.15961998958187 0
      vertex 36.32572695300325 16.746389501497124 90
    endloop
  endfacet
  facet normal 0.9161879571171344 0.4007488331031441 0
    outer loop
      vertex 36.95518130045147 15.307337294603592 0
      vertex 36.32572695300325 16.746389501497124 0
      vertex 36.95518130045147 15.307337294603592 90
    endloop
  endfacet
  facet normal 0.8819212643483558 0.4713967368259959 0
    outer loop
      vertex 34.89984028291189 19.544849659878196 0
      vertex 35.640260967534715 18.15961998958187 90
      vertex 35.640260967534715 18.15961998958187 0
    endloop
  endfacet
  facet normal 0.8627343859777902 0.5056573733779876 0
    outer loop
      vertex 34.89984028291189 19.544849659878196 0
      vertex 34.10560657416369 20.899942588637952 0
      vertex 34.89984028291189 19.544849659878196 90
    endloop
  endfacet
  facet normal 0.8422172337162874 0.5391383229109988 0
    outer loop
      vertex 33.25878449210181 22.222809320784087 0
      vertex 34.10560657416369 20.899942588637952 90
      vertex 34.10560657416369 20.899942588637952 0
    endloop
  endfacet
  facet normal 0.7973206537727057 0.6035559419535733 0
    outer loop
      vertex 32.3606797749979 23.511410091698927 0
      vertex 31.412677235229797 24.763757972393357 0
      vertex 32.3606797749979 23.511410091698927 90
    endloop
  endfacet
  facet normal 0.8204014435255146 0.571787960227611 0
    outer loop
      vertex 32.3606797749979 23.511410091698927 0
      vertex 33.25878449210181 22.222809320784087 90
      vertex 33.25878449210181 22.222809320784087 0
    endloop
  endfacet
  facet normal 0.7475083268625955 0.6642524379112832 0
    outer loop
      vertex 29.37290037742742 27.15202982131767 0
      vertex 30.416238624001238 25.977921933207348 90
      vertex 30.416238624001238 25.977921933207348 0
    endloop
  endfacet
  facet normal 0.6930873625456346 0.72085359670292 0
    outer loop
      vertex 27.15202982131767 29.37290037742742 0
      vertex 27.15202982131767 29.37290037742742 90
      vertex 28.284271247461902 28.284271247461902 0
    endloop
  endfacet
  facet normal 0.72085359670292 0.6930873625456346 0
    outer loop
      vertex 29.37290037742742 27.15202982131767 0
      vertex 28.284271247461902 28.284271247461902 0
      vertex 29.37290037742742 27.15202982131767 90
    endloop
  endfacet
  facet normal 0.7730104533627384 0.6343932841636438 0
    outer loop
      vertex 31.412677235229797 24.763757972393357 0
      vertex 30.416238624001238 25.977921933207348 0
      vertex 31.412677235229797 24.763757972393357 90
    endloop
  endfacet
  facet normal 0.5056573733779876 0.8627343859777902 0
    outer loop
      vertex 19.544849659878196 34.89984028291189 0
      vertex 19.544849659878196 34.89984028291189 90
      vertex 20.899942588637952 34.10560657416369 0
    endloop
  endfacet
  facet normal 0.5391383229109988 0.8422172337162874 0
    outer loop
      vertex 20.899942588637952 34.10560657416369 0
      vertex 20.899942588637952 34.10560657416369 90
      vertex 22.222809320784087 33.25878449210181 0
    endloop
  endfacet
  facet normal 0.571787960227611 0.8204014435255146 0
    outer loop
      vertex 22.222809320784087 33.25878449210181 0
      vertex 22.222809320784087 33.25878449210181 90
      vertex 23.511410091698927 32.3606797749979 0
    endloop
  endfacet
  facet normal 0.6035559419535733 0.7973206537727057 0
    outer loop
      vertex 23.511410091698927 32.3606797749979 0
      vertex 23.511410091698927 32.3606797749979 90
      vertex 24.763757972393357 31.412677235229797 0
    endloop
  endfacet
  facet normal 0.6343932841636438 0.7730104533627384 0
    outer loop
      vertex 24.763757972393357 31.412677235229797 0
      vertex 24.763757972393357 31.412677235229797 90
      vertex 25.977921933207348 30.416238624001238 0
    endloop
  endfacet
  facet normal 0.6642524379112832 0.7475083268625955 0
    outer loop
      vertex 27.15202982131767 29.37290037742742 0
      vertex 25.977921933207348 30.416238624001238 0
      vertex 25.977921933207348 30.416238624001238 90
    endloop
  endfacet
  facet normal 0.9767658813208726 0.2143091530650503 0
    outer loop
      vertex 38.894796815907064 9.337814554236216 0
      vertex 38.894796815907064 9.337814554236216 90
      vertex 38.96891565277052 9 63.81365031853011
    endloop
  endfacet
  facet normal 0.9448060464668785 0.327630179561692 0
    outer loop
      vertex 37.527653436899364 13.844682283099718 0
      vertex 37.527653436899364 13.844682283099718 90
      vertex 38.04226065180614 12.360679774997896 90
    endloop
  endfacet
  facet normal 0.9312149347588042 0.36447049987914787 0
    outer loop
      vertex 36.95518130045147 15.307337294603592 0
      vertex 36.95518130045147 15.307337294603592 90
      vertex 37.527653436899364 13.844682283099718 90
    endloop
  endfacet
  facet normal 0.9675990923602602 0.2524915770151565 0
    outer loop
      vertex 38.498209458145894 10.85761799460297 0
      vertex 38.498209458145894 10.85761799460297 90
      vertex 38.894796815907064 9.337814554236216 90
    endloop
  endfacet
  facet normal 0.9569403357322076 0.2902846772544663 0
    outer loop
      vertex 38.04226065180614 12.360679774997896 0
      vertex 38.04226065180614 12.360679774997896 90
      vertex 38.498209458145894 10.85761799460297 90
    endloop
  endfacet
  facet normal 0.9161879571171344 0.4007488331031441 0
    outer loop
      vertex 36.32572695300325 16.746389501497124 0
      vertex 36.32572695300325 16.746389501497124 90
      vertex 36.95518130045147 15.307337294603592 90
    endloop
  endfacet
  facet normal 0.8997482840522226 0.43640924067333986 0
    outer loop
      vertex 35.640260967534715 18.15961998958187 0
      vertex 35.640260967534715 18.15961998958187 90
      vertex 36.32572695300325 16.746389501497124 90
    endloop
  endfacet
  facet normal 0.8819212643483558 0.4713967368259959 0
    outer loop
      vertex 34.89984028291189 19.544849659878196 0
      vertex 34.89984028291189 19.544849659878196 90
      vertex 35.640260967534715 18.15961998958187 90
    endloop
  endfacet
  facet normal 0 0 1
    outer loop
      vertex 34.56909192082982 5.47520627640808 90
      vertex 34.10560657416369 20.899942588637952 90
      vertex 34.32748481411306 6.828161270564489 90
    endloop
  endfacet
  facet normal 0 0 1
    outer loop
      vertex 34.32748481411306 6.828161270564489 90
      vertex 34.10560657416369 20.899942588637952 90
      vertex 34.03294721391868 8.170587734956689 90
    endloop
  endfacet
  facet normal 0 0 1
    outer loop
      vertex 33.68593327587765 9.5004157452776 90
      vertex 34.03294721391868 8.170587734956689 90
      vertex 34.10560657416369 20.899942588637952 90
    endloop
  endfacet
  facet normal 0 0 1
    outer loop
      vertex 33.68593327587765 9.5004157452776 90
      vertex 33.25878449210181 22.222809320784087 90
      vertex 33.28697807033037 10.815594803123158 90
    endloop
  endfacet
  facet normal 0 0 1
    outer loop
      vertex 32.335783637895034 13.393920132778142 90
      vertex 32.836696757286944 12.114096997712254 90
      vertex 32.3606797749979 23.511410091698927 90
    endloop
  endfacet
  facet normal 0 0 1
    outer loop
      vertex 32.335783637895034 13.393920132778142 90
      vertex 32.3606797749979 23.511410091698927 90
      vertex 31.785011083877844 14.653090813809984 90
    endloop
  endfacet
  facet normal 0 0 1
    outer loop
      vertex 33.28697807033037 10.815594803123158 90
      vertex 33.25878449210181 22.222809320784087 90
      vertex 32.836696757286944 12.114096997712254 90
    endloop
  endfacet
  facet normal 0 0 1
    outer loop
      vertex 31.785011083877844 14.653090813809984 90
      vertex 31.412677235229797 24.763757972393357 90
      vertex 31.185228346592876 15.889667490884136 90
    endloop
  endfacet
  facet normal 0 0 1
    outer loop
      vertex 31.185228346592876 15.889667490884136 90
      vertex 30.416238624001238 25.977921933207348 90
      vertex 30.537360247547902 17.10174345239342 90
    endloop
  endfacet
  facet normal 0 0 1
    outer loop
      vertex 33.68593327587765 9.5004157452776 90
      vertex 34.10560657416369 20.899942588637952 90
      vertex 33.25878449210181 22.222809320784087 90
    endloop
  endfacet
  facet normal 0 0 1
    outer loop
      vertex 32.836696757286944 12.114096997712254 90
      vertex 33.25878449210181 22.222809320784087 90
      vertex 32.3606797749979 23.511410091698927 90
    endloop
  endfacet
  facet normal 0.9982656101847159 0.05887080365118849 0
    outer loop
      vertex 39.96916144962891 1.5703926303627445 90
      vertex 39.96916144962891 1.5703926303627445 65.25532184451885
      vertex 39.876693349325116 3.1383638291137976 65.14597364577848
    endloop
  endfacet
  facet normal 0.9998072404820648 0.019633692460630858 0
    outer loop
      vertex 40 0 90
      vertex 40 0 65.29124341790376
      vertex 39.99393040686846 0.30908211340604447 65.28461238741875
    endloop
  endfacet
  facet normal 0.9998072404820648 0.019633692460630854 0
    outer loop
      vertex 40 0 90
      vertex 39.99393040686846 0.30908211340604447 65.28461238741875
      vertex 39.96916144962891 1.5703926303627445 65.25532184451885
    endloop
  endfacet
  facet normal 0.9951847266721969 0.09801714032956037 0
    outer loop
      vertex 39.876693349325116 3.1383638291137976 90
      vertex 39.876693349325116 3.1383638291137976 65.14597364577848
      vertex 39.791087962687016 4.0075299057475675 65.04474095255136
    endloop
  endfacet
  facet normal 0.9951847266721968 0.09801714032956031 0
    outer loop
      vertex 39.72273827819705 4.701495898313506 90
      vertex 39.791087962687016 4.0075299057475675 65.04474095255136
      vertex 39.72273827819705 4.701495898313506 64.9571592666818
    endloop
  endfacet
  facet normal 0.9844265680898909 0.1757962799343583 0
    outer loop
      vertex 39.507533623805514 6.2573786016092345 90
      vertex 39.507533623805514 6.2573786016092345 64.67153243990477
      vertex 39.414422154426575 6.778785563603781 64.54204408079386
    endloop
  endfacet
  facet normal 0.984426568089891 0.17579627993435845 -2.1888438773842214e-18
    outer loop
      vertex 39.23141121612922 7.8036128806451295 90
      vertex 39.414422154426575 6.778785563603781 64.54204408079386
      vertex 39.24117957800627 7.748911865572026 64.27999375015497
    endloop
  endfacet
  facet normal 0.9844265680898912 0.17579627993435748 0
    outer loop
      vertex 39.23141121612922 7.8036128806451295 90
      vertex 39.24117957800627 7.748911865572026 64.27999375015497
      vertex 39.23141121612922 7.8036128806451295 64.26387624197231
    endloop
  endfacet
  facet normal 0.9767658813208724 0.21430915306505044 0
    outer loop
      vertex 39.23141121612922 7.8036128806451295 90
      vertex 39.23141121612922 7.8036128806451295 64.26387624197231
      vertex 39.0783586204052 8.501187162530524 64.01134398579597
    endloop
  endfacet
  facet normal 0.9767658813208726 0.21430915306504983 6.1949040921438714e-18
    outer loop
      vertex 38.894796815907064 9.337814554236216 90
      vertex 39.0783586204052 8.501187162530524 64.01134398579597
      vertex 38.96891565277052 9 63.81365031853011
    endloop
  endfacet
  facet normal 0.9905693404435779 0.13701234168196305 0
    outer loop
      vertex 39.72273827819705 4.701495898313506 90
      vertex 39.72273827819705 4.701495898313506 64.9571592666818
      vertex 39.597819209098816 5.60463351618368 64.79709089547396
    endloop
  endfacet
  facet normal 0.990569340443578 0.137012341681963 0
    outer loop
      vertex 39.507533623805514 6.2573786016092345 90
      vertex 39.597819209098816 5.60463351618368 64.79709089547396
      vertex 39.507533623805514 6.2573786016092345 64.67153243990477
    endloop
  endfacet
  facet normal 0.9998072404820647 0.019633692460630854 0
    outer loop
      vertex 40 0 90
      vertex 39.96916144962891 1.5703926303627445 65.25532184451885
      vertex 39.96916144962891 1.5703926303627445 90
    endloop
  endfacet
  facet normal 0.9982656101847159 0.0588708036511885 0
    outer loop
      vertex 39.96916144962891 1.5703926303627445 90
      vertex 39.876693349325116 3.1383638291137976 65.14597364577848
      vertex 39.876693349325116 3.1383638291137976 90
    endloop
  endfacet
  facet normal 0.9951847266721968 0.09801714032956034 -7.081025935929606e-19
    outer loop
      vertex 39.876693349325116 3.1383638291137976 90
      vertex 39.791087962687016 4.0075299057475675 65.04474095255136
      vertex 39.72273827819705 4.701495898313506 90
    endloop
  endfacet
  facet normal 0 0 1
    outer loop
      vertex 35.640260967534715 -18.15961998958187 90
      vertex 34.89984028291189 19.544849659878196 90
      vertex 35 0 90
    endloop
  endfacet
  facet normal 0 0 1
    outer loop
      vertex 38.04226065180614 -12.360679774997896 90
      vertex 38.04226065180614 12.360679774997896 90
      vertex 37.527653436899364 13.844682283099718 90
    endloop
  endfacet
  facet normal 0 0 1
    outer loop
      vertex 39.96916144962891 -1.5703926303627445 90
      vertex 39.96916144962891 1.5703926303627445 90
      vertex 39.876693349325116 3.1383638291137976 90
    endloop
  endfacet
  facet normal 0 0 1
    outer loop
      vertex 39.876693349325116 -3.1383638291137976 90
      vertex 39.876693349325116 3.1383638291137976 90
      vertex 39.72273827819705 4.701495898313506 90
    endloop
  endfacet
  facet normal 0 0 1
    outer loop
      vertex 39.72273827819705 -4.701495898313506 90
      vertex 39.72273827819705 4.701495898313506 90
      vertex 39.507533623805514 6.2573786016092345 90
    endloop
  endfacet
  facet normal 0 0 1
    outer loop
      vertex 39.96916144962891 -1.5703926303627445 90
      vertex 40 0 90
      vertex 39.96916144962891 1.5703926303627445 90
    endloop
  endfacet
  facet normal 0 0 1
    outer loop
      vertex 38.894796815907064 -9.337814554236216 90
      vertex 38.894796815907064 9.337814554236216 90
      vertex 38.498209458145894 10.85761799460297 90
    endloop
  endfacet
  facet normal 0 0 1
    outer loop
      vertex 39.507533623805514 -6.2573786016092345 90
      vertex 39.507533623805514 6.2573786016092345 90
      vertex 39.23141121612922 7.8036128806451295 90
    endloop
  endfacet
  facet normal 0 0 1
    outer loop
      vertex 39.23141121612922 -7.8036128806451295 90
      vertex 39.23141121612922 7.8036128806451295 90
      vertex 38.894796815907064 9.337814554236216 90
    endloop
  endfacet
  facet normal 0 0 1
    outer loop
      vertex 38.498209458145894 -10.85761799460297 90
      vertex 38.498209458145894 10.85761799460297 90
      vertex 38.04226065180614 12.360679774997896 90
    endloop
  endfacet
  facet normal 0.9844265680898909 0.17579627993435837 1.3882405729166342e-18
    outer loop
      vertex 39.507533623805514 6.2573786016092345 90
      vertex 39.414422154426575 6.778785563603781 64.54204408079386
      vertex 39.23141121612922 7.8036128806451295 90
    endloop
  endfacet
  facet normal 0.9905693404435779 0.137012341681963 -1.4022892025674274e-18
    outer loop
      vertex 39.72273827819705 4.701495898313506 90
      vertex 39.597819209098816 5.60463351618368 64.79709089547396
      vertex 39.507533623805514 6.2573786016092345 90
    endloop
  endfacet
  facet normal 0.9767658813208725 0.2143091530650502 -6.799460366717155e-18
    outer loop
      vertex 39.23141121612922 7.8036128806451295 90
      vertex 39.0783586204052 8.501187162530524 64.01134398579597
      vertex 38.894796815907064 9.337814554236216 90
    endloop
  endfacet
  facet normal 0 0 1
    outer loop
      vertex 36.32572695300325 -16.746389501497124 90
      vertex 36.32572695300325 16.746389501497124 90
      vertex 35.640260967534715 18.15961998958187 90
    endloop
  endfacet
  facet normal 0 0 1
    outer loop
      vertex 34.973016268425305 1.3740935515674013 90
      vertex 35 0 90
      vertex 34.89984028291189 19.544849659878196 90
    endloop
  endfacet
  facet normal 0 0 1
    outer loop
      vertex 35.640260967534715 -18.15961998958187 90
      vertex 35.640260967534715 18.15961998958187 90
      vertex 34.89984028291189 19.544849659878196 90
    endloop
  endfacet
  facet normal 0 0 1
    outer loop
      vertex 36.95518130045147 -15.307337294603592 90
      vertex 36.95518130045147 15.307337294603592 90
      vertex 36.32572695300325 16.746389501497124 90
    endloop
  endfacet
  facet normal 0 0 1
    outer loop
      vertex 37.527653436899364 -13.844682283099718 90
      vertex 37.527653436899364 13.844682283099718 90
      vertex 36.95518130045147 15.307337294603592 90
    endloop
  endfacet
  facet normal 0 0 1
    outer loop
      vertex 34.973016268425305 1.3740935515674013 90
      vertex 34.89984028291189 19.544849659878196 90
      vertex 34.89210668065948 2.746068350474573 90
    endloop
  endfacet
  facet normal 0 0 1
    outer loop
      vertex 34.89210668065948 2.746068350474573 90
      vertex 34.89984028291189 19.544849659878196 90
      vertex 34.75739599342242 4.113808911024318 90
    endloop
  endfacet
  facet normal 0 0 1
    outer loop
      vertex 34.75739599342242 4.113808911024318 90
      vertex 34.89984028291189 19.544849659878196 90
      vertex 34.56909192082982 5.47520627640808 90
    endloop
  endfacet
  facet normal 0 0 1
    outer loop
      vertex 34.56909192082982 5.47520627640808 90
      vertex 34.89984028291189 19.544849659878196 90
      vertex 34.10560657416369 20.899942588637952 90
    endloop
  endfacet
  facet normal 0.6642524379112832 0.7475083268625955 0
    outer loop
      vertex 27.15202982131767 29.37290037742742 0
      vertex 25.977921933207348 30.416238624001238 90
      vertex 27.15202982131767 29.37290037742742 90
    endloop
  endfacet
  facet normal 0.8627343859777902 0.5056573733779876 0
    outer loop
      vertex 34.10560657416369 20.899942588637952 0
      vertex 34.10560657416369 20.899942588637952 90
      vertex 34.89984028291189 19.544849659878196 90
    endloop
  endfacet
  facet normal 0.8422172337162874 0.5391383229109988 0
    outer loop
      vertex 33.25878449210181 22.222809320784087 0
      vertex 33.25878449210181 22.222809320784087 90
      vertex 34.10560657416369 20.899942588637952 90
    endloop
  endfacet
  facet normal 0.7973206537727057 0.6035559419535733 0
    outer loop
      vertex 31.412677235229797 24.763757972393357 0
      vertex 31.412677235229797 24.763757972393357 90
      vertex 32.3606797749979 23.511410091698927 90
    endloop
  endfacet
  facet normal 0.8204014435255146 0.571787960227611 0
    outer loop
      vertex 32.3606797749979 23.511410091698927 0
      vertex 32.3606797749979 23.511410091698927 90
      vertex 33.25878449210181 22.222809320784087 90
    endloop
  endfacet
  facet normal 0.7475083268625955 0.6642524379112832 0
    outer loop
      vertex 29.37290037742742 27.15202982131767 0
      vertex 29.37290037742742 27.15202982131767 90
      vertex 30.416238624001238 25.977921933207348 90
    endloop
  endfacet
  facet normal 0.72085359670292 0.6930873625456346 0
    outer loop
      vertex 28.284271247461902 28.284271247461902 0
      vertex 28.284271247461902 28.284271247461902 90
      vertex 29.37290037742742 27.15202982131767 90
    endloop
  endfacet
  facet normal 0.6930873625456346 0.72085359670292 0
    outer loop
      vertex 28.284271247461902 28.284271247461902 0
      vertex 27.15202982131767 29.37290037742742 90
      vertex 28.284271247461902 28.284271247461902 90
    endloop
  endfacet
  facet normal 0.7730104533627384 0.6343932841636438 0
    outer loop
      vertex 30.416238624001238 25.977921933207348 0
      vertex 30.416238624001238 25.977921933207348 90
      vertex 31.412677235229797 24.763757972393357 90
    endloop
  endfacet
  facet normal 0.5056573733779876 0.8627343859777902 0
    outer loop
      vertex 20.899942588637952 34.10560657416369 0
      vertex 19.544849659878196 34.89984028291189 90
      vertex 20.899942588637952 34.10560657416369 90
    endloop
  endfacet
  facet normal 0.5391383229109988 0.8422172337162874 0
    outer loop
      vertex 22.222809320784087 33.25878449210181 0
      vertex 20.899942588637952 34.10560657416369 90
      vertex 22.222809320784087 33.25878449210181 90
    endloop
  endfacet
  facet normal 0.571787960227611 0.8204014435255146 0
    outer loop
      vertex 23.511410091698927 32.3606797749979 0
      vertex 22.222809320784087 33.25878449210181 90
      vertex 23.511410091698927 32.3606797749979 90
    endloop
  endfacet
  facet normal 0.6035559419535733 0.7973206537727057 0
    outer loop
      vertex 24.763757972393357 31.412677235229797 0
      vertex 23.511410091698927 32.3606797749979 90
      vertex 24.763757972393357 31.412677235229797 90
    endloop
  endfacet
  facet normal 0.6343932841636438 0.7730104533627384 0
    outer loop
      vertex 25.977921933207348 30.416238624001238 0
      vertex 24.763757972393357 31.412677235229797 90
      vertex 25.977921933207348 30.416238624001238 90
    endloop
  endfacet
  facet normal 0 0 1
    outer loop
      vertex 21.66828822584419 27.486092580826075 90
      vertex 20.899942588637952 34.10560657416369 90
      vertex 20.57248383023656 28.31559480312316 90
    endloop
  endfacet
  facet normal 0 0 1
    outer loop
      vertex 21.66828822584419 27.486092580826075 90
      vertex 22.730681691556427 26.614208796001083 90
      vertex 22.222809320784087 33.25878449210181 90
    endloop
  endfacet
  facet normal 0 0 1
    outer loop
      vertex 24.748737341529164 24.748737341529164 90
      vertex 25.701287830248994 23.75802609365296 90
      vertex 24.763757972393357 31.412677235229797 90
    endloop
  endfacet
  facet normal 0 0 1
    outer loop
      vertex 24.748737341529164 24.748737341529164 90
      vertex 24.763757972393357 31.412677235229797 90
      vertex 23.75802609365296 25.701287830248994 90
    endloop
  endfacet
  facet normal 0 0 1
    outer loop
      vertex 25.701287830248994 23.75802609365296 90
      vertex 26.614208796001083 22.730681691556427 90
      vertex 25.977921933207348 30.416238624001238 90
    endloop
  endfacet
  facet normal 0 0 1
    outer loop
      vertex 22.730681691556427 26.614208796001083 90
      vertex 23.75802609365296 25.701287830248994 90
      vertex 23.511410091698927 32.3606797749979 90
    endloop
  endfacet
  facet normal 0 0 1
    outer loop
      vertex 23.75802609365296 25.701287830248994 90
      vertex 24.763757972393357 31.412677235229797 90
      vertex 23.511410091698927 32.3606797749979 90
    endloop
  endfacet
  facet normal 0 0 1
    outer loop
      vertex 25.701287830248994 23.75802609365296 90
      vertex 25.977921933207348 30.416238624001238 90
      vertex 24.763757972393357 31.412677235229797 90
    endloop
  endfacet
  facet normal 0 0 1
    outer loop
      vertex 26.614208796001083 22.730681691556427 90
      vertex 27.15202982131767 29.37290037742742 90
      vertex 25.977921933207348 30.416238624001238 90
    endloop
  endfacet
  facet normal 0 0 1
    outer loop
      vertex 29.842405752393226 18.28744976505821 90
      vertex 30.537360247547902 17.10174345239342 90
      vertex 30.416238624001238 25.977921933207348 90
    endloop
  endfacet
  facet normal 0 0 1
    outer loop
      vertex 29.842405752393226 18.28744976505821 90
      vertex 29.37290037742742 27.15202982131767 90
      vertex 29.101436430589082 19.444958155686077 90
    endloop
  endfacet
  facet normal 0 0 1
    outer loop
      vertex 29.101436430589082 19.444958155686077 90
      vertex 28.284271247461902 28.284271247461902 90
      vertex 28.31559480312316 20.57248383023656 90
    endloop
  endfacet
  facet normal 0 0 1
    outer loop
      vertex 27.486092580826075 21.66828822584419 90
      vertex 28.31559480312316 20.57248383023656 90
      vertex 28.284271247461902 28.284271247461902 90
    endloop
  endfacet
  facet normal 0 0 1
    outer loop
      vertex 27.486092580826075 21.66828822584419 90
      vertex 27.15202982131767 29.37290037742742 90
      vertex 26.614208796001083 22.730681691556427 90
    endloop
  endfacet
  facet normal 0 0 1
    outer loop
      vertex 29.101436430589082 19.444958155686077 90
      vertex 29.37290037742742 27.15202982131767 90
      vertex 28.284271247461902 28.284271247461902 90
    endloop
  endfacet
  facet normal 0 0 1
    outer loop
      vertex 29.842405752393226 18.28744976505821 90
      vertex 30.416238624001238 25.977921933207348 90
      vertex 29.37290037742742 27.15202982131767 90
    endloop
  endfacet
  facet normal 0 0 1
    outer loop
      vertex 31.785011083877844 14.653090813809984 90
      vertex 32.3606797749979 23.511410091698927 90
      vertex 31.412677235229797 24.763757972393357 90
    endloop
  endfacet
  facet normal 0 0 1
    outer loop
      vertex 31.185228346592876 15.889667490884136 90
      vertex 31.412677235229797 24.763757972393357 90
      vertex 30.416238624001238 25.977921933207348 90
    endloop
  endfacet
  facet normal 0 0 1
    outer loop
      vertex 27.486092580826075 21.66828822584419 90
      vertex 28.284271247461902 28.284271247461902 90
      vertex 27.15202982131767 29.37290037742742 90
    endloop
  endfacet
  facet normal 0 0 1
    outer loop
      vertex 19.444958155686077 29.101436430589082 90
      vertex 20.57248383023656 28.31559480312316 90
      vertex 19.544849659878196 34.89984028291189 90
    endloop
  endfacet
  facet normal 0 0 1
    outer loop
      vertex 19.544849659878196 34.89984028291189 90
      vertex 20.57248383023656 28.31559480312316 90
      vertex 20.899942588637952 34.10560657416369 90
    endloop
  endfacet
  facet normal 0 0 1
    outer loop
      vertex 22.730681691556427 26.614208796001083 90
      vertex 23.511410091698927 32.3606797749979 90
      vertex 22.222809320784087 33.25878449210181 90
    endloop
  endfacet
  facet normal 0 0 1
    outer loop
      vertex 21.66828822584419 27.486092580826075 90
      vertex 22.222809320784087 33.25878449210181 90
      vertex 20.899942588637952 34.10560657416369 90
    endloop
  endfacet
  facet normal 0.7208535967029203 0.6930873625456342 0
    outer loop
      vertex -25.701287830248994 -23.75802609365296 6
      vertex -25.701287830248994 -23.75802609365296 90
      vertex -24.748737341529164 -24.748737341529164 6
    endloop
  endfacet
  facet normal 0.747508326862596 0.6642524379112824 0
    outer loop
      vertex -26.614208796001083 -22.730681691556427 6
      vertex -26.614208796001083 -22.730681691556427 90
      vertex -25.701287830248994 -23.75802609365296 6
    endloop
  endfacet
  facet normal 0.773010453362736 0.6343932841636467 0
    outer loop
      vertex -26.614208796001083 -22.730681691556427 6
      vertex -27.486092580826075 -21.66828822584419 6
      vertex -27.486092580826075 -21.66828822584419 90
    endloop
  endfacet
  facet normal 0.7973206537727071 0.6035559419535715 0
    outer loop
      vertex -28.31559480312316 -20.57248383023656 6
      vertex -28.31559480312316 -20.57248383023656 90
      vertex -27.486092580826075 -21.66828822584419 6
    endloop
  endfacet
  facet normal 0.5056573733779867 0.8627343859777906 0
    outer loop
      vertex -17.10174345239342 -30.537360247547902 6
      vertex -18.28744976505821 -29.842405752393226 6
      vertex -18.28744976505821 -29.842405752393226 90
    endloop
  endfacet
  facet normal 0.4713967368259965 0.8819212643483557 0
    outer loop
      vertex -17.10174345239342 -30.537360247547902 6
      vertex -17.10174345239342 -30.537360247547902 90
      vertex -15.889667490884136 -31.185228346592876 6
    endloop
  endfacet
  facet normal 0.4364092406733416 0.8997482840522217 0
    outer loop
      vertex -15.889667490884136 -31.185228346592876 6
      vertex -15.889667490884136 -31.185228346592876 90
      vertex -14.653090813809984 -31.785011083877844 6
    endloop
  endfacet
  facet normal 0.40074883310314 0.9161879571171363 0
    outer loop
      vertex -14.653090813809984 -31.785011083877844 6
      vertex -14.653090813809984 -31.785011083877844 90
      vertex -13.393920132778142 -32.335783637895034 6
    endloop
  endfacet
  facet normal 0.364470499879151 0.931214934758803 0
    outer loop
      vertex -13.393920132778142 -32.335783637895034 6
      vertex -13.393920132778142 -32.335783637895034 90
      vertex -12.114096997712254 -32.836696757286944 6
    endloop
  endfacet
  facet normal 0.32763017956169044 0.9448060464668789 0
    outer loop
      vertex -12.114096997712254 -32.836696757286944 6
      vertex -12.114096997712254 -32.836696757286944 90
      vertex -10.815594803123158 -33.28697807033037 6
    endloop
  endfacet
  facet normal 0.29028467725446383 0.9569403357322085 0
    outer loop
      vertex -10.815594803123158 -33.28697807033037 6
      vertex -10.815594803123158 -33.28697807033037 90
      vertex -9.5004157452776 -33.68593327587765 6
    endloop
  endfacet
  facet normal 0.6930873625456342 0.7208535967029203 0
    outer loop
      vertex -23.75802609365296 -25.701287830248994 6
      vertex -24.748737341529164 -24.748737341529164 6
      vertex -24.748737341529164 -24.748737341529164 90
    endloop
  endfacet
  facet normal 0.6642524379112824 0.747508326862596 0
    outer loop
      vertex -23.75802609365296 -25.701287830248994 6
      vertex -23.75802609365296 -25.701287830248994 90
      vertex -22.730681691556427 -26.614208796001083 6
    endloop
  endfacet
  facet normal 0.6343932841636467 0.773010453362736 0
    outer loop
      vertex -22.730681691556427 -26.614208796001083 6
      vertex -22.730681691556427 -26.614208796001083 90
      vertex -21.66828822584419 -27.486092580826075 6
    endloop
  endfacet
  facet normal 0.6035559419535715 0.7973206537727071 0
    outer loop
      vertex -20.57248383023656 -28.31559480312316 6
      vertex -21.66828822584419 -27.486092580826075 6
      vertex -21.66828822584419 -27.486092580826075 90
    endloop
  endfacet
  facet normal 0.5717879602276102 0.820401443525515 0
    outer loop
      vertex -20.57248383023656 -28.31559480312316 6
      vertex -20.57248383023656 -28.31559480312316 90
      vertex -19.444958155686077 -29.101436430589082 6
    endloop
  endfacet
  facet normal 0.539138322911 0.8422172337162868 0
    outer loop
      vertex -19.444958155686077 -29.101436430589082 6
      vertex -19.444958155686077 -29.101436430589082 90
      vertex -18.28744976505821 -29.842405752393226 6
    endloop
  endfacet
  facet normal 0 0 1
    outer loop
      vertex -34.03294721391868 -8.170587734956689 6
      vertex -33.68593327587765 -9.5004157452776 6
      vertex -33.68593327587765 9.5004157452776 6
    endloop
  endfacet
  facet normal 0 0 1
    outer loop
      vertex -33.28697807033037 -10.815594803123158 6
      vertex -33.28697807033037 10.815594803123158 6
      vertex -33.68593327587765 -9.5004157452776 6
    endloop
  endfacet
  facet normal 0 0 1
    outer loop
      vertex -32.836696757286944 -12.114096997712254 6
      vertex -32.836696757286944 12.114096997712254 6
      vertex -33.28697807033037 -10.815594803123158 6
    endloop
  endfacet
  facet normal 0 0 1
    outer loop
      vertex -34.56909192082982 -5.47520627640808 6
      vertex -34.56909192082982 5.47520627640808 6
      vertex -34.75739599342242 -4.113808911024318 6
    endloop
  endfacet
  facet normal 0 0 1
    outer loop
      vertex -34.75739599342242 -4.113808911024318 6
      vertex -34.75739599342242 4.113808911024318 6
      vertex -34.89210668065948 -2.746068350474573 6
    endloop
  endfacet
  facet normal 0 0 1
    outer loop
      vertex -34.89210668065948 -2.746068350474573 6
      vertex -34.89210668065948 2.746068350474573 6
      vertex -34.973016268425305 -1.3740935515674013 6
    endloop
  endfacet
  facet normal 0 0 1
    outer loop
      vertex -34.03294721391868 -8.170587734956689 6
      vertex -34.03294721391868 8.170587734956689 6
      vertex -34.32748481411306 -6.828161270564489 6
    endloop
  endfacet
  facet normal 0 0 1
    outer loop
      vertex -34.32748481411306 -6.828161270564489 6
      vertex -34.32748481411306 6.828161270564489 6
      vertex -34.56909192082982 -5.47520627640808 6
    endloop
  endfacet
  facet normal 0 0 1
    outer loop
      vertex -30.537360247547902 -17.10174345239342 6
      vertex -30.537360247547902 17.10174345239342 6
      vertex -31.185228346592876 -15.889667490884136 6
    endloop
  endfacet
  facet normal 0 0 1
    outer loop
      vertex -30.537360247547902 -17.10174345239342 6
      vertex -29.842405752393226 -18.28744976505821 6
      vertex -29.842405752393226 18.28744976505821 6
    endloop
  endfacet
  facet normal 0 0 1
    outer loop
      vertex -29.101436430589082 -19.444958155686077 6
      vertex -29.101436430589082 19.444958155686077 6
      vertex -29.842405752393226 -18.28744976505821 6
    endloop
  endfacet
  facet normal 0 0 1
    outer loop
      vertex -26.614208796001083 -22.730681691556427 6
      vertex -25.701287830248994 -23.75802609365296 6
      vertex -25.701287830248994 23.75802609365296 6
    endloop
  endfacet
  facet normal 0 0 1
    outer loop
      vertex -28.31559480312316 -20.57248383023656 6
      vertex -28.31559480312316 20.57248383023656 6
      vertex -29.101436430589082 -19.444958155686077 6
    endloop
  endfacet
  facet normal 0 0 1
    outer loop
      vertex -28.31559480312316 -20.57248383023656 6
      vertex -27.486092580826075 -21.66828822584419 6
      vertex -27.486092580826075 21.66828822584419 6
    endloop
  endfacet
  facet normal 0 0 1
    outer loop
      vertex -26.614208796001083 -22.730681691556427 6
      vertex -26.614208796001083 22.730681691556427 6
      vertex -27.486092580826075 -21.66828822584419 6
    endloop
  endfacet
  facet normal 0 0 1
    outer loop
      vertex -31.785011083877844 -14.653090813809984 6
      vertex -31.785011083877844 14.653090813809984 6
      vertex -32.335783637895034 -13.393920132778142 6
    endloop
  endfacet
  facet normal 0 0 1
    outer loop
      vertex -32.836696757286944 -12.114096997712254 6
      vertex -32.335783637895034 -13.393920132778142 6
      vertex -32.335783637895034 13.393920132778142 6
    endloop
  endfacet
  facet normal 0 0 1
    outer loop
      vertex -31.185228346592876 -15.889667490884136 6
      vertex -31.185228346592876 15.889667490884136 6
      vertex -31.785011083877844 -14.653090813809984 6
    endloop
  endfacet
  facet normal 0 0 1
    outer loop
      vertex -17.10174345239342 -30.537360247547902 6
      vertex -15.889667490884136 -31.185228346592876 6
      vertex -15.889667490884136 31.185228346592876 6
    endloop
  endfacet
  facet normal 0 0 1
    outer loop
      vertex -15.889667490884136 -31.185228346592876 6
      vertex -14.653090813809984 -31.785011083877844 6
      vertex -14.653090813809984 31.785011083877844 6
    endloop
  endfacet
  facet normal 0 0 1
    outer loop
      vertex -14.653090813809984 -31.785011083877844 6
      vertex -13.393920132778142 -32.335783637895034 6
      vertex -13.393920132778142 32.335783637895034 6
    endloop
  endfacet
  facet normal 0 0 1
    outer loop
      vertex -13.393920132778142 -32.335783637895034 6
      vertex -12.114096997712254 -32.836696757286944 6
      vertex -12.114096997712254 32.836696757286944 6
    endloop
  endfacet
  facet normal 0 0 1
    outer loop
      vertex -12.114096997712254 -32.836696757286944 6
      vertex -10.815594803123158 -33.28697807033037 6
      vertex -10.815594803123158 33.28697807033037 6
    endloop
  endfacet
  facet normal 0 0 1
    outer loop
      vertex -25.701287830248994 -23.75802609365296 6
      vertex -24.748737341529164 -24.748737341529164 6
      vertex -24.748737341529164 24.748737341529164 6
    endloop
  endfacet
  facet normal 0 0 1
    outer loop
      vertex -23.75802609365296 -25.701287830248994 6
      vertex -23.75802609365296 25.701287830248994 6
      vertex -24.748737341529164 -24.748737341529164 6
    endloop
  endfacet
  facet normal 0 0 1
    outer loop
      vertex -22.730681691556427 -26.614208796001083 6
      vertex -21.66828822584419 -27.486092580826075 6
      vertex -21.66828822584419 27.486092580826075 6
    endloop
  endfacet
  facet normal 0 0 1
    outer loop
      vertex -23.75802609365296 -25.701287830248994 6
      vertex -22.730681691556427 -26.614208796001083 6
      vertex -22.730681691556427 26.614208796001083 6
    endloop
  endfacet
  facet normal 0 0 1
    outer loop
      vertex -20.57248383023656 -28.31559480312316 6
      vertex -20.57248383023656 28.31559480312316 6
      vertex -21.66828822584419 -27.486092580826075 6
    endloop
  endfacet
  facet normal 0 0 1
    outer loop
      vertex -20.57248383023656 -28.31559480312316 6
      vertex -19.444958155686077 -29.101436430589082 6
      vertex -19.444958155686077 29.101436430589082 6
    endloop
  endfacet
  facet normal 0 0 1
    outer loop
      vertex -19.444958155686077 -29.101436430589082 6
      vertex -18.28744976505821 -29.842405752393226 6
      vertex -18.28744976505821 29.842405752393226 6
    endloop
  endfacet
  facet normal 0 0 1
    outer loop
      vertex -17.10174345239342 -30.537360247547902 6
      vertex -17.10174345239342 30.537360247547902 6
      vertex -18.28744976505821 -29.842405752393226 6
    endloop
  endfacet
  facet normal 0.931214934758803 0.364470499879151 0
    outer loop
      vertex -32.836696757286944 -12.114096997712254 6
      vertex -32.836696757286944 -12.114096997712254 90
      vertex -32.335783637895034 -13.393920132778142 6
    endloop
  endfacet
  facet normal 0.9448060464668789 0.32763017956169044 0
    outer loop
      vertex -32.836696757286944 -12.114096997712254 6
      vertex -33.28697807033037 -10.815594803123158 6
      vertex -33.28697807033037 -10.815594803123158 90
    endloop
  endfacet
  facet normal 0.8422172337162868 0.539138322911 0
    outer loop
      vertex -29.101436430589082 -19.444958155686077 6
      vertex -29.842405752393226 -18.28744976505821 6
      vertex -29.842405752393226 -18.28744976505821 90
    endloop
  endfacet
  facet normal 0.8819212643483557 0.4713967368259965 0
    outer loop
      vertex -30.537360247547902 -17.10174345239342 6
      vertex -31.185228346592876 -15.889667490884136 6
      vertex -31.185228346592876 -15.889667490884136 90
    endloop
  endfacet
  facet normal 0.8997482840522217 0.4364092406733416 0
    outer loop
      vertex -31.185228346592876 -15.889667490884136 6
      vertex -31.785011083877844 -14.653090813809984 6
      vertex -31.785011083877844 -14.653090813809984 90
    endloop
  endfacet
  facet normal 0.8627343859777906 0.5056573733779867 0
    outer loop
      vertex -30.537360247547902 -17.10174345239342 6
      vertex -30.537360247547902 -17.10174345239342 90
      vertex -29.842405752393226 -18.28744976505821 6
    endloop
  endfacet
  facet normal 0.820401443525515 0.5717879602276102 0
    outer loop
      vertex -28.31559480312316 -20.57248383023656 6
      vertex -29.101436430589082 -19.444958155686077 6
      vertex -29.101436430589082 -19.444958155686077 90
    endloop
  endfacet
  facet normal 0.9161879571171363 0.40074883310314 0
    outer loop
      vertex -31.785011083877844 -14.653090813809984 6
      vertex -32.335783637895034 -13.393920132778142 6
      vertex -32.335783637895034 -13.393920132778142 90
    endloop
  endfacet
  facet normal 0.9569403357322085 0.29028467725446383 0
    outer loop
      vertex -33.28697807033037 -10.815594803123158 6
      vertex -33.68593327587765 -9.5004157452776 6
      vertex -33.68593327587765 -9.5004157452776 90
    endloop
  endfacet
  facet normal 0.9675990923602591 0.2524915770151605 0
    outer loop
      vertex -34.03294721391868 -8.170587734956689 6
      vertex -34.03294721391868 -8.170587734956689 90
      vertex -33.68593327587765 -9.5004157452776 6
    endloop
  endfacet
  facet normal 0.9844265680898914 0.17579627993435581 0
    outer loop
      vertex -34.32748481411306 -6.828161270564489 6
      vertex -34.56909192082982 -5.47520627640808 6
      vertex -34.56909192082982 -5.47520627640808 90
    endloop
  endfacet
  facet normal 0.9767658813208729 0.21430915306504847 0
    outer loop
      vertex -34.03294721391868 -8.170587734956689 6
      vertex -34.32748481411306 -6.828161270564489 6
      vertex -34.32748481411306 -6.828161270564489 90
    endloop
  endfacet
  facet normal 0.9905693404435771 0.13701234168196874 0
    outer loop
      vertex -34.56909192082982 -5.47520627640808 6
      vertex -34.75739599342242 -4.113808911024318 6
      vertex -34.75739599342242 -4.113808911024318 90
    endloop
  endfacet
  facet normal 0.9951847266721968 0.09801714032956162 0
    outer loop
      vertex -34.75739599342242 -4.113808911024318 6
      vertex -34.89210668065948 -2.746068350474573 6
      vertex -34.89210668065948 -2.746068350474573 90
    endloop
  endfacet
  facet normal 0.9982656101847159 0.05887080365118913 0
    outer loop
      vertex -34.89210668065948 -2.746068350474573 6
      vertex -34.973016268425305 -1.3740935515674013 6
      vertex -34.973016268425305 -1.3740935515674013 90
    endloop
  endfacet
  facet normal 0.9998072404820648 0.019633692460626982 0
    outer loop
      vertex -34.973016268425305 -1.3740935515674013 6
      vertex -35 0 6
      vertex -35 0 90
    endloop
  endfacet
  facet normal 0.2524915770151605 0.9675990923602591 0
    outer loop
      vertex -9.5004157452776 -33.68593327587765 6
      vertex -9.5004157452776 -33.68593327587765 90
      vertex -8.170587734956689 -34.03294721391868 6
    endloop
  endfacet
  facet normal 0.21430915306504847 0.9767658813208729 0
    outer loop
      vertex -8.170587734956689 -34.03294721391868 6
      vertex -8.170587734956689 -34.03294721391868 90
      vertex -6.828161270564489 -34.32748481411306 6
    endloop
  endfacet
  facet normal 0.17579627993435581 0.9844265680898914 0
    outer loop
      vertex -6.828161270564489 -34.32748481411306 6
      vertex -6.828161270564489 -34.32748481411306 90
      vertex -5.47520627640808 -34.56909192082982 6
    endloop
  endfacet
  facet normal 0.13701234168196874 0.9905693404435771 0
    outer loop
      vertex -5.47520627640808 -34.56909192082982 6
      vertex -5.47520627640808 -34.56909192082982 90
      vertex -4.113808911024318 -34.75739599342242 6
    endloop
  endfacet
  facet normal 0.09801714032956162 0.9951847266721968 0
    outer loop
      vertex -4.113808911024318 -34.75739599342242 6
      vertex -4.113808911024318 -34.75739599342242 90
      vertex -2.746068350474573 -34.89210668065948 6
    endloop
  endfacet
  facet normal 0.05887080365118913 0.9982656101847159 0
    outer loop
      vertex -2.746068350474573 -34.89210668065948 6
      vertex -2.746068350474573 -34.89210668065948 90
      vertex -1.3740935515674013 -34.973016268425305 6
    endloop
  endfacet
  facet normal 0.019633692460626982 0.9998072404820648 0
    outer loop
      vertex -1.3740935515674013 -34.973016268425305 6
      vertex -1.3740935515674013 -34.973016268425305 90
      vertex 0 -35 6
    endloop
  endfacet
  facet normal -0.019633692460626982 0.9998072404820648 0
    outer loop
      vertex 0 -35 6
      vertex 0 -35 90
      vertex 1.3740935515674013 -34.973016268425305 6
    endloop
  endfacet
  facet normal -0.05887080365118913 0.9982656101847159 0
    outer loop
      vertex 1.3740935515674013 -34.973016268425305 6
      vertex 1.3740935515674013 -34.973016268425305 90
      vertex 2.746068350474573 -34.89210668065948 6
    endloop
  endfacet
  facet normal -0.09801714032956162 0.9951847266721968 0
    outer loop
      vertex 2.746068350474573 -34.89210668065948 6
      vertex 2.746068350474573 -34.89210668065948 90
      vertex 4.113808911024318 -34.75739599342242 6
    endloop
  endfacet
  facet normal -0.13701234168196874 0.9905693404435771 0
    outer loop
      vertex 4.113808911024318 -34.75739599342242 6
      vertex 4.113808911024318 -34.75739599342242 90
      vertex 5.47520627640808 -34.56909192082982 6
    endloop
  endfacet
  facet normal -0.17579627993435581 0.9844265680898914 0
    outer loop
      vertex 5.47520627640808 -34.56909192082982 6
      vertex 5.47520627640808 -34.56909192082982 90
      vertex 6.828161270564489 -34.32748481411306 6
    endloop
  endfacet
  facet normal -0.21430915306504847 0.9767658813208729 0
    outer loop
      vertex 6.828161270564489 -34.32748481411306 6
      vertex 6.828161270564489 -34.32748481411306 90
      vertex 8.170587734956689 -34.03294721391868 6
    endloop
  endfacet
  facet normal -0.2524915770151605 0.9675990923602591 0
    outer loop
      vertex 8.170587734956689 -34.03294721391868 6
      vertex 8.170587734956689 -34.03294721391868 90
      vertex 9.5004157452776 -33.68593327587765 6
    endloop
  endfacet
  facet normal -0.29028467725446383 0.9569403357322085 0
    outer loop
      vertex 9.5004157452776 -33.68593327587765 6
      vertex 9.5004157452776 -33.68593327587765 90
      vertex 10.815594803123158 -33.28697807033037 6
    endloop
  endfacet
  facet normal -0.32763017956169044 0.9448060464668789 0
    outer loop
      vertex 10.815594803123158 -33.28697807033037 6
      vertex 10.815594803123158 -33.28697807033037 90
      vertex 12.114096997712254 -32.836696757286944 6
    endloop
  endfacet
  facet normal -0.364470499879151 0.931214934758803 0
    outer loop
      vertex 12.114096997712254 -32.836696757286944 6
      vertex 12.114096997712254 -32.836696757286944 90
      vertex 13.393920132778142 -32.335783637895034 6
    endloop
  endfacet
  facet normal -0.40074883310314 0.9161879571171363 0
    outer loop
      vertex 13.393920132778142 -32.335783637895034 6
      vertex 13.393920132778142 -32.335783637895034 90
      vertex 14.653090813809984 -31.785011083877844 6
    endloop
  endfacet
  facet normal -0.4364092406733416 0.8997482840522217 0
    outer loop
      vertex 14.653090813809984 -31.785011083877844 6
      vertex 14.653090813809984 -31.785011083877844 90
      vertex 15.889667490884136 -31.185228346592876 6
    endloop
  endfacet
  facet normal -0.4713967368259965 0.8819212643483557 0
    outer loop
      vertex 15.889667490884136 -31.185228346592876 6
      vertex 15.889667490884136 -31.185228346592876 90
      vertex 17.10174345239342 -30.537360247547902 6
    endloop
  endfacet
  facet normal -0.5056573733779867 0.8627343859777906 0
    outer loop
      vertex 17.10174345239342 -30.537360247547902 6
      vertex 17.10174345239342 -30.537360247547902 90
      vertex 18.28744976505821 -29.842405752393226 6
    endloop
  endfacet
  facet normal -0.539138322911 0.8422172337162868 0
    outer loop
      vertex 18.28744976505821 -29.842405752393226 6
      vertex 18.28744976505821 -29.842405752393226 90
      vertex 19.444958155686077 -29.101436430589082 6
    endloop
  endfacet
  facet normal 0 0 1
    outer loop
      vertex -10.815594803123158 -33.28697807033037 6
      vertex -9.5004157452776 -33.68593327587765 6
      vertex -9.5004157452776 33.68593327587765 6
    endloop
  endfacet
  facet normal 0 0 1
    outer loop
      vertex -9.5004157452776 -33.68593327587765 6
      vertex -8.170587734956689 -34.03294721391868 6
      vertex -8.170587734956689 34.03294721391868 6
    endloop
  endfacet
  facet normal 0 0 1
    outer loop
      vertex -8.170587734956689 -34.03294721391868 6
      vertex -6.828161270564489 -34.32748481411306 6
      vertex -6.828161270564489 34.32748481411306 6
    endloop
  endfacet
  facet normal 0 0 1
    outer loop
      vertex -6.828161270564489 -34.32748481411306 6
      vertex -5.47520627640808 -34.56909192082982 6
      vertex -5.47520627640808 34.56909192082982 6
    endloop
  endfacet
  facet normal 0 0 1
    outer loop
      vertex -5.47520627640808 -34.56909192082982 6
      vertex -4.113808911024318 -34.75739599342242 6
      vertex -4.113808911024318 34.75739599342242 6
    endloop
  endfacet
  facet normal 0 0 1
    outer loop
      vertex -4.113808911024318 -34.75739599342242 6
      vertex -2.746068350474573 -34.89210668065948 6
      vertex -2.746068350474573 34.89210668065948 6
    endloop
  endfacet
  facet normal 0 0 1
    outer loop
      vertex -2.746068350474573 -34.89210668065948 6
      vertex -1.3740935515674013 -34.973016268425305 6
      vertex -1.3740935515674013 34.973016268425305 6
    endloop
  endfacet
  facet normal 0 0 1
    outer loop
      vertex -1.3740935515674013 -34.973016268425305 6
      vertex 0 -35 6
      vertex 0 35 6
    endloop
  endfacet
  facet normal 0 0 1
    outer loop
      vertex 0 -35 6
      vertex 1.3740935515674013 -34.973016268425305 6
      vertex 1.3740935515674013 34.973016268425305 6
    endloop
  endfacet
  facet normal 0 0 1
    outer loop
      vertex 1.3740935515674013 -34.973016268425305 6
      vertex 2.746068350474573 -34.89210668065948 6
      vertex 2.746068350474573 34.89210668065948 6
    endloop
  endfacet
  facet normal 0 0 1
    outer loop
      vertex 2.746068350474573 -34.89210668065948 6
      vertex 4.113808911024318 -34.75739599342242 6
      vertex 4.113808911024318 34.75739599342242 6
    endloop
  endfacet
  facet normal 0 0 1
    outer loop
      vertex 4.113808911024318 -34.75739599342242 6
      vertex 5.47520627640808 -34.56909192082982 6
      vertex 5.47520627640808 34.56909192082982 6
    endloop
  endfacet
  facet normal 0 0 1
    outer loop
      vertex 5.47520627640808 -34.56909192082982 6
      vertex 6.828161270564489 -34.32748481411306 6
      vertex 6.828161270564489 34.32748481411306 6
    endloop
  endfacet
  facet normal 0 0 1
    outer loop
      vertex 6.828161270564489 -34.32748481411306 6
      vertex 8.170587734956689 -34.03294721391868 6
      vertex 8.170587734956689 34.03294721391868 6
    endloop
  endfacet
  facet normal 0 0 1
    outer loop
      vertex 8.170587734956689 -34.03294721391868 6
      vertex 9.5004157452776 -33.68593327587765 6
      vertex 9.5004157452776 33.68593327587765 6
    endloop
  endfacet
  facet normal 0 0 1
    outer loop
      vertex 9.5004157452776 -33.68593327587765 6
      vertex 10.815594803123158 -33.28697807033037 6
      vertex 10.815594803123158 33.28697807033037 6
    endloop
  endfacet
  facet normal 0 0 1
    outer loop
      vertex 10.815594803123158 -33.28697807033037 6
      vertex 12.114096997712254 -32.836696757286944 6
      vertex 12.114096997712254 32.836696757286944 6
    endloop
  endfacet
  facet normal 0 0 1
    outer loop
      vertex 12.114096997712254 -32.836696757286944 6
      vertex 13.393920132778142 -32.335783637895034 6
      vertex 13.393920132778142 32.335783637895034 6
    endloop
  endfacet
  facet normal 0 0 1
    outer loop
      vertex 13.393920132778142 -32.335783637895034 6
      vertex 14.653090813809984 -31.785011083877844 6
      vertex 14.653090813809984 31.785011083877844 6
    endloop
  endfacet
  facet normal 0 0 1
    outer loop
      vertex 14.653090813809984 -31.785011083877844 6
      vertex 15.889667490884136 -31.185228346592876 6
      vertex 15.889667490884136 31.185228346592876 6
    endloop
  endfacet
  facet normal 0 0 1
    outer loop
      vertex 15.889667490884136 -31.185228346592876 6
      vertex 17.10174345239342 -30.537360247547902 6
      vertex 17.10174345239342 30.537360247547902 6
    endloop
  endfacet
  facet normal 0 0 1
    outer loop
      vertex 17.10174345239342 -30.537360247547902 6
      vertex 18.28744976505821 -29.842405752393226 6
      vertex 18.28744976505821 29.842405752393226 6
    endloop
  endfacet
  facet normal 0 0 1
    outer loop
      vertex 18.28744976505821 -29.842405752393226 6
      vertex 19.444958155686077 -29.101436430589082 6
      vertex 19.444958155686077 29.101436430589082 6
    endloop
  endfacet
  facet normal 0.747508326862596 0.6642524379112824 0
    outer loop
      vertex -25.701287830248994 -23.75802609365296 6
      vertex -26.614208796001083 -22.730681691556427 90
      vertex -25.701287830248994 -23.75802609365296 90
    endloop
  endfacet
  facet normal 0.7973206537727071 0.6035559419535715 0
    outer loop
      vertex -27.486092580826075 -21.66828822584419 6
      vertex -28.31559480312316 -20.57248383023656 90
      vertex -27.486092580826075 -21.66828822584419 90
    endloop
  endfacet
  facet normal 0.820401443525515 0.5717879602276102 0
    outer loop
      vertex -28.31559480312316 -20.57248383023656 6
      vertex -29.101436430589082 -19.444958155686077 90
      vertex -28.31559480312316 -20.57248383023656 90
    endloop
  endfacet
  facet normal 0.773010453362736 0.6343932841636467 0
    outer loop
      vertex -26.614208796001083 -22.730681691556427 6
      vertex -27.486092580826075 -21.66828822584419 90
      vertex -26.614208796001083 -22.730681691556427 90
    endloop
  endfacet
  facet normal 0.5056573733779867 0.8627343859777906 0
    outer loop
      vertex -17.10174345239342 -30.537360247547902 6
      vertex -18.28744976505821 -29.842405752393226 90
      vertex -17.10174345239342 -30.537360247547902 90
    endloop
  endfacet
  facet normal 0.4713967368259965 0.8819212643483557 0
    outer loop
      vertex -15.889667490884136 -31.185228346592876 6
      vertex -17.10174345239342 -30.537360247547902 90
      vertex -15.889667490884136 -31.185228346592876 90
    endloop
  endfacet
  facet normal 0.4364092406733416 0.8997482840522217 0
    outer loop
      vertex -14.653090813809984 -31.785011083877844 6
      vertex -15.889667490884136 -31.185228346592876 90
      vertex -14.653090813809984 -31.785011083877844 90
    endloop
  endfacet
  facet normal 0.364470499879151 0.931214934758803 0
    outer loop
      vertex -12.114096997712254 -32.836696757286944 6
      vertex -13.393920132778142 -32.335783637895034 90
      vertex -12.114096997712254 -32.836696757286944 90
    endloop
  endfacet
  facet normal 0.32763017956169044 0.9448060464668789 0
    outer loop
      vertex -10.815594803123158 -33.28697807033037 6
      vertex -12.114096997712254 -32.836696757286944 90
      vertex -10.815594803123158 -33.28697807033037 90
    endloop
  endfacet
  facet normal 0.40074883310314 0.9161879571171363 0
    outer loop
      vertex -13.393920132778142 -32.335783637895034 6
      vertex -14.653090813809984 -31.785011083877844 90
      vertex -13.393920132778142 -32.335783637895034 90
    endloop
  endfacet
  facet normal 0.6930873625456342 0.7208535967029203 0
    outer loop
      vertex -23.75802609365296 -25.701287830248994 6
      vertex -24.748737341529164 -24.748737341529164 90
      vertex -23.75802609365296 -25.701287830248994 90
    endloop
  endfacet
  facet normal 0.6642524379112824 0.747508326862596 0
    outer loop
      vertex -22.730681691556427 -26.614208796001083 6
      vertex -23.75802609365296 -25.701287830248994 90
      vertex -22.730681691556427 -26.614208796001083 90
    endloop
  endfacet
  facet normal 0.6343932841636467 0.773010453362736 0
    outer loop
      vertex -21.66828822584419 -27.486092580826075 6
      vertex -22.730681691556427 -26.614208796001083 90
      vertex -21.66828822584419 -27.486092580826075 90
    endloop
  endfacet
  facet normal 0.5717879602276102 0.820401443525515 0
    outer loop
      vertex -19.444958155686077 -29.101436430589082 6
      vertex -20.57248383023656 -28.31559480312316 90
      vertex -19.444958155686077 -29.101436430589082 90
    endloop
  endfacet
  facet normal 0.6035559419535715 0.7973206537727071 0
    outer loop
      vertex -20.57248383023656 -28.31559480312316 6
      vertex -21.66828822584419 -27.486092580826075 90
      vertex -20.57248383023656 -28.31559480312316 90
    endloop
  endfacet
  facet normal 0.539138322911 0.8422172337162868 0
    outer loop
      vertex -18.28744976505821 -29.842405752393226 6
      vertex -19.444958155686077 -29.101436430589082 90
      vertex -18.28744976505821 -29.842405752393226 90
    endloop
  endfacet
  facet normal 0.7208535967029203 0.6930873625456342 0
    outer loop
      vertex -24.748737341529164 -24.748737341529164 6
      vertex -25.701287830248994 -23.75802609365296 90
      vertex -24.748737341529164 -24.748737341529164 90
    endloop
  endfacet
  facet normal 0.9448060464668789 0.32763017956169044 0
    outer loop
      vertex -32.836696757286944 -12.114096997712254 6
      vertex -33.28697807033037 -10.815594803123158 90
      vertex -32.836696757286944 -12.114096997712254 90
    endloop
  endfacet
  facet normal 0.9569403357322085 0.29028467725446383 0
    outer loop
      vertex -33.28697807033037 -10.815594803123158 6
      vertex -33.68593327587765 -9.5004157452776 90
      vertex -33.28697807033037 -10.815594803123158 90
    endloop
  endfacet
  facet normal 0.8422172337162868 0.539138322911 0
    outer loop
      vertex -29.101436430589082 -19.444958155686077 6
      vertex -29.842405752393226 -18.28744976505821 90
      vertex -29.101436430589082 -19.444958155686077 90
    endloop
  endfacet
  facet normal 0.8627343859777906 0.5056573733779867 0
    outer loop
      vertex -29.842405752393226 -18.28744976505821 6
      vertex -30.537360247547902 -17.10174345239342 90
      vertex -29.842405752393226 -18.28744976505821 90
    endloop
  endfacet
  facet normal 0.8819212643483557 0.4713967368259965 0
    outer loop
      vertex -30.537360247547902 -17.10174345239342 6
      vertex -31.185228346592876 -15.889667490884136 90
      vertex -30.537360247547902 -17.10174345239342 90
    endloop
  endfacet
  facet normal 0.8997482840522217 0.4364092406733416 0
    outer loop
      vertex -31.185228346592876 -15.889667490884136 6
      vertex -31.785011083877844 -14.653090813809984 90
      vertex -31.185228346592876 -15.889667490884136 90
    endloop
  endfacet
  facet normal 0.9161879571171363 0.40074883310314 0
    outer loop
      vertex -31.785011083877844 -14.653090813809984 6
      vertex -32.335783637895034 -13.393920132778142 90
      vertex -31.785011083877844 -14.653090813809984 90
    endloop
  endfacet
  facet normal 0.931214934758803 0.364470499879151 0
    outer loop
      vertex -32.335783637895034 -13.393920132778142 6
      vertex -32.836696757286944 -12.114096997712254 90
      vertex -32.335783637895034 -13.393920132778142 90
    endloop
  endfacet
  facet normal 0.9675990923602591 0.2524915770151605 0
    outer loop
      vertex -33.68593327587765 -9.5004157452776 6
      vertex -34.03294721391868 -8.170587734956689 90
      vertex -33.68593327587765 -9.5004157452776 90
    endloop
  endfacet
  facet normal 0.9767658813208729 0.21430915306504847 0
    outer loop
      vertex -34.03294721391868 -8.170587734956689 6
      vertex -34.32748481411306 -6.828161270564489 90
      vertex -34.03294721391868 -8.170587734956689 90
    endloop
  endfacet
  facet normal 0.9905693404435771 0.13701234168196874 0
    outer loop
      vertex -34.56909192082982 -5.47520627640808 6
      vertex -34.75739599342242 -4.113808911024318 90
      vertex -34.56909192082982 -5.47520627640808 90
    endloop
  endfacet
  facet normal 0.9844265680898914 0.17579627993435581 0
    outer loop
      vertex -34.32748481411306 -6.828161270564489 6
      vertex -34.56909192082982 -5.47520627640808 90
      vertex -34.32748481411306 -6.828161270564489 90
    endloop
  endfacet
  facet normal 0.9951847266721968 0.09801714032956162 0
    outer loop
      vertex -34.75739599342242 -4.113808911024318 6
      vertex -34.89210668065948 -2.746068350474573 90
      vertex -34.75739599342242 -4.113808911024318 90
    endloop
  endfacet
  facet normal 0.9982656101847159 0.05887080365118913 0
    outer loop
      vertex -34.89210668065948 -2.746068350474573 6
      vertex -34.973016268425305 -1.3740935515674013 90
      vertex -34.89210668065948 -2.746068350474573 90
    endloop
  endfacet
  facet normal 0.9998072404820648 0.019633692460626982 0
    outer loop
      vertex -34.973016268425305 -1.3740935515674013 6
      vertex -35 0 90
      vertex -34.973016268425305 -1.3740935515674013 90
    endloop
  endfacet
  facet normal 0.2524915770151605 0.9675990923602591 0
    outer loop
      vertex -8.170587734956689 -34.03294721391868 6
      vertex -9.5004157452776 -33.68593327587765 90
      vertex -8.170587734956689 -34.03294721391868 90
    endloop
  endfacet
  facet normal 0.29028467725446383 0.9569403357322085 0
    outer loop
      vertex -9.5004157452776 -33.68593327587765 6
      vertex -10.815594803123158 -33.28697807033037 90
      vertex -9.5004157452776 -33.68593327587765 90
    endloop
  endfacet
  facet normal 0.21430915306504847 0.9767658813208729 0
    outer loop
      vertex -6.828161270564489 -34.32748481411306 6
      vertex -8.170587734956689 -34.03294721391868 90
      vertex -6.828161270564489 -34.32748481411306 90
    endloop
  endfacet
  facet normal 0.17579627993435581 0.9844265680898914 0
    outer loop
      vertex -5.47520627640808 -34.56909192082982 6
      vertex -6.828161270564489 -34.32748481411306 90
      vertex -5.47520627640808 -34.56909192082982 90
    endloop
  endfacet
  facet normal 0.13701234168196874 0.9905693404435771 0
    outer loop
      vertex -4.113808911024318 -34.75739599342242 6
      vertex -5.47520627640808 -34.56909192082982 90
      vertex -4.113808911024318 -34.75739599342242 90
    endloop
  endfacet
  facet normal 0.09801714032956162 0.9951847266721968 0
    outer loop
      vertex -2.746068350474573 -34.89210668065948 6
      vertex -4.113808911024318 -34.75739599342242 90
      vertex -2.746068350474573 -34.89210668065948 90
    endloop
  endfacet
  facet normal 0.05887080365118913 0.9982656101847159 0
    outer loop
      vertex -1.3740935515674013 -34.973016268425305 6
      vertex -2.746068350474573 -34.89210668065948 90
      vertex -1.3740935515674013 -34.973016268425305 90
    endloop
  endfacet
  facet normal 0.019633692460626982 0.9998072404820648 0
    outer loop
      vertex -1.3740935515674013 -34.973016268425305 90
      vertex 0 -35 90
      vertex 0 -35 6
    endloop
  endfacet
  facet normal -0.019633692460626982 0.9998072404820648 0
    outer loop
      vertex 1.3740935515674013 -34.973016268425305 6
      vertex 0 -35 90
      vertex 1.3740935515674013 -34.973016268425305 90
    endloop
  endfacet
  facet normal -0.05887080365118913 0.9982656101847159 0
    outer loop
      vertex 2.746068350474573 -34.89210668065948 6
      vertex 1.3740935515674013 -34.973016268425305 90
      vertex 2.746068350474573 -34.89210668065948 90
    endloop
  endfacet
  facet normal -0.09801714032956162 0.9951847266721968 0
    outer loop
      vertex 4.113808911024318 -34.75739599342242 6
      vertex 2.746068350474573 -34.89210668065948 90
      vertex 4.113808911024318 -34.75739599342242 90
    endloop
  endfacet
  facet normal -0.13701234168196874 0.9905693404435771 0
    outer loop
      vertex 5.47520627640808 -34.56909192082982 6
      vertex 4.113808911024318 -34.75739599342242 90
      vertex 5.47520627640808 -34.56909192082982 90
    endloop
  endfacet
  facet normal -0.17579627993435581 0.9844265680898914 0
    outer loop
      vertex 6.828161270564489 -34.32748481411306 6
      vertex 5.47520627640808 -34.56909192082982 90
      vertex 6.828161270564489 -34.32748481411306 90
    endloop
  endfacet
  facet normal -0.21430915306504847 0.9767658813208729 0
    outer loop
      vertex 8.170587734956689 -34.03294721391868 6
      vertex 6.828161270564489 -34.32748481411306 90
      vertex 8.170587734956689 -34.03294721391868 90
    endloop
  endfacet
  facet normal -0.2524915770151605 0.9675990923602591 0
    outer loop
      vertex 9.5004157452776 -33.68593327587765 6
      vertex 8.170587734956689 -34.03294721391868 90
      vertex 9.5004157452776 -33.68593327587765 90
    endloop
  endfacet
  facet normal -0.29028467725446383 0.9569403357322085 0
    outer loop
      vertex 10.815594803123158 -33.28697807033037 6
      vertex 9.5004157452776 -33.68593327587765 90
      vertex 10.815594803123158 -33.28697807033037 90
    endloop
  endfacet
  facet normal -0.32763017956169044 0.9448060464668789 0
    outer loop
      vertex 12.114096997712254 -32.836696757286944 6
      vertex 10.815594803123158 -33.28697807033037 90
      vertex 12.114096997712254 -32.836696757286944 90
    endloop
  endfacet
  facet normal -0.364470499879151 0.931214934758803 0
    outer loop
      vertex 13.393920132778142 -32.335783637895034 6
      vertex 12.114096997712254 -32.836696757286944 90
      vertex 13.393920132778142 -32.335783637895034 90
    endloop
  endfacet
  facet normal -0.40074883310314 0.9161879571171363 0
    outer loop
      vertex 14.653090813809984 -31.785011083877844 6
      vertex 13.393920132778142 -32.335783637895034 90
      vertex 14.653090813809984 -31.785011083877844 90
    endloop
  endfacet
  facet normal -0.4364092406733416 0.8997482840522217 0
    outer loop
      vertex 15.889667490884136 -31.185228346592876 6
      vertex 14.653090813809984 -31.785011083877844 90
      vertex 15.889667490884136 -31.185228346592876 90
    endloop
  endfacet
  facet normal -0.4713967368259965 0.8819212643483557 0
    outer loop
      vertex 17.10174345239342 -30.537360247547902 6
      vertex 15.889667490884136 -31.185228346592876 90
      vertex 17.10174345239342 -30.537360247547902 90
    endloop
  endfacet
  facet normal -0.5056573733779867 0.8627343859777906 0
    outer loop
      vertex 18.28744976505821 -29.842405752393226 6
      vertex 17.10174345239342 -30.537360247547902 90
      vertex 18.28744976505821 -29.842405752393226 90
    endloop
  endfacet
  facet normal -0.539138322911 0.8422172337162868 0
    outer loop
      vertex 19.444958155686077 -29.101436430589082 6
      vertex 18.28744976505821 -29.842405752393226 90
      vertex 19.444958155686077 -29.101436430589082 90
    endloop
  endfacet
  facet normal 0 0 1
    outer loop
      vertex -34.973016268425305 -1.3740935515674013 6
      vertex -34.973016268425305 1.3740935515674013 6
      vertex -35 0 6
    endloop
  endfacet
  facet normal 0 0 1
    outer loop
      vertex -34.973016268425305 -1.3740935515674013 6
      vertex -34.89210668065948 2.746068350474573 6
      vertex -34.973016268425305 1.3740935515674013 6
    endloop
  endfacet
  facet normal 0 0 1
    outer loop
      vertex -34.89210668065948 -2.746068350474573 6
      vertex -34.75739599342242 4.113808911024318 6
      vertex -34.89210668065948 2.746068350474573 6
    endloop
  endfacet
  facet normal 0 0 1
    outer loop
      vertex -34.75739599342242 -4.113808911024318 6
      vertex -34.56909192082982 5.47520627640808 6
      vertex -34.75739599342242 4.113808911024318 6
    endloop
  endfacet
  facet normal 0 0 1
    outer loop
      vertex -34.56909192082982 -5.47520627640808 6
      vertex -34.32748481411306 6.828161270564489 6
      vertex -34.56909192082982 5.47520627640808 6
    endloop
  endfacet
  facet normal 0 0 1
    outer loop
      vertex -34.32748481411306 -6.828161270564489 6
      vertex -34.03294721391868 8.170587734956689 6
      vertex -34.32748481411306 6.828161270564489 6
    endloop
  endfacet
  facet normal 0 0 1
    outer loop
      vertex -34.03294721391868 -8.170587734956689 6
      vertex -33.68593327587765 9.5004157452776 6
      vertex -34.03294721391868 8.170587734956689 6
    endloop
  endfacet
  facet normal 0 0 1
    outer loop
      vertex -33.68593327587765 -9.5004157452776 6
      vertex -33.28697807033037 10.815594803123158 6
      vertex -33.68593327587765 9.5004157452776 6
    endloop
  endfacet
  facet normal 0 0 1
    outer loop
      vertex -33.28697807033037 -10.815594803123158 6
      vertex -32.836696757286944 12.114096997712254 6
      vertex -33.28697807033037 10.815594803123158 6
    endloop
  endfacet
  facet normal 0 0 1
    outer loop
      vertex -32.836696757286944 -12.114096997712254 6
      vertex -32.335783637895034 13.393920132778142 6
      vertex -32.836696757286944 12.114096997712254 6
    endloop
  endfacet
  facet normal 0 0 1
    outer loop
      vertex -32.335783637895034 -13.393920132778142 6
      vertex -31.785011083877844 14.653090813809984 6
      vertex -32.335783637895034 13.393920132778142 6
    endloop
  endfacet
  facet normal 0 0 1
    outer loop
      vertex -31.785011083877844 -14.653090813809984 6
      vertex -31.185228346592876 15.889667490884136 6
      vertex -31.785011083877844 14.653090813809984 6
    endloop
  endfacet
  facet normal 0 0 1
    outer loop
      vertex -31.185228346592876 -15.889667490884136 6
      vertex -30.537360247547902 17.10174345239342 6
      vertex -31.185228346592876 15.889667490884136 6
    endloop
  endfacet
  facet normal 0 0 1
    outer loop
      vertex -30.537360247547902 -17.10174345239342 6
      vertex -29.842405752393226 18.28744976505821 6
      vertex -30.537360247547902 17.10174345239342 6
    endloop
  endfacet
  facet normal 0 0 1
    outer loop
      vertex -29.842405752393226 -18.28744976505821 6
      vertex -29.101436430589082 19.444958155686077 6
      vertex -29.842405752393226 18.28744976505821 6
    endloop
  endfacet
  facet normal 0 0 1
    outer loop
      vertex -29.101436430589082 -19.444958155686077 6
      vertex -28.31559480312316 20.57248383023656 6
      vertex -29.101436430589082 19.444958155686077 6
    endloop
  endfacet
  facet normal 0 0 1
    outer loop
      vertex -28.31559480312316 -20.57248383023656 6
      vertex -27.486092580826075 21.66828822584419 6
      vertex -28.31559480312316 20.57248383023656 6
    endloop
  endfacet
  facet normal 0 0 1
    outer loop
      vertex -27.486092580826075 -21.66828822584419 6
      vertex -26.614208796001083 22.730681691556427 6
      vertex -27.486092580826075 21.66828822584419 6
    endloop
  endfacet
  facet normal 0 0 1
    outer loop
      vertex -26.614208796001083 -22.730681691556427 6
      vertex -25.701287830248994 23.75802609365296 6
      vertex -26.614208796001083 22.730681691556427 6
    endloop
  endfacet
  facet normal 0 0 1
    outer loop
      vertex -25.701287830248994 -23.75802609365296 6
      vertex -24.748737341529164 24.748737341529164 6
      vertex -25.701287830248994 23.75802609365296 6
    endloop
  endfacet
  facet normal 0 0 1
    outer loop
      vertex -24.748737341529164 -24.748737341529164 6
      vertex -23.75802609365296 25.701287830248994 6
      vertex -24.748737341529164 24.748737341529164 6
    endloop
  endfacet
  facet normal 0 0 1
    outer loop
      vertex -23.75802609365296 -25.701287830248994 6
      vertex -22.730681691556427 26.614208796001083 6
      vertex -23.75802609365296 25.701287830248994 6
    endloop
  endfacet
  facet normal 0 0 1
    outer loop
      vertex -22.730681691556427 -26.614208796001083 6
      vertex -21.66828822584419 27.486092580826075 6
      vertex -22.730681691556427 26.614208796001083 6
    endloop
  endfacet
  facet normal 0 0 1
    outer loop
      vertex -21.66828822584419 -27.486092580826075 6
      vertex -20.57248383023656 28.31559480312316 6
      vertex -21.66828822584419 27.486092580826075 6
    endloop
  endfacet
  facet normal 0 0 1
    outer loop
      vertex -20.57248383023656 -28.31559480312316 6
      vertex -19.444958155686077 29.101436430589082 6
      vertex -20.57248383023656 28.31559480312316 6
    endloop
  endfacet
  facet normal 0 0 1
    outer loop
      vertex -19.444958155686077 -29.101436430589082 6
      vertex -18.28744976505821 29.842405752393226 6
      vertex -19.444958155686077 29.101436430589082 6
    endloop
  endfacet
  facet normal 0 0 1
    outer loop
      vertex -18.28744976505821 -29.842405752393226 6
      vertex -17.10174345239342 30.537360247547902 6
      vertex -18.28744976505821 29.842405752393226 6
    endloop
  endfacet
  facet normal 0 0 1
    outer loop
      vertex -17.10174345239342 -30.537360247547902 6
      vertex -15.889667490884136 31.185228346592876 6
      vertex -17.10174345239342 30.537360247547902 6
    endloop
  endfacet
  facet normal 0 0 1
    outer loop
      vertex -15.889667490884136 -31.185228346592876 6
      vertex -14.653090813809984 31.785011083877844 6
      vertex -15.889667490884136 31.185228346592876 6
    endloop
  endfacet
  facet normal 0 0 1
    outer loop
      vertex -14.653090813809984 -31.785011083877844 6
      vertex -13.393920132778142 32.335783637895034 6
      vertex -14.653090813809984 31.785011083877844 6
    endloop
  endfacet
  facet normal 0 0 1
    outer loop
      vertex -13.393920132778142 -32.335783637895034 6
      vertex -12.114096997712254 32.836696757286944 6
      vertex -13.393920132778142 32.335783637895034 6
    endloop
  endfacet
  facet normal 0 0 1
    outer loop
      vertex -12.114096997712254 -32.836696757286944 6
      vertex -10.815594803123158 33.28697807033037 6
      vertex -12.114096997712254 32.836696757286944 6
    endloop
  endfacet
  facet normal 0 0 1
    outer loop
      vertex -10.815594803123158 -33.28697807033037 6
      vertex -9.5004157452776 33.68593327587765 6
      vertex -10.815594803123158 33.28697807033037 6
    endloop
  endfacet
  facet normal 0.9998072404820648 -0.019633692460626982 0
    outer loop
      vertex -35 0 6
      vertex -34.973016268425305 1.3740935515674013 6
      vertex -34.973016268425305 1.3740935515674013 90
    endloop
  endfacet
  facet normal 0.9982656101847159 -0.05887080365118913 0
    outer loop
      vertex -34.973016268425305 1.3740935515674013 6
      vertex -34.89210668065948 2.746068350474573 6
      vertex -34.89210668065948 2.746068350474573 90
    endloop
  endfacet
  facet normal 0.9951847266721968 -0.09801714032956162 0
    outer loop
      vertex -34.89210668065948 2.746068350474573 6
      vertex -34.75739599342242 4.113808911024318 6
      vertex -34.75739599342242 4.113808911024318 90
    endloop
  endfacet
  facet normal 0.9905693404435771 -0.13701234168196874 0
    outer loop
      vertex -34.75739599342242 4.113808911024318 6
      vertex -34.56909192082982 5.47520627640808 6
      vertex -34.56909192082982 5.47520627640808 90
    endloop
  endfacet
  facet normal 0.9844265680898914 -0.17579627993435581 0
    outer loop
      vertex -34.56909192082982 5.47520627640808 6
      vertex -34.32748481411306 6.828161270564489 6
      vertex -34.32748481411306 6.828161270564489 90
    endloop
  endfacet
  facet normal 0.9767658813208729 -0.21430915306504847 0
    outer loop
      vertex -34.32748481411306 6.828161270564489 6
      vertex -34.03294721391868 8.170587734956689 6
      vertex -34.03294721391868 8.170587734956689 90
    endloop
  endfacet
  facet normal 0.9675990923602591 -0.2524915770151605 0
    outer loop
      vertex -34.03294721391868 8.170587734956689 6
      vertex -33.68593327587765 9.5004157452776 6
      vertex -33.68593327587765 9.5004157452776 90
    endloop
  endfacet
  facet normal 0.9569403357322085 -0.29028467725446383 0
    outer loop
      vertex -33.68593327587765 9.5004157452776 6
      vertex -33.28697807033037 10.815594803123158 6
      vertex -33.28697807033037 10.815594803123158 90
    endloop
  endfacet
  facet normal 0.9448060464668789 -0.32763017956169044 0
    outer loop
      vertex -33.28697807033037 10.815594803123158 6
      vertex -32.836696757286944 12.114096997712254 6
      vertex -32.836696757286944 12.114096997712254 90
    endloop
  endfacet
  facet normal 0.931214934758803 -0.364470499879151 0
    outer loop
      vertex -32.836696757286944 12.114096997712254 6
      vertex -32.335783637895034 13.393920132778142 6
      vertex -32.335783637895034 13.393920132778142 90
    endloop
  endfacet
  facet normal 0.9161879571171363 -0.40074883310314 0
    outer loop
      vertex -32.335783637895034 13.393920132778142 6
      vertex -31.785011083877844 14.653090813809984 6
      vertex -31.785011083877844 14.653090813809984 90
    endloop
  endfacet
  facet normal 0.8997482840522217 -0.4364092406733416 0
    outer loop
      vertex -31.785011083877844 14.653090813809984 6
      vertex -31.185228346592876 15.889667490884136 6
      vertex -31.185228346592876 15.889667490884136 90
    endloop
  endfacet
  facet normal 0.8819212643483557 -0.4713967368259965 0
    outer loop
      vertex -31.185228346592876 15.889667490884136 6
      vertex -30.537360247547902 17.10174345239342 6
      vertex -30.537360247547902 17.10174345239342 90
    endloop
  endfacet
  facet normal 0.8627343859777906 -0.5056573733779867 0
    outer loop
      vertex -30.537360247547902 17.10174345239342 6
      vertex -29.842405752393226 18.28744976505821 6
      vertex -29.842405752393226 18.28744976505821 90
    endloop
  endfacet
  facet normal 0.8422172337162868 -0.539138322911 0
    outer loop
      vertex -29.842405752393226 18.28744976505821 6
      vertex -29.101436430589082 19.444958155686077 6
      vertex -29.101436430589082 19.444958155686077 90
    endloop
  endfacet
  facet normal 0.820401443525515 -0.5717879602276102 0
    outer loop
      vertex -29.101436430589082 19.444958155686077 6
      vertex -28.31559480312316 20.57248383023656 6
      vertex -28.31559480312316 20.57248383023656 90
    endloop
  endfacet
  facet normal 0.7973206537727071 -0.6035559419535715 0
    outer loop
      vertex -28.31559480312316 20.57248383023656 6
      vertex -27.486092580826075 21.66828822584419 6
      vertex -27.486092580826075 21.66828822584419 90
    endloop
  endfacet
  facet normal 0.773010453362736 -0.6343932841636467 0
    outer loop
      vertex -27.486092580826075 21.66828822584419 6
      vertex -26.614208796001083 22.730681691556427 6
      vertex -26.614208796001083 22.730681691556427 90
    endloop
  endfacet
  facet normal 0.747508326862596 -0.6642524379112824 0
    outer loop
      vertex -26.614208796001083 22.730681691556427 6
      vertex -25.701287830248994 23.75802609365296 6
      vertex -25.701287830248994 23.75802609365296 90
    endloop
  endfacet
  facet normal 0.7208535967029203 -0.6930873625456342 0
    outer loop
      vertex -25.701287830248994 23.75802609365296 6
      vertex -24.748737341529164 24.748737341529164 6
      vertex -24.748737341529164 24.748737341529164 90
    endloop
  endfacet
  facet normal 0.6930873625456342 -0.7208535967029203 0
    outer loop
      vertex -24.748737341529164 24.748737341529164 6
      vertex -23.75802609365296 25.701287830248994 6
      vertex -23.75802609365296 25.701287830248994 90
    endloop
  endfacet
  facet normal 0.6642524379112824 -0.747508326862596 0
    outer loop
      vertex -23.75802609365296 25.701287830248994 6
      vertex -22.730681691556427 26.614208796001083 6
      vertex -22.730681691556427 26.614208796001083 90
    endloop
  endfacet
  facet normal 0.6343932841636467 -0.773010453362736 0
    outer loop
      vertex -22.730681691556427 26.614208796001083 6
      vertex -21.66828822584419 27.486092580826075 6
      vertex -21.66828822584419 27.486092580826075 90
    endloop
  endfacet
  facet normal 0.6035559419535715 -0.7973206537727071 0
    outer loop
      vertex -21.66828822584419 27.486092580826075 6
      vertex -20.57248383023656 28.31559480312316 6
      vertex -20.57248383023656 28.31559480312316 90
    endloop
  endfacet
  facet normal 0.5717879602276102 -0.820401443525515 0
    outer loop
      vertex -20.57248383023656 28.31559480312316 6
      vertex -19.444958155686077 29.101436430589082 6
      vertex -19.444958155686077 29.101436430589082 90
    endloop
  endfacet
  facet normal 0.539138322911 -0.8422172337162868 0
    outer loop
      vertex -19.444958155686077 29.101436430589082 6
      vertex -18.28744976505821 29.842405752393226 6
      vertex -18.28744976505821 29.842405752393226 90
    endloop
  endfacet
  facet normal 0.5056573733779867 -0.8627343859777906 0
    outer loop
      vertex -18.28744976505821 29.842405752393226 6
      vertex -17.10174345239342 30.537360247547902 6
      vertex -17.10174345239342 30.537360247547902 90
    endloop
  endfacet
  facet normal 0.4713967368259965 -0.8819212643483557 0
    outer loop
      vertex -17.10174345239342 30.537360247547902 6
      vertex -15.889667490884136 31.185228346592876 6
      vertex -15.889667490884136 31.185228346592876 90
    endloop
  endfacet
  facet normal 0.4364092406733416 -0.8997482840522217 0
    outer loop
      vertex -15.889667490884136 31.185228346592876 6
      vertex -14.653090813809984 31.785011083877844 6
      vertex -14.653090813809984 31.785011083877844 90
    endloop
  endfacet
  facet normal 0.40074883310314 -0.9161879571171363 0
    outer loop
      vertex -14.653090813809984 31.785011083877844 6
      vertex -13.393920132778142 32.335783637895034 6
      vertex -13.393920132778142 32.335783637895034 90
    endloop
  endfacet
  facet normal 0.364470499879151 -0.931214934758803 0
    outer loop
      vertex -13.393920132778142 32.335783637895034 6
      vertex -12.114096997712254 32.836696757286944 6
      vertex -12.114096997712254 32.836696757286944 90
    endloop
  endfacet
  facet normal 0.32763017956169044 -0.9448060464668789 0
    outer loop
      vertex -12.114096997712254 32.836696757286944 6
      vertex -10.815594803123158 33.28697807033037 6
      vertex -10.815594803123158 33.28697807033037 90
    endloop
  endfacet
  facet normal 0 0 1
    outer loop
      vertex -9.5004157452776 -33.68593327587765 6
      vertex -8.170587734956689 34.03294721391868 6
      vertex -9.5004157452776 33.68593327587765 6
    endloop
  endfacet
  facet normal 0 0 1
    outer loop
      vertex -8.170587734956689 -34.03294721391868 6
      vertex -6.828161270564489 34.32748481411306 6
      vertex -8.170587734956689 34.03294721391868 6
    endloop
  endfacet
  facet normal 0 0 1
    outer loop
      vertex -6.828161270564489 -34.32748481411306 6
      vertex -5.47520627640808 34.56909192082982 6
      vertex -6.828161270564489 34.32748481411306 6
    endloop
  endfacet
  facet normal 0 0 1
    outer loop
      vertex -5.47520627640808 -34.56909192082982 6
      vertex -4.113808911024318 34.75739599342242 6
      vertex -5.47520627640808 34.56909192082982 6
    endloop
  endfacet
  facet normal 0 0 1
    outer loop
      vertex -4.113808911024318 -34.75739599342242 6
      vertex -2.746068350474573 34.89210668065948 6
      vertex -4.113808911024318 34.75739599342242 6
    endloop
  endfacet
  facet normal 0 0 1
    outer loop
      vertex -2.746068350474573 -34.89210668065948 6
      vertex -1.3740935515674013 34.973016268425305 6
      vertex -2.746068350474573 34.89210668065948 6
    endloop
  endfacet
  facet normal 0 0 1
    outer loop
      vertex -1.3740935515674013 -34.973016268425305 6
      vertex 0 35 6
      vertex -1.3740935515674013 34.973016268425305 6
    endloop
  endfacet
  facet normal 0 0 1
    outer loop
      vertex 0 -35 6
      vertex 1.3740935515674013 34.973016268425305 6
      vertex 0 35 6
    endloop
  endfacet
  facet normal 0 0 1
    outer loop
      vertex 1.3740935515674013 -34.973016268425305 6
      vertex 2.746068350474573 34.89210668065948 6
      vertex 1.3740935515674013 34.973016268425305 6
    endloop
  endfacet
  facet normal 0 0 1
    outer loop
      vertex 2.746068350474573 -34.89210668065948 6
      vertex 4.113808911024318 34.75739599342242 6
      vertex 2.746068350474573 34.89210668065948 6
    endloop
  endfacet
  facet normal 0 0 1
    outer loop
      vertex 4.113808911024318 -34.75739599342242 6
      vertex 5.47520627640808 34.56909192082982 6
      vertex 4.113808911024318 34.75739599342242 6
    endloop
  endfacet
  facet normal 0 0 1
    outer loop
      vertex 17.10174345239342 -30.537360247547902 6
      vertex 18.28744976505821 29.842405752393226 6
      vertex 17.10174345239342 30.537360247547902 6
    endloop
  endfacet
  facet normal 0 0 1
    outer loop
      vertex 18.28744976505821 -29.842405752393226 6
      vertex 19.444958155686077 29.101436430589082 6
      vertex 18.28744976505821 29.842405752393226 6
    endloop
  endfacet
  facet normal 0 0 1
    outer loop
      vertex 5.47520627640808 -34.56909192082982 6
      vertex 6.828161270564489 34.32748481411306 6
      vertex 5.47520627640808 34.56909192082982 6
    endloop
  endfacet
  facet normal 0 0 1
    outer loop
      vertex 6.828161270564489 -34.32748481411306 6
      vertex 8.170587734956689 34.03294721391868 6
      vertex 6.828161270564489 34.32748481411306 6
    endloop
  endfacet
  facet normal 0 0 1
    outer loop
      vertex 8.170587734956689 -34.03294721391868 6
      vertex 9.5004157452776 33.68593327587765 6
      vertex 8.170587734956689 34.03294721391868 6
    endloop
  endfacet
  facet normal 0 0 1
    outer loop
      vertex 9.5004157452776 -33.68593327587765 6
      vertex 10.815594803123158 33.28697807033037 6
      vertex 9.5004157452776 33.68593327587765 6
    endloop
  endfacet
  facet normal 0 0 1
    outer loop
      vertex 10.815594803123158 -33.28697807033037 6
      vertex 12.114096997712254 32.836696757286944 6
      vertex 10.815594803123158 33.28697807033037 6
    endloop
  endfacet
  facet normal 0 0 1
    outer loop
      vertex 12.114096997712254 -32.836696757286944 6
      vertex 13.393920132778142 32.335783637895034 6
      vertex 12.114096997712254 32.836696757286944 6
    endloop
  endfacet
  facet normal 0 0 1
    outer loop
      vertex 13.393920132778142 -32.335783637895034 6
      vertex 14.653090813809984 31.785011083877844 6
      vertex 13.393920132778142 32.335783637895034 6
    endloop
  endfacet
  facet normal 0 0 1
    outer loop
      vertex 14.653090813809984 -31.785011083877844 6
      vertex 15.889667490884136 31.185228346592876 6
      vertex 14.653090813809984 31.785011083877844 6
    endloop
  endfacet
  facet normal 0 0 1
    outer loop
      vertex 15.889667490884136 -31.185228346592876 6
      vertex 17.10174345239342 30.537360247547902 6
      vertex 15.889667490884136 31.185228346592876 6
    endloop
  endfacet
  facet normal 0.29028467725446383 -0.9569403357322085 0
    outer loop
      vertex -10.815594803123158 33.28697807033037 6
      vertex -9.5004157452776 33.68593327587765 6
      vertex -9.5004157452776 33.68593327587765 90
    endloop
  endfacet
  facet normal 0.2524915770151605 -0.9675990923602591 0
    outer loop
      vertex -9.5004157452776 33.68593327587765 6
      vertex -8.170587734956689 34.03294721391868 6
      vertex -8.170587734956689 34.03294721391868 90
    endloop
  endfacet
  facet normal 0.21430915306504847 -0.9767658813208729 0
    outer loop
      vertex -8.170587734956689 34.03294721391868 6
      vertex -6.828161270564489 34.32748481411306 6
      vertex -6.828161270564489 34.32748481411306 90
    endloop
  endfacet
  facet normal 0.17579627993435581 -0.9844265680898914 0
    outer loop
      vertex -6.828161270564489 34.32748481411306 6
      vertex -5.47520627640808 34.56909192082982 6
      vertex -5.47520627640808 34.56909192082982 90
    endloop
  endfacet
  facet normal 0.13701234168196874 -0.9905693404435771 0
    outer loop
      vertex -5.47520627640808 34.56909192082982 6
      vertex -4.113808911024318 34.75739599342242 6
      vertex -4.113808911024318 34.75739599342242 90
    endloop
  endfacet
  facet normal 0.09801714032956162 -0.9951847266721968 0
    outer loop
      vertex -4.113808911024318 34.75739599342242 6
      vertex -2.746068350474573 34.89210668065948 6
      vertex -2.746068350474573 34.89210668065948 90
    endloop
  endfacet
  facet normal 0.05887080365118913 -0.9982656101847159 0
    outer loop
      vertex -2.746068350474573 34.89210668065948 6
      vertex -1.3740935515674013 34.973016268425305 6
      vertex -1.3740935515674013 34.973016268425305 90
    endloop
  endfacet
  facet normal 0.019633692460626982 -0.9998072404820648 0
    outer loop
      vertex -1.3740935515674013 34.973016268425305 6
      vertex 0 35 6
      vertex 0 35 90
    endloop
  endfacet
  facet normal -0.019633692460626982 -0.9998072404820648 0
    outer loop
      vertex 1.3740935515674013 34.973016268425305 6
      vertex 1.3740935515674013 34.973016268425305 90
      vertex 0 35 6
    endloop
  endfacet
  facet normal -0.05887080365118913 -0.9982656101847159 0
    outer loop
      vertex 1.3740935515674013 34.973016268425305 6
      vertex 2.746068350474573 34.89210668065948 6
      vertex 2.746068350474573 34.89210668065948 90
    endloop
  endfacet
  facet normal -0.09801714032956162 -0.9951847266721968 0
    outer loop
      vertex 2.746068350474573 34.89210668065948 6
      vertex 4.113808911024318 34.75739599342242 6
      vertex 4.113808911024318 34.75739599342242 90
    endloop
  endfacet
  facet normal -0.539138322911 -0.8422172337162868 0
    outer loop
      vertex 18.28744976505821 29.842405752393226 6
      vertex 19.444958155686077 29.101436430589082 6
      vertex 19.444958155686077 29.101436430589082 90
    endloop
  endfacet
  facet normal -0.13701234168196874 -0.9905693404435771 0
    outer loop
      vertex 4.113808911024318 34.75739599342242 6
      vertex 5.47520627640808 34.56909192082982 6
      vertex 5.47520627640808 34.56909192082982 90
    endloop
  endfacet
  facet normal -0.17579627993435581 -0.9844265680898914 0
    outer loop
      vertex 5.47520627640808 34.56909192082982 6
      vertex 6.828161270564489 34.32748481411306 6
      vertex 6.828161270564489 34.32748481411306 90
    endloop
  endfacet
  facet normal -0.21430915306504847 -0.9767658813208729 0
    outer loop
      vertex 6.828161270564489 34.32748481411306 6
      vertex 8.170587734956689 34.03294721391868 6
      vertex 8.170587734956689 34.03294721391868 90
    endloop
  endfacet
  facet normal -0.2524915770151605 -0.9675990923602591 0
    outer loop
      vertex 8.170587734956689 34.03294721391868 6
      vertex 9.5004157452776 33.68593327587765 6
      vertex 9.5004157452776 33.68593327587765 90
    endloop
  endfacet
  facet normal -0.29028467725446383 -0.9569403357322085 0
    outer loop
      vertex 9.5004157452776 33.68593327587765 6
      vertex 10.815594803123158 33.28697807033037 6
      vertex 10.815594803123158 33.28697807033037 90
    endloop
  endfacet
  facet normal -0.32763017956169044 -0.9448060464668789 0
    outer loop
      vertex 10.815594803123158 33.28697807033037 6
      vertex 12.114096997712254 32.836696757286944 6
      vertex 12.114096997712254 32.836696757286944 90
    endloop
  endfacet
  facet normal -0.40074883310314 -0.9161879571171363 0
    outer loop
      vertex 13.393920132778142 32.335783637895034 6
      vertex 14.653090813809984 31.785011083877844 6
      vertex 14.653090813809984 31.785011083877844 90
    endloop
  endfacet
  facet normal -0.4364092406733416 -0.8997482840522217 0
    outer loop
      vertex 14.653090813809984 31.785011083877844 6
      vertex 15.889667490884136 31.185228346592876 6
      vertex 15.889667490884136 31.185228346592876 90
    endloop
  endfacet
  facet normal -0.364470499879151 -0.931214934758803 0
    outer loop
      vertex 12.114096997712254 32.836696757286944 6
      vertex 13.393920132778142 32.335783637895034 6
      vertex 13.393920132778142 32.335783637895034 90
    endloop
  endfacet
  facet normal -0.4713967368259965 -0.8819212643483557 0
    outer loop
      vertex 15.889667490884136 31.185228346592876 6
      vertex 17.10174345239342 30.537360247547902 6
      vertex 17.10174345239342 30.537360247547902 90
    endloop
  endfacet
  facet normal -0.5056573733779867 -0.8627343859777906 0
    outer loop
      vertex 18.28744976505821 29.842405752393226 6
      vertex 18.28744976505821 29.842405752393226 90
      vertex 17.10174345239342 30.537360247547902 6
    endloop
  endfacet
  facet normal 0.9998072404820648 -0.019633692460626982 0
    outer loop
      vertex -35 0 6
      vertex -34.973016268425305 1.3740935515674013 90
      vertex -35 0 90
    endloop
  endfacet
  facet normal 0.9982656101847159 -0.05887080365118913 0
    outer loop
      vertex -34.973016268425305 1.3740935515674013 6
      vertex -34.89210668065948 2.746068350474573 90
      vertex -34.973016268425305 1.3740935515674013 90
    endloop
  endfacet
  facet normal 0.9951847266721968 -0.09801714032956162 0
    outer loop
      vertex -34.89210668065948 2.746068350474573 6
      vertex -34.75739599342242 4.113808911024318 90
      vertex -34.89210668065948 2.746068350474573 90
    endloop
  endfacet
  facet normal 0.9905693404435771 -0.13701234168196874 0
    outer loop
      vertex -34.75739599342242 4.113808911024318 6
      vertex -34.56909192082982 5.47520627640808 90
      vertex -34.75739599342242 4.113808911024318 90
    endloop
  endfacet
  facet normal 0.9844265680898914 -0.17579627993435581 0
    outer loop
      vertex -34.56909192082982 5.47520627640808 6
      vertex -34.32748481411306 6.828161270564489 90
      vertex -34.56909192082982 5.47520627640808 90
    endloop
  endfacet
  facet normal 0.9767658813208729 -0.21430915306504847 0
    outer loop
      vertex -34.32748481411306 6.828161270564489 6
      vertex -34.03294721391868 8.170587734956689 90
      vertex -34.32748481411306 6.828161270564489 90
    endloop
  endfacet
  facet normal 0.9675990923602591 -0.2524915770151605 0
    outer loop
      vertex -34.03294721391868 8.170587734956689 6
      vertex -33.68593327587765 9.5004157452776 90
      vertex -34.03294721391868 8.170587734956689 90
    endloop
  endfacet
  facet normal 0.9569403357322085 -0.29028467725446383 0
    outer loop
      vertex -33.68593327587765 9.5004157452776 6
      vertex -33.28697807033037 10.815594803123158 90
      vertex -33.68593327587765 9.5004157452776 90
    endloop
  endfacet
  facet normal 0.9448060464668789 -0.32763017956169044 0
    outer loop
      vertex -33.28697807033037 10.815594803123158 6
      vertex -32.836696757286944 12.114096997712254 90
      vertex -33.28697807033037 10.815594803123158 90
    endloop
  endfacet
  facet normal 0.931214934758803 -0.364470499879151 0
    outer loop
      vertex -32.836696757286944 12.114096997712254 6
      vertex -32.335783637895034 13.393920132778142 90
      vertex -32.836696757286944 12.114096997712254 90
    endloop
  endfacet
  facet normal 0.9161879571171363 -0.40074883310314 0
    outer loop
      vertex -32.335783637895034 13.393920132778142 6
      vertex -31.785011083877844 14.653090813809984 90
      vertex -32.335783637895034 13.393920132778142 90
    endloop
  endfacet
  facet normal 0.8997482840522217 -0.4364092406733416 0
    outer loop
      vertex -31.785011083877844 14.653090813809984 6
      vertex -31.185228346592876 15.889667490884136 90
      vertex -31.785011083877844 14.653090813809984 90
    endloop
  endfacet
  facet normal 0.8819212643483557 -0.4713967368259965 0
    outer loop
      vertex -31.185228346592876 15.889667490884136 6
      vertex -30.537360247547902 17.10174345239342 90
      vertex -31.185228346592876 15.889667490884136 90
    endloop
  endfacet
  facet normal 0.8627343859777906 -0.5056573733779867 0
    outer loop
      vertex -30.537360247547902 17.10174345239342 6
      vertex -29.842405752393226 18.28744976505821 90
      vertex -30.537360247547902 17.10174345239342 90
    endloop
  endfacet
  facet normal 0.8422172337162868 -0.539138322911 0
    outer loop
      vertex -29.842405752393226 18.28744976505821 6
      vertex -29.101436430589082 19.444958155686077 90
      vertex -29.842405752393226 18.28744976505821 90
    endloop
  endfacet
  facet normal 0.820401443525515 -0.5717879602276102 0
    outer loop
      vertex -29.101436430589082 19.444958155686077 6
      vertex -28.31559480312316 20.57248383023656 90
      vertex -29.101436430589082 19.444958155686077 90
    endloop
  endfacet
  facet normal 0.7973206537727071 -0.6035559419535715 0
    outer loop
      vertex -28.31559480312316 20.57248383023656 6
      vertex -27.486092580826075 21.66828822584419 90
      vertex -28.31559480312316 20.57248383023656 90
    endloop
  endfacet
  facet normal 0.773010453362736 -0.6343932841636467 0
    outer loop
      vertex -27.486092580826075 21.66828822584419 6
      vertex -26.614208796001083 22.730681691556427 90
      vertex -27.486092580826075 21.66828822584419 90
    endloop
  endfacet
  facet normal 0.747508326862596 -0.6642524379112824 0
    outer loop
      vertex -26.614208796001083 22.730681691556427 6
      vertex -25.701287830248994 23.75802609365296 90
      vertex -26.614208796001083 22.730681691556427 90
    endloop
  endfacet
  facet normal 0.7208535967029203 -0.6930873625456342 0
    outer loop
      vertex -25.701287830248994 23.75802609365296 6
      vertex -24.748737341529164 24.748737341529164 90
      vertex -25.701287830248994 23.75802609365296 90
    endloop
  endfacet
  facet normal 0.6930873625456342 -0.7208535967029203 0
    outer loop
      vertex -24.748737341529164 24.748737341529164 6
      vertex -23.75802609365296 25.701287830248994 90
      vertex -24.748737341529164 24.748737341529164 90
    endloop
  endfacet
  facet normal 0.6642524379112824 -0.747508326862596 0
    outer loop
      vertex -23.75802609365296 25.701287830248994 6
      vertex -22.730681691556427 26.614208796001083 90
      vertex -23.75802609365296 25.701287830248994 90
    endloop
  endfacet
  facet normal 0.6343932841636467 -0.773010453362736 0
    outer loop
      vertex -22.730681691556427 26.614208796001083 6
      vertex -21.66828822584419 27.486092580826075 90
      vertex -22.730681691556427 26.614208796001083 90
    endloop
  endfacet
  facet normal 0.6035559419535715 -0.7973206537727071 0
    outer loop
      vertex -21.66828822584419 27.486092580826075 6
      vertex -20.57248383023656 28.31559480312316 90
      vertex -21.66828822584419 27.486092580826075 90
    endloop
  endfacet
  facet normal 0.5717879602276102 -0.820401443525515 0
    outer loop
      vertex -20.57248383023656 28.31559480312316 6
      vertex -19.444958155686077 29.101436430589082 90
      vertex -20.57248383023656 28.31559480312316 90
    endloop
  endfacet
  facet normal 0.539138322911 -0.8422172337162868 0
    outer loop
      vertex -19.444958155686077 29.101436430589082 6
      vertex -18.28744976505821 29.842405752393226 90
      vertex -19.444958155686077 29.101436430589082 90
    endloop
  endfacet
  facet normal 0.5056573733779867 -0.8627343859777906 0
    outer loop
      vertex -18.28744976505821 29.842405752393226 6
      vertex -17.10174345239342 30.537360247547902 90
      vertex -18.28744976505821 29.842405752393226 90
    endloop
  endfacet
  facet normal 0.4713967368259965 -0.8819212643483557 0
    outer loop
      vertex -17.10174345239342 30.537360247547902 6
      vertex -15.889667490884136 31.185228346592876 90
      vertex -17.10174345239342 30.537360247547902 90
    endloop
  endfacet
  facet normal 0.4364092406733416 -0.8997482840522217 0
    outer loop
      vertex -15.889667490884136 31.185228346592876 6
      vertex -14.653090813809984 31.785011083877844 90
      vertex -15.889667490884136 31.185228346592876 90
    endloop
  endfacet
  facet normal 0.40074883310314 -0.9161879571171363 0
    outer loop
      vertex -14.653090813809984 31.785011083877844 6
      vertex -13.393920132778142 32.335783637895034 90
      vertex -14.653090813809984 31.785011083877844 90
    endloop
  endfacet
  facet normal 0.364470499879151 -0.931214934758803 0
    outer loop
      vertex -13.393920132778142 32.335783637895034 6
      vertex -12.114096997712254 32.836696757286944 90
      vertex -13.393920132778142 32.335783637895034 90
    endloop
  endfacet
  facet normal 0.32763017956169044 -0.9448060464668789 0
    outer loop
      vertex -12.114096997712254 32.836696757286944 6
      vertex -10.815594803123158 33.28697807033037 90
      vertex -12.114096997712254 32.836696757286944 90
    endloop
  endfacet
  facet normal 0.29028467725446383 -0.9569403357322085 0
    outer loop
      vertex -10.815594803123158 33.28697807033037 6
      vertex -9.5004157452776 33.68593327587765 90
      vertex -10.815594803123158 33.28697807033037 90
    endloop
  endfacet
  facet normal 0.2524915770151605 -0.9675990923602591 0
    outer loop
      vertex -9.5004157452776 33.68593327587765 6
      vertex -8.170587734956689 34.03294721391868 90
      vertex -9.5004157452776 33.68593327587765 90
    endloop
  endfacet
  facet normal 0.21430915306504847 -0.9767658813208729 0
    outer loop
      vertex -8.170587734956689 34.03294721391868 6
      vertex -6.828161270564489 34.32748481411306 90
      vertex -8.170587734956689 34.03294721391868 90
    endloop
  endfacet
  facet normal 0.17579627993435581 -0.9844265680898914 0
    outer loop
      vertex -6.828161270564489 34.32748481411306 6
      vertex -5.47520627640808 34.56909192082982 90
      vertex -6.828161270564489 34.32748481411306 90
    endloop
  endfacet
  facet normal 0.13701234168196874 -0.9905693404435771 0
    outer loop
      vertex -5.47520627640808 34.56909192082982 6
      vertex -4.113808911024318 34.75739599342242 90
      vertex -5.47520627640808 34.56909192082982 90
    endloop
  endfacet
  facet normal 0.09801714032956162 -0.9951847266721968 0
    outer loop
      vertex -4.113808911024318 34.75739599342242 6
      vertex -2.746068350474573 34.89210668065948 90
      vertex -4.113808911024318 34.75739599342242 90
    endloop
  endfacet
  facet normal 0.05887080365118913 -0.9982656101847159 0
    outer loop
      vertex -2.746068350474573 34.89210668065948 6
      vertex -1.3740935515674013 34.973016268425305 90
      vertex -2.746068350474573 34.89210668065948 90
    endloop
  endfacet
  facet normal 0.019633692460626982 -0.9998072404820648 0
    outer loop
      vertex -1.3740935515674013 34.973016268425305 6
      vertex 0 35 90
      vertex -1.3740935515674013 34.973016268425305 90
    endloop
  endfacet
  facet normal -0.019633692460626982 -0.9998072404820648 0
    outer loop
      vertex 0 35 6
      vertex 1.3740935515674013 34.973016268425305 90
      vertex 0 35 90
    endloop
  endfacet
  facet normal -0.05887080365118913 -0.9982656101847159 0
    outer loop
      vertex 1.3740935515674013 34.973016268425305 6
      vertex 2.746068350474573 34.89210668065948 90
      vertex 1.3740935515674013 34.973016268425305 90
    endloop
  endfacet
  facet normal -0.09801714032956162 -0.9951847266721968 0
    outer loop
      vertex 2.746068350474573 34.89210668065948 6
      vertex 4.113808911024318 34.75739599342242 90
      vertex 2.746068350474573 34.89210668065948 90
    endloop
  endfacet
  facet normal -0.13701234168196874 -0.9905693404435771 0
    outer loop
      vertex 4.113808911024318 34.75739599342242 6
      vertex 5.47520627640808 34.56909192082982 90
      vertex 4.113808911024318 34.75739599342242 90
    endloop
  endfacet
  facet normal -0.539138322911 -0.8422172337162868 0
    outer loop
      vertex 18.28744976505821 29.842405752393226 6
      vertex 19.444958155686077 29.101436430589082 90
      vertex 18.28744976505821 29.842405752393226 90
    endloop
  endfacet
  facet normal -0.17579627993435581 -0.9844265680898914 0
    outer loop
      vertex 5.47520627640808 34.56909192082982 6
      vertex 6.828161270564489 34.32748481411306 90
      vertex 5.47520627640808 34.56909192082982 90
    endloop
  endfacet
  facet normal -0.21430915306504847 -0.9767658813208729 0
    outer loop
      vertex 6.828161270564489 34.32748481411306 6
      vertex 8.170587734956689 34.03294721391868 90
      vertex 6.828161270564489 34.32748481411306 90
    endloop
  endfacet
  facet normal -0.29028467725446383 -0.9569403357322085 0
    outer loop
      vertex 9.5004157452776 33.68593327587765 6
      vertex 10.815594803123158 33.28697807033037 90
      vertex 9.5004157452776 33.68593327587765 90
    endloop
  endfacet
  facet normal -0.2524915770151605 -0.9675990923602591 0
    outer loop
      vertex 8.170587734956689 34.03294721391868 6
      vertex 9.5004157452776 33.68593327587765 90
      vertex 8.170587734956689 34.03294721391868 90
    endloop
  endfacet
  facet normal -0.32763017956169044 -0.9448060464668789 0
    outer loop
      vertex 10.815594803123158 33.28697807033037 6
      vertex 12.114096997712254 32.836696757286944 90
      vertex 10.815594803123158 33.28697807033037 90
    endloop
  endfacet
  facet normal -0.40074883310314 -0.9161879571171363 0
    outer loop
      vertex 13.393920132778142 32.335783637895034 6
      vertex 14.653090813809984 31.785011083877844 90
      vertex 13.393920132778142 32.335783637895034 90
    endloop
  endfacet
  facet normal -0.4364092406733416 -0.8997482840522217 0
    outer loop
      vertex 14.653090813809984 31.785011083877844 6
      vertex 15.889667490884136 31.185228346592876 90
      vertex 14.653090813809984 31.785011083877844 90
    endloop
  endfacet
  facet normal -0.364470499879151 -0.931214934758803 0
    outer loop
      vertex 12.114096997712254 32.836696757286944 6
      vertex 13.393920132778142 32.335783637895034 90
      vertex 12.114096997712254 32.836696757286944 90
    endloop
  endfacet
  facet normal -0.4713967368259965 -0.8819212643483557 0
    outer loop
      vertex 15.889667490884136 31.185228346592876 6
      vertex 17.10174345239342 30.537360247547902 90
      vertex 15.889667490884136 31.185228346592876 90
    endloop
  endfacet
  facet normal -0.5056573733779867 -0.8627343859777906 0
    outer loop
      vertex 17.10174345239342 30.537360247547902 6
      vertex 18.28744976505821 29.842405752393226 90
      vertex 17.10174345239342 30.537360247547902 90
    endloop
  endfacet
  facet normal -0.5717879602276102 0.820401443525515 0
    outer loop
      vertex 19.444958155686077 -29.101436430589082 6
      vertex 19.444958155686077 -29.101436430589082 90
      vertex 20.57248383023656 -28.31559480312316 6
    endloop
  endfacet
  facet normal -0.6035559419535715 0.7973206537727071 0
    outer loop
      vertex 20.57248383023656 -28.31559480312316 6
      vertex 20.57248383023656 -28.31559480312316 90
      vertex 21.66828822584419 -27.486092580826075 6
    endloop
  endfacet
  facet normal -0.6343932841636467 0.773010453362736 0
    outer loop
      vertex 21.66828822584419 -27.486092580826075 6
      vertex 21.66828822584419 -27.486092580826075 90
      vertex 22.730681691556427 -26.614208796001083 6
    endloop
  endfacet
  facet normal -0.6642524379112824 0.747508326862596 0
    outer loop
      vertex 22.730681691556427 -26.614208796001083 6
      vertex 22.730681691556427 -26.614208796001083 90
      vertex 23.75802609365296 -25.701287830248994 6
    endloop
  endfacet
  facet normal -0.6930873625456342 0.7208535967029203 0
    outer loop
      vertex 23.75802609365296 -25.701287830248994 6
      vertex 23.75802609365296 -25.701287830248994 90
      vertex 24.748737341529164 -24.748737341529164 6
    endloop
  endfacet
  facet normal -0.7208535967029203 0.6930873625456342 0
    outer loop
      vertex 24.748737341529164 -24.748737341529164 6
      vertex 24.748737341529164 -24.748737341529164 90
      vertex 25.701287830248994 -23.75802609365296 6
    endloop
  endfacet
  facet normal -0.747508326862596 0.6642524379112824 0
    outer loop
      vertex 25.701287830248994 -23.75802609365296 6
      vertex 25.701287830248994 -23.75802609365296 90
      vertex 26.614208796001083 -22.730681691556427 6
    endloop
  endfacet
  facet normal -0.773010453362736 0.6343932841636467 0
    outer loop
      vertex 26.614208796001083 -22.730681691556427 6
      vertex 26.614208796001083 -22.730681691556427 90
      vertex 27.486092580826075 -21.66828822584419 6
    endloop
  endfacet
  facet normal -0.7973206537727071 0.6035559419535715 0
    outer loop
      vertex 27.486092580826075 -21.66828822584419 6
      vertex 27.486092580826075 -21.66828822584419 90
      vertex 28.31559480312316 -20.57248383023656 6
    endloop
  endfacet
  facet normal -0.820401443525515 0.5717879602276102 0
    outer loop
      vertex 28.31559480312316 -20.57248383023656 6
      vertex 28.31559480312316 -20.57248383023656 90
      vertex 29.101436430589082 -19.444958155686077 6
    endloop
  endfacet
  facet normal 0 0 1
    outer loop
      vertex 19.444958155686077 -29.101436430589082 6
      vertex 20.57248383023656 -28.31559480312316 6
      vertex 20.57248383023656 28.31559480312316 6
    endloop
  endfacet
  facet normal 0 0 1
    outer loop
      vertex 20.57248383023656 -28.31559480312316 6
      vertex 21.66828822584419 -27.486092580826075 6
      vertex 21.66828822584419 27.486092580826075 6
    endloop
  endfacet
  facet normal 0 0 1
    outer loop
      vertex 21.66828822584419 -27.486092580826075 6
      vertex 22.730681691556427 -26.614208796001083 6
      vertex 22.730681691556427 26.614208796001083 6
    endloop
  endfacet
  facet normal 0 0 1
    outer loop
      vertex 22.730681691556427 -26.614208796001083 6
      vertex 23.75802609365296 -25.701287830248994 6
      vertex 23.75802609365296 25.701287830248994 6
    endloop
  endfacet
  facet normal 0 0 1
    outer loop
      vertex 23.75802609365296 -25.701287830248994 6
      vertex 24.748737341529164 -24.748737341529164 6
      vertex 24.748737341529164 24.748737341529164 6
    endloop
  endfacet
  facet normal 0 0 1
    outer loop
      vertex 24.748737341529164 -24.748737341529164 6
      vertex 25.701287830248994 -23.75802609365296 6
      vertex 25.701287830248994 23.75802609365296 6
    endloop
  endfacet
  facet normal 0 0 1
    outer loop
      vertex 25.701287830248994 -23.75802609365296 6
      vertex 26.614208796001083 -22.730681691556427 6
      vertex 26.614208796001083 22.730681691556427 6
    endloop
  endfacet
  facet normal 0 0 1
    outer loop
      vertex 26.614208796001083 -22.730681691556427 6
      vertex 27.486092580826075 -21.66828822584419 6
      vertex 27.486092580826075 21.66828822584419 6
    endloop
  endfacet
  facet normal 0 0 1
    outer loop
      vertex 27.486092580826075 -21.66828822584419 6
      vertex 28.31559480312316 -20.57248383023656 6
      vertex 28.31559480312316 20.57248383023656 6
    endloop
  endfacet
  facet normal 0 0 1
    outer loop
      vertex 28.31559480312316 -20.57248383023656 6
      vertex 29.101436430589082 -19.444958155686077 6
      vertex 29.101436430589082 19.444958155686077 6
    endloop
  endfacet
  facet normal 0 0 1
    outer loop
      vertex 29.101436430589082 -19.444958155686077 6
      vertex 29.842405752393226 -18.28744976505821 6
      vertex 29.842405752393226 18.28744976505821 6
    endloop
  endfacet
  facet normal 0 0 1
    outer loop
      vertex 29.842405752393226 -18.28744976505821 6
      vertex 30.537360247547902 -17.10174345239342 6
      vertex 30.537360247547902 17.10174345239342 6
    endloop
  endfacet
  facet normal 0 0 1
    outer loop
      vertex 30.537360247547902 -17.10174345239342 6
      vertex 31.185228346592876 -15.889667490884136 6
      vertex 31.185228346592876 15.889667490884136 6
    endloop
  endfacet
  facet normal 0 0 1
    outer loop
      vertex 31.185228346592876 -15.889667490884136 6
      vertex 31.785011083877844 -14.653090813809984 6
      vertex 31.785011083877844 14.653090813809984 6
    endloop
  endfacet
  facet normal 0 0 1
    outer loop
      vertex 31.785011083877844 -14.653090813809984 6
      vertex 32.335783637895034 -13.393920132778142 6
      vertex 32.335783637895034 13.393920132778142 6
    endloop
  endfacet
  facet normal 0 0 1
    outer loop
      vertex 32.335783637895034 -13.393920132778142 6
      vertex 32.836696757286944 -12.114096997712254 6
      vertex 32.836696757286944 12.114096997712254 6
    endloop
  endfacet
  facet normal 0 0 1
    outer loop
      vertex 32.836696757286944 -12.114096997712254 6
      vertex 33.28697807033037 -10.815594803123158 6
      vertex 33.28697807033037 10.815594803123158 6
    endloop
  endfacet
  facet normal 0 0 1
    outer loop
      vertex 33.28697807033037 -10.815594803123158 6
      vertex 33.68593327587765 -9.5004157452776 6
      vertex 33.68593327587765 9.5004157452776 6
    endloop
  endfacet
  facet normal 0 0 1
    outer loop
      vertex 33.68593327587765 -9.5004157452776 6
      vertex 34.03294721391868 -8.170587734956689 6
      vertex 34.03294721391868 8.170587734956689 6
    endloop
  endfacet
  facet normal 0 0 1
    outer loop
      vertex 34.03294721391868 -8.170587734956689 6
      vertex 34.32748481411306 -6.828161270564489 6
      vertex 34.32748481411306 6.828161270564489 6
    endloop
  endfacet
  facet normal 0 0 1
    outer loop
      vertex 34.32748481411306 -6.828161270564489 6
      vertex 34.56909192082982 -5.47520627640808 6
      vertex 34.56909192082982 5.47520627640808 6
    endloop
  endfacet
  facet normal 0 0 1
    outer loop
      vertex 34.56909192082982 -5.47520627640808 6
      vertex 34.75739599342242 -4.113808911024318 6
      vertex 34.75739599342242 4.113808911024318 6
    endloop
  endfacet
  facet normal 0 0 1
    outer loop
      vertex 34.75739599342242 -4.113808911024318 6
      vertex 34.89210668065948 -2.746068350474573 6
      vertex 34.89210668065948 2.746068350474573 6
    endloop
  endfacet
  facet normal 0 0 1
    outer loop
      vertex 34.89210668065948 -2.746068350474573 6
      vertex 34.973016268425305 -1.3740935515674013 6
      vertex 34.973016268425305 1.3740935515674013 6
    endloop
  endfacet
  facet normal -0.8422172337162868 0.539138322911 0
    outer loop
      vertex 29.101436430589082 -19.444958155686077 6
      vertex 29.101436430589082 -19.444958155686077 90
      vertex 29.842405752393226 -18.28744976505821 6
    endloop
  endfacet
  facet normal -0.8627343859777906 0.5056573733779867 0
    outer loop
      vertex 29.842405752393226 -18.28744976505821 6
      vertex 29.842405752393226 -18.28744976505821 90
      vertex 30.537360247547902 -17.10174345239342 6
    endloop
  endfacet
  facet normal -0.8819212643483557 0.4713967368259965 0
    outer loop
      vertex 30.537360247547902 -17.10174345239342 6
      vertex 30.537360247547902 -17.10174345239342 90
      vertex 31.185228346592876 -15.889667490884136 6
    endloop
  endfacet
  facet normal -0.8997482840522217 0.4364092406733416 0
    outer loop
      vertex 31.185228346592876 -15.889667490884136 6
      vertex 31.185228346592876 -15.889667490884136 90
      vertex 31.785011083877844 -14.653090813809984 6
    endloop
  endfacet
  facet normal -0.9161879571171363 0.40074883310314 0
    outer loop
      vertex 31.785011083877844 -14.653090813809984 6
      vertex 31.785011083877844 -14.653090813809984 90
      vertex 32.335783637895034 -13.393920132778142 6
    endloop
  endfacet
  facet normal -0.931214934758803 0.364470499879151 0
    outer loop
      vertex 32.335783637895034 -13.393920132778142 6
      vertex 32.335783637895034 -13.393920132778142 90
      vertex 32.836696757286944 -12.114096997712254 6
    endloop
  endfacet
  facet normal -0.9448060464668789 0.32763017956169044 0
    outer loop
      vertex 32.836696757286944 -12.114096997712254 6
      vertex 32.836696757286944 -12.114096997712254 90
      vertex 33.28697807033037 -10.815594803123158 6
    endloop
  endfacet
  facet normal -0.9569403357322085 0.29028467725446383 0
    outer loop
      vertex 33.28697807033037 -10.815594803123158 6
      vertex 33.28697807033037 -10.815594803123158 90
      vertex 33.68593327587765 -9.5004157452776 6
    endloop
  endfacet
  facet normal -0.9675990923602591 0.2524915770151605 0
    outer loop
      vertex 33.68593327587765 -9.5004157452776 6
      vertex 33.68593327587765 -9.5004157452776 90
      vertex 34.03294721391868 -8.170587734956689 6
    endloop
  endfacet
  facet normal -0.9767658813208729 0.21430915306504847 0
    outer loop
      vertex 34.03294721391868 -8.170587734956689 6
      vertex 34.03294721391868 -8.170587734956689 90
      vertex 34.32748481411306 -6.828161270564489 6
    endloop
  endfacet
  facet normal -0.9844265680898914 0.17579627993435581 0
    outer loop
      vertex 34.32748481411306 -6.828161270564489 6
      vertex 34.32748481411306 -6.828161270564489 90
      vertex 34.56909192082982 -5.47520627640808 6
    endloop
  endfacet
  facet normal -0.9905693404435771 0.13701234168196874 0
    outer loop
      vertex 34.56909192082982 -5.47520627640808 6
      vertex 34.56909192082982 -5.47520627640808 90
      vertex 34.75739599342242 -4.113808911024318 6
    endloop
  endfacet
  facet normal -0.9951847266721968 0.09801714032956162 0
    outer loop
      vertex 34.75739599342242 -4.113808911024318 6
      vertex 34.75739599342242 -4.113808911024318 90
      vertex 34.89210668065948 -2.746068350474573 6
    endloop
  endfacet
  facet normal -0.9982656101847159 0.05887080365118913 0
    outer loop
      vertex 34.89210668065948 -2.746068350474573 6
      vertex 34.89210668065948 -2.746068350474573 90
      vertex 34.973016268425305 -1.3740935515674013 6
    endloop
  endfacet
  facet normal -0.9998072404820648 0.019633692460626982 0
    outer loop
      vertex 34.973016268425305 -1.3740935515674013 6
      vertex 34.973016268425305 -1.3740935515674013 90
      vertex 35 0 6
    endloop
  endfacet
  facet normal -0.5717879602276102 0.820401443525515 0
    outer loop
      vertex 20.57248383023656 -28.31559480312316 6
      vertex 19.444958155686077 -29.101436430589082 90
      vertex 20.57248383023656 -28.31559480312316 90
    endloop
  endfacet
  facet normal -0.6035559419535715 0.7973206537727071 0
    outer loop
      vertex 21.66828822584419 -27.486092580826075 6
      vertex 20.57248383023656 -28.31559480312316 90
      vertex 21.66828822584419 -27.486092580826075 90
    endloop
  endfacet
  facet normal -0.6343932841636467 0.773010453362736 0
    outer loop
      vertex 22.730681691556427 -26.614208796001083 6
      vertex 21.66828822584419 -27.486092580826075 90
      vertex 22.730681691556427 -26.614208796001083 90
    endloop
  endfacet
  facet normal -0.6642524379112824 0.747508326862596 0
    outer loop
      vertex 23.75802609365296 -25.701287830248994 6
      vertex 22.730681691556427 -26.614208796001083 90
      vertex 23.75802609365296 -25.701287830248994 90
    endloop
  endfacet
  facet normal -0.6930873625456342 0.7208535967029203 0
    outer loop
      vertex 24.748737341529164 -24.748737341529164 6
      vertex 23.75802609365296 -25.701287830248994 90
      vertex 24.748737341529164 -24.748737341529164 90
    endloop
  endfacet
  facet normal -0.7208535967029203 0.6930873625456342 0
    outer loop
      vertex 25.701287830248994 -23.75802609365296 6
      vertex 24.748737341529164 -24.748737341529164 90
      vertex 25.701287830248994 -23.75802609365296 90
    endloop
  endfacet
  facet normal -0.747508326862596 0.6642524379112824 0
    outer loop
      vertex 26.614208796001083 -22.730681691556427 6
      vertex 25.701287830248994 -23.75802609365296 90
      vertex 26.614208796001083 -22.730681691556427 90
    endloop
  endfacet
  facet normal -0.773010453362736 0.6343932841636467 0
    outer loop
      vertex 27.486092580826075 -21.66828822584419 6
      vertex 26.614208796001083 -22.730681691556427 90
      vertex 27.486092580826075 -21.66828822584419 90
    endloop
  endfacet
  facet normal -0.7973206537727071 0.6035559419535715 0
    outer loop
      vertex 28.31559480312316 -20.57248383023656 6
      vertex 27.486092580826075 -21.66828822584419 90
      vertex 28.31559480312316 -20.57248383023656 90
    endloop
  endfacet
  facet normal -0.820401443525515 0.5717879602276102 0
    outer loop
      vertex 29.101436430589082 -19.444958155686077 6
      vertex 28.31559480312316 -20.57248383023656 90
      vertex 29.101436430589082 -19.444958155686077 90
    endloop
  endfacet
  facet normal -0.8422172337162868 0.539138322911 0
    outer loop
      vertex 29.842405752393226 -18.28744976505821 6
      vertex 29.101436430589082 -19.444958155686077 90
      vertex 29.842405752393226 -18.28744976505821 90
    endloop
  endfacet
  facet normal -0.8627343859777906 0.5056573733779867 0
    outer loop
      vertex 30.537360247547902 -17.10174345239342 6
      vertex 29.842405752393226 -18.28744976505821 90
      vertex 30.537360247547902 -17.10174345239342 90
    endloop
  endfacet
  facet normal -0.8819212643483557 0.4713967368259965 0
    outer loop
      vertex 31.185228346592876 -15.889667490884136 6
      vertex 30.537360247547902 -17.10174345239342 90
      vertex 31.185228346592876 -15.889667490884136 90
    endloop
  endfacet
  facet normal -0.8997482840522217 0.4364092406733416 0
    outer loop
      vertex 31.785011083877844 -14.653090813809984 6
      vertex 31.185228346592876 -15.889667490884136 90
      vertex 31.785011083877844 -14.653090813809984 90
    endloop
  endfacet
  facet normal -0.9161879571171363 0.40074883310314 0
    outer loop
      vertex 32.335783637895034 -13.393920132778142 6
      vertex 31.785011083877844 -14.653090813809984 90
      vertex 32.335783637895034 -13.393920132778142 90
    endloop
  endfacet
  facet normal -0.931214934758803 0.364470499879151 0
    outer loop
      vertex 32.836696757286944 -12.114096997712254 6
      vertex 32.335783637895034 -13.393920132778142 90
      vertex 32.836696757286944 -12.114096997712254 90
    endloop
  endfacet
  facet normal -0.9448060464668789 0.32763017956169044 0
    outer loop
      vertex 33.28697807033037 -10.815594803123158 6
      vertex 32.836696757286944 -12.114096997712254 90
      vertex 33.28697807033037 -10.815594803123158 90
    endloop
  endfacet
  facet normal -0.9569403357322085 0.29028467725446383 0
    outer loop
      vertex 33.68593327587765 -9.5004157452776 6
      vertex 33.28697807033037 -10.815594803123158 90
      vertex 33.68593327587765 -9.5004157452776 90
    endloop
  endfacet
  facet normal -0.9675990923602591 0.2524915770151605 0
    outer loop
      vertex 34.03294721391868 -8.170587734956689 6
      vertex 33.68593327587765 -9.5004157452776 90
      vertex 34.03294721391868 -8.170587734956689 90
    endloop
  endfacet
  facet normal -0.9767658813208729 0.21430915306504847 0
    outer loop
      vertex 34.32748481411306 -6.828161270564489 6
      vertex 34.03294721391868 -8.170587734956689 90
      vertex 34.32748481411306 -6.828161270564489 90
    endloop
  endfacet
  facet normal -0.9844265680898914 0.17579627993435581 0
    outer loop
      vertex 34.56909192082982 -5.47520627640808 6
      vertex 34.32748481411306 -6.828161270564489 90
      vertex 34.56909192082982 -5.47520627640808 90
    endloop
  endfacet
  facet normal -0.9905693404435771 0.13701234168196874 0
    outer loop
      vertex 34.75739599342242 -4.113808911024318 6
      vertex 34.56909192082982 -5.47520627640808 90
      vertex 34.75739599342242 -4.113808911024318 90
    endloop
  endfacet
  facet normal -0.9951847266721968 0.09801714032956162 0
    outer loop
      vertex 34.89210668065948 -2.746068350474573 6
      vertex 34.75739599342242 -4.113808911024318 90
      vertex 34.89210668065948 -2.746068350474573 90
    endloop
  endfacet
  facet normal -0.9982656101847159 0.05887080365118913 0
    outer loop
      vertex 34.973016268425305 -1.3740935515674013 6
      vertex 34.89210668065948 -2.746068350474573 90
      vertex 34.973016268425305 -1.3740935515674013 90
    endloop
  endfacet
  facet normal -0.9998072404820648 0.019633692460626982 0
    outer loop
      vertex 34.973016268425305 -1.3740935515674013 90
      vertex 35 0 90
      vertex 35 0 6
    endloop
  endfacet
  facet normal 0 0 1
    outer loop
      vertex 19.444958155686077 -29.101436430589082 6
      vertex 20.57248383023656 28.31559480312316 6
      vertex 19.444958155686077 29.101436430589082 6
    endloop
  endfacet
  facet normal 0 0 1
    outer loop
      vertex 20.57248383023656 -28.31559480312316 6
      vertex 21.66828822584419 27.486092580826075 6
      vertex 20.57248383023656 28.31559480312316 6
    endloop
  endfacet
  facet normal 0 0 1
    outer loop
      vertex 22.730681691556427 -26.614208796001083 6
      vertex 23.75802609365296 25.701287830248994 6
      vertex 22.730681691556427 26.614208796001083 6
    endloop
  endfacet
  facet normal 0 0 1
    outer loop
      vertex 21.66828822584419 -27.486092580826075 6
      vertex 22.730681691556427 26.614208796001083 6
      vertex 21.66828822584419 27.486092580826075 6
    endloop
  endfacet
  facet normal 0 0 1
    outer loop
      vertex 26.614208796001083 -22.730681691556427 6
      vertex 27.486092580826075 21.66828822584419 6
      vertex 26.614208796001083 22.730681691556427 6
    endloop
  endfacet
  facet normal 0 0 1
    outer loop
      vertex 23.75802609365296 -25.701287830248994 6
      vertex 24.748737341529164 24.748737341529164 6
      vertex 23.75802609365296 25.701287830248994 6
    endloop
  endfacet
  facet normal 0 0 1
    outer loop
      vertex 24.748737341529164 -24.748737341529164 6
      vertex 25.701287830248994 23.75802609365296 6
      vertex 24.748737341529164 24.748737341529164 6
    endloop
  endfacet
  facet normal 0 0 1
    outer loop
      vertex 25.701287830248994 -23.75802609365296 6
      vertex 26.614208796001083 22.730681691556427 6
      vertex 25.701287830248994 23.75802609365296 6
    endloop
  endfacet
  facet normal 0 0 1
    outer loop
      vertex 34.03294721391868 -8.170587734956689 6
      vertex 34.32748481411306 6.828161270564489 6
      vertex 34.03294721391868 8.170587734956689 6
    endloop
  endfacet
  facet normal 0 0 1
    outer loop
      vertex 31.185228346592876 -15.889667490884136 6
      vertex 31.785011083877844 14.653090813809984 6
      vertex 31.185228346592876 15.889667490884136 6
    endloop
  endfacet
  facet normal 0 0 1
    outer loop
      vertex 32.335783637895034 -13.393920132778142 6
      vertex 32.836696757286944 12.114096997712254 6
      vertex 32.335783637895034 13.393920132778142 6
    endloop
  endfacet
  facet normal 0 0 1
    outer loop
      vertex 31.785011083877844 -14.653090813809984 6
      vertex 32.335783637895034 13.393920132778142 6
      vertex 31.785011083877844 14.653090813809984 6
    endloop
  endfacet
  facet normal 0 0 1
    outer loop
      vertex 33.28697807033037 -10.815594803123158 6
      vertex 33.68593327587765 9.5004157452776 6
      vertex 33.28697807033037 10.815594803123158 6
    endloop
  endfacet
  facet normal 0 0 1
    outer loop
      vertex 32.836696757286944 -12.114096997712254 6
      vertex 33.28697807033037 10.815594803123158 6
      vertex 32.836696757286944 12.114096997712254 6
    endloop
  endfacet
  facet normal 0 0 1
    outer loop
      vertex 33.68593327587765 -9.5004157452776 6
      vertex 34.03294721391868 8.170587734956689 6
      vertex 33.68593327587765 9.5004157452776 6
    endloop
  endfacet
  facet normal 0 0 1
    outer loop
      vertex 27.486092580826075 -21.66828822584419 6
      vertex 28.31559480312316 20.57248383023656 6
      vertex 27.486092580826075 21.66828822584419 6
    endloop
  endfacet
  facet normal 0 0 1
    outer loop
      vertex 28.31559480312316 -20.57248383023656 6
      vertex 29.101436430589082 19.444958155686077 6
      vertex 28.31559480312316 20.57248383023656 6
    endloop
  endfacet
  facet normal 0 0 1
    outer loop
      vertex 29.101436430589082 -19.444958155686077 6
      vertex 29.842405752393226 18.28744976505821 6
      vertex 29.101436430589082 19.444958155686077 6
    endloop
  endfacet
  facet normal 0 0 1
    outer loop
      vertex 29.842405752393226 -18.28744976505821 6
      vertex 30.537360247547902 17.10174345239342 6
      vertex 29.842405752393226 18.28744976505821 6
    endloop
  endfacet
  facet normal 0 0 1
    outer loop
      vertex 30.537360247547902 -17.10174345239342 6
      vertex 31.185228346592876 15.889667490884136 6
      vertex 30.537360247547902 17.10174345239342 6
    endloop
  endfacet
  facet normal 0 0 1
    outer loop
      vertex 34.973016268425305 -1.3740935515674013 6
      vertex 35 0 6
      vertex 34.973016268425305 1.3740935515674013 6
    endloop
  endfacet
  facet normal 0 0 1
    outer loop
      vertex 34.89210668065948 -2.746068350474573 6
      vertex 34.973016268425305 1.3740935515674013 6
      vertex 34.89210668065948 2.746068350474573 6
    endloop
  endfacet
  facet normal 0 0 1
    outer loop
      vertex 34.75739599342242 -4.113808911024318 6
      vertex 34.89210668065948 2.746068350474573 6
      vertex 34.75739599342242 4.113808911024318 6
    endloop
  endfacet
  facet normal 0 0 1
    outer loop
      vertex 34.56909192082982 -5.47520627640808 6
      vertex 34.75739599342242 4.113808911024318 6
      vertex 34.56909192082982 5.47520627640808 6
    endloop
  endfacet
  facet normal 0 0 1
    outer loop
      vertex 34.32748481411306 -6.828161270564489 6
      vertex 34.56909192082982 5.47520627640808 6
      vertex 34.32748481411306 6.828161270564489 6
    endloop
  endfacet
  facet normal -0.9767658813208729 -0.21430915306504847 0
    outer loop
      vertex 34.32748481411306 6.828161270564489 6
      vertex 34.32748481411306 6.828161270564489 90
      vertex 34.03294721391868 8.170587734956689 6
    endloop
  endfacet
  facet normal -0.9675990923602591 -0.2524915770151605 0
    outer loop
      vertex 33.68593327587765 9.5004157452776 6
      vertex 34.03294721391868 8.170587734956689 6
      vertex 34.03294721391868 8.170587734956689 90
    endloop
  endfacet
  facet normal -0.9569403357322085 -0.29028467725446383 0
    outer loop
      vertex 33.68593327587765 9.5004157452776 6
      vertex 33.68593327587765 9.5004157452776 90
      vertex 33.28697807033037 10.815594803123158 6
    endloop
  endfacet
  facet normal -0.9448060464668789 -0.32763017956169044 0
    outer loop
      vertex 33.28697807033037 10.815594803123158 6
      vertex 33.28697807033037 10.815594803123158 90
      vertex 32.836696757286944 12.114096997712254 6
    endloop
  endfacet
  facet normal -0.9161879571171363 -0.40074883310314 0
    outer loop
      vertex 32.335783637895034 13.393920132778142 6
      vertex 32.335783637895034 13.393920132778142 90
      vertex 31.785011083877844 14.653090813809984 6
    endloop
  endfacet
  facet normal -0.931214934758803 -0.364470499879151 0
    outer loop
      vertex 32.335783637895034 13.393920132778142 6
      vertex 32.836696757286944 12.114096997712254 6
      vertex 32.836696757286944 12.114096997712254 90
    endloop
  endfacet
  facet normal -0.8627343859777906 -0.5056573733779867 0
    outer loop
      vertex 29.842405752393226 18.28744976505821 6
      vertex 30.537360247547902 17.10174345239342 6
      vertex 30.537360247547902 17.10174345239342 90
    endloop
  endfacet
  facet normal -0.8422172337162868 -0.539138322911 0
    outer loop
      vertex 29.842405752393226 18.28744976505821 6
      vertex 29.842405752393226 18.28744976505821 90
      vertex 29.101436430589082 19.444958155686077 6
    endloop
  endfacet
  facet normal -0.820401443525515 -0.5717879602276102 0
    outer loop
      vertex 29.101436430589082 19.444958155686077 6
      vertex 29.101436430589082 19.444958155686077 90
      vertex 28.31559480312316 20.57248383023656 6
    endloop
  endfacet
  facet normal -0.8997482840522217 -0.4364092406733416 0
    outer loop
      vertex 31.785011083877844 14.653090813809984 6
      vertex 31.785011083877844 14.653090813809984 90
      vertex 31.185228346592876 15.889667490884136 6
    endloop
  endfacet
  facet normal -0.8819212643483557 -0.4713967368259965 0
    outer loop
      vertex 31.185228346592876 15.889667490884136 6
      vertex 31.185228346592876 15.889667490884136 90
      vertex 30.537360247547902 17.10174345239342 6
    endloop
  endfacet
  facet normal -0.9998072404820648 -0.019633692460626982 0
    outer loop
      vertex 34.973016268425305 1.3740935515674013 6
      vertex 35 0 6
      vertex 35 0 90
    endloop
  endfacet
  facet normal -0.9982656101847159 -0.05887080365118913 0
    outer loop
      vertex 34.973016268425305 1.3740935515674013 6
      vertex 34.973016268425305 1.3740935515674013 90
      vertex 34.89210668065948 2.746068350474573 6
    endloop
  endfacet
  facet normal -0.9951847266721968 -0.09801714032956162 0
    outer loop
      vertex 34.89210668065948 2.746068350474573 6
      vertex 34.89210668065948 2.746068350474573 90
      vertex 34.75739599342242 4.113808911024318 6
    endloop
  endfacet
  facet normal -0.9905693404435771 -0.13701234168196874 0
    outer loop
      vertex 34.75739599342242 4.113808911024318 6
      vertex 34.75739599342242 4.113808911024318 90
      vertex 34.56909192082982 5.47520627640808 6
    endloop
  endfacet
  facet normal -0.9844265680898914 -0.17579627993435581 0
    outer loop
      vertex 34.56909192082982 5.47520627640808 6
      vertex 34.56909192082982 5.47520627640808 90
      vertex 34.32748481411306 6.828161270564489 6
    endloop
  endfacet
  facet normal -0.747508326862596 -0.6642524379112824 0
    outer loop
      vertex 25.701287830248994 23.75802609365296 6
      vertex 26.614208796001083 22.730681691556427 6
      vertex 26.614208796001083 22.730681691556427 90
    endloop
  endfacet
  facet normal -0.7208535967029203 -0.6930873625456342 0
    outer loop
      vertex 24.748737341529164 24.748737341529164 6
      vertex 25.701287830248994 23.75802609365296 6
      vertex 25.701287830248994 23.75802609365296 90
    endloop
  endfacet
  facet normal -0.6343932841636467 -0.773010453362736 0
    outer loop
      vertex 21.66828822584419 27.486092580826075 6
      vertex 22.730681691556427 26.614208796001083 6
      vertex 22.730681691556427 26.614208796001083 90
    endloop
  endfacet
  facet normal -0.5717879602276102 -0.820401443525515 0
    outer loop
      vertex 19.444958155686077 29.101436430589082 6
      vertex 20.57248383023656 28.31559480312316 6
      vertex 20.57248383023656 28.31559480312316 90
    endloop
  endfacet
  facet normal -0.6035559419535715 -0.7973206537727071 0
    outer loop
      vertex 21.66828822584419 27.486092580826075 6
      vertex 21.66828822584419 27.486092580826075 90
      vertex 20.57248383023656 28.31559480312316 6
    endloop
  endfacet
  facet normal -0.6642524379112824 -0.747508326862596 0
    outer loop
      vertex 22.730681691556427 26.614208796001083 6
      vertex 23.75802609365296 25.701287830248994 6
      vertex 23.75802609365296 25.701287830248994 90
    endloop
  endfacet
  facet normal -0.6930873625456342 -0.7208535967029203 0
    outer loop
      vertex 24.748737341529164 24.748737341529164 6
      vertex 24.748737341529164 24.748737341529164 90
      vertex 23.75802609365296 25.701287830248994 6
    endloop
  endfacet
  facet normal -0.7973206537727071 -0.6035559419535715 0
    outer loop
      vertex 27.486092580826075 21.66828822584419 6
      vertex 28.31559480312316 20.57248383023656 6
      vertex 28.31559480312316 20.57248383023656 90
    endloop
  endfacet
  facet normal -0.773010453362736 -0.6343932841636467 0
    outer loop
      vertex 27.486092580826075 21.66828822584419 6
      vertex 27.486092580826075 21.66828822584419 90
      vertex 26.614208796001083 22.730681691556427 6
    endloop
  endfacet
  facet normal -0.9767658813208729 -0.21430915306504847 0
    outer loop
      vertex 34.03294721391868 8.170587734956689 6
      vertex 34.32748481411306 6.828161270564489 90
      vertex 34.03294721391868 8.170587734956689 90
    endloop
  endfacet
  facet normal -0.9675990923602591 -0.2524915770151605 0
    outer loop
      vertex 33.68593327587765 9.5004157452776 6
      vertex 34.03294721391868 8.170587734956689 90
      vertex 33.68593327587765 9.5004157452776 90
    endloop
  endfacet
  facet normal -0.9569403357322085 -0.29028467725446383 0
    outer loop
      vertex 33.28697807033037 10.815594803123158 6
      vertex 33.68593327587765 9.5004157452776 90
      vertex 33.28697807033037 10.815594803123158 90
    endloop
  endfacet
  facet normal -0.9448060464668789 -0.32763017956169044 0
    outer loop
      vertex 32.836696757286944 12.114096997712254 6
      vertex 33.28697807033037 10.815594803123158 90
      vertex 32.836696757286944 12.114096997712254 90
    endloop
  endfacet
  facet normal -0.931214934758803 -0.364470499879151 0
    outer loop
      vertex 32.335783637895034 13.393920132778142 6
      vertex 32.836696757286944 12.114096997712254 90
      vertex 32.335783637895034 13.393920132778142 90
    endloop
  endfacet
  facet normal -0.9161879571171363 -0.40074883310314 0
    outer loop
      vertex 31.785011083877844 14.653090813809984 6
      vertex 32.335783637895034 13.393920132778142 90
      vertex 31.785011083877844 14.653090813809984 90
    endloop
  endfacet
  facet normal -0.8627343859777906 -0.5056573733779867 0
    outer loop
      vertex 29.842405752393226 18.28744976505821 6
      vertex 30.537360247547902 17.10174345239342 90
      vertex 29.842405752393226 18.28744976505821 90
    endloop
  endfacet
  facet normal -0.8422172337162868 -0.539138322911 0
    outer loop
      vertex 29.101436430589082 19.444958155686077 6
      vertex 29.842405752393226 18.28744976505821 90
      vertex 29.101436430589082 19.444958155686077 90
    endloop
  endfacet
  facet normal -0.8997482840522217 -0.4364092406733416 0
    outer loop
      vertex 31.185228346592876 15.889667490884136 6
      vertex 31.785011083877844 14.653090813809984 90
      vertex 31.185228346592876 15.889667490884136 90
    endloop
  endfacet
  facet normal -0.8819212643483557 -0.4713967368259965 0
    outer loop
      vertex 30.537360247547902 17.10174345239342 6
      vertex 31.185228346592876 15.889667490884136 90
      vertex 30.537360247547902 17.10174345239342 90
    endloop
  endfacet
  facet normal -0.9998072404820648 -0.019633692460626982 0
    outer loop
      vertex 34.973016268425305 1.3740935515674013 6
      vertex 35 0 90
      vertex 34.973016268425305 1.3740935515674013 90
    endloop
  endfacet
  facet normal -0.9982656101847159 -0.05887080365118913 0
    outer loop
      vertex 34.89210668065948 2.746068350474573 6
      vertex 34.973016268425305 1.3740935515674013 90
      vertex 34.89210668065948 2.746068350474573 90
    endloop
  endfacet
  facet normal -0.9951847266721968 -0.09801714032956162 0
    outer loop
      vertex 34.75739599342242 4.113808911024318 6
      vertex 34.89210668065948 2.746068350474573 90
      vertex 34.75739599342242 4.113808911024318 90
    endloop
  endfacet
  facet normal -0.9905693404435771 -0.13701234168196874 0
    outer loop
      vertex 34.56909192082982 5.47520627640808 6
      vertex 34.75739599342242 4.113808911024318 90
      vertex 34.56909192082982 5.47520627640808 90
    endloop
  endfacet
  facet normal -0.9844265680898914 -0.17579627993435581 0
    outer loop
      vertex 34.32748481411306 6.828161270564489 6
      vertex 34.56909192082982 5.47520627640808 90
      vertex 34.32748481411306 6.828161270564489 90
    endloop
  endfacet
  facet normal -0.773010453362736 -0.6343932841636467 0
    outer loop
      vertex 26.614208796001083 22.730681691556427 6
      vertex 27.486092580826075 21.66828822584419 90
      vertex 26.614208796001083 22.730681691556427 90
    endloop
  endfacet
  facet normal -0.7208535967029203 -0.6930873625456342 0
    outer loop
      vertex 24.748737341529164 24.748737341529164 6
      vertex 25.701287830248994 23.75802609365296 90
      vertex 24.748737341529164 24.748737341529164 90
    endloop
  endfacet
  facet normal -0.747508326862596 -0.6642524379112824 0
    outer loop
      vertex 25.701287830248994 23.75802609365296 6
      vertex 26.614208796001083 22.730681691556427 90
      vertex 25.701287830248994 23.75802609365296 90
    endloop
  endfacet
  facet normal -0.6343932841636467 -0.773010453362736 0
    outer loop
      vertex 21.66828822584419 27.486092580826075 6
      vertex 22.730681691556427 26.614208796001083 90
      vertex 21.66828822584419 27.486092580826075 90
    endloop
  endfacet
  facet normal -0.6642524379112824 -0.747508326862596 0
    outer loop
      vertex 22.730681691556427 26.614208796001083 6
      vertex 23.75802609365296 25.701287830248994 90
      vertex 22.730681691556427 26.614208796001083 90
    endloop
  endfacet
  facet normal -0.6035559419535715 -0.7973206537727071 0
    outer loop
      vertex 20.57248383023656 28.31559480312316 6
      vertex 21.66828822584419 27.486092580826075 90
      vertex 20.57248383023656 28.31559480312316 90
    endloop
  endfacet
  facet normal -0.5717879602276102 -0.820401443525515 0
    outer loop
      vertex 19.444958155686077 29.101436430589082 6
      vertex 20.57248383023656 28.31559480312316 90
      vertex 19.444958155686077 29.101436430589082 90
    endloop
  endfacet
  facet normal -0.6930873625456342 -0.7208535967029203 0
    outer loop
      vertex 23.75802609365296 25.701287830248994 6
      vertex 24.748737341529164 24.748737341529164 90
      vertex 23.75802609365296 25.701287830248994 90
    endloop
  endfacet
  facet normal -0.820401443525515 -0.5717879602276102 0
    outer loop
      vertex 28.31559480312316 20.57248383023656 6
      vertex 29.101436430589082 19.444958155686077 90
      vertex 28.31559480312316 20.57248383023656 90
    endloop
  endfacet
  facet normal -0.7973206537727071 -0.6035559419535715 0
    outer loop
      vertex 27.486092580826075 21.66828822584419 6
      vertex 28.31559480312316 20.57248383023656 90
      vertex 27.486092580826075 21.66828822584419 90
    endloop
  endfacet
  facet normal -0.3276301956400849 0 -0.9448060408913777
    outer loop
      vertex 43.231063544750214 -9 22.494469314813614
      vertex 43.527864046394825 9 22.391547866165638
      vertex 43.527864046394825 -9 22.391547866165638
    endloop
  endfacet
  facet normal -0.2902846676921935 0 -0.9569403386328913
    outer loop
      vertex 43.527864046394825 -9 22.391547866165638
      vertex 43.82847639918327 9 22.30035810917616
      vertex 43.82847639918327 -9 22.30035810917616
    endloop
  endfacet
  facet normal -0.2524915806943097 0 -0.9675990914001981
    outer loop
      vertex 43.82847639918327 -9 22.30035810917616
      vertex 44.13243708759546 9 22.22104063630104
      vertex 44.13243708759546 -9 22.22104063630104
    endloop
  endfacet
  facet normal -0.21430915095807143 0 -0.9767658817831582
    outer loop
      vertex 44.13243708759546 -9 22.22104063630104
      vertex 44.43927742540836 9 22.153717756271362
      vertex 44.43927742540836 -9 22.153717756271362
    endloop
  endfacet
  facet normal -0.17579627133327216 0 -0.9844265696258501
    outer loop
      vertex 44.43927742540836 -9 22.153717756271362
      vertex 44.74852427840233 9 22.09849327802658
      vertex 44.74852427840233 -9 22.09849327802658
    endloop
  endfacet
  facet normal -0.13701234371123736 0 -0.9905693401628952
    outer loop
      vertex 44.74852427840233 -9 22.09849327802658
      vertex 45.059700816869736 9 22.055452346801758
      vertex 45.059700816869736 -9 22.055452346801758
    endloop
  endfacet
  facet normal -0.09801714093309205 0 -0.9951847266127541
    outer loop
      vertex 45.059700816869736 -9 22.055452346801758
      vertex 45.372327230870724 9 22.02466133236885
      vertex 45.372327230870724 -9 22.02466133236885
    endloop
  endfacet
  facet normal -0.05887081064682291 0 -0.9982656097721616
    outer loop
      vertex 45.372327230870724 -9 22.02466133236885
      vertex 45.68592147529125 9 22.006167709827423
      vertex 45.68592147529125 -9 22.006167709827423
    endloop
  endfacet
  facet normal -0.019633691760533922 0 -0.999807240495813
    outer loop
      vertex 45.68592147529125 -9 22.006167709827423
      vertex 46 9 22
      vertex 46 -9 22
    endloop
  endfacet
  facet normal 0.00736396135808637 0 -0.9999728856689648
    outer loop
      vertex 46 -9 22
      vertex 46.11782060563564 9 22.000867649912834
      vertex 46.11782060563564 -9 22.000867649912834
    endloop
  endfacet
  facet normal 0.014727575977806162 0 -0.9998915433714888
    outer loop
      vertex 46.11782060563564 -9 22.000867649912834
      vertex 47.34451246261597 9 22.018935807049274
      vertex 47.34451246261597 -9 22.018935807049274
    endloop
  endfacet
  facet normal 0.02947470018112144 0 -0.9995655266410666
    outer loop
      vertex 47.34451246261597 -9 22.018935807049274
      vertex 47.58041486889124 9 22.025891982018948
      vertex 47.58041486889124 -9 22.025891982018948
    endloop
  endfacet
  facet normal 0.04421537660950614 0 -0.9990220220151703
    outer loop
      vertex 47.58041486889124 -9 22.025891982018948
      vertex 48.80415152013302 9 22.08005292713642
      vertex 48.80415152013302 -9 22.08005292713642
    endloop
  endfacet
  facet normal 0.059014742208973764 0 -0.9982571112704425
    outer loop
      vertex 48.80415152013302 -9 22.08005292713642
      vertex 49.040837585926056 9 22.094045281410217
      vertex 49.040837585926056 -9 22.094045281410217
    endloop
  endfacet
  facet normal -0.797320654574264 0 -0.6035559408946838
    outer loop
      vertex 39.527864046394825 -9 25.297717981040478
      vertex 39.527864046394825 -6.110394081470318 25.297717981040478
      vertex 39.71746455132961 -9 25.047248408198357
    endloop
  endfacet
  facet normal -0.773010448559238 -4.110937883643976e-17 -0.6343932900167257
    outer loop
      vertex 39.91675227880478 -9 24.804415613412857
      vertex 39.71746455132961 -9 25.047248408198357
      vertex 39.72273827819705 -4.701495898313506 25.040822353516617
    endloop
  endfacet
  facet normal -0.881921269342482 0 -0.4713967274826432
    outer loop
      vertex 39.020031943917274 -9 26.091030068695545
      vertex 38.96891565277052 -9 26.18666192556686
      vertex 39.020031943917274 -8.767025120216589 26.091030068695545
    endloop
  endfacet
  facet normal -0.8627343847379899 0 -0.50565737549329
    outer loop
      vertex 39.17887868732214 -9 25.820011481642723
      vertex 39.020031943917274 -9 26.091030068695545
      vertex 39.020031943917274 -8.767025120216589 26.091030068695545
    endloop
  endfacet
  facet normal -0.8422172325178168 0 -0.5391383247831949
    outer loop
      vertex 39.17887868732214 -9 25.820011481642723
      vertex 39.17887868732214 -8.043042606647939 25.820011481642723
      vertex 39.3482431024313 -9 25.55543813854456
    endloop
  endfacet
  facet normal -0.8627343847379899 0 -0.50565737549329
    outer loop
      vertex 39.17887868732214 -9 25.820011481642723
      vertex 39.020031943917274 -8.767025120216589 26.091030068695545
      vertex 39.17887868732214 -8.043042606647939 25.820011481642723
    endloop
  endfacet
  facet normal -0.8204014461715092 0 -0.5717879564311372
    outer loop
      vertex 39.3482431024313 -9 25.55543813854456
      vertex 39.3482431024313 -7.149375982578969 25.55543813854456
      vertex 39.527864046394825 -9 25.297717981040478
    endloop
  endfacet
  facet normal -0.8422172325178157 6.79644890953335e-16 -0.5391383247831967
    outer loop
      vertex 39.3482431024313 -9 25.55543813854456
      vertex 39.17887868732214 -8.043042606647939 25.820011481642723
      vertex 39.23141121612922 -7.8036128806451295 25.737947567809755
    endloop
  endfacet
  facet normal -0.8422172325178177 0 -0.5391383247831936
    outer loop
      vertex 39.3482431024313 -9 25.55543813854456
      vertex 39.23141121612922 -7.8036128806451295 25.737947567809755
      vertex 39.3482431024313 -7.149375982578969 25.55543813854456
    endloop
  endfacet
  facet normal 0 -1 0
    outer loop
      vertex 39.527864046394825 -9 25.297717981040478
      vertex 39.71746455132961 -9 25.047248408198357
      vertex 46 -9 30
    endloop
  endfacet
  facet normal 0 -1 0
    outer loop
      vertex 39.3482431024313 -9 25.55543813854456
      vertex 39.527864046394825 -9 25.297717981040478
      vertex 46 -9 30
    endloop
  endfacet
  facet normal 0 -1 0
    outer loop
      vertex 39.17887868732214 -9 25.820011481642723
      vertex 39.3482431024313 -9 25.55543813854456
      vertex 46 -9 30
    endloop
  endfacet
  facet normal 0 -1 0
    outer loop
      vertex 39.17887868732214 -9 25.820011481642723
      vertex 46 -9 30
      vertex 39.020031943917274 -9 26.091030068695545
    endloop
  endfacet
  facet normal -0.8204014461714985 0 -0.5717879564311527
    outer loop
      vertex 39.527864046394825 -9 25.297717981040478
      vertex 39.507533623805514 -6.2573786016092345 25.326888074439527
      vertex 39.527864046394825 -6.110394081470318 25.297717981040478
    endloop
  endfacet
  facet normal -0.7973206545742642 0 -0.6035559408946839
    outer loop
      vertex 39.71746455132961 -9 25.047248408198357
      vertex 39.527864046394825 -6.110394081470318 25.297717981040478
      vertex 39.71746455132961 -4.739623793075586 25.047248408198357
    endloop
  endfacet
  facet normal -0.7730104485592522 0 -0.6343932900167085
    outer loop
      vertex 39.71746455132961 -9 25.047248408198357
      vertex 39.71746455132961 -4.739623793075586 25.047248408198357
      vertex 39.72273827819705 -4.701495898313506 25.040822353516617
    endloop
  endfacet
  facet normal -0.7730104485592365 1.3114105014915393e-16 -0.6343932900167277
    outer loop
      vertex 39.91675227880478 -9 24.804415613412857
      vertex 39.72273827819705 -4.701495898313506 25.040822353516617
      vertex 39.876693349325116 -3.1383638291137976 24.853227559461438
    endloop
  endfacet
  facet normal -0.8204014461715101 -2.626836306229538e-16 -0.5717879564311361
    outer loop
      vertex 39.527864046394825 -9 25.297717981040478
      vertex 39.3482431024313 -7.149375982578969 25.55543813854456
      vertex 39.507533623805514 -6.2573786016092345 25.326888074439527
    endloop
  endfacet
  facet normal -0.7730104485592443 0 -0.6343932900167183
    outer loop
      vertex 39.91675227880478 -9 24.804415613412857
      vertex 39.876693349325116 -3.1383638291137976 24.853227559461438
      vertex 39.91675227880478 -2.459089057916494 24.804415613412857
    endloop
  endfacet
  facet normal -0.7475083400939285 0 -0.6642524230215646
    outer loop
      vertex 39.91675227880478 -9 24.804415613412857
      vertex 39.91675227880478 -2.459089057916494 24.804415613412857
      vertex 39.96916144962891 -1.5703926303627445 24.745437594017396
    endloop
  endfacet
  facet normal -0.6343932900167258 0 -0.7730104485592381
    outer loop
      vertex 40.80441561341286 -9 23.91675227880478
      vertex 41.04724840819836 9 23.717464551329613
      vertex 41.04724840819836 -9 23.717464551329613
    endloop
  endfacet
  facet normal -0.6035559408946838 0 -0.797320654574264
    outer loop
      vertex 41.04724840819836 -9 23.717464551329613
      vertex 41.29771798104048 9 23.527864046394825
      vertex 41.29771798104048 -9 23.527864046394825
    endloop
  endfacet
  facet normal -0.5717879564311373 0 -0.8204014461715093
    outer loop
      vertex 41.55543813854456 -9 23.348243102431297
      vertex 41.29771798104048 -9 23.527864046394825
      vertex 41.55543813854456 9 23.348243102431297
    endloop
  endfacet
  facet normal -0.5391383247831949 0 -0.8422172325178167
    outer loop
      vertex 41.55543813854456 -9 23.348243102431297
      vertex 41.82001148164272 9 23.17887868732214
      vertex 41.82001148164272 -9 23.17887868732214
    endloop
  endfacet
  facet normal -0.7475083400938802 -7.691623672252355e-16 -0.664252423021619
    outer loop
      vertex 39.91675227880478 -9 24.804415613412857
      vertex 39.96916144962891 -1.5703926303627445 24.745437594017396
      vertex 40 0 24.710733808528843
    endloop
  endfacet
  facet normal -0.7208535890291231 0 -0.6930873705268565
    outer loop
      vertex 40.12541992217302 -9 24.569594033062458
      vertex 40.34314575046301 9 24.34314575046301
      vertex 40.34314575046301 -9 24.34314575046301
    endloop
  endfacet
  facet normal -0.6930873705268565 0 -0.7208535890291231
    outer loop
      vertex 40.34314575046301 -9 24.34314575046301
      vertex 40.56959403306246 9 24.125419922173023
      vertex 40.56959403306246 -9 24.125419922173023
    endloop
  endfacet
  facet normal -0.6642524230215706 0 -0.7475083400939233
    outer loop
      vertex 40.56959403306246 -9 24.125419922173023
      vertex 40.80441561341286 9 23.91675227880478
      vertex 40.80441561341286 -9 23.91675227880478
    endloop
  endfacet
  facet normal -0.7475083400939233 0 -0.6642524230215706
    outer loop
      vertex 39.91675227880478 -9 24.804415613412857
      vertex 40.12541992217302 9 24.569594033062458
      vertex 40.12541992217302 -9 24.569594033062458
    endloop
  endfacet
  facet normal 0 -1 0
    outer loop
      vertex 42.091030068695545 -9 23.020031943917274
      vertex 42.368076004087925 -9 22.871947810053825
      vertex 46 -9 30
    endloop
  endfacet
  facet normal 0 -1 0
    outer loop
      vertex 42.938532538712025 -9 22.60896374285221
      vertex 46 -9 30
      vertex 42.65072210133076 -9 22.734854608774185
    endloop
  endfacet
  facet normal 0 -1 0
    outer loop
      vertex 42.368076004087925 -9 22.871947810053825
      vertex 42.65072210133076 -9 22.734854608774185
      vertex 46 -9 30
    endloop
  endfacet
  facet normal 0 -1 0
    outer loop
      vertex 42.938532538712025 -9 22.60896374285221
      vertex 43.231063544750214 -9 22.494469314813614
      vertex 46 -9 30
    endloop
  endfacet
  facet normal 0 -1 0
    outer loop
      vertex 43.527864046394825 -9 22.391547866165638
      vertex 43.82847639918327 -9 22.30035810917616
      vertex 46 -9 30
    endloop
  endfacet
  facet normal 0 -1 0
    outer loop
      vertex 43.231063544750214 -9 22.494469314813614
      vertex 43.527864046394825 -9 22.391547866165638
      vertex 46 -9 30
    endloop
  endfacet
  facet normal 0 -1 0
    outer loop
      vertex 43.82847639918327 -9 22.30035810917616
      vertex 44.13243708759546 -9 22.22104063630104
      vertex 46 -9 30
    endloop
  endfacet
  facet normal 0 -1 0
    outer loop
      vertex 44.43927742540836 -9 22.153717756271362
      vertex 44.74852427840233 -9 22.09849327802658
      vertex 46 -9 30
    endloop
  endfacet
  facet normal 0 -1 0
    outer loop
      vertex 44.13243708759546 -9 22.22104063630104
      vertex 44.43927742540836 -9 22.153717756271362
      vertex 46 -9 30
    endloop
  endfacet
  facet normal 0 -1 0
    outer loop
      vertex 44.74852427840233 -9 22.09849327802658
      vertex 45.059700816869736 -9 22.055452346801758
      vertex 46 -9 30
    endloop
  endfacet
  facet normal 0 -1 0
    outer loop
      vertex 45.059700816869736 -9 22.055452346801758
      vertex 45.372327230870724 -9 22.02466133236885
      vertex 46 -9 30
    endloop
  endfacet
  facet normal 0 -1 0
    outer loop
      vertex 40.56959403306246 -9 24.125419922173023
      vertex 40.80441561341286 -9 23.91675227880478
      vertex 46 -9 30
    endloop
  endfacet
  facet normal 0 -1 0
    outer loop
      vertex 40.80441561341286 -9 23.91675227880478
      vertex 41.04724840819836 -9 23.717464551329613
      vertex 46 -9 30
    endloop
  endfacet
  facet normal 0 -1 0
    outer loop
      vertex 40.12541992217302 -9 24.569594033062458
      vertex 40.34314575046301 -9 24.34314575046301
      vertex 46 -9 30
    endloop
  endfacet
  facet normal 0 -1 0
    outer loop
      vertex 39.91675227880478 -9 24.804415613412857
      vertex 40.12541992217302 -9 24.569594033062458
      vertex 46 -9 30
    endloop
  endfacet
  facet normal 0 -1 0
    outer loop
      vertex 39.91675227880478 -9 24.804415613412857
      vertex 46 -9 30
      vertex 39.71746455132961 -9 25.047248408198357
    endloop
  endfacet
  facet normal 0 -1 0
    outer loop
      vertex 40.34314575046301 -9 24.34314575046301
      vertex 40.56959403306246 -9 24.125419922173023
      vertex 46 -9 30
    endloop
  endfacet
  facet normal 0 -1 0
    outer loop
      vertex 41.55543813854456 -9 23.348243102431297
      vertex 46 -9 30
      vertex 41.29771798104048 -9 23.527864046394825
    endloop
  endfacet
  facet normal 0 -1 0
    outer loop
      vertex 41.55543813854456 -9 23.348243102431297
      vertex 41.82001148164272 -9 23.17887868732214
      vertex 46 -9 30
    endloop
  endfacet
  facet normal 0 -1 0
    outer loop
      vertex 41.04724840819836 -9 23.717464551329613
      vertex 41.29771798104048 -9 23.527864046394825
      vertex 46 -9 30
    endloop
  endfacet
  facet normal 0 -1 0
    outer loop
      vertex 41.82001148164272 -9 23.17887868732214
      vertex 42.091030068695545 -9 23.020031943917274
      vertex 46 -9 30
    endloop
  endfacet
  facet normal 0 -1 0
    outer loop
      vertex 45.372327230870724 -9 22.02466133236885
      vertex 45.68592147529125 -9 22.006167709827423
      vertex 46 -9 30
    endloop
  endfacet
  facet normal 0 -1 0
    outer loop
      vertex 45.68592147529125 -9 22.006167709827423
      vertex 46 -9 22
      vertex 46 -9 30
    endloop
  endfacet
  facet normal 0 -1 0
    outer loop
      vertex 46 -9 22
      vertex 46.11782060563564 -9 22.000867649912834
      vertex 46 -9 30
    endloop
  endfacet
  facet normal 0 -1 0
    outer loop
      vertex 46.11782060563564 -9 22.000867649912834
      vertex 47.34451246261597 -9 22.018935807049274
      vertex 46 -9 30
    endloop
  endfacet
  facet normal 0 -1 0
    outer loop
      vertex 47.34451246261597 -9 22.018935807049274
      vertex 47.58041486889124 -9 22.025891982018948
      vertex 47.226691856980324 -9 30.01806815713644
    endloop
  endfacet
  facet normal 0 -1 0
    outer loop
      vertex 47.58041486889124 -9 22.025891982018948
      vertex 48.80415152013302 -9 22.08005292713642
      vertex 47.226691856980324 -9 30.01806815713644
    endloop
  endfacet
  facet normal 0 -1 0
    outer loop
      vertex 48.80415152013302 -9 22.08005292713642
      vertex 49.040837585926056 -9 22.094045281410217
      vertex 48.4504285082221 -9 30.072229102253914
    endloop
  endfacet
  facet normal 0 -1 0
    outer loop
      vertex 47.34451246261597 -9 22.018935807049274
      vertex 47.226691856980324 -9 30.01806815713644
      vertex 46 -9 30
    endloop
  endfacet
  facet normal 0 -1 0
    outer loop
      vertex 47.226691856980324 -9 30.01806815713644
      vertex 48.80415152013302 -9 22.08005292713642
      vertex 48.4504285082221 -9 30.072229102253914
    endloop
  endfacet
  facet normal 0 -1 0
    outer loop
      vertex 49.040837585926056 -9 22.094045281410217
      vertex 49.668261863291264 -9 30.162352353334427
      vertex 48.4504285082221 -9 30.072229102253914
    endloop
  endfacet
  facet normal -0.5056573754932899 0 -0.8627343847379898
    outer loop
      vertex 41.82001148164272 -9 23.17887868732214
      vertex 42.091030068695545 9 23.020031943917274
      vertex 42.091030068695545 -9 23.020031943917274
    endloop
  endfacet
  facet normal -0.4713967274826416 0 -0.8819212693424828
    outer loop
      vertex 42.091030068695545 -9 23.020031943917274
      vertex 42.368076004087925 9 22.871947810053825
      vertex 42.368076004087925 -9 22.871947810053825
    endloop
  endfacet
  facet normal -0.43640925192825986 0 -0.8997482785931944
    outer loop
      vertex 42.368076004087925 -9 22.871947810053825
      vertex 42.65072210133076 9 22.734854608774185
      vertex 42.65072210133076 -9 22.734854608774185
    endloop
  endfacet
  facet normal -0.40074882824224173 0 -0.9161879592433368
    outer loop
      vertex 42.938532538712025 -9 22.60896374285221
      vertex 42.65072210133076 -9 22.734854608774185
      vertex 42.938532538712025 9 22.60896374285221
    endloop
  endfacet
  facet normal -0.3644704979088108 0 -0.9312149355299794
    outer loop
      vertex 42.938532538712025 -9 22.60896374285221
      vertex 43.231063544750214 9 22.494469314813614
      vertex 43.231063544750214 -9 22.494469314813614
    endloop
  endfacet
  facet normal -0.014727575977806162 0 0.9998915433714888
    outer loop
      vertex 46 -9 30
      vertex 47.226691856980324 -9 30.01806815713644
      vertex 47.226691856980324 9 30.01806815713644
    endloop
  endfacet
  facet normal -0.04421537660950614 0 0.9990220220151703
    outer loop
      vertex 47.226691856980324 -9 30.01806815713644
      vertex 48.4504285082221 -9 30.072229102253914
      vertex 48.4504285082221 9 30.072229102253914
    endloop
  endfacet
  facet normal 0 -1 0
    outer loop
      vertex 39.020031943917274 -9 26.091030068695545
      vertex 38.96891565277052 -9 63.81365031853011
      vertex 38.96891565277052 -9 26.18666192556686
    endloop
  endfacet
  facet normal 0 -1 0
    outer loop
      vertex 39.020031943917274 -9 26.091030068695545
      vertex 46 -9 30
      vertex 38.96891565277052 -9 63.81365031853011
    endloop
  endfacet
  facet normal 1 0 0
    outer loop
      vertex 46 -9 30
      vertex 46 9 30
      vertex 46 -9 60
    endloop
  endfacet
  facet normal 0.07380113429700266 0 -0.9972729779636444
    outer loop
      vertex 49.040837585926056 -9 22.094045281410217
      vertex 50.258670940995216 9 22.18416853249073
      vertex 50.258670940995216 -9 22.18416853249073
    endloop
  endfacet
  facet normal 0.08868555127280171 0 -0.9960596734109053
    outer loop
      vertex 50.258670940995216 -9 22.18416853249073
      vertex 50.496663480997086 9 22.205358527600765
      vertex 50.496663480997086 -9 22.205358527600765
    endloop
  endfacet
  facet normal 0.10355020249057402 0 -0.9946242283215109
    outer loop
      vertex 50.496663480997086 -9 22.205358527600765
      vertex 51.70565966516733 9 22.331226967275143
      vertex 51.70565966516733 -9 22.331226967275143
    endloop
  endfacet
  facet normal 0.11855257925919789 0 -0.992947776044134
    outer loop
      vertex 51.70565966516733 -9 22.331226967275143
      vertex 51.94548178464174 9 22.35986042767763
      vertex 51.94548178464174 -9 22.35986042767763
    endloop
  endfacet
  facet normal 0.13352796739530168 0 -0.9910450453552954
    outer loop
      vertex 51.94548178464174 -9 22.35986042767763
      vertex 53.142728231847286 9 22.52117083966732
      vertex 53.142728231847286 -9 22.52117083966732
    endloop
  endfacet
  facet normal 0 -1 0
    outer loop
      vertex 49.040837585926056 -9 22.094045281410217
      vertex 50.258670940995216 -9 22.18416853249073
      vertex 49.668261863291264 -9 30.162352353334427
    endloop
  endfacet
  facet normal 0 -1 0
    outer loop
      vertex 50.258670940995216 -9 22.18416853249073
      vertex 50.496663480997086 -9 22.205358527600765
      vertex 49.668261863291264 -9 30.162352353334427
    endloop
  endfacet
  facet normal 0 -1 0
    outer loop
      vertex 50.496663480997086 -9 22.205358527600765
      vertex 51.70565966516733 -9 22.331226967275143
      vertex 49.668261863291264 -9 30.162352353334427
    endloop
  endfacet
  facet normal 0 -1 0
    outer loop
      vertex 51.70565966516733 -9 22.331226967275143
      vertex 51.94548178464174 -9 22.35986042767763
      vertex 50.87725804746151 -9 30.288220793008804
    endloop
  endfacet
  facet normal 0 -1 0
    outer loop
      vertex 51.94548178464174 -9 22.35986042767763
      vertex 53.142728231847286 -9 22.52117083966732
      vertex 50.87725804746151 -9 30.288220793008804
    endloop
  endfacet
  facet normal 0 -1 0
    outer loop
      vertex 53.142728231847286 -9 22.52117083966732
      vertex 53.38490233570337 -9 22.557582303881645
      vertex 52.07450449466705 -9 30.449531204998493
    endloop
  endfacet
  facet normal 0 -1 0
    outer loop
      vertex 51.70565966516733 -9 22.331226967275143
      vertex 50.87725804746151 -9 30.288220793008804
      vertex 49.668261863291264 -9 30.162352353334427
    endloop
  endfacet
  facet normal 0 -1 0
    outer loop
      vertex 53.142728231847286 -9 22.52117083966732
      vertex 52.07450449466705 -9 30.449531204998493
      vertex 50.87725804746151 -9 30.288220793008804
    endloop
  endfacet
  facet normal 0 -1 0
    outer loop
      vertex 52.07450449466705 -9 30.449531204998493
      vertex 53.38490233570337 -9 22.557582303881645
      vertex 53.25711692869663 -9 30.645894967019558
    endloop
  endfacet
  facet normal 0 -1 0
    outer loop
      vertex 53.25711692869663 -9 30.645894967019558
      vertex 53.38490233570337 -9 22.557582303881645
      vertex 54.56751476973295 -9 22.75394606590271
    endloop
  endfacet
  facet normal 0 -1 0
    outer loop
      vertex 53.25711692869663 -9 30.645894967019558
      vertex 54.56751476973295 -9 22.75394606590271
      vertex 54.81256152689457 -9 22.798564717173576
    endloop
  endfacet
  facet normal 0 -1 0
    outer loop
      vertex 53.25711692869663 -9 30.645894967019558
      vertex 54.81256152689457 -9 22.798564717173576
      vertex 55.97769093513489 -9 23.029508769512177
    endloop
  endfacet
  facet normal 0 -1 0
    outer loop
      vertex 55.97769093513489 -9 23.029508769512177
      vertex 56.22612665593624 -9 23.082865975797176
      vertex 54.42224633693695 -9 30.876839019358158
    endloop
  endfacet
  facet normal 0 -1 0
    outer loop
      vertex 56.22612665593624 -9 23.082865975797176
      vertex 57.370966129004955 -9 23.34783396869898
      vertex 54.42224633693695 -9 30.876839019358158
    endloop
  endfacet
  facet normal 0 -1 0
    outer loop
      vertex 53.25711692869663 -9 30.645894967019558
      vertex 55.97769093513489 -9 23.029508769512177
      vertex 54.42224633693695 -9 30.876839019358158
    endloop
  endfacet
  facet normal 0 -1 0
    outer loop
      vertex 57.370966129004955 -9 23.34783396869898
      vertex 55.567085810005665 -9 31.14180701225996
      vertex 54.42224633693695 -9 30.876839019358158
    endloop
  endfacet
  facet normal 0 -1 0
    outer loop
      vertex 57.623298205435276 -9 23.41057227551937
      vertex 56.68887733668089 -9 31.44016060233116
      vertex 55.567085810005665 -9 31.14180701225996
    endloop
  endfacet
  facet normal 0.14868128480484014 0 -0.988885168029525
    outer loop
      vertex 53.142728231847286 -9 22.52117083966732
      vertex 53.38490233570337 9 22.557582303881645
      vertex 53.38490233570337 -9 22.557582303881645
    endloop
  endfacet
  facet normal 0.16379972972513204 0 -0.9864936130264471
    outer loop
      vertex 53.38490233570337 -9 22.557582303881645
      vertex 54.56751476973295 9 22.75394606590271
      vertex 54.56751476973295 -9 22.75394606590271
    endloop
  endfacet
  facet normal 0.17913686255906852 0 -0.9838241633912502
    outer loop
      vertex 54.56751476973295 -9 22.75394606590271
      vertex 54.81256152689457 9 22.798564717173576
      vertex 54.81256152689457 -9 22.798564717173576
    endloop
  endfacet
  facet normal 0.19443057523429644 0 -0.9809162815521315
    outer loop
      vertex 54.81256152689457 -9 22.798564717173576
      vertex 55.97769093513489 9 23.029508769512177
      vertex 55.97769093513489 -9 23.029508769512177
    endloop
  endfacet
  facet normal 0.20998427510253453 0 -0.9777047633154209
    outer loop
      vertex 55.97769093513489 -9 23.029508769512177
      vertex 56.22612665593624 9 23.082865975797176
      vertex 56.22612665593624 -9 23.082865975797176
    endloop
  endfacet
  facet normal -0.07380113429700266 0 0.9972729779636444
    outer loop
      vertex 48.4504285082221 -9 30.072229102253914
      vertex 49.668261863291264 -9 30.162352353334427
      vertex 49.668261863291264 9 30.162352353334427
    endloop
  endfacet
  facet normal -0.10355020249057402 0 0.9946242283215109
    outer loop
      vertex 49.668261863291264 -9 30.162352353334427
      vertex 50.87725804746151 -9 30.288220793008804
      vertex 50.87725804746151 9 30.288220793008804
    endloop
  endfacet
  facet normal -0.13352796739530168 0 0.9910450453552954
    outer loop
      vertex 50.87725804746151 -9 30.288220793008804
      vertex 52.07450449466705 -9 30.449531204998493
      vertex 52.07450449466705 9 30.449531204998493
    endloop
  endfacet
  facet normal -0.16379972972513204 0 0.9864936130264471
    outer loop
      vertex 52.07450449466705 -9 30.449531204998493
      vertex 53.25711692869663 -9 30.645894967019558
      vertex 53.25711692869663 9 30.645894967019558
    endloop
  endfacet
  facet normal -0.19443057523429644 0 0.9809162815521315
    outer loop
      vertex 53.25711692869663 -9 30.645894967019558
      vertex 54.42224633693695 -9 30.876839019358158
      vertex 54.42224633693695 9 30.876839019358158
    endloop
  endfacet
  facet normal -0.22548503987983054 0 0.9742466303715868
    outer loop
      vertex 54.42224633693695 -9 30.876839019358158
      vertex 55.567085810005665 -9 31.14180701225996
      vertex 55.567085810005665 9 31.14180701225996
    endloop
  endfacet
  facet normal -0.25702654919317836 0 0.9664043424001398
    outer loop
      vertex 55.567085810005665 -9 31.14180701225996
      vertex 56.68887733668089 -9 31.44016060233116
      vertex 56.68887733668089 9 31.44016060233116
    endloop
  endfacet
  facet normal 0 -1 0
    outer loop
      vertex 57.370966129004955 -9 23.34783396869898
      vertex 57.623298205435276 -9 23.41057227551937
      vertex 55.567085810005665 -9 31.14180701225996
    endloop
  endfacet
  facet normal 0 -1 0
    outer loop
      vertex 57.623298205435276 -9 23.41057227551937
      vertex 58.7450897321105 -9 23.708925865590572
      vertex 56.68887733668089 -9 31.44016060233116
    endloop
  endfacet
  facet normal 0 -1 0
    outer loop
      vertex 56.68887733668089 -9 31.44016060233116
      vertex 58.7450897321105 -9 23.708925865590572
      vertex 59.00181122869253 -9 23.78180981427431
    endloop
  endfacet
  facet normal 0 -1 0
    outer loop
      vertex 56.68887733668089 -9 31.44016060233116
      vertex 59.00181122869253 -9 23.78180981427431
      vertex 60.09785231202841 -9 24.112830244004726
    endloop
  endfacet
  facet normal 0 -1 0
    outer loop
      vertex 57.784918420016766 -9 31.771181032061577
      vertex 60.09785231202841 -9 24.112830244004726
      vertex 60.359432838857174 -9 24.196758575737476
    endloop
  endfacet
  facet normal 0 -1 0
    outer loop
      vertex 60.359432838857174 -9 24.196758575737476
      vertex 61.427083022892475 -9 24.559648394584656
      vertex 58.85256860405207 -9 32.134070850908756
    endloop
  endfacet
  facet normal 0 -1 0
    outer loop
      vertex 61.427083022892475 -9 24.559648394584656
      vertex 61.693956546485424 -9 24.655667640268803
      vertex 58.85256860405207 -9 32.134070850908756
    endloop
  endfacet
  facet normal 0 -1 0
    outer loop
      vertex 61.693956546485424 -9 24.655667640268803
      vertex 62.7306437715888 -9 25.049552604556084
      vertex 58.85256860405207 -9 32.134070850908756
    endloop
  endfacet
  facet normal 0 -1 0
    outer loop
      vertex 62.7306437715888 -9 25.049552604556084
      vertex 63.00319250673056 -9 25.158871859312057
      vertex 59.889255829155445 -9 32.52795581519604
    endloop
  endfacet
  facet normal 0 -1 0
    outer loop
      vertex 63.00319250673056 -9 25.158871859312057
      vertex 64.00641929358244 -9 25.582803070545197
      vertex 60.89248261600733 -9 32.951887026429176
    endloop
  endfacet
  facet normal 0 -1 0
    outer loop
      vertex 60.89248261600733 -9 32.951887026429176
      vertex 64.00641929358244 -9 25.582803070545197
      vertex 64.28495128452778 -9 25.70680894702673
    endloop
  endfacet
  facet normal 0 -1 0
    outer loop
      vertex 56.68887733668089 -9 31.44016060233116
      vertex 60.09785231202841 -9 24.112830244004726
      vertex 57.784918420016766 -9 31.771181032061577
    endloop
  endfacet
  facet normal 0 -1 0
    outer loop
      vertex 57.784918420016766 -9 31.771181032061577
      vertex 60.359432838857174 -9 24.196758575737476
      vertex 58.85256860405207 -9 32.134070850908756
    endloop
  endfacet
  facet normal 0 -1 0
    outer loop
      vertex 62.7306437715888 -9 25.049552604556084
      vertex 59.889255829155445 -9 32.52795581519604
      vertex 58.85256860405207 -9 32.134070850908756
    endloop
  endfacet
  facet normal 0 -1 0
    outer loop
      vertex 63.00319250673056 -9 25.158871859312057
      vertex 60.89248261600733 -9 32.951887026429176
      vertex 59.889255829155445 -9 32.52795581519604
    endloop
  endfacet
  facet normal 0 -1 0
    outer loop
      vertex 61.8598321005702 -9 33.40484319627285
      vertex 64.28495128452778 -9 25.70680894702673
      vertex 65.25230076909065 -9 26.159765116870403
    endloop
  endfacet
  facet normal 0 -1 0
    outer loop
      vertex 60.89248261600733 -9 32.951887026429176
      vertex 64.28495128452778 -9 25.70680894702673
      vertex 61.8598321005702 -9 33.40484319627285
    endloop
  endfacet
  facet normal 0 -1 0
    outer loop
      vertex 61.8598321005702 -9 33.40484319627285
      vertex 66.46616300195456 -9 26.780926294624805
      vertex 62.78897386789322 -9 33.88573312014341
    endloop
  endfacet
  facet normal 0.22548503987983054 0 -0.9742466303715868
    outer loop
      vertex 56.22612665593624 -9 23.082865975797176
      vertex 57.370966129004955 9 23.34783396869898
      vertex 57.370966129004955 -9 23.34783396869898
    endloop
  endfacet
  facet normal 0.2412876670297996 0 -0.9704536370890247
    outer loop
      vertex 57.370966129004955 -9 23.34783396869898
      vertex 57.623298205435276 9 23.41057227551937
      vertex 57.623298205435276 -9 23.41057227551937
    endloop
  endfacet
  facet normal 0.25702654919317836 0 -0.9664043424001398
    outer loop
      vertex 57.623298205435276 -9 23.41057227551937
      vertex 58.7450897321105 9 23.708925865590572
      vertex 58.7450897321105 -9 23.708925865590572
    endloop
  endfacet
  facet normal 0.2731096318537573 0 -0.9619829151230832
    outer loop
      vertex 58.7450897321105 -9 23.708925865590572
      vertex 59.00181122869253 9 23.78180981427431
      vertex 59.00181122869253 -9 23.78180981427431
    endloop
  endfacet
  facet normal 0.2891167365640188 0 -0.9572938486371735
    outer loop
      vertex 59.00181122869253 -9 23.78180981427431
      vertex 60.09785231202841 9 24.112830244004726
      vertex 60.09785231202841 -9 24.112830244004726
    endloop
  endfacet
  facet normal 0.3055105421486448 0 -0.9521886938186365
    outer loop
      vertex 60.09785231202841 -9 24.112830244004726
      vertex 60.359432838857174 9 24.196758575737476
      vertex 60.359432838857174 -9 24.196758575737476
    endloop
  endfacet
  facet normal 0.32181430225223095 0 -0.9468028067480101
    outer loop
      vertex 60.359432838857174 -9 24.196758575737476
      vertex 61.427083022892475 9 24.559648394584656
      vertex 61.427083022892475 -9 24.559648394584656
    endloop
  endfacet
  facet normal 0.33854709539359756 0 -0.9409494482704999
    outer loop
      vertex 61.427083022892475 -9 24.559648394584656
      vertex 61.693956546485424 9 24.655667640268803
      vertex 61.693956546485424 -9 24.655667640268803
    endloop
  endfacet
  facet normal 0.35517349275468585 0 -0.9348004011790094
    outer loop
      vertex 61.693956546485424 -9 24.655667640268803
      vertex 62.7306437715888 9 25.049552604556084
      vertex 62.7306437715888 -9 25.049552604556084
    endloop
  endfacet
  facet normal 0.3722705014284206 0 -0.9281242771128402
    outer loop
      vertex 62.7306437715888 -9 25.049552604556084
      vertex 63.00319250673056 9 25.158871859312057
      vertex 63.00319250673056 -9 25.158871859312057
    endloop
  endfacet
  facet normal 0.3892420847121702 0 -0.9211354946417623
    outer loop
      vertex 63.00319250673056 -9 25.158871859312057
      vertex 64.00641929358244 9 25.582803070545197
      vertex 64.00641929358244 -9 25.582803070545197
    endloop
  endfacet
  facet normal -0.2891167365640188 0 0.9572938486371735
    outer loop
      vertex 56.68887733668089 -9 31.44016060233116
      vertex 57.784918420016766 -9 31.771181032061577
      vertex 57.784918420016766 9 31.771181032061577
    endloop
  endfacet
  facet normal -0.32181430225223095 0 0.9468028067480101
    outer loop
      vertex 57.784918420016766 -9 31.771181032061577
      vertex 58.85256860405207 -9 32.134070850908756
      vertex 58.85256860405207 9 32.134070850908756
    endloop
  endfacet
  facet normal -0.35517349275468585 0 0.9348004011790094
    outer loop
      vertex 58.85256860405207 -9 32.134070850908756
      vertex 59.889255829155445 -9 32.52795581519604
      vertex 59.889255829155445 9 32.52795581519604
    endloop
  endfacet
  facet normal -0.3892420847121702 0 0.9211354946417623
    outer loop
      vertex 59.889255829155445 -9 32.52795581519604
      vertex 60.89248261600733 -9 32.951887026429176
      vertex 60.89248261600733 9 32.951887026429176
    endloop
  endfacet
  facet normal -0.4240585833334622 0 0.9056347596582284
    outer loop
      vertex 60.89248261600733 -9 32.951887026429176
      vertex 61.8598321005702 -9 33.40484319627285
      vertex 61.8598321005702 9 33.40484319627285
    endloop
  endfacet
  facet normal -0.4596486421968264 0 0.8881008533531617
    outer loop
      vertex 61.8598321005702 -9 33.40484319627285
      vertex 62.78897386789322 -9 33.88573312014341
      vertex 62.78897386789322 9 33.88573312014341
    endloop
  endfacet
  facet normal -0.49602040049501467 0 0.8683108673123728
    outer loop
      vertex 62.78897386789322 -9 33.88573312014341
      vertex 63.677669532597065 -9 34.39339828491211
      vertex 63.677669532597065 9 34.39339828491211
    endloop
  endfacet
  facet normal 0 -1 0
    outer loop
      vertex 61.8598321005702 -9 33.40484319627285
      vertex 65.25230076909065 -9 26.159765116870403
      vertex 65.53412573039532 -9 26.298538506031036
    endloop
  endfacet
  facet normal 0 -1 0
    outer loop
      vertex 61.8598321005702 -9 33.40484319627285
      vertex 65.53412573039532 -9 26.298538506031036
      vertex 65.53702123463154 -9 26.300036370754242
    endloop
  endfacet
  facet normal 0 -1 0
    outer loop
      vertex 61.8598321005702 -9 33.40484319627285
      vertex 65.53702123463154 -9 26.300036370754242
      vertex 66.46616300195456 -9 26.780926294624805
    endloop
  endfacet
  facet normal 0 -1 0
    outer loop
      vertex 66.46616300195456 -9 26.780926294624805
      vertex 66.74226143211126 -9 26.930769607424736
      vertex 62.78897386789322 -9 33.88573312014341
    endloop
  endfacet
  facet normal 0 -1 0
    outer loop
      vertex 66.74226143211126 -9 26.930769607424736
      vertex 66.75713707506657 -9 26.93924618512392
      vertex 62.78897386789322 -9 33.88573312014341
    endloop
  endfacet
  facet normal 0 -1 0
    outer loop
      vertex 66.75713707506657 -9 26.93924618512392
      vertex 67.64583273977041 -9 27.446911349892616
      vertex 63.677669532597065 -9 34.39339828491211
    endloop
  endfacet
  facet normal 0 -1 0
    outer loop
      vertex 67.64583273977041 -9 27.446911349892616
      vertex 67.91549122333527 -9 27.60805619508028
      vertex 63.677669532597065 -9 34.39339828491211
    endloop
  endfacet
  facet normal 0 -1 0
    outer loop
      vertex 67.91549122333527 -9 27.60805619508028
      vertex 67.94293834269047 -9 27.625275798141956
      vertex 63.677669532597065 -9 34.39339828491211
    endloop
  endfacet
  facet normal 0 -1 0
    outer loop
      vertex 67.94293834269047 -9 27.625275798141956
      vertex 68.78904694318771 -9 28.1584931910038
      vertex 63.677669532597065 -9 34.39339828491211
    endloop
  endfacet
  facet normal 0 -1 0
    outer loop
      vertex 64.52377813309431 -9 34.92661567777395
      vertex 68.78904694318771 -9 28.1584931910038
      vertex 69.05147381871939 -9 28.331164836883545
    endloop
  endfacet
  facet normal 0 -1 0
    outer loop
      vertex 64.52377813309431 -9 34.92661567777395
      vertex 69.05147381871939 -9 28.331164836883545
      vertex 69.09191594272852 -9 28.359111055731773
    endloop
  endfacet
  facet normal 0 -1 0
    outer loop
      vertex 66.75713707506657 -9 26.93924618512392
      vertex 63.677669532597065 -9 34.39339828491211
      vertex 62.78897386789322 -9 33.88573312014341
    endloop
  endfacet
  facet normal 0 -1 0
    outer loop
      vertex 63.677669532597065 -9 34.39339828491211
      vertex 68.78904694318771 -9 28.1584931910038
      vertex 64.52377813309431 -9 34.92661567777395
    endloop
  endfacet
  facet normal 0 -1 0
    outer loop
      vertex 64.52377813309431 -9 34.92661567777395
      vertex 69.09191594272852 -9 28.359111055731773
      vertex 65.32526133209467 -9 35.48410073667765
    endloop
  endfacet
  facet normal 0 -1 0
    outer loop
      vertex 65.32526133209467 -9 35.48410073667765
      vertex 69.09191594272852 -9 28.359111055731773
      vertex 69.89339914172888 -9 28.916596114635468
    endloop
  endfacet
  facet normal 0 -1 0
    outer loop
      vertex 65.32526133209467 -9 35.48410073667765
      vertex 69.89339914172888 -9 28.916596114635468
      vertex 70.1477162912488 -9 29.101003669202328
    endloop
  endfacet
  facet normal 0 -1 0
    outer loop
      vertex 65.32526133209467 -9 35.48410073667765
      vertex 70.1477162912488 -9 29.101003669202328
      vertex 70.20134619623423 -9 29.141877435147762
    endloop
  endfacet
  facet normal 0 -1 0
    outer loop
      vertex 65.32526133209467 -9 35.48410073667765
      vertex 70.20134619623423 -9 29.141877435147762
      vertex 70.95627315342426 -9 29.722287133336067
    endloop
  endfacet
  facet normal 0 -1 0
    outer loop
      vertex 66.0801882892847 -9 36.06451043486595
      vertex 70.95627315342426 -9 29.722287133336067
      vertex 71.20150838792324 -9 29.918610952794552
    endloop
  endfacet
  facet normal 0 -1 0
    outer loop
      vertex 66.0801882892847 -9 36.06451043486595
      vertex 71.20150838792324 -9 29.918610952794552
      vertex 71.26821172982454 -9 29.974813170731068
    endloop
  endfacet
  facet normal 0 -1 0
    outer loop
      vertex 66.0801882892847 -9 36.06451043486595
      vertex 71.26821172982454 -9 29.974813170731068
      vertex 71.97476375102997 -9 30.576749242842197
    endloop
  endfacet
  facet normal 0 -1 0
    outer loop
      vertex 66.78674031049013 -9 36.66644650697708
      vertex 71.97476375102997 -9 30.576749242842197
      vertex 72.20984436571598 -9 30.78512502461672
    endloop
  endfacet
  facet normal 0 -1 0
    outer loop
      vertex 66.78674031049013 -9 36.66644650697708
      vertex 72.20984436571598 -9 30.78512502461672
      vertex 72.28911101818085 -9 30.859216816723347
    endloop
  endfacet
  facet normal 0 -1 0
    outer loop
      vertex 67.44321525096893 -9 37.288458839058876
      vertex 72.28911101818085 -9 30.859216816723347
      vertex 72.94558595865965 -9 31.48122914880514
    endloop
  endfacet
  facet normal 0 -1 0
    outer loop
      vertex 67.44321525096893 -9 37.288458839058876
      vertex 72.94558595865965 -9 31.48122914880514
      vertex 73.16933459788561 -9 31.701728373765945
    endloop
  endfacet
  facet normal 0 -1 0
    outer loop
      vertex 67.44321525096893 -9 37.288458839058876
      vertex 73.16933459788561 -9 31.701728373765945
      vertex 73.26016087085009 -9 31.796360544860363
    endloop
  endfacet
  facet normal 0.4067241729454188 0 -0.9135510096003754
    outer loop
      vertex 64.00641929358244 -9 25.582803070545197
      vertex 64.28495128452778 9 25.70680894702673
      vertex 64.28495128452778 -9 25.70680894702673
    endloop
  endfacet
  facet normal 0.4240585833334622 0 -0.9056347596582284
    outer loop
      vertex 64.28495128452778 -9 25.70680894702673
      vertex 65.25230076909065 9 26.159765116870403
      vertex 65.25230076909065 -9 26.159765116870403
    endloop
  endfacet
  facet normal 0.4417577991857807 0 -0.8971343527357178
    outer loop
      vertex 65.25230076909065 -9 26.159765116870403
      vertex 65.53412573039532 9 26.298538506031036
      vertex 65.53412573039532 -9 26.298538506031036
    endloop
  endfacet
  facet normal 0.45946892761655383 0 -0.8881938440199267
    outer loop
      vertex 65.53412573039532 -9 26.298538506031036
      vertex 65.53702123463154 9 26.300036370754242
      vertex 65.53702123463154 -9 26.300036370754242
    endloop
  endfacet
  facet normal 0.4596486421968264 0 -0.8881008533531617
    outer loop
      vertex 65.53702123463154 -9 26.300036370754242
      vertex 66.46616300195456 9 26.780926294624805
      vertex 66.46616300195456 -9 26.780926294624805
    endloop
  endfacet
  facet normal 0.47699672655659997 0 -0.8789050704452036
    outer loop
      vertex 66.46616300195456 -9 26.780926294624805
      vertex 66.74226143211126 9 26.930769607424736
      vertex 66.74226143211126 -9 26.930769607424736
    endloop
  endfacet
  facet normal 0.4950911199600584 0 -0.8688410573497864
    outer loop
      vertex 66.74226143211126 -9 26.930769607424736
      vertex 66.75713707506657 9 26.93924618512392
      vertex 66.75713707506657 -9 26.93924618512392
    endloop
  endfacet
  facet normal 0.49602040049501467 0 -0.8683108673123728
    outer loop
      vertex 66.75713707506657 -9 26.93924618512392
      vertex 67.64583273977041 9 27.446911349892616
      vertex 67.64583273977041 -9 27.446911349892616
    endloop
  endfacet
  facet normal 0.5129729398437274 0 -0.8584047780552504
    outer loop
      vertex 67.64583273977041 -9 27.446911349892616
      vertex 67.91549122333527 9 27.60805619508028
      vertex 67.91549122333527 -9 27.60805619508028
    endloop
  endfacet
  facet normal 0.5314441484590159 0 -0.8470933343313897
    outer loop
      vertex 67.91549122333527 -9 27.60805619508028
      vertex 67.94293834269047 9 27.625275798141956
      vertex 67.94293834269047 -9 27.625275798141956
    endloop
  endfacet
  facet normal 0.5331586015358022 0 -0.846015310504714
    outer loop
      vertex 67.94293834269047 -9 27.625275798141956
      vertex 68.78904694318771 9 28.1584931910038
      vertex 68.78904694318771 -9 28.1584931910038
    endloop
  endfacet
  facet normal 0.5496662346485307 0 -0.8353843609305277
    outer loop
      vertex 68.78904694318771 -9 28.1584931910038
      vertex 69.05147381871939 9 28.331164836883545
      vertex 69.05147381871939 -9 28.331164836883545
    endloop
  endfacet
  facet normal 0.5684922848332299 0 -0.8226885936276822
    outer loop
      vertex 69.05147381871939 -9 28.331164836883545
      vertex 69.09191594272852 9 28.359111055731773
      vertex 69.09191594272852 -9 28.359111055731773
    endloop
  endfacet
  facet normal 0.5710172257391454 0 -0.8209380779992909
    outer loop
      vertex 69.09191594272852 -9 28.359111055731773
      vertex 69.89339914172888 9 28.916596114635468
      vertex 69.89339914172888 -9 28.916596114635468
    endloop
  endfacet
  facet normal 0.5870252031072385 0 -0.8095686573212338
    outer loop
      vertex 69.89339914172888 -9 28.916596114635468
      vertex 70.1477162912488 9 29.101003669202328
      vertex 70.1477162912488 -9 29.101003669202328
    endloop
  endfacet
  facet normal 0.6061641198827823 0 -0.7953395877024682
    outer loop
      vertex 70.1477162912488 -9 29.101003669202328
      vertex 70.20134619623423 9 29.141877435147762
      vertex 70.20134619623423 -9 29.141877435147762
    endloop
  endfacet
  facet normal 0.6095106082669645 0 -0.7927779124130762
    outer loop
      vertex 70.20134619623423 -9 29.141877435147762
      vertex 70.95627315342426 9 29.722287133336067
      vertex 70.95627315342426 -9 29.722287133336067
    endloop
  endfacet
  facet normal 0.6249582787315809 0 -0.7806581517187017
    outer loop
      vertex 70.95627315342426 -9 29.722287133336067
      vertex 71.20150838792324 9 29.918610952794552
      vertex 71.20150838792324 -9 29.918610952794552
    endloop
  endfacet
  facet normal 0.6443435502886437 0 -0.7647361565935182
    outer loop
      vertex 71.20150838792324 -9 29.918610952794552
      vertex 71.26821172982454 9 29.974813170731068
      vertex 71.26821172982454 -9 29.974813170731068
    endloop
  endfacet
  facet normal 0.6485029304896128 0 -0.7612121577762564
    outer loop
      vertex 71.26821172982454 -9 29.974813170731068
      vertex 71.97476375102997 9 30.576749242842197
      vertex 71.97476375102997 -9 30.576749242842197
    endloop
  endfacet
  facet normal 0.6633233328137175 0 -0.7483329179883124
    outer loop
      vertex 71.97476375102997 -9 30.576749242842197
      vertex 72.20984436571598 9 30.78512502461672
      vertex 72.20984436571598 -9 30.78512502461672
    endloop
  endfacet
  facet normal 0.68285782892532 0 -0.7305512887370732
    outer loop
      vertex 72.20984436571598 -9 30.78512502461672
      vertex 72.28911101818085 9 30.859216816723347
      vertex 72.28911101818085 -9 30.859216816723347
    endloop
  endfacet
  facet normal 0.6877963380047939 0 -0.7259037108509606
    outer loop
      vertex 72.28911101818085 -9 30.859216816723347
      vertex 72.94558595865965 9 31.48122914880514
      vertex 72.94558595865965 -9 31.48122914880514
    endloop
  endfacet
  facet normal 0.7019159308644642 0 -0.7122598023184185
    outer loop
      vertex 72.94558595865965 -9 31.48122914880514
      vertex 73.16933459788561 9 31.701728373765945
      vertex 73.16933459788561 -9 31.701728373765945
    endloop
  endfacet
  facet normal 0.721465820126203 0 -0.6924500490213177
    outer loop
      vertex 73.16933459788561 -9 31.701728373765945
      vertex 73.26016087085009 9 31.796360544860363
      vertex 73.26016087085009 -9 31.796360544860363
    endloop
  endfacet
  facet normal 0.72711820224666 0 -0.6865122868249229
    outer loop
      vertex 73.26016087085009 -9 31.796360544860363
      vertex 73.86497722566128 9 32.43695065379143
      vertex 73.86497722566128 -9 32.43695065379143
    endloop
  endfacet
  facet normal 0.7404568085627518 0 -0.6721039463156456
    outer loop
      vertex 73.86497722566128 -9 32.43695065379143
      vertex 74.07611133903265 9 32.66955707222223
      vertex 74.07611133903265 -9 32.66955707222223
    endloop
  endfacet
  facet normal 0.7598449741429602 0 -0.6501043110683734
    outer loop
      vertex 74.07611133903265 -9 32.66955707222223
      vertex 74.1769005432725 9 32.7873599678278
      vertex 74.1769005432725 -9 32.7873599678278
    endloop
  endfacet
  facet normal 0.7661086173407772 0 -0.6427111220728973
    outer loop
      vertex 74.1769005432725 -9 32.7873599678278
      vertex 74.72860126197338 9 33.44498461484909
      vertex 74.72860126197338 -9 33.44498461484909
    endloop
  endfacet
  facet normal 0.7785797408173878 0 -0.6275456853399035
    outer loop
      vertex 74.72860126197338 -9 33.44498461484909
      vertex 74.92573788762093 9 33.6895669400692
      vertex 74.92573788762093 -9 33.6895669400692
    endloop
  endfacet
  facet normal 0 -1 0
    outer loop
      vertex 65.32526133209467 -9 35.48410073667765
      vertex 70.95627315342426 -9 29.722287133336067
      vertex 66.0801882892847 -9 36.06451043486595
    endloop
  endfacet
  facet normal 0 -1 0
    outer loop
      vertex 66.0801882892847 -9 36.06451043486595
      vertex 71.97476375102997 -9 30.576749242842197
      vertex 66.78674031049013 -9 36.66644650697708
    endloop
  endfacet
  facet normal 0 -1 0
    outer loop
      vertex 66.78674031049013 -9 36.66644650697708
      vertex 72.28911101818085 -9 30.859216816723347
      vertex 67.44321525096893 -9 37.288458839058876
    endloop
  endfacet
  facet normal 0 -1 0
    outer loop
      vertex 67.44321525096893 -9 37.288458839058876
      vertex 73.26016087085009 -9 31.796360544860363
      vertex 68.04803160578012 -9 37.92904894798994
    endloop
  endfacet
  facet normal 0 -1 0
    outer loop
      vertex 68.04803160578012 -9 37.92904894798994
      vertex 74.72860126197338 -9 33.44498461484909
      vertex 68.59973232448101 -9 38.586673595011234
    endloop
  endfacet
  facet normal 0 -1 0
    outer loop
      vertex 68.59973232448101 -9 38.586673595011234
      vertex 75.0342113301158 -9 33.83299292623997
      vertex 69.09698831290007 -9 39.25974851101637
    endloop
  endfacet
  facet normal 0 -1 0
    outer loop
      vertex 69.09698831290007 -9 39.25974851101637
      vertex 75.82627183943987 -9 34.93346335738897
      vertex 69.53860162943602 -9 39.94665219634771
    endloop
  endfacet
  facet normal -0.5331586015358022 0 0.846015310504714
    outer loop
      vertex 63.677669532597065 -9 34.39339828491211
      vertex 64.52377813309431 -9 34.92661567777395
      vertex 64.52377813309431 9 34.92661567777395
    endloop
  endfacet
  facet normal -0.5710172257391454 0 0.8209380779992909
    outer loop
      vertex 64.52377813309431 -9 34.92661567777395
      vertex 65.32526133209467 -9 35.48410073667765
      vertex 65.32526133209467 9 35.48410073667765
    endloop
  endfacet
  facet normal -0.6095106082669645 0 0.7927779124130762
    outer loop
      vertex 65.32526133209467 -9 35.48410073667765
      vertex 66.0801882892847 -9 36.06451043486595
      vertex 66.0801882892847 9 36.06451043486595
    endloop
  endfacet
  facet normal -0.6485029304896128 0 0.7612121577762564
    outer loop
      vertex 66.0801882892847 -9 36.06451043486595
      vertex 66.78674031049013 -9 36.66644650697708
      vertex 66.78674031049013 9 36.66644650697708
    endloop
  endfacet
  facet normal -0.6877963380047939 0 0.7259037108509606
    outer loop
      vertex 66.78674031049013 -9 36.66644650697708
      vertex 67.44321525096893 -9 37.288458839058876
      vertex 67.44321525096893 9 37.288458839058876
    endloop
  endfacet
  facet normal -0.72711820224666 0 0.6865122868249229
    outer loop
      vertex 67.44321525096893 -9 37.288458839058876
      vertex 68.04803160578012 -9 37.92904894798994
      vertex 68.04803160578012 9 37.92904894798994
    endloop
  endfacet
  facet normal -0.7661086173407772 0 0.6427111220728973
    outer loop
      vertex 68.04803160578012 -9 37.92904894798994
      vertex 68.59973232448101 -9 38.586673595011234
      vertex 68.59973232448101 9 38.586673595011234
    endloop
  endfacet
  facet normal -0.8043098757698293 0 0.5942100838416678
    outer loop
      vertex 68.59973232448101 -9 38.586673595011234
      vertex 69.09698831290007 -9 39.25974851101637
      vertex 69.09698831290007 9 39.25974851101637
    endloop
  endfacet
  facet normal -0.8411604407245314 0 0.5407856441882607
    outer loop
      vertex 69.09698831290007 -9 39.25974851101637
      vertex 69.53860162943602 -9 39.94665219634771
      vertex 69.53860162943602 9 39.94665219634771
    endloop
  endfacet
  facet normal -0.8759967280912206 0 0.4823170454933932
    outer loop
      vertex 69.53860162943602 -9 39.94665219634771
      vertex 69.92350839078426 -9 40.64572983980179
      vertex 69.92350839078426 9 40.64572983980179
    endloop
  endfacet
  facet normal -0.908066352142262 0 0.41882633645348194
    outer loop
      vertex 69.92350839078426 -9 40.64572983980179
      vertex 70.25078132748604 -9 41.355297304689884
      vertex 70.25078132748604 9 41.355297304689884
    endloop
  endfacet
  facet normal -0.936556057108706 0 0.3505178339157568
    outer loop
      vertex 70.25078132748604 -9 41.355297304689884
      vertex 70.51963201165199 -9 42.073645167052746
      vertex 70.51963201165199 9 42.073645167052746
    endloop
  endfacet
  facet normal -0.9606359682328477 0 0.277810252757776
    outer loop
      vertex 70.51963201165199 -9 42.073645167052746
      vertex 70.72941274940968 -9 42.799042880535126
      vertex 70.72941274940968 9 42.799042880535126
    endloop
  endfacet
  facet normal -0.9795186405291935 0 0.20135350221896028
    outer loop
      vertex 70.72941274940968 -9 42.799042880535126
      vertex 70.8796181678772 -9 43.529742896556854
      vertex 70.8796181678772 9 43.529742896556854
    endloop
  endfacet
  facet normal -0.9925273918628404 0 0.12202203244474949
    outer loop
      vertex 70.8796181678772 -9 43.529742896556854
      vertex 70.96988640725613 -9 44.26398488879204
      vertex 70.96988640725613 9 44.26398488879204
    endloop
  endfacet
  facet normal -0.9991640566376251 0 0.04088016540383309
    outer loop
      vertex 70.96988640725613 -9 44.26398488879204
      vertex 71 -9 45
      vertex 71 9 45
    endloop
  endfacet
  facet normal 0 -1 0
    outer loop
      vertex 68.04803160578012 -9 37.92904894798994
      vertex 73.26016087085009 -9 31.796360544860363
      vertex 73.86497722566128 -9 32.43695065379143
    endloop
  endfacet
  facet normal 0 -1 0
    outer loop
      vertex 68.04803160578012 -9 37.92904894798994
      vertex 73.86497722566128 -9 32.43695065379143
      vertex 74.07611133903265 -9 32.66955707222223
    endloop
  endfacet
  facet normal 0 -1 0
    outer loop
      vertex 68.04803160578012 -9 37.92904894798994
      vertex 74.07611133903265 -9 32.66955707222223
      vertex 74.1769005432725 -9 32.7873599678278
    endloop
  endfacet
  facet normal 0 -1 0
    outer loop
      vertex 68.04803160578012 -9 37.92904894798994
      vertex 74.1769005432725 -9 32.7873599678278
      vertex 74.72860126197338 -9 33.44498461484909
    endloop
  endfacet
  facet normal 0 -1 0
    outer loop
      vertex 68.59973232448101 -9 38.586673595011234
      vertex 74.72860126197338 -9 33.44498461484909
      vertex 74.92573788762093 -9 33.6895669400692
    endloop
  endfacet
  facet normal 0 -1 0
    outer loop
      vertex 68.59973232448101 -9 38.586673595011234
      vertex 74.92573788762093 -9 33.6895669400692
      vertex 75.0342113301158 -9 33.83299292623997
    endloop
  endfacet
  facet normal 0 -1 0
    outer loop
      vertex 69.09698831290007 -9 39.25974851101637
      vertex 75.0342113301158 -9 33.83299292623997
      vertex 75.53146731853485 -9 34.5060678422451
    endloop
  endfacet
  facet normal 0 -1 0
    outer loop
      vertex 69.09698831290007 -9 39.25974851101637
      vertex 75.53146731853485 -9 34.5060678422451
      vertex 75.71313519775867 -9 34.76234921813011
    endloop
  endfacet
  facet normal 0 -1 0
    outer loop
      vertex 69.09698831290007 -9 39.25974851101637
      vertex 75.71313519775867 -9 34.76234921813011
      vertex 75.82627183943987 -9 34.93346335738897
    endloop
  endfacet
  facet normal 0 -1 0
    outer loop
      vertex 69.53860162943602 -9 39.94665219634771
      vertex 76.54657545685768 -9 36.0881158336997
      vertex 69.92350839078426 -9 40.64572983980179
    endloop
  endfacet
  facet normal 0 -1 0
    outer loop
      vertex 69.53860162943602 -9 39.94665219634771
      vertex 75.82627183943987 -9 34.93346335738897
      vertex 76.26788515597582 -9 35.62036704272032
    endloop
  endfacet
  facet normal 0 -1 0
    outer loop
      vertex 69.53860162943602 -9 39.94665219634771
      vertex 76.26788515597582 -9 35.62036704272032
      vertex 76.43254628032446 -9 35.88789288699627
    endloop
  endfacet
  facet normal 0 -1 0
    outer loop
      vertex 69.53860162943602 -9 39.94665219634771
      vertex 76.43254628032446 -9 35.88789288699627
      vertex 76.54657545685768 -9 36.0881158336997
    endloop
  endfacet
  facet normal 0 -1 0
    outer loop
      vertex 69.92350839078426 -9 40.64572983980179
      vertex 76.54657545685768 -9 36.0881158336997
      vertex 76.93148221820593 -9 36.78719347715378
    endloop
  endfacet
  facet normal 0 -1 0
    outer loop
      vertex 69.92350839078426 -9 40.64572983980179
      vertex 76.93148221820593 -9 36.78719347715378
      vertex 77.07756474614143 -9 37.06530002504587
    endloop
  endfacet
  facet normal 0 -1 0
    outer loop
      vertex 69.92350839078426 -9 40.64572983980179
      vertex 77.07756474614143 -9 37.06530002504587
      vertex 77.18803920596838 -9 37.295119151473045
    endloop
  endfacet
  facet normal 0 -1 0
    outer loop
      vertex 70.25078132748604 -9 41.355297304689884
      vertex 77.18803920596838 -9 37.295119151473045
      vertex 77.51531214267015 -9 38.00468661636114
    endloop
  endfacet
  facet normal 0 -1 0
    outer loop
      vertex 70.25078132748604 -9 41.355297304689884
      vertex 77.51531214267015 -9 38.00468661636114
      vertex 77.64125581085682 -9 38.29247395694256
    endloop
  endfacet
  facet normal 0 -1 0
    outer loop
      vertex 69.92350839078426 -9 40.64572983980179
      vertex 77.18803920596838 -9 37.295119151473045
      vertex 70.25078132748604 -9 41.355297304689884
    endloop
  endfacet
  facet normal 0 -1 0
    outer loop
      vertex 70.25078132748604 -9 41.355297304689884
      vertex 77.74322978407145 -9 38.551154635846615
      vertex 70.51963201165199 -9 42.073645167052746
    endloop
  endfacet
  facet normal 0 -1 0
    outer loop
      vertex 70.51963201165199 -9 42.073645167052746
      vertex 78.41450049728155 -9 40.576560854911804
      vertex 70.72941274940968 -9 42.799042880535126
    endloop
  endfacet
  facet normal 0 -1 0
    outer loop
      vertex 70.25078132748604 -9 41.355297304689884
      vertex 77.64125581085682 -9 38.29247395694256
      vertex 77.74322978407145 -9 38.551154635846615
    endloop
  endfacet
  facet normal 0 -1 0
    outer loop
      vertex 70.72941274940968 -9 42.799042880535126
      vertex 78.71576729416847 -9 41.91891487687826
      vertex 70.8796181678772 -9 43.529742896556854
    endloop
  endfacet
  facet normal 0 -1 0
    outer loop
      vertex 70.8796181678772 -9 43.529742896556854
      vertex 78.91010554134846 -9 43.28780862689018
      vertex 70.96988640725613 -9 44.26398488879204
    endloop
  endfacet
  facet normal 0 -1 0
    outer loop
      vertex 70.96988640725613 -9 44.26398488879204
      vertex 78.96319886296988 -9 43.93694356828928
      vertex 71 -9 45
    endloop
  endfacet
  facet normal 0 -1 0
    outer loop
      vertex 70.51963201165199 -9 42.073645167052746
      vertex 77.74322978407145 -9 38.551154635846615
      vertex 78.0120804682374 -9 39.26950249820948
    endloop
  endfacet
  facet normal 0 -1 0
    outer loop
      vertex 70.51963201165199 -9 42.073645167052746
      vertex 78.0120804682374 -9 39.26950249820948
      vertex 78.11639418452978 -9 39.56581653654575
    endloop
  endfacet
  facet normal 0 -1 0
    outer loop
      vertex 70.51963201165199 -9 42.073645167052746
      vertex 78.11639418452978 -9 39.56581653654575
      vertex 78.20471975952387 -9 39.851163141429424
    endloop
  endfacet
  facet normal 0 -1 0
    outer loop
      vertex 70.51963201165199 -9 42.073645167052746
      vertex 78.20471975952387 -9 39.851163141429424
      vertex 78.41450049728155 -9 40.576560854911804
    endloop
  endfacet
  facet normal 0 -1 0
    outer loop
      vertex 70.72941274940968 -9 42.799042880535126
      vertex 78.41450049728155 -9 40.576560854911804
      vertex 78.49582980573177 -9 40.87998943775892
    endloop
  endfacet
  facet normal 0 -1 0
    outer loop
      vertex 70.72941274940968 -9 42.799042880535126
      vertex 78.49582980573177 -9 40.87998943775892
      vertex 78.56518386304379 -9 41.18637706339359
    endloop
  endfacet
  facet normal 0 -1 0
    outer loop
      vertex 70.72941274940968 -9 42.799042880535126
      vertex 78.56518386304379 -9 41.18637706339359
      vertex 78.56556187570095 -9 41.18821486085653
    endloop
  endfacet
  facet normal 0 -1 0
    outer loop
      vertex 70.72941274940968 -9 42.799042880535126
      vertex 78.56556187570095 -9 41.18821486085653
      vertex 78.71576729416847 -9 41.91891487687826
    endloop
  endfacet
  facet normal 0 -1 0
    outer loop
      vertex 70.8796181678772 -9 43.529742896556854
      vertex 78.71576729416847 -9 41.91891487687826
      vertex 78.77296671271324 -9 42.22780253738165
    endloop
  endfacet
  facet normal 0 -1 0
    outer loop
      vertex 70.8796181678772 -9 43.529742896556854
      vertex 78.77296671271324 -9 42.22780253738165
      vertex 78.81799516826868 -9 42.53869769722223
    endloop
  endfacet
  facet normal 0 -1 0
    outer loop
      vertex 70.8796181678772 -9 43.529742896556854
      vertex 78.81799516826868 -9 42.53869769722223
      vertex 78.81983730196953 -9 42.553566634655
    endloop
  endfacet
  facet normal 0 -1 0
    outer loop
      vertex 70.8796181678772 -9 43.529742896556854
      vertex 78.81983730196953 -9 42.553566634655
      vertex 78.91010554134846 -9 43.28780862689018
    endloop
  endfacet
  facet normal 0 -1 0
    outer loop
      vertex 70.96988640725613 -9 44.26398488879204
      vertex 78.91010554134846 -9 43.28780862689018
      vertex 78.94230841845274 -9 43.60029276460409
    endloop
  endfacet
  facet normal 0 -1 0
    outer loop
      vertex 70.96988640725613 -9 44.26398488879204
      vertex 78.94230841845274 -9 43.60029276460409
      vertex 78.96221840381622 -9 43.91380026936531
    endloop
  endfacet
  facet normal 0 -1 0
    outer loop
      vertex 70.96988640725613 -9 44.26398488879204
      vertex 78.96221840381622 -9 43.91380026936531
      vertex 78.96319886296988 -9 43.93694356828928
    endloop
  endfacet
  facet normal 0 -1 0
    outer loop
      vertex 78.96319886296988 -9 43.93694356828928
      vertex 78.99331245571375 -9 44.67295867949724
      vertex 71 -9 45
    endloop
  endfacet
  facet normal 0 -1 0
    outer loop
      vertex 78.99331245571375 -9 44.67295867949724
      vertex 78.9999894797802 -9 44.987026788294315
      vertex 71 -9 45
    endloop
  endfacet
  facet normal 0.7975806618708816 0 -0.6032123074089308
    outer loop
      vertex 74.92573788762093 -9 33.6895669400692
      vertex 75.0342113301158 9 33.83299292623997
      vertex 75.0342113301158 -9 33.83299292623997
    endloop
  endfacet
  facet normal 0.8043098757698293 0 -0.5942100838416678
    outer loop
      vertex 75.0342113301158 -9 33.83299292623997
      vertex 75.53146731853485 9 34.5060678422451
      vertex 75.53146731853485 -9 34.5060678422451
    endloop
  endfacet
  facet normal 0.8158213724521338 0 -0.5783039756480296
    outer loop
      vertex 75.53146731853485 -9 34.5060678422451
      vertex 75.71313519775867 9 34.76234921813011
      vertex 75.71313519775867 -9 34.76234921813011
    endloop
  endfacet
  facet normal 0.8341579591855376 0 -0.5515256105816113
    outer loop
      vertex 75.71313519775867 -9 34.76234921813011
      vertex 75.82627183943987 9 34.93346335738897
      vertex 75.82627183943987 -9 34.93346335738897
    endloop
  endfacet
  facet normal 0.8411604407245314 0 -0.5407856441882607
    outer loop
      vertex 75.82627183943987 -9 34.93346335738897
      vertex 76.26788515597582 9 35.62036704272032
      vertex 76.26788515597582 -9 35.62036704272032
    endloop
  endfacet
  facet normal 0.8516159213538491 0 -0.5241663118673638
    outer loop
      vertex 76.26788515597582 -9 35.62036704272032
      vertex 76.43254628032446 9 35.88789288699627
      vertex 76.43254628032446 -9 35.88789288699627
    endloop
  endfacet
  facet normal 0.8689600101151065 0 -0.49488231007053995
    outer loop
      vertex 76.43254628032446 -9 35.88789288699627
      vertex 76.54657545685768 9 36.0881158336997
      vertex 76.54657545685768 -9 36.0881158336997
    endloop
  endfacet
  facet normal 0.8759967280912206 0 -0.4823170454933932
    outer loop
      vertex 76.54657545685768 -9 36.0881158336997
      vertex 76.93148221820593 9 36.78719347715378
      vertex 76.93148221820593 -9 36.78719347715378
    endloop
  endfacet
  facet normal 0.8852975389845418 0 -0.46502501810968583
    outer loop
      vertex 76.93148221820593 -9 36.78719347715378
      vertex 77.07756474614143 9 37.06530002504587
      vertex 77.07756474614143 -9 37.06530002504587
    endloop
  endfacet
  facet normal 0.9012761679155831 0 -0.4332450451504341
    outer loop
      vertex 77.07756474614143 -9 37.06530002504587
      vertex 77.18803920596838 9 37.295119151473045
      vertex 77.18803920596838 -9 37.295119151473045
    endloop
  endfacet
  facet normal 0.908066352142262 0 -0.41882633645348194
    outer loop
      vertex 77.18803920596838 -9 37.295119151473045
      vertex 77.51531214267015 9 38.00468661636114
      vertex 77.51531214267015 -9 38.00468661636114
    endloop
  endfacet
  facet normal 0.9161144213484654 0 -0.4009169078467087
    outer loop
      vertex 77.51531214267015 -9 38.00468661636114
      vertex 77.64125581085682 9 38.29247395694256
      vertex 77.64125581085682 -9 38.29247395694256
    endloop
  endfacet
  facet normal 0.930323175023731 0 -0.3667407667737041
    outer loop
      vertex 77.64125581085682 -9 38.29247395694256
      vertex 77.74322978407145 9 38.551154635846615
      vertex 77.74322978407145 -9 38.551154635846615
    endloop
  endfacet
  facet normal 0.936556057108706 0 -0.3505178339157568
    outer loop
      vertex 77.74322978407145 -9 38.551154635846615
      vertex 78.0120804682374 9 39.26950249820948
      vertex 78.0120804682374 -9 39.26950249820948
    endloop
  endfacet
  facet normal 0.9432574884649134 0 -0.3320622087122589
    outer loop
      vertex 78.0120804682374 -9 39.26950249820948
      vertex 78.11639418452978 9 39.56581653654575
      vertex 78.11639418452978 -9 39.56581653654575
    endloop
  endfacet
  facet normal 0.955282101660959 0 -0.29569596927625036
    outer loop
      vertex 78.11639418452978 -9 39.56581653654575
      vertex 78.20471975952387 9 39.851163141429424
      vertex 78.20471975952387 -9 39.851163141429424
    endloop
  endfacet
  facet normal 0.9606359682328477 0 -0.277810252757776
    outer loop
      vertex 78.20471975952387 -9 39.851163141429424
      vertex 78.41450049728155 9 40.576560854911804
      vertex 78.41450049728155 -9 40.576560854911804
    endloop
  endfacet
  facet normal 0.9659052394248887 0 -0.25889586410668747
    outer loop
      vertex 78.41450049728155 -9 40.576560854911804
      vertex 78.49582980573177 9 40.87998943775892
      vertex 78.49582980573177 -9 40.87998943775892
    endloop
  endfacet
  facet normal 0.9753247649252198 0 -0.22077500520567278
    outer loop
      vertex 78.49582980573177 -9 40.87998943775892
      vertex 78.56518386304379 9 41.18637706339359
      vertex 78.56518386304379 -9 41.18637706339359
    endloop
  endfacet
  facet normal 0.9794946497347398 0 -0.201470174321212
    outer loop
      vertex 78.56518386304379 -9 41.18637706339359
      vertex 78.56556187570095 9 41.18821486085653
      vertex 78.56556187570095 -9 41.18821486085653
    endloop
  endfacet
  facet normal 0.9795186405291935 0 -0.20135350221896028
    outer loop
      vertex 78.56556187570095 -9 41.18821486085653
      vertex 78.71576729416847 9 41.91891487687826
      vertex 78.71576729416847 -9 41.91891487687826
    endloop
  endfacet
  facet normal 0.9832831449130723 0 -0.18208310446018305
    outer loop
      vertex 78.71576729416847 -9 41.91891487687826
      vertex 78.77296671271324 9 42.22780253738165
      vertex 78.77296671271324 -9 42.22780253738165
    endloop
  endfacet
  facet normal 0.9896736147390286 0 -0.14333923499651008
    outer loop
      vertex 78.77296671271324 -9 42.22780253738165
      vertex 78.81799516826868 9 42.53869769722223
      vertex 78.81799516826868 -9 42.53869769722223
    endloop
  endfacet
  facet normal 0.9924126914209764 0 -0.1229514127880352
    outer loop
      vertex 78.81799516826868 -9 42.53869769722223
      vertex 78.81983730196953 9 42.553566634655
      vertex 78.81983730196953 -9 42.553566634655
    endloop
  endfacet
  facet normal 0.9925273918628404 0 -0.12202203244474949
    outer loop
      vertex 78.81983730196953 -9 42.553566634655
      vertex 78.91010554134846 9 43.28780862689018
      vertex 78.91010554134846 -9 43.28780862689018
    endloop
  endfacet
  facet normal 0.994731816433356 0 -0.10251152801122516
    outer loop
      vertex 78.91010554134846 -9 43.28780862689018
      vertex 78.94230841845274 9 43.60029276460409
      vertex 78.94230841845274 -9 43.60029276460409
    endloop
  endfacet
  facet normal 0.9979894969368516 0 -0.06337952353662707
    outer loop
      vertex 78.94230841845274 -9 43.60029276460409
      vertex 78.96221840381622 9 43.91380026936531
      vertex 78.96221840381622 -9 43.91380026936531
    endloop
  endfacet
  facet normal 0.9991038218059372 0 -0.04232674394245402
    outer loop
      vertex 78.96221840381622 -9 43.91380026936531
      vertex 78.96319886296988 9 43.93694356828928
      vertex 78.96319886296988 -9 43.93694356828928
    endloop
  endfacet
  facet normal 0.9991640566376251 0 -0.04088016540383309
    outer loop
      vertex 78.96319886296988 -9 43.93694356828928
      vertex 78.99331245571375 9 44.67295867949724
      vertex 78.99331245571375 -9 44.67295867949724
    endloop
  endfacet
  facet normal 0.999774087105338 0 -0.021254993594166025
    outer loop
      vertex 78.99331245571375 -9 44.67295867949724
      vertex 78.9999894797802 9 44.987026788294315
      vertex 78.9999894797802 -9 44.987026788294315
    endloop
  endfacet
  facet normal 0 -1 0
    outer loop
      vertex 46 -9 30
      vertex 46 -9 60
      vertex 38.96891565277052 -9 63.81365031853011
    endloop
  endfacet
  facet normal -0.8748830784868513 0 0.48433418109541865
    outer loop
      vertex 39.0783586204052 -9 64.01134398579597
      vertex 39.0783586204052 -8.501187162530524 64.01134398579597
      vertex 38.96891565277052 -9 63.81365031853011
    endloop
  endfacet
  facet normal -0.8551937133861445 0 0.5183085110094345
    outer loop
      vertex 39.0783586204052 -9 64.01134398579597
      vertex 39.24117957800627 -9 64.27999375015497
      vertex 39.0783586204052 -8.501187162530524 64.01134398579597
    endloop
  endfacet
  facet normal -0.8341856883202688 0 0.5514836692066588
    outer loop
      vertex 39.24117957800627 -9 64.27999375015497
      vertex 39.414422154426575 -9 64.54204408079386
      vertex 39.24117957800627 -7.748911865572026 64.27999375015497
    endloop
  endfacet
  facet normal -0.8551937133861426 2.1516514551880774e-15 0.5183085110094374
    outer loop
      vertex 39.24117957800627 -9 64.27999375015497
      vertex 39.23141121612922 -7.8036128806451295 64.26387624197231
      vertex 39.0783586204052 -8.501187162530524 64.01134398579597
    endloop
  endfacet
  facet normal -0.8551937133862134 0 0.5183085110093206
    outer loop
      vertex 39.24117957800627 -9 64.27999375015497
      vertex 39.24117957800627 -7.748911865572026 64.27999375015497
      vertex 39.23141121612922 -7.8036128806451295 64.26387624197231
    endloop
  endfacet
  facet normal -0.8118914086150674 0 0.5838084793980315
    outer loop
      vertex 39.414422154426575 -9 64.54204408079386
      vertex 39.597819209098816 -9 64.79709089547396
      vertex 39.414422154426575 -6.778785563603781 64.54204408079386
    endloop
  endfacet
  facet normal -0.8341856883202688 0 0.5514836692066588
    outer loop
      vertex 39.414422154426575 -9 64.54204408079386
      vertex 39.414422154426575 -6.778785563603781 64.54204408079386
      vertex 39.24117957800627 -7.748911865572026 64.27999375015497
    endloop
  endfacet
  facet normal 0 -1 0
    outer loop
      vertex 39.0783586204052 -9 64.01134398579597
      vertex 38.96891565277052 -9 63.81365031853011
      vertex 46 -9 60
    endloop
  endfacet
  facet normal 0 -1 0
    outer loop
      vertex 39.0783586204052 -9 64.01134398579597
      vertex 46 -9 60
      vertex 39.24117957800627 -9 64.27999375015497
    endloop
  endfacet
  facet normal 0 -1 0
    outer loop
      vertex 39.24117957800627 -9 64.27999375015497
      vertex 46 -9 60
      vertex 39.414422154426575 -9 64.54204408079386
    endloop
  endfacet
  facet normal 0 -1 0
    outer loop
      vertex 39.414422154426575 -9 64.54204408079386
      vertex 46 -9 60
      vertex 39.597819209098816 -9 64.79709089547396
    endloop
  endfacet
  facet normal 0 -1 0
    outer loop
      vertex 39.597819209098816 -9 64.79709089547396
      vertex 46 -9 60
      vertex 39.791087962687016 -9 65.04474095255136
    endloop
  endfacet
  facet normal -0.7883452663707315 0 0.615233078589619
    outer loop
      vertex 39.597819209098816 -9 64.79709089547396
      vertex 39.791087962687016 -9 65.04474095255136
      vertex 39.597819209098816 -5.60463351618368 64.79709089547396
    endloop
  endfacet
  facet normal -0.8118914086150664 2.2100297590435643e-16 0.5838084793980328
    outer loop
      vertex 39.597819209098816 -9 64.79709089547396
      vertex 39.507533623805514 -6.2573786016092345 64.67153243990477
      vertex 39.414422154426575 -6.778785563603781 64.54204408079386
    endloop
  endfacet
  facet normal -0.7635835498153082 0 0.6457090385393817
    outer loop
      vertex 39.791087962687016 -9 65.04474095255136
      vertex 39.99393040686846 -9 65.28461238741875
      vertex 39.791087962687016 -4.0075299057475675 65.04474095255136
    endloop
  endfacet
  facet normal -0.8118914086150687 0 0.5838084793980297
    outer loop
      vertex 39.597819209098816 -9 64.79709089547396
      vertex 39.597819209098816 -5.60463351618368 64.79709089547396
      vertex 39.507533623805514 -6.2573786016092345 64.67153243990477
    endloop
  endfacet
  facet normal -0.7883452663707234 1.2193290205160886e-15 0.6152330785896296
    outer loop
      vertex 39.791087962687016 -9 65.04474095255136
      vertex 39.72273827819705 -4.701495898313506 64.9571592666818
      vertex 39.597819209098816 -5.60463351618368 64.79709089547396
    endloop
  endfacet
  facet normal -0.7883452663707525 0 0.6152330785895923
    outer loop
      vertex 39.791087962687016 -9 65.04474095255136
      vertex 39.791087962687016 -4.0075299057475675 65.04474095255136
      vertex 39.72273827819705 -4.701495898313506 64.9571592666818
    endloop
  endfacet
  facet normal -0.7635835498153146 -6.271517559178203e-16 0.6457090385393742
    outer loop
      vertex 39.99393040686846 -9 65.28461238741875
      vertex 39.876693349325116 -3.1383638291137976 65.14597364577848
      vertex 39.791087962687016 -4.0075299057475675 65.04474095255136
    endloop
  endfacet
  facet normal -0.7376444132186135 0 0.6751893953901877
    outer loop
      vertex 39.99393040686846 -9 65.28461238741875
      vertex 40.206033781170845 -9 65.51633532345295
      vertex 39.99393040686846 -0.30908211340604447 65.28461238741875
    endloop
  endfacet
  facet normal -0.7635835498153122 -5.104190321011925e-16 0.645709038539377
    outer loop
      vertex 39.99393040686846 -9 65.28461238741875
      vertex 39.96916144962891 -1.5703926303627445 65.25532184451885
      vertex 39.876693349325116 -3.1383638291137976 65.14597364577848
    endloop
  endfacet
  facet normal -0.7635835498152483 0 0.6457090385394525
    outer loop
      vertex 39.99393040686846 -9 65.28461238741875
      vertex 39.99393040686846 -0.30908211340604447 65.28461238741875
      vertex 39.96916144962891 -1.5703926303627445 65.25532184451885
    endloop
  endfacet
  facet normal -0.73764441321848 7.16772678277246e-15 0.6751893953903338
    outer loop
      vertex 40.206033781170845 -9 65.51633532345295
      vertex 40 0 65.29124341790376
      vertex 39.99393040686846 -0.30908211340604447 65.28461238741875
    endloop
  endfacet
  facet normal -0.7376444132204808 -9.364942186623673e-14 0.6751893953881477
    outer loop
      vertex 40.206033781170845 -9 65.51633532345295
      vertex 39.99393040686846 0.30908211340604447 65.28461238741875
      vertex 40 0 65.29124341790376
    endloop
  endfacet
  facet normal -0.7105679193767489 0 0.7036286179175758
    outer loop
      vertex 40.206033781170845 -9 65.51633532345295
      vertex 40.427071027457714 -9 65.73955247551203
      vertex 40.206033781170845 9 65.51633532345295
    endloop
  endfacet
  facet normal -0.6823957721909346 0 0.7309829068425185
    outer loop
      vertex 40.427071027457714 -9 65.73955247551203
      vertex 40.65670132637024 -9 65.95391965657473
      vertex 40.427071027457714 9 65.73955247551203
    endloop
  endfacet
  facet normal -0.6531714103599203 0 0.75721008226808
    outer loop
      vertex 40.65670132637024 -9 65.95391965657473
      vertex 40.89457060396671 -9 66.15910632163286
      vertex 40.65670132637024 9 65.95391965657473
    endloop
  endfacet
  facet normal -0.6229399076155445 0 0.7822696923056248
    outer loop
      vertex 40.89457060396671 -9 66.15910632163286
      vertex 41.14031208306551 -9 66.35479608923197
      vertex 40.89457060396671 9 66.15910632163286
    endloop
  endfacet
  facet normal -0.5917478861409307 0 0.8061230918710492
    outer loop
      vertex 41.14031208306551 -9 66.35479608923197
      vertex 41.39354684948921 -9 66.54068722575903
      vertex 41.14031208306551 9 66.35479608923197
    endloop
  endfacet
  facet normal -0.559643416183661 0 0.8287335197289185
    outer loop
      vertex 41.39354684948921 -9 66.54068722575903
      vertex 41.653884433209896 -9 66.71649309247732
      vertex 41.39354684948921 9 66.54068722575903
    endloop
  endfacet
  facet normal -0.5266760292041268 0 0.8500660917021534
    outer loop
      vertex 41.653884433209896 -9 66.71649309247732
      vertex 41.92092341184616 -9 66.88194261491299
      vertex 41.653884433209896 9 66.71649309247732
    endloop
  endfacet
  facet normal 0 -1 0
    outer loop
      vertex 39.791087962687016 -9 65.04474095255136
      vertex 46 -9 60
      vertex 39.99393040686846 -9 65.28461238741875
    endloop
  endfacet
  facet normal 0 -1 0
    outer loop
      vertex 39.99393040686846 -9 65.28461238741875
      vertex 46 -9 60
      vertex 40.206033781170845 -9 65.51633532345295
    endloop
  endfacet
  facet normal 0 -1 0
    outer loop
      vertex 40.206033781170845 -9 65.51633532345295
      vertex 46 -9 60
      vertex 40.427071027457714 -9 65.73955247551203
    endloop
  endfacet
  facet normal 0 -1 0
    outer loop
      vertex 40.427071027457714 -9 65.73955247551203
      vertex 46 -9 60
      vertex 40.65670132637024 -9 65.95391965657473
    endloop
  endfacet
  facet normal 0 -1 0
    outer loop
      vertex 40.65670132637024 -9 65.95391965657473
      vertex 46 -9 60
      vertex 40.89457060396671 -9 66.15910632163286
    endloop
  endfacet
  facet normal 0 -1 0
    outer loop
      vertex 40.89457060396671 -9 66.15910632163286
      vertex 46 -9 60
      vertex 41.14031208306551 -9 66.35479608923197
    endloop
  endfacet
  facet normal 0 -1 0
    outer loop
      vertex 41.14031208306551 -9 66.35479608923197
      vertex 46 -9 60
      vertex 41.39354684948921 -9 66.54068722575903
    endloop
  endfacet
  facet normal 0 -1 0
    outer loop
      vertex 41.39354684948921 -9 66.54068722575903
      vertex 46 -9 60
      vertex 41.653884433209896 -9 66.71649309247732
    endloop
  endfacet
  facet normal 0 -1 0
    outer loop
      vertex 41.653884433209896 -9 66.71649309247732
      vertex 46 -9 60
      vertex 41.92092341184616 -9 66.88194261491299
    endloop
  endfacet
  facet normal 0 -1 0
    outer loop
      vertex 41.92092341184616 -9 66.88194261491299
      vertex 46 -9 60
      vertex 42.19425202906132 -9 67.03678068518639
    endloop
  endfacet
  facet normal 0 -1 0
    outer loop
      vertex 42.19425202906132 -9 67.03678068518639
      vertex 46 -9 60
      vertex 42.47344883531332 -9 67.18076854199171
    endloop
  endfacet
  facet normal 0 -1 0
    outer loop
      vertex 42.47344883531332 -9 67.18076854199171
      vertex 46 -9 60
      vertex 42.7580833286047 -9 67.31368418037891
    endloop
  endfacet
  facet normal 0 -1 0
    outer loop
      vertex 42.7580833286047 -9 67.31368418037891
      vertex 46 -9 60
      vertex 43.04771662503481 -9 67.43532264977694
    endloop
  endfacet
  facet normal 0 -1 0
    outer loop
      vertex 43.04771662503481 -9 67.43532264977694
      vertex 46 -9 60
      vertex 43.34190212935209 -9 67.54549638181925
    endloop
  endfacet
  facet normal 0 -1 0
    outer loop
      vertex 46 -9 60
      vertex 43.640186220407486 -9 67.64403551071882
      vertex 43.34190212935209 -9 67.54549638181925
    endloop
  endfacet
  facet normal 0 -1 0
    outer loop
      vertex 46 -9 60
      vertex 43.94210898131132 -9 67.73078809678555
      vertex 43.640186220407486 -9 67.64403551071882
    endloop
  endfacet
  facet normal 0 -1 0
    outer loop
      vertex 46 -9 60
      vertex 44.24720485508442 -9 67.80562035739422
      vertex 43.94210898131132 -9 67.73078809678555
    endloop
  endfacet
  facet normal 0 -1 0
    outer loop
      vertex 46 -9 60
      vertex 44.55500341206789 -9 67.8684169203043
      vertex 44.24720485508442 -9 67.80562035739422
    endloop
  endfacet
  facet normal 0 -1 0
    outer loop
      vertex 46 -9 60
      vertex 44.86503005027771 -9 67.91908095777035
      vertex 44.55500341206789 -9 67.8684169203043
    endloop
  endfacet
  facet normal 0 -1 0
    outer loop
      vertex 46 -9 60
      vertex 45.1768067330122 -9 67.95753434300423
      vertex 44.86503005027771 -9 67.91908095777035
    endloop
  endfacet
  facet normal 0 -1 0
    outer loop
      vertex 46 -9 60
      vertex 47.226691856980324 -9 59.98193184286356
      vertex 47.34451246261597 -9 67.98106419295073
    endloop
  endfacet
  facet normal 0 -1 0
    outer loop
      vertex 47.226691856980324 -9 59.98193184286356
      vertex 48.4504285082221 -9 59.927770897746086
      vertex 48.80415152013302 -9 67.91994707286358
    endloop
  endfacet
  facet normal 0 -1 0
    outer loop
      vertex 48.4504285082221 -9 59.927770897746086
      vertex 49.668261863291264 -9 59.83764764666557
      vertex 49.040837585926056 -9 67.90595471858978
    endloop
  endfacet
  facet normal 0 -1 0
    outer loop
      vertex 46 -9 60
      vertex 45.48985271900892 -9 67.98371779173613
      vertex 45.1768067330122 -9 67.95753434300423
    endloop
  endfacet
  facet normal 0 -1 0
    outer loop
      vertex 46 -9 60
      vertex 45.80368530750275 -9 67.99759092181921
      vertex 45.48985271900892 -9 67.98371779173613
    endloop
  endfacet
  facet normal 0 -1 0
    outer loop
      vertex 46 -9 60
      vertex 46.11782060563564 -9 67.99913235008717
      vertex 45.80368530750275 -9 67.99759092181921
    endloop
  endfacet
  facet normal 0 -1 0
    outer loop
      vertex 46 -9 60
      vertex 47.34451246261597 -9 67.98106419295073
      vertex 46.11782060563564 -9 67.99913235008717
    endloop
  endfacet
  facet normal 0 -1 0
    outer loop
      vertex 47.226691856980324 -9 59.98193184286356
      vertex 47.58041486889124 -9 67.97410801798105
      vertex 47.34451246261597 -9 67.98106419295073
    endloop
  endfacet
  facet normal 0 -1 0
    outer loop
      vertex 47.226691856980324 -9 59.98193184286356
      vertex 48.80415152013302 -9 67.91994707286358
      vertex 47.58041486889124 -9 67.97410801798105
    endloop
  endfacet
  facet normal 0 -1 0
    outer loop
      vertex 48.4504285082221 -9 59.927770897746086
      vertex 49.040837585926056 -9 67.90595471858978
      vertex 48.80415152013302 -9 67.91994707286358
    endloop
  endfacet
  facet normal -0.014727575977806162 0 -0.9998915433714888
    outer loop
      vertex 46 -9 60
      vertex 46 9 60
      vertex 47.226691856980324 -9 59.98193184286356
    endloop
  endfacet
  facet normal -0.04421537660950614 0 -0.9990220220151703
    outer loop
      vertex 47.226691856980324 -9 59.98193184286356
      vertex 47.226691856980324 9 59.98193184286356
      vertex 48.4504285082221 -9 59.927770897746086
    endloop
  endfacet
  facet normal -0.07380113429700266 0 -0.9972729779636444
    outer loop
      vertex 48.4504285082221 -9 59.927770897746086
      vertex 48.4504285082221 9 59.927770897746086
      vertex 49.668261863291264 -9 59.83764764666557
    endloop
  endfacet
  facet normal -0.4928965563122372 0 0.8700879178425233
    outer loop
      vertex 41.92092341184616 -9 66.88194261491299
      vertex 42.19425202906132 -9 67.03678068518639
      vertex 41.92092341184616 9 66.88194261491299
    endloop
  endfacet
  facet normal -0.45835703823988266 0 0.888768150585946
    outer loop
      vertex 42.19425202906132 -9 67.03678068518639
      vertex 42.47344883531332 -9 67.18076854199171
      vertex 42.19425202906132 9 67.03678068518639
    endloop
  endfacet
  facet normal -0.4231108027347968 0 0.9060779484178587
    outer loop
      vertex 42.47344883531332 -9 67.18076854199171
      vertex 42.7580833286047 -9 67.31368418037891
      vertex 42.47344883531332 9 67.18076854199171
    endloop
  endfacet
  facet normal -0.3872121486170258 0 0.9219906463535226
    outer loop
      vertex 42.7580833286047 -9 67.31368418037891
      vertex 43.04771662503481 -9 67.43532264977694
      vertex 42.7580833286047 9 67.31368418037891
    endloop
  endfacet
  facet normal -0.35071641423210603 0 0.9364817119347147
    outer loop
      vertex 43.04771662503481 -9 67.43532264977694
      vertex 43.34190212935209 -9 67.54549638181925
      vertex 43.04771662503481 9 67.43532264977694
    endloop
  endfacet
  facet normal -0.31367994787125136 0 0.949528772762305
    outer loop
      vertex 43.34190212935209 -9 67.54549638181925
      vertex 43.640186220407486 -9 67.64403551071882
      vertex 43.34190212935209 9 67.54549638181925
    endloop
  endfacet
  facet normal -0.2761597973697059 0 0.9611117345640532
    outer loop
      vertex 43.640186220407486 -9 67.64403551071882
      vertex 43.94210898131132 -9 67.73078809678555
      vertex 43.640186220407486 9 67.64403551071882
    endloop
  endfacet
  facet normal -0.23821379189252725 0 0.9712127415516044
    outer loop
      vertex 43.94210898131132 -9 67.73078809678555
      vertex 44.24720485508442 -9 67.80562035739422
      vertex 43.94210898131132 9 67.73078809678555
    endloop
  endfacet
  facet normal -0.19990051354195698 0 0.9798161994403143
    outer loop
      vertex 44.24720485508442 -9 67.80562035739422
      vertex 44.55500341206789 -9 67.8684169203043
      vertex 44.24720485508442 9 67.80562035739422
    endloop
  endfacet
  facet normal -0.16127900289305272 0 0.9869088525420281
    outer loop
      vertex 44.55500341206789 -9 67.8684169203043
      vertex 44.86503005027771 -9 67.91908095777035
      vertex 44.55500341206789 9 67.8684169203043
    endloop
  endfacet
  facet normal -0.12240879106762492 0 0.9924797669823615
    outer loop
      vertex 44.86503005027771 -9 67.91908095777035
      vertex 45.1768067330122 -9 67.95753434300423
      vertex 44.86503005027771 9 67.91908095777035
    endloop
  endfacet
  facet normal -0.08334986093425632 0 0.9965203463463453
    outer loop
      vertex 45.1768067330122 -9 67.95753434300423
      vertex 45.48985271900892 -9 67.98371779173613
      vertex 45.1768067330122 9 67.95753434300423
    endloop
  endfacet
  facet normal -0.04416238304834426 0 0.9990243660309249
    outer loop
      vertex 45.48985271900892 -9 67.98371779173613
      vertex 45.80368530750275 -9 67.99759092181921
      vertex 45.48985271900892 9 67.98371779173613
    endloop
  endfacet
  facet normal -0.0049068338404098895 0 0.9999879614183677
    outer loop
      vertex 45.80368530750275 -9 67.99759092181921
      vertex 46.11782060563564 -9 67.99913235008717
      vertex 45.80368530750275 9 67.99759092181921
    endloop
  endfacet
  facet normal 0.014727575977806162 0 0.9998915433714888
    outer loop
      vertex 46.11782060563564 -9 67.99913235008717
      vertex 47.34451246261597 -9 67.98106419295073
      vertex 46.11782060563564 9 67.99913235008717
    endloop
  endfacet
  facet normal 0.02947470018112144 0 0.9995655266410666
    outer loop
      vertex 47.34451246261597 -9 67.98106419295073
      vertex 47.58041486889124 -9 67.97410801798105
      vertex 47.34451246261597 9 67.98106419295073
    endloop
  endfacet
  facet normal 0.04421537660950614 0 0.9990220220151703
    outer loop
      vertex 47.58041486889124 -9 67.97410801798105
      vertex 48.80415152013302 -9 67.91994707286358
      vertex 47.58041486889124 9 67.97410801798105
    endloop
  endfacet
  facet normal 0.059014742208973764 0 0.9982571112704425
    outer loop
      vertex 48.80415152013302 -9 67.91994707286358
      vertex 49.040837585926056 -9 67.90595471858978
      vertex 48.80415152013302 9 67.91994707286358
    endloop
  endfacet
  facet normal -0.49602040049501467 0 -0.8683108673123728
    outer loop
      vertex 62.78897386789322 -9 56.11426687985659
      vertex 62.78897386789322 9 56.11426687985659
      vertex 63.677669532597065 -9 55.60660171508789
    endloop
  endfacet
  facet normal -0.5331586015358022 0 -0.846015310504714
    outer loop
      vertex 63.677669532597065 -9 55.60660171508789
      vertex 63.677669532597065 9 55.60660171508789
      vertex 64.52377813309431 -9 55.07338432222605
    endloop
  endfacet
  facet normal 0 -1 0
    outer loop
      vertex 53.25711692869663 -9 59.35410503298044
      vertex 54.42224633693695 -9 59.12316098064184
      vertex 55.97769093513489 -9 66.97049123048782
    endloop
  endfacet
  facet normal 0 -1 0
    outer loop
      vertex 54.42224633693695 -9 59.12316098064184
      vertex 55.567085810005665 -9 58.85819298774004
      vertex 57.370966129004955 -9 66.65216603130102
    endloop
  endfacet
  facet normal 0 -1 0
    outer loop
      vertex 55.567085810005665 -9 58.85819298774004
      vertex 56.68887733668089 -9 58.55983939766884
      vertex 57.623298205435276 -9 66.58942772448063
    endloop
  endfacet
  facet normal 0 -1 0
    outer loop
      vertex 49.668261863291264 -9 59.83764764666557
      vertex 50.87725804746151 -9 59.711779206991196
      vertex 51.70565966516733 -9 67.66877303272486
    endloop
  endfacet
  facet normal 0 -1 0
    outer loop
      vertex 50.87725804746151 -9 59.711779206991196
      vertex 52.07450449466705 -9 59.55046879500151
      vertex 53.142728231847286 -9 67.47882916033268
    endloop
  endfacet
  facet normal 0 -1 0
    outer loop
      vertex 53.25711692869663 -9 59.35410503298044
      vertex 53.38490233570337 -9 67.44241769611835
      vertex 52.07450449466705 -9 59.55046879500151
    endloop
  endfacet
  facet normal 0 -1 0
    outer loop
      vertex 49.668261863291264 -9 59.83764764666557
      vertex 50.258670940995216 -9 67.81583146750927
      vertex 49.040837585926056 -9 67.90595471858978
    endloop
  endfacet
  facet normal 0 -1 0
    outer loop
      vertex 49.668261863291264 -9 59.83764764666557
      vertex 50.496663480997086 -9 67.79464147239923
      vertex 50.258670940995216 -9 67.81583146750927
    endloop
  endfacet
  facet normal 0 -1 0
    outer loop
      vertex 49.668261863291264 -9 59.83764764666557
      vertex 51.70565966516733 -9 67.66877303272486
      vertex 50.496663480997086 -9 67.79464147239923
    endloop
  endfacet
  facet normal 0 -1 0
    outer loop
      vertex 50.87725804746151 -9 59.711779206991196
      vertex 51.94548178464174 -9 67.64013957232237
      vertex 51.70565966516733 -9 67.66877303272486
    endloop
  endfacet
  facet normal 0 -1 0
    outer loop
      vertex 50.87725804746151 -9 59.711779206991196
      vertex 53.142728231847286 -9 67.47882916033268
      vertex 51.94548178464174 -9 67.64013957232237
    endloop
  endfacet
  facet normal 0 -1 0
    outer loop
      vertex 52.07450449466705 -9 59.55046879500151
      vertex 53.38490233570337 -9 67.44241769611835
      vertex 53.142728231847286 -9 67.47882916033268
    endloop
  endfacet
  facet normal 0 -1 0
    outer loop
      vertex 53.25711692869663 -9 59.35410503298044
      vertex 54.56751476973295 -9 67.24605393409729
      vertex 53.38490233570337 -9 67.44241769611835
    endloop
  endfacet
  facet normal 0 -1 0
    outer loop
      vertex 53.25711692869663 -9 59.35410503298044
      vertex 54.81256152689457 -9 67.20143528282642
      vertex 54.56751476973295 -9 67.24605393409729
    endloop
  endfacet
  facet normal 0 -1 0
    outer loop
      vertex 53.25711692869663 -9 59.35410503298044
      vertex 55.97769093513489 -9 66.97049123048782
      vertex 54.81256152689457 -9 67.20143528282642
    endloop
  endfacet
  facet normal 0 -1 0
    outer loop
      vertex 54.42224633693695 -9 59.12316098064184
      vertex 56.22612665593624 -9 66.91713402420282
      vertex 55.97769093513489 -9 66.97049123048782
    endloop
  endfacet
  facet normal 0 -1 0
    outer loop
      vertex 54.42224633693695 -9 59.12316098064184
      vertex 57.370966129004955 -9 66.65216603130102
      vertex 56.22612665593624 -9 66.91713402420282
    endloop
  endfacet
  facet normal -0.10355020249057402 0 -0.9946242283215109
    outer loop
      vertex 49.668261863291264 -9 59.83764764666557
      vertex 49.668261863291264 9 59.83764764666557
      vertex 50.87725804746151 -9 59.711779206991196
    endloop
  endfacet
  facet normal -0.13352796739530168 0 -0.9910450453552954
    outer loop
      vertex 50.87725804746151 -9 59.711779206991196
      vertex 50.87725804746151 9 59.711779206991196
      vertex 52.07450449466705 -9 59.55046879500151
    endloop
  endfacet
  facet normal -0.16379972972513204 0 -0.9864936130264471
    outer loop
      vertex 53.25711692869663 -9 59.35410503298044
      vertex 52.07450449466705 -9 59.55046879500151
      vertex 52.07450449466705 9 59.55046879500151
    endloop
  endfacet
  facet normal -0.22548503987983054 0 -0.9742466303715868
    outer loop
      vertex 54.42224633693695 -9 59.12316098064184
      vertex 54.42224633693695 9 59.12316098064184
      vertex 55.567085810005665 -9 58.85819298774004
    endloop
  endfacet
  facet normal -0.25702654919317836 0 -0.9664043424001398
    outer loop
      vertex 55.567085810005665 -9 58.85819298774004
      vertex 55.567085810005665 9 58.85819298774004
      vertex 56.68887733668089 -9 58.55983939766884
    endloop
  endfacet
  facet normal -0.19443057523429644 0 -0.9809162815521315
    outer loop
      vertex 53.25711692869663 -9 59.35410503298044
      vertex 53.25711692869663 9 59.35410503298044
      vertex 54.42224633693695 -9 59.12316098064184
    endloop
  endfacet
  facet normal 0.14868128480484014 0 0.988885168029525
    outer loop
      vertex 53.142728231847286 -9 67.47882916033268
      vertex 53.38490233570337 -9 67.44241769611835
      vertex 53.142728231847286 9 67.47882916033268
    endloop
  endfacet
  facet normal 0.16379972972513204 0 0.9864936130264471
    outer loop
      vertex 53.38490233570337 -9 67.44241769611835
      vertex 54.56751476973295 -9 67.24605393409729
      vertex 53.38490233570337 9 67.44241769611835
    endloop
  endfacet
  facet normal 0.17913686255906852 0 0.9838241633912502
    outer loop
      vertex 54.56751476973295 -9 67.24605393409729
      vertex 54.81256152689457 -9 67.20143528282642
      vertex 54.56751476973295 9 67.24605393409729
    endloop
  endfacet
  facet normal 0.19443057523429644 0 0.9809162815521315
    outer loop
      vertex 54.81256152689457 -9 67.20143528282642
      vertex 55.97769093513489 -9 66.97049123048782
      vertex 54.81256152689457 9 67.20143528282642
    endloop
  endfacet
  facet normal 0.20998427510253453 0 0.9777047633154209
    outer loop
      vertex 56.22612665593624 -9 66.91713402420282
      vertex 55.97769093513489 9 66.97049123048782
      vertex 55.97769093513489 -9 66.97049123048782
    endloop
  endfacet
  facet normal 0.22548503987983054 0 0.9742466303715868
    outer loop
      vertex 56.22612665593624 -9 66.91713402420282
      vertex 57.370966129004955 -9 66.65216603130102
      vertex 56.22612665593624 9 66.91713402420282
    endloop
  endfacet
  facet normal 0 -1 0
    outer loop
      vertex 56.68887733668089 -9 58.55983939766884
      vertex 57.784918420016766 -9 58.22881896793842
      vertex 60.09785231202841 -9 65.88716975599527
    endloop
  endfacet
  facet normal 0 -1 0
    outer loop
      vertex 57.784918420016766 -9 58.22881896793842
      vertex 58.85256860405207 -9 57.865929149091244
      vertex 60.359432838857174 -9 65.80324142426252
    endloop
  endfacet
  facet normal 0 -1 0
    outer loop
      vertex 62.78897386789322 -9 56.11426687985659
      vertex 66.46616300195456 -9 63.219073705375195
      vertex 61.8598321005702 -9 56.59515680372715
    endloop
  endfacet
  facet normal 0 -1 0
    outer loop
      vertex 58.85256860405207 -9 57.865929149091244
      vertex 59.889255829155445 -9 57.47204418480396
      vertex 62.7306437715888 -9 64.95044739544392
    endloop
  endfacet
  facet normal 0 -1 0
    outer loop
      vertex 59.889255829155445 -9 57.47204418480396
      vertex 60.89248261600733 -9 57.048112973570824
      vertex 63.00319250673056 -9 64.84112814068794
    endloop
  endfacet
  facet normal 0 -1 0
    outer loop
      vertex 60.89248261600733 -9 57.048112973570824
      vertex 61.8598321005702 -9 56.59515680372715
      vertex 64.28495128452778 -9 64.29319105297327
    endloop
  endfacet
  facet normal 0 -1 0
    outer loop
      vertex 61.8598321005702 -9 56.59515680372715
      vertex 65.25525285303593 -9 63.83885184675455
      vertex 65.25230076909065 -9 63.8402348831296
    endloop
  endfacet
  facet normal 0 -1 0
    outer loop
      vertex 61.8598321005702 -9 56.59515680372715
      vertex 65.25230076909065 -9 63.8402348831296
      vertex 64.28495128452778 -9 64.29319105297327
    endloop
  endfacet
  facet normal 0 -1 0
    outer loop
      vertex 55.567085810005665 -9 58.85819298774004
      vertex 57.623298205435276 -9 66.58942772448063
      vertex 57.370966129004955 -9 66.65216603130102
    endloop
  endfacet
  facet normal 0 -1 0
    outer loop
      vertex 56.68887733668089 -9 58.55983939766884
      vertex 58.7450897321105 -9 66.29107413440943
      vertex 57.623298205435276 -9 66.58942772448063
    endloop
  endfacet
  facet normal 0 -1 0
    outer loop
      vertex 56.68887733668089 -9 58.55983939766884
      vertex 59.00181122869253 -9 66.21819018572569
      vertex 58.7450897321105 -9 66.29107413440943
    endloop
  endfacet
  facet normal 0 -1 0
    outer loop
      vertex 58.85256860405207 -9 57.865929149091244
      vertex 61.427083022892475 -9 65.44035160541534
      vertex 60.359432838857174 -9 65.80324142426252
    endloop
  endfacet
  facet normal 0 -1 0
    outer loop
      vertex 56.68887733668089 -9 58.55983939766884
      vertex 60.09785231202841 -9 65.88716975599527
      vertex 59.00181122869253 -9 66.21819018572569
    endloop
  endfacet
  facet normal 0 -1 0
    outer loop
      vertex 57.784918420016766 -9 58.22881896793842
      vertex 60.359432838857174 -9 65.80324142426252
      vertex 60.09785231202841 -9 65.88716975599527
    endloop
  endfacet
  facet normal 0 -1 0
    outer loop
      vertex 58.85256860405207 -9 57.865929149091244
      vertex 61.693956546485424 -9 65.3443323597312
      vertex 61.427083022892475 -9 65.44035160541534
    endloop
  endfacet
  facet normal 0 -1 0
    outer loop
      vertex 58.85256860405207 -9 57.865929149091244
      vertex 62.7306437715888 -9 64.95044739544392
      vertex 61.693956546485424 -9 65.3443323597312
    endloop
  endfacet
  facet normal 0 -1 0
    outer loop
      vertex 59.889255829155445 -9 57.47204418480396
      vertex 63.00319250673056 -9 64.84112814068794
      vertex 62.7306437715888 -9 64.95044739544392
    endloop
  endfacet
  facet normal 0 -1 0
    outer loop
      vertex 60.89248261600733 -9 57.048112973570824
      vertex 64.00641929358244 -9 64.4171969294548
      vertex 63.00319250673056 -9 64.84112814068794
    endloop
  endfacet
  facet normal 0 -1 0
    outer loop
      vertex 60.89248261600733 -9 57.048112973570824
      vertex 64.28495128452778 -9 64.29319105297327
      vertex 64.00641929358244 -9 64.4171969294548
    endloop
  endfacet
  facet normal -0.2891167365640188 0 -0.9572938486371735
    outer loop
      vertex 56.68887733668089 -9 58.55983939766884
      vertex 56.68887733668089 9 58.55983939766884
      vertex 57.784918420016766 -9 58.22881896793842
    endloop
  endfacet
  facet normal -0.32181430225223095 0 -0.9468028067480101
    outer loop
      vertex 57.784918420016766 -9 58.22881896793842
      vertex 57.784918420016766 9 58.22881896793842
      vertex 58.85256860405207 -9 57.865929149091244
    endloop
  endfacet
  facet normal -0.3892420847121702 0 -0.9211354946417623
    outer loop
      vertex 59.889255829155445 -9 57.47204418480396
      vertex 59.889255829155445 9 57.47204418480396
      vertex 60.89248261600733 -9 57.048112973570824
    endloop
  endfacet
  facet normal -0.35517349275468585 0 -0.9348004011790094
    outer loop
      vertex 58.85256860405207 -9 57.865929149091244
      vertex 58.85256860405207 9 57.865929149091244
      vertex 59.889255829155445 -9 57.47204418480396
    endloop
  endfacet
  facet normal -0.4240585833334622 0 -0.9056347596582284
    outer loop
      vertex 60.89248261600733 -9 57.048112973570824
      vertex 60.89248261600733 9 57.048112973570824
      vertex 61.8598321005702 -9 56.59515680372715
    endloop
  endfacet
  facet normal -0.4596486421968264 0 -0.8881008533531617
    outer loop
      vertex 62.78897386789322 -9 56.11426687985659
      vertex 61.8598321005702 -9 56.59515680372715
      vertex 61.8598321005702 9 56.59515680372715
    endloop
  endfacet
  facet normal 0.2412876670297996 0 0.9704536370890247
    outer loop
      vertex 57.370966129004955 -9 66.65216603130102
      vertex 57.623298205435276 -9 66.58942772448063
      vertex 57.370966129004955 9 66.65216603130102
    endloop
  endfacet
  facet normal 0.25702654919317836 0 0.9664043424001398
    outer loop
      vertex 57.623298205435276 -9 66.58942772448063
      vertex 58.7450897321105 -9 66.29107413440943
      vertex 57.623298205435276 9 66.58942772448063
    endloop
  endfacet
  facet normal 0.3055105421486448 0 0.9521886938186365
    outer loop
      vertex 60.359432838857174 -9 65.80324142426252
      vertex 60.09785231202841 9 65.88716975599527
      vertex 60.09785231202841 -9 65.88716975599527
    endloop
  endfacet
  facet normal 0.2731096318537573 0 0.9619829151230832
    outer loop
      vertex 58.7450897321105 -9 66.29107413440943
      vertex 59.00181122869253 -9 66.21819018572569
      vertex 58.7450897321105 9 66.29107413440943
    endloop
  endfacet
  facet normal 0.2891167365640188 0 0.9572938486371735
    outer loop
      vertex 59.00181122869253 -9 66.21819018572569
      vertex 60.09785231202841 -9 65.88716975599527
      vertex 59.00181122869253 9 66.21819018572569
    endloop
  endfacet
  facet normal 0.4067241729454188 0 0.9135510096003754
    outer loop
      vertex 64.00641929358244 -9 64.4171969294548
      vertex 64.28495128452778 -9 64.29319105297327
      vertex 64.00641929358244 9 64.4171969294548
    endloop
  endfacet
  facet normal 0.32181430225223095 0 0.9468028067480101
    outer loop
      vertex 60.359432838857174 -9 65.80324142426252
      vertex 61.427083022892475 -9 65.44035160541534
      vertex 60.359432838857174 9 65.80324142426252
    endloop
  endfacet
  facet normal 0.35517349275468585 0 0.9348004011790094
    outer loop
      vertex 62.7306437715888 -9 64.95044739544392
      vertex 61.693956546485424 9 65.3443323597312
      vertex 61.693956546485424 -9 65.3443323597312
    endloop
  endfacet
  facet normal 0.33854709539359756 0 0.9409494482704999
    outer loop
      vertex 61.427083022892475 -9 65.44035160541534
      vertex 61.693956546485424 -9 65.3443323597312
      vertex 61.427083022892475 9 65.44035160541534
    endloop
  endfacet
  facet normal 0.3722705014284206 0 0.9281242771128402
    outer loop
      vertex 62.7306437715888 -9 64.95044739544392
      vertex 63.00319250673056 -9 64.84112814068794
      vertex 62.7306437715888 9 64.95044739544392
    endloop
  endfacet
  facet normal 0.3892420847121702 0 0.9211354946417623
    outer loop
      vertex 63.00319250673056 -9 64.84112814068794
      vertex 64.00641929358244 -9 64.4171969294548
      vertex 63.00319250673056 9 64.84112814068794
    endloop
  endfacet
  facet normal 0 -1 0
    outer loop
      vertex 65.32526133209467 -9 54.51589926332235
      vertex 66.0801882892847 -9 53.93548956513405
      vertex 70.95627315342426 -9 60.27771286666393
    endloop
  endfacet
  facet normal 0 -1 0
    outer loop
      vertex 69.09698831290007 -9 50.74025148898363
      vertex 69.53860162943602 -9 50.05334780365229
      vertex 75.82627183943987 -9 55.06653664261103
    endloop
  endfacet
  facet normal 0 -1 0
    outer loop
      vertex 68.04803160578012 -9 52.07095105201006
      vertex 68.59973232448101 -9 51.413326404988766
      vertex 74.72860126197338 -9 56.55501538515091
    endloop
  endfacet
  facet normal 0 -1 0
    outer loop
      vertex 68.59973232448101 -9 51.413326404988766
      vertex 69.09698831290007 -9 50.74025148898363
      vertex 75.0342113301158 -9 56.16700707376003
    endloop
  endfacet
  facet normal 0 -1 0
    outer loop
      vertex 67.44321525096893 -9 52.711541160941124
      vertex 68.04803160578012 -9 52.07095105201006
      vertex 73.26016087085009 -9 58.20363945513964
    endloop
  endfacet
  facet normal 0 -1 0
    outer loop
      vertex 66.0801882892847 -9 53.93548956513405
      vertex 66.78674031049013 -9 53.33355349302292
      vertex 71.97476375102997 -9 59.4232507571578
    endloop
  endfacet
  facet normal 0 -1 0
    outer loop
      vertex 66.78674031049013 -9 53.33355349302292
      vertex 67.44321525096893 -9 52.711541160941124
      vertex 72.28911101818085 -9 59.14078318327665
    endloop
  endfacet
  facet normal -0.9991640566376251 0 -0.04088016540383309
    outer loop
      vertex 71 -9 45
      vertex 70.96988640725613 -9 45.73601511120796
      vertex 70.96988640725613 9 45.73601511120796
    endloop
  endfacet
  facet normal -0.9925273918628404 0 -0.12202203244474949
    outer loop
      vertex 70.96988640725613 -9 45.73601511120796
      vertex 70.8796181678772 -9 46.470257103443146
      vertex 70.8796181678772 9 46.470257103443146
    endloop
  endfacet
  facet normal -0.9606359682328477 0 -0.277810252757776
    outer loop
      vertex 70.72941274940968 -9 47.200957119464874
      vertex 70.51963201165199 -9 47.926354832947254
      vertex 70.51963201165199 9 47.926354832947254
    endloop
  endfacet
  facet normal -0.9795186405291935 0 -0.20135350221896028
    outer loop
      vertex 70.8796181678772 -9 46.470257103443146
      vertex 70.72941274940968 -9 47.200957119464874
      vertex 70.72941274940968 9 47.200957119464874
    endloop
  endfacet
  facet normal -0.8759967280912206 0 -0.4823170454933932
    outer loop
      vertex 69.92350839078426 -9 49.35427016019821
      vertex 69.53860162943602 -9 50.05334780365229
      vertex 69.53860162943602 9 50.05334780365229
    endloop
  endfacet
  facet normal -0.8411604407245314 0 -0.5407856441882607
    outer loop
      vertex 69.09698831290007 -9 50.74025148898363
      vertex 69.09698831290007 9 50.74025148898363
      vertex 69.53860162943602 -9 50.05334780365229
    endloop
  endfacet
  facet normal -0.936556057108706 0 -0.3505178339157568
    outer loop
      vertex 70.51963201165199 -9 47.926354832947254
      vertex 70.25078132748604 -9 48.644702695310116
      vertex 70.25078132748604 9 48.644702695310116
    endloop
  endfacet
  facet normal -0.908066352142262 0 -0.41882633645348194
    outer loop
      vertex 69.92350839078426 -9 49.35427016019821
      vertex 69.92350839078426 9 49.35427016019821
      vertex 70.25078132748604 -9 48.644702695310116
    endloop
  endfacet
  facet normal -0.72711820224666 0 -0.6865122868249229
    outer loop
      vertex 67.44321525096893 -9 52.711541160941124
      vertex 67.44321525096893 9 52.711541160941124
      vertex 68.04803160578012 -9 52.07095105201006
    endloop
  endfacet
  facet normal -0.6877963380047939 0 -0.7259037108509606
    outer loop
      vertex 66.78674031049013 -9 53.33355349302292
      vertex 66.78674031049013 9 53.33355349302292
      vertex 67.44321525096893 -9 52.711541160941124
    endloop
  endfacet
  facet normal -0.6095106082669645 0 -0.7927779124130762
    outer loop
      vertex 65.32526133209467 -9 54.51589926332235
      vertex 65.32526133209467 9 54.51589926332235
      vertex 66.0801882892847 -9 53.93548956513405
    endloop
  endfacet
  facet normal -0.5710172257391454 0 -0.8209380779992909
    outer loop
      vertex 64.52377813309431 -9 55.07338432222605
      vertex 64.52377813309431 9 55.07338432222605
      vertex 65.32526133209467 -9 54.51589926332235
    endloop
  endfacet
  facet normal -0.6485029304896128 0 -0.7612121577762564
    outer loop
      vertex 66.0801882892847 -9 53.93548956513405
      vertex 66.0801882892847 9 53.93548956513405
      vertex 66.78674031049013 -9 53.33355349302292
    endloop
  endfacet
  facet normal -0.8043098757698293 0 -0.5942100838416678
    outer loop
      vertex 68.59973232448101 -9 51.413326404988766
      vertex 68.59973232448101 9 51.413326404988766
      vertex 69.09698831290007 -9 50.74025148898363
    endloop
  endfacet
  facet normal -0.7661086173407772 0 -0.6427111220728973
    outer loop
      vertex 68.04803160578012 -9 52.07095105201006
      vertex 68.04803160578012 9 52.07095105201006
      vertex 68.59973232448101 -9 51.413326404988766
    endloop
  endfacet
  facet normal 0 -1 0
    outer loop
      vertex 71 -9 45
      vertex 78.96319886296988 -9 46.06305643171072
      vertex 70.96988640725613 -9 45.73601511120796
    endloop
  endfacet
  facet normal 0 -1 0
    outer loop
      vertex 70.96988640725613 -9 45.73601511120796
      vertex 78.91010554134846 -9 46.71219137310982
      vertex 70.8796181678772 -9 46.470257103443146
    endloop
  endfacet
  facet normal 0 -1 0
    outer loop
      vertex 70.8796181678772 -9 46.470257103443146
      vertex 78.71576729416847 -9 48.08108512312174
      vertex 70.72941274940968 -9 47.200957119464874
    endloop
  endfacet
  facet normal 0 -1 0
    outer loop
      vertex 70.72941274940968 -9 47.200957119464874
      vertex 78.41450049728155 -9 49.423439145088196
      vertex 70.51963201165199 -9 47.926354832947254
    endloop
  endfacet
  facet normal 0 -1 0
    outer loop
      vertex 69.92350839078426 -9 49.35427016019821
      vertex 70.25078132748604 -9 48.644702695310116
      vertex 77.18803920596838 -9 52.704880848526955
    endloop
  endfacet
  facet normal 0 -1 0
    outer loop
      vertex 70.51963201165199 -9 47.926354832947254
      vertex 77.74322978407145 -9 51.448845364153385
      vertex 70.25078132748604 -9 48.644702695310116
    endloop
  endfacet
  facet normal 0 -1 0
    outer loop
      vertex 70.25078132748604 -9 48.644702695310116
      vertex 77.74322978407145 -9 51.448845364153385
      vertex 77.62736325711012 -9 51.74083562195301
    endloop
  endfacet
  facet normal 0 -1 0
    outer loop
      vertex 78.9999894797802 -9 44.987026788294315
      vertex 78.99433110654354 -9 45.30111490190029
      vertex 71 -9 45
    endloop
  endfacet
  facet normal 0 -1 0
    outer loop
      vertex 71 -9 45
      vertex 78.99433110654354 -9 45.30111490190029
      vertex 78.99331245571375 -9 45.32704132050276
    endloop
  endfacet
  facet normal 0 -1 0
    outer loop
      vertex 71 -9 45
      vertex 78.99331245571375 -9 45.32704132050276
      vertex 78.96319886296988 -9 46.06305643171072
    endloop
  endfacet
  facet normal 0 -1 0
    outer loop
      vertex 70.96988640725613 -9 45.73601511120796
      vertex 78.96319886296988 -9 46.06305643171072
      vertex 78.94419672340155 -9 46.37662027031183
    endloop
  endfacet
  facet normal 0 -1 0
    outer loop
      vertex 70.96988640725613 -9 45.73601511120796
      vertex 78.94419672340155 -9 46.37662027031183
      vertex 78.9128987789154 -9 46.68919634073973
    endloop
  endfacet
  facet normal 0 -1 0
    outer loop
      vertex 70.96988640725613 -9 45.73601511120796
      vertex 78.9128987789154 -9 46.68919634073973
      vertex 78.91010554134846 -9 46.71219137310982
    endloop
  endfacet
  facet normal 0 -1 0
    outer loop
      vertex 70.8796181678772 -9 46.470257103443146
      vertex 78.91010554134846 -9 46.71219137310982
      vertex 78.81983730196953 -9 47.446433365345
    endloop
  endfacet
  facet normal 0 -1 0
    outer loop
      vertex 70.8796181678772 -9 46.470257103443146
      vertex 78.81983730196953 -9 47.446433365345
      vertex 78.77539118379354 -9 47.7574123069644
    endloop
  endfacet
  facet normal 0 -1 0
    outer loop
      vertex 70.8796181678772 -9 46.470257103443146
      vertex 78.77539118379354 -9 47.7574123069644
      vertex 78.71877034753561 -9 48.066406548023224
    endloop
  endfacet
  facet normal 0 -1 0
    outer loop
      vertex 70.8796181678772 -9 46.470257103443146
      vertex 78.71877034753561 -9 48.066406548023224
      vertex 78.71576729416847 -9 48.08108512312174
    endloop
  endfacet
  facet normal 0 -1 0
    outer loop
      vertex 70.72941274940968 -9 47.200957119464874
      vertex 78.71576729416847 -9 48.08108512312174
      vertex 78.56556187570095 -9 48.81178513914347
    endloop
  endfacet
  facet normal 0 -1 0
    outer loop
      vertex 70.72941274940968 -9 47.200957119464874
      vertex 78.56556187570095 -9 48.81178513914347
      vertex 78.49627967178822 -9 49.11818901449442
    endloop
  endfacet
  facet normal 0 -1 0
    outer loop
      vertex 70.51963201165199 -9 47.926354832947254
      vertex 78.41450049728155 -9 49.423439145088196
      vertex 78.20471975952387 -9 50.148836858570576
    endloop
  endfacet
  facet normal 0 -1 0
    outer loop
      vertex 70.72941274940968 -9 47.200957119464874
      vertex 78.41502153128386 -9 49.421636663377285
      vertex 78.41450049728155 -9 49.423439145088196
    endloop
  endfacet
  facet normal 0 -1 0
    outer loop
      vertex 70.72941274940968 -9 47.200957119464874
      vertex 78.49627967178822 -9 49.11818901449442
      vertex 78.41502153128386 -9 49.421636663377285
    endloop
  endfacet
  facet normal 0 -1 0
    outer loop
      vertex 70.51963201165199 -9 47.926354832947254
      vertex 78.20471975952387 -9 50.148836858570576
      vertex 78.11154060065746 -9 50.44883853197098
    endloop
  endfacet
  facet normal 0 -1 0
    outer loop
      vertex 70.51963201165199 -9 47.926354832947254
      vertex 78.11154060065746 -9 50.44883853197098
      vertex 78.0120804682374 -9 50.73049750179052
    endloop
  endfacet
  facet normal 0 -1 0
    outer loop
      vertex 70.51963201165199 -9 47.926354832947254
      vertex 78.0120804682374 -9 50.73049750179052
      vertex 77.74322978407145 -9 51.448845364153385
    endloop
  endfacet
  facet normal 0 -1 0
    outer loop
      vertex 69.92350839078426 -9 49.35427016019821
      vertex 76.54657545685768 -9 53.9118841663003
      vertex 69.53860162943602 -9 50.05334780365229
    endloop
  endfacet
  facet normal 0 -1 0
    outer loop
      vertex 70.25078132748604 -9 48.644702695310116
      vertex 77.62736325711012 -9 51.74083562195301
      vertex 77.51531214267015 -9 51.99531338363886
    endloop
  endfacet
  facet normal 0 -1 0
    outer loop
      vertex 70.25078132748604 -9 48.644702695310116
      vertex 77.51531214267015 -9 51.99531338363886
      vertex 77.18803920596838 -9 52.704880848526955
    endloop
  endfacet
  facet normal 0 -1 0
    outer loop
      vertex 69.92350839078426 -9 49.35427016019821
      vertex 77.05089415609837 -9 52.98750179260969
      vertex 76.93148221820593 -9 53.21280652284622
    endloop
  endfacet
  facet normal 0 -1 0
    outer loop
      vertex 69.92350839078426 -9 49.35427016019821
      vertex 77.18803920596838 -9 52.704880848526955
      vertex 77.05089415609837 -9 52.98750179260969
    endloop
  endfacet
  facet normal 0 -1 0
    outer loop
      vertex 69.53860162943602 -9 50.05334780365229
      vertex 76.54657545685768 -9 53.9118841663003
      vertex 76.38968713581562 -9 54.1840411350131
    endloop
  endfacet
  facet normal 0 -1 0
    outer loop
      vertex 69.53860162943602 -9 50.05334780365229
      vertex 76.26788515597582 -9 54.37963295727968
      vertex 75.82627183943987 -9 55.06653664261103
    endloop
  endfacet
  facet normal 0 -1 0
    outer loop
      vertex 69.53860162943602 -9 50.05334780365229
      vertex 76.38968713581562 -9 54.1840411350131
      vertex 76.26788515597582 -9 54.37963295727968
    endloop
  endfacet
  facet normal 0 -1 0
    outer loop
      vertex 69.92350839078426 -9 49.35427016019821
      vertex 76.93148221820593 -9 53.21280652284622
      vertex 76.54657545685768 -9 53.9118841663003
    endloop
  endfacet
  facet normal 0 -1 0
    outer loop
      vertex 69.09698831290007 -9 50.74025148898363
      vertex 75.53146731853485 -9 55.4939321577549
      vertex 75.0342113301158 -9 56.16700707376003
    endloop
  endfacet
  facet normal 0 -1 0
    outer loop
      vertex 68.59973232448101 -9 51.413326404988766
      vertex 74.8426219522953 -9 56.41595862060785
      vertex 74.72860126197338 -9 56.55501538515091
    endloop
  endfacet
  facet normal 0 -1 0
    outer loop
      vertex 68.59973232448101 -9 51.413326404988766
      vertex 75.0342113301158 -9 56.16700707376003
      vertex 74.8426219522953 -9 56.41595862060785
    endloop
  endfacet
  facet normal 0 -1 0
    outer loop
      vertex 68.04803160578012 -9 52.07095105201006
      vertex 74.72860126197338 -9 56.55501538515091
      vertex 74.1769005432725 -9 57.2126400321722
    endloop
  endfacet
  facet normal 0 -1 0
    outer loop
      vertex 68.04803160578012 -9 52.07095105201006
      vertex 73.9703136458993 -9 57.44929423928261
      vertex 73.86497722566128 -9 57.56304934620857
    endloop
  endfacet
  facet normal 0 -1 0
    outer loop
      vertex 68.04803160578012 -9 52.07095105201006
      vertex 73.86497722566128 -9 57.56304934620857
      vertex 73.26016087085009 -9 58.20363945513964
    endloop
  endfacet
  facet normal 0 -1 0
    outer loop
      vertex 68.04803160578012 -9 52.07095105201006
      vertex 74.1769005432725 -9 57.2126400321722
      vertex 73.9703136458993 -9 57.44929423928261
    endloop
  endfacet
  facet normal 0 -1 0
    outer loop
      vertex 69.09698831290007 -9 50.74025148898363
      vertex 75.82627183943987 -9 55.06653664261103
      vertex 75.65123464912176 -9 55.32739166170359
    endloop
  endfacet
  facet normal 0 -1 0
    outer loop
      vertex 69.09698831290007 -9 50.74025148898363
      vertex 75.65123464912176 -9 55.32739166170359
      vertex 75.53146731853485 -9 55.4939321577549
    endloop
  endfacet
  facet normal 0.999837765024652 0 0.018012318854291044
    outer loop
      vertex 78.9999894797802 -9 44.987026788294315
      vertex 78.99433110654354 9 45.30111490190029
      vertex 78.99433110654354 -9 45.30111490190029
    endloop
  endfacet
  facet normal 0.9992290376489843 0 0.039259779916404836
    outer loop
      vertex 78.99433110654354 -9 45.30111490190029
      vertex 78.99331245571375 9 45.32704132050276
      vertex 78.99331245571375 -9 45.32704132050276
    endloop
  endfacet
  facet normal 0.9991640566376251 0 0.04088016540383309
    outer loop
      vertex 78.99331245571375 -9 45.32704132050276
      vertex 78.96319886296988 9 46.06305643171072
      vertex 78.96319886296988 -9 46.06305643171072
    endloop
  endfacet
  facet normal 0.9981688290511272 0 0.06048957522335174
    outer loop
      vertex 78.96319886296988 -9 46.06305643171072
      vertex 78.94419672340155 9 46.37662027031183
      vertex 78.94419672340155 -9 46.37662027031183
    endloop
  endfacet
  facet normal 0.9950244685909342 0 0.09963085317977063
    outer loop
      vertex 78.94419672340155 -9 46.37662027031183
      vertex 78.9128987789154 9 46.68919634073973
      vertex 78.9128987789154 -9 46.68919634073973
    endloop
  endfacet
  facet normal 0.992703009207405 0 0.12058497215890095
    outer loop
      vertex 78.9128987789154 -9 46.68919634073973
      vertex 78.91010554134846 9 46.71219137310982
      vertex 78.91010554134846 -9 46.71219137310982
    endloop
  endfacet
  facet normal 0.9925273918628404 0 0.12202203244474949
    outer loop
      vertex 78.91010554134846 -9 46.71219137310982
      vertex 78.81983730196953 9 47.446433365345
      vertex 78.81983730196953 -9 47.446433365345
    endloop
  endfacet
  facet normal 0.9899403309530527 0 0.14148548035950753
    outer loop
      vertex 78.81983730196953 -9 47.446433365345
      vertex 78.77539118379354 9 47.7574123069644
      vertex 78.77539118379354 -9 47.7574123069644
    endloop
  endfacet
  facet normal 0.9836224240915005 0 0.18024130166074703
    outer loop
      vertex 78.77539118379354 -9 47.7574123069644
      vertex 78.71877034753561 9 48.066406548023224
      vertex 78.71877034753561 -9 48.066406548023224
    endloop
  endfacet
  facet normal 0.9797068391323787 0 0.2004357985920761
    outer loop
      vertex 78.71877034753561 -9 48.066406548023224
      vertex 78.71576729416847 9 48.08108512312174
      vertex 78.71576729416847 -9 48.08108512312174
    endloop
  endfacet
  facet normal 0.9753765114745157 0 0.220546278281462
    outer loop
      vertex 78.56556187570095 -9 48.81178513914347
      vertex 78.49627967178822 9 49.11818901449442
      vertex 78.49627967178822 -9 49.11818901449442
    endloop
  endfacet
  facet normal 0.9795186405291935 0 0.20135350221896028
    outer loop
      vertex 78.71576729416847 -9 48.08108512312174
      vertex 78.56556187570095 9 48.81178513914347
      vertex 78.56556187570095 -9 48.81178513914347
    endloop
  endfacet
  facet normal 0.96596593382474 0 0.2586693153238278
    outer loop
      vertex 78.49627967178822 -9 49.11818901449442
      vertex 78.41502153128386 9 49.421636663377285
      vertex 78.41502153128386 -9 49.421636663377285
    endloop
  endfacet
  facet normal 0.9606691125256549 0 0.27769561796897424
    outer loop
      vertex 78.41502153128386 -9 49.421636663377285
      vertex 78.41450049728155 9 49.423439145088196
      vertex 78.41450049728155 -9 49.423439145088196
    endloop
  endfacet
  facet normal 0.9606359682328477 0 0.277810252757776
    outer loop
      vertex 78.20471975952387 -9 50.148836858570576
      vertex 78.41450049728155 -9 49.423439145088196
      vertex 78.20471975952387 9 50.148836858570576
    endloop
  endfacet
  facet normal 0.9549963547293673 0 0.29661753564754145
    outer loop
      vertex 78.20471975952387 -9 50.148836858570576
      vertex 78.11154060065746 9 50.44883853197098
      vertex 78.11154060065746 -9 50.44883853197098
    endloop
  endfacet
  facet normal 0.8043098757698293 0 0.5942100838416678
    outer loop
      vertex 75.0342113301158 -9 56.16700707376003
      vertex 75.53146731853485 -9 55.4939321577549
      vertex 75.0342113301158 9 56.16700707376003
    endloop
  endfacet
  facet normal 0.8996682056529961 0 0.4365743003626281
    outer loop
      vertex 77.05089415609837 -9 52.98750179260969
      vertex 77.18803920596838 -9 52.704880848526955
      vertex 77.05089415609837 9 52.98750179260969
    endloop
  endfacet
  facet normal 0.8835722008099162 0 0.46829495615041733
    outer loop
      vertex 77.05089415609837 -9 52.98750179260969
      vertex 76.93148221820593 9 53.21280652284622
      vertex 76.93148221820593 -9 53.21280652284622
    endloop
  endfacet
  facet normal 0.9429366474702998 0 0.33297218931537154
    outer loop
      vertex 78.0120804682374 -9 50.73049750179052
      vertex 78.11154060065746 -9 50.44883853197098
      vertex 78.0120804682374 9 50.73049750179052
    endloop
  endfacet
  facet normal 0.936556057108706 0 0.3505178339157568
    outer loop
      vertex 78.0120804682374 -9 50.73049750179052
      vertex 77.74322978407145 9 51.448845364153385
      vertex 77.74322978407145 -9 51.448845364153385
    endloop
  endfacet
  facet normal 0.9152077472067919 0 0.4029823562547983
    outer loop
      vertex 77.62736325711012 -9 51.74083562195301
      vertex 77.51531214267015 9 51.99531338363886
      vertex 77.51531214267015 -9 51.99531338363886
    endloop
  endfacet
  facet normal 0.9294935737314827 0 0.3688383065679009
    outer loop
      vertex 77.62736325711012 -9 51.74083562195301
      vertex 77.74322978407145 -9 51.448845364153385
      vertex 77.62736325711012 9 51.74083562195301
    endloop
  endfacet
  facet normal 0.908066352142262 0 0.41882633645348194
    outer loop
      vertex 77.51531214267015 -9 51.99531338363886
      vertex 77.18803920596838 9 52.704880848526955
      vertex 77.18803920596838 -9 52.704880848526955
    endloop
  endfacet
  facet normal 0.8411604407245314 0 0.5407856441882607
    outer loop
      vertex 76.26788515597582 -9 54.37963295727968
      vertex 75.82627183943987 9 55.06653664261103
      vertex 75.82627183943987 -9 55.06653664261103
    endloop
  endfacet
  facet normal 0.8759967280912206 0 0.4823170454933932
    outer loop
      vertex 76.93148221820593 -9 53.21280652284622
      vertex 76.54657545685768 9 53.9118841663003
      vertex 76.54657545685768 -9 53.9118841663003
    endloop
  endfacet
  facet normal 0.8663582055987791 0 0.499423126808985
    outer loop
      vertex 76.38968713581562 -9 54.1840411350131
      vertex 76.54657545685768 -9 53.9118841663003
      vertex 76.38968713581562 9 54.1840411350131
    endloop
  endfacet
  facet normal 0.848861091416389 0 0.5286159735378578
    outer loop
      vertex 76.38968713581562 -9 54.1840411350131
      vertex 76.26788515597582 9 54.37963295727968
      vertex 76.26788515597582 -9 54.37963295727968
    endloop
  endfacet
  facet normal 0.8303806789428962 0 0.5571964896141528
    outer loop
      vertex 75.65123464912176 -9 55.32739166170359
      vertex 75.82627183943987 -9 55.06653664261103
      vertex 75.65123464912176 9 55.32739166170359
    endloop
  endfacet
  facet normal 0.811862056994966 0 0.5838492959761985
    outer loop
      vertex 75.65123464912176 -9 55.32739166170359
      vertex 75.53146731853485 9 55.4939321577549
      vertex 75.53146731853485 -9 55.4939321577549
    endloop
  endfacet
  facet normal 0 -1 0
    outer loop
      vertex 63.677669532597065 -9 55.60660171508789
      vertex 64.52377813309431 -9 55.07338432222605
      vertex 68.78904694318771 -9 61.8415068089962
    endloop
  endfacet
  facet normal 0 -1 0
    outer loop
      vertex 62.78897386789322 -9 56.11426687985659
      vertex 63.677669532597065 -9 55.60660171508789
      vertex 66.75713707506657 -9 63.06075381487608
    endloop
  endfacet
  facet normal 0 -1 0
    outer loop
      vertex 64.52377813309431 -9 55.07338432222605
      vertex 65.32526133209467 -9 54.51589926332235
      vertex 69.09191594272852 -9 61.64088894426823
    endloop
  endfacet
  facet normal 0 -1 0
    outer loop
      vertex 61.8598321005702 -9 56.59515680372715
      vertex 66.46616300195456 -9 63.219073705375195
      vertex 65.53702123463154 -9 63.69996362924576
    endloop
  endfacet
  facet normal 0 -1 0
    outer loop
      vertex 61.8598321005702 -9 56.59515680372715
      vertex 65.53702123463154 -9 63.69996362924576
      vertex 65.25525285303593 -9 63.83885184675455
    endloop
  endfacet
  facet normal 0 -1 0
    outer loop
      vertex 62.78897386789322 -9 56.11426687985659
      vertex 66.75713707506657 -9 63.06075381487608
      vertex 66.48135996609926 -9 63.211187683045864
    endloop
  endfacet
  facet normal 0 -1 0
    outer loop
      vertex 62.78897386789322 -9 56.11426687985659
      vertex 66.48135996609926 -9 63.211187683045864
      vertex 66.46616300195456 -9 63.219073705375195
    endloop
  endfacet
  facet normal 0 -1 0
    outer loop
      vertex 63.677669532597065 -9 55.60660171508789
      vertex 67.64583273977041 -9 62.553088650107384
      vertex 66.75713707506657 -9 63.06075381487608
    endloop
  endfacet
  facet normal 0 -1 0
    outer loop
      vertex 63.677669532597065 -9 55.60660171508789
      vertex 67.67393473535776 -9 62.5369598865509
      vertex 67.64583273977041 -9 62.553088650107384
    endloop
  endfacet
  facet normal 0 -1 0
    outer loop
      vertex 63.677669532597065 -9 55.60660171508789
      vertex 67.94293834269047 -9 62.374724201858044
      vertex 67.67393473535776 -9 62.5369598865509
    endloop
  endfacet
  facet normal 0 -1 0
    outer loop
      vertex 63.677669532597065 -9 55.60660171508789
      vertex 68.78904694318771 -9 61.8415068089962
      vertex 67.94293834269047 -9 62.374724201858044
    endloop
  endfacet
  facet normal 0 -1 0
    outer loop
      vertex 64.52377813309431 -9 55.07338432222605
      vertex 68.83055505156517 -9 61.815169885754585
      vertex 68.78904694318771 -9 61.8415068089962
    endloop
  endfacet
  facet normal 0 -1 0
    outer loop
      vertex 64.52377813309431 -9 55.07338432222605
      vertex 69.09191594272852 -9 61.64088894426823
      vertex 68.83055505156517 -9 61.815169885754585
    endloop
  endfacet
  facet normal 0 -1 0
    outer loop
      vertex 65.32526133209467 -9 54.51589926332235
      vertex 69.94859239459038 -9 61.04466713219881
      vertex 69.89339914172888 -9 61.08340388536453
    endloop
  endfacet
  facet normal 0 -1 0
    outer loop
      vertex 65.32526133209467 -9 54.51589926332235
      vertex 70.20134619623423 -9 60.85812256485224
      vertex 69.94859239459038 -9 61.04466713219881
    endloop
  endfacet
  facet normal 0 -1 0
    outer loop
      vertex 66.0801882892847 -9 53.93548956513405
      vertex 71.02513156086206 -9 60.22417273372412
      vertex 70.95627315342426 -9 60.27771286666393
    endloop
  endfacet
  facet normal 0 -1 0
    outer loop
      vertex 66.0801882892847 -9 53.93548956513405
      vertex 71.26821172982454 -9 60.02518682926893
      vertex 71.02513156086206 -9 60.22417273372412
    endloop
  endfacet
  facet normal 0 -1 0
    outer loop
      vertex 65.32526133209467 -9 54.51589926332235
      vertex 70.95627315342426 -9 60.27771286666393
      vertex 70.20134619623423 -9 60.85812256485224
    endloop
  endfacet
  facet normal 0 -1 0
    outer loop
      vertex 66.78674031049013 -9 53.33355349302292
      vertex 72.28911101818085 -9 59.14078318327665
      vertex 72.05687811970711 -9 59.352328076958656
    endloop
  endfacet
  facet normal 0 -1 0
    outer loop
      vertex 66.78674031049013 -9 53.33355349302292
      vertex 72.05687811970711 -9 59.352328076958656
      vertex 71.97476375102997 -9 59.4232507571578
    endloop
  endfacet
  facet normal 0 -1 0
    outer loop
      vertex 67.44321525096893 -9 52.711541160941124
      vertex 72.94558595865965 -9 58.51877085119486
      vertex 72.28911101818085 -9 59.14078318327665
    endloop
  endfacet
  facet normal 0 -1 0
    outer loop
      vertex 67.44321525096893 -9 52.711541160941124
      vertex 73.04005745053291 -9 58.42777746170759
      vertex 72.94558595865965 -9 58.51877085119486
    endloop
  endfacet
  facet normal 0 -1 0
    outer loop
      vertex 67.44321525096893 -9 52.711541160941124
      vertex 73.26016087085009 -9 58.20363945513964
      vertex 73.04005745053291 -9 58.42777746170759
    endloop
  endfacet
  facet normal 0 -1 0
    outer loop
      vertex 66.0801882892847 -9 53.93548956513405
      vertex 71.97476375102997 -9 59.4232507571578
      vertex 71.26821172982454 -9 60.02518682926893
    endloop
  endfacet
  facet normal 0 -1 0
    outer loop
      vertex 65.32526133209467 -9 54.51589926332235
      vertex 69.89339914172888 -9 61.08340388536453
      vertex 69.09191594272852 -9 61.64088894426823
    endloop
  endfacet
  facet normal 0.5357553954676083 0 0.844373232775262
    outer loop
      vertex 68.78904694318771 -9 61.8415068089962
      vertex 68.83055505156517 -9 61.815169885754585
      vertex 68.78904694318771 9 61.8415068089962
    endloop
  endfacet
  facet normal 0.5547891116339432 0 0.8319910105358231
    outer loop
      vertex 68.83055505156517 -9 61.815169885754585
      vertex 69.09191594272852 -9 61.64088894426823
      vertex 68.83055505156517 9 61.815169885754585
    endloop
  endfacet
  facet normal 0.5710172257391454 0 0.8209380779992909
    outer loop
      vertex 69.09191594272852 -9 61.64088894426823
      vertex 69.89339914172888 -9 61.08340388536453
      vertex 69.09191594272852 9 61.64088894426823
    endloop
  endfacet
  facet normal 0.6138234106639662 0 0.7894433611861309
    outer loop
      vertex 70.95627315342426 -9 60.27771286666393
      vertex 71.02513156086206 -9 60.22417273372412
      vertex 70.95627315342426 9 60.27771286666393
    endloop
  endfacet
  facet normal 0.6485029304896128 0 0.7612121577762564
    outer loop
      vertex 71.26821172982454 -9 60.02518682926893
      vertex 71.97476375102997 -9 59.4232507571578
      vertex 71.26821172982454 9 60.02518682926893
    endloop
  endfacet
  facet normal 0.6334325145005512 0 0.7737979384655332
    outer loop
      vertex 71.26821172982454 -9 60.02518682926893
      vertex 71.02513156086206 9 60.22417273372412
      vertex 71.02513156086206 -9 60.22417273372412
    endloop
  endfacet
  facet normal 0.5744719131418754 0 0.8185242946981559
    outer loop
      vertex 69.94859239459038 -9 61.04466713219881
      vertex 69.89339914172888 9 61.08340388536453
      vertex 69.89339914172888 -9 61.08340388536453
    endloop
  endfacet
  facet normal 0.5938279598417013 0 0.8045920420376047
    outer loop
      vertex 69.94859239459038 -9 61.04466713219881
      vertex 70.20134619623423 -9 60.85812256485224
      vertex 69.94859239459038 9 61.04466713219881
    endloop
  endfacet
  facet normal 0.6095106082669645 0 0.7927779124130762
    outer loop
      vertex 70.95627315342426 -9 60.27771286666393
      vertex 70.20134619623423 9 60.85812256485224
      vertex 70.20134619623423 -9 60.85812256485224
    endloop
  endfacet
  facet normal 0.4240585833334622 0 0.9056347596582284
    outer loop
      vertex 64.28495128452778 -9 64.29319105297327
      vertex 65.25230076909065 -9 63.8402348831296
      vertex 64.28495128452778 9 64.29319105297327
    endloop
  endfacet
  facet normal 0.42424450169566563 0 0.9055476811195511
    outer loop
      vertex 65.25525285303593 -9 63.83885184675455
      vertex 65.25230076909065 9 63.8402348831296
      vertex 65.25230076909065 -9 63.8402348831296
    endloop
  endfacet
  facet normal 0.44212334278858634 0 0.8969542629150307
    outer loop
      vertex 65.25525285303593 -9 63.83885184675455
      vertex 65.53702123463154 -9 63.69996362924576
      vertex 65.25525285303593 9 63.83885184675455
    endloop
  endfacet
  facet normal 0.4596486421968264 0 0.8881008533531617
    outer loop
      vertex 65.53702123463154 -9 63.69996362924576
      vertex 66.46616300195456 -9 63.219073705375195
      vertex 65.53702123463154 9 63.69996362924576
    endloop
  endfacet
  facet normal 0.4605986206637505 0 0.8876085345706464
    outer loop
      vertex 66.46616300195456 -9 63.219073705375195
      vertex 66.48135996609926 -9 63.211187683045864
      vertex 66.46616300195456 9 63.219073705375195
    endloop
  endfacet
  facet normal 0.4788766410520614 0 0.8778822031768813
    outer loop
      vertex 66.48135996609926 -9 63.211187683045864
      vertex 66.75713707506657 -9 63.06075381487608
      vertex 66.48135996609926 9 63.211187683045864
    endloop
  endfacet
  facet normal 0.49777783258631997 0 0.8673045770579477
    outer loop
      vertex 67.64583273977041 -9 62.553088650107384
      vertex 67.67393473535776 -9 62.5369598865509
      vertex 67.64583273977041 9 62.553088650107384
    endloop
  endfacet
  facet normal 0.5164454149368157 0 0.8563201115183154
    outer loop
      vertex 67.67393473535776 -9 62.5369598865509
      vertex 67.94293834269047 -9 62.374724201858044
      vertex 67.67393473535776 9 62.5369598865509
    endloop
  endfacet
  facet normal 0.49602040049501467 0 0.8683108673123728
    outer loop
      vertex 66.75713707506657 -9 63.06075381487608
      vertex 67.64583273977041 -9 62.553088650107384
      vertex 66.75713707506657 9 63.06075381487608
    endloop
  endfacet
  facet normal 0.5331586015358022 0 0.846015310504714
    outer loop
      vertex 67.94293834269047 -9 62.374724201858044
      vertex 68.78904694318771 -9 61.8415068089962
      vertex 67.94293834269047 9 62.374724201858044
    endloop
  endfacet
  facet normal 0.7134992772059956 0 0.7006559650973665
    outer loop
      vertex 73.04005745053291 -9 58.42777746170759
      vertex 73.26016087085009 -9 58.20363945513964
      vertex 73.04005745053291 9 58.42777746170759
    endloop
  endfacet
  facet normal 0.6877963380047939 0 0.7259037108509606
    outer loop
      vertex 72.28911101818085 -9 59.14078318327665
      vertex 72.94558595865965 -9 58.51877085119486
      vertex 72.28911101818085 9 59.14078318327665
    endloop
  endfacet
  facet normal 0.6937241271761792 0 0.7202408176253611
    outer loop
      vertex 73.04005745053291 -9 58.42777746170759
      vertex 72.94558595865965 9 58.51877085119486
      vertex 72.94558595865965 -9 58.51877085119486
    endloop
  endfacet
  facet normal 0.7533421474256472 0 0.6576287774361113
    outer loop
      vertex 74.1769005432725 -9 57.2126400321722
      vertex 73.9703136458993 9 57.44929423928261
      vertex 73.9703136458993 -9 57.44929423928261
    endloop
  endfacet
  facet normal 0.7337361790601983 0 0.6794344850963489
    outer loop
      vertex 73.86497722566128 -9 57.56304934620857
      vertex 73.9703136458993 -9 57.44929423928261
      vertex 73.86497722566128 9 57.56304934620857
    endloop
  endfacet
  facet normal 0.7732837588303648 0 0.6340601141289224
    outer loop
      vertex 74.8426219522953 -9 56.41595862060785
      vertex 74.72860126197338 9 56.55501538515091
      vertex 74.72860126197338 -9 56.55501538515091
    endloop
  endfacet
  facet normal 0.7924883012118764 0 0.6098871145075244
    outer loop
      vertex 74.8426219522953 -9 56.41595862060785
      vertex 75.0342113301158 -9 56.16700707376003
      vertex 74.8426219522953 9 56.41595862060785
    endloop
  endfacet
  facet normal 0.7661086173407772 0 0.6427111220728973
    outer loop
      vertex 74.1769005432725 -9 57.2126400321722
      vertex 74.72860126197338 -9 56.55501538515091
      vertex 74.1769005432725 9 57.2126400321722
    endloop
  endfacet
  facet normal 0.72711820224666 0 0.6865122868249229
    outer loop
      vertex 73.86497722566128 -9 57.56304934620857
      vertex 73.26016087085009 9 58.20363945513964
      vertex 73.26016087085009 -9 58.20363945513964
    endloop
  endfacet
  facet normal 0.6536500941868773 0 0.756796904307547
    outer loop
      vertex 72.05687811970711 -9 59.352328076958656
      vertex 71.97476375102997 9 59.4232507571578
      vertex 71.97476375102997 -9 59.4232507571578
    endloop
  endfacet
  facet normal 0.673411579730954 0 0.739267775764818
    outer loop
      vertex 72.05687811970711 -9 59.352328076958656
      vertex 72.28911101818085 -9 59.14078318327665
      vertex 72.05687811970711 9 59.352328076958656
    endloop
  endfacet
  facet normal 0.07380113429700266 0 0.9972729779636444
    outer loop
      vertex 49.040837585926056 -9 67.90595471858978
      vertex 50.258670940995216 -9 67.81583146750927
      vertex 49.040837585926056 9 67.90595471858978
    endloop
  endfacet
  facet normal 0.08868555127280171 0 0.9960596734109053
    outer loop
      vertex 50.258670940995216 -9 67.81583146750927
      vertex 50.496663480997086 -9 67.79464147239923
      vertex 50.258670940995216 9 67.81583146750927
    endloop
  endfacet
  facet normal 0.10355020249057402 0 0.9946242283215109
    outer loop
      vertex 50.496663480997086 -9 67.79464147239923
      vertex 51.70565966516733 -9 67.66877303272486
      vertex 50.496663480997086 9 67.79464147239923
    endloop
  endfacet
  facet normal 0.11855257925919789 0 0.992947776044134
    outer loop
      vertex 51.70565966516733 -9 67.66877303272486
      vertex 51.94548178464174 -9 67.64013957232237
      vertex 51.70565966516733 9 67.66877303272486
    endloop
  endfacet
  facet normal 0.13352796739530168 0 0.9910450453552954
    outer loop
      vertex 51.94548178464174 -9 67.64013957232237
      vertex 53.142728231847286 -9 67.47882916033268
      vertex 51.94548178464174 9 67.64013957232237
    endloop
  endfacet
  facet normal -0.3276301956400849 0 -0.9448060408913777
    outer loop
      vertex 43.231063544750214 -9 22.494469314813614
      vertex 43.231063544750214 9 22.494469314813614
      vertex 43.527864046394825 9 22.391547866165638
    endloop
  endfacet
  facet normal -0.2902846676921935 0 -0.9569403386328913
    outer loop
      vertex 43.527864046394825 -9 22.391547866165638
      vertex 43.527864046394825 9 22.391547866165638
      vertex 43.82847639918327 9 22.30035810917616
    endloop
  endfacet
  facet normal -0.2524915806943097 0 -0.9675990914001981
    outer loop
      vertex 43.82847639918327 -9 22.30035810917616
      vertex 43.82847639918327 9 22.30035810917616
      vertex 44.13243708759546 9 22.22104063630104
    endloop
  endfacet
  facet normal -0.17579627133327216 0 -0.9844265696258501
    outer loop
      vertex 44.43927742540836 -9 22.153717756271362
      vertex 44.43927742540836 9 22.153717756271362
      vertex 44.74852427840233 9 22.09849327802658
    endloop
  endfacet
  facet normal -0.21430915095807143 0 -0.9767658817831582
    outer loop
      vertex 44.13243708759546 -9 22.22104063630104
      vertex 44.13243708759546 9 22.22104063630104
      vertex 44.43927742540836 9 22.153717756271362
    endloop
  endfacet
  facet normal -0.13701234371123736 0 -0.9905693401628952
    outer loop
      vertex 44.74852427840233 -9 22.09849327802658
      vertex 44.74852427840233 9 22.09849327802658
      vertex 45.059700816869736 9 22.055452346801758
    endloop
  endfacet
  facet normal -0.09801714093309205 0 -0.9951847266127541
    outer loop
      vertex 45.059700816869736 -9 22.055452346801758
      vertex 45.059700816869736 9 22.055452346801758
      vertex 45.372327230870724 9 22.02466133236885
    endloop
  endfacet
  facet normal -0.05887081064682291 0 -0.9982656097721616
    outer loop
      vertex 45.372327230870724 -9 22.02466133236885
      vertex 45.372327230870724 9 22.02466133236885
      vertex 45.68592147529125 9 22.006167709827423
    endloop
  endfacet
  facet normal -0.019633691760533922 0 -0.999807240495813
    outer loop
      vertex 45.68592147529125 -9 22.006167709827423
      vertex 45.68592147529125 9 22.006167709827423
      vertex 46 9 22
    endloop
  endfacet
  facet normal 0.00736396135808637 0 -0.9999728856689648
    outer loop
      vertex 46 -9 22
      vertex 46 9 22
      vertex 46.11782060563564 9 22.000867649912834
    endloop
  endfacet
  facet normal 0.014727575977806162 0 -0.9998915433714888
    outer loop
      vertex 46.11782060563564 -9 22.000867649912834
      vertex 46.11782060563564 9 22.000867649912834
      vertex 47.34451246261597 9 22.018935807049274
    endloop
  endfacet
  facet normal 0.02947470018112144 0 -0.9995655266410666
    outer loop
      vertex 47.34451246261597 -9 22.018935807049274
      vertex 47.34451246261597 9 22.018935807049274
      vertex 47.58041486889124 9 22.025891982018948
    endloop
  endfacet
  facet normal 0.04421537660950614 0 -0.9990220220151703
    outer loop
      vertex 47.58041486889124 -9 22.025891982018948
      vertex 47.58041486889124 9 22.025891982018948
      vertex 48.80415152013302 9 22.08005292713642
    endloop
  endfacet
  facet normal 0.059014742208973764 0 -0.9982571112704425
    outer loop
      vertex 48.80415152013302 -9 22.08005292713642
      vertex 48.80415152013302 9 22.08005292713642
      vertex 49.040837585926056 9 22.094045281410217
    endloop
  endfacet
  facet normal -0.7475083400939478 6.43621416847693e-16 -0.6642524230215431
    outer loop
      vertex 39.91675227880478 -9 24.804415613412857
      vertex 40 0 24.710733808528843
      vertex 40.12541992217302 9 24.569594033062458
    endloop
  endfacet
  facet normal -0.7730104485592443 0 -0.6343932900167183
    outer loop
      vertex 39.91675227880478 9 24.804415613412857
      vertex 39.91675227880478 2.459089057916494 24.804415613412857
      vertex 39.876693349325116 3.1383638291137976 24.853227559461438
    endloop
  endfacet
  facet normal -0.6343932900167258 0 -0.7730104485592381
    outer loop
      vertex 40.80441561341286 -9 23.91675227880478
      vertex 40.80441561341286 9 23.91675227880478
      vertex 41.04724840819836 9 23.717464551329613
    endloop
  endfacet
  facet normal -0.6035559408946838 0 -0.797320654574264
    outer loop
      vertex 41.04724840819836 -9 23.717464551329613
      vertex 41.04724840819836 9 23.717464551329613
      vertex 41.29771798104048 9 23.527864046394825
    endloop
  endfacet
  facet normal -0.5717879564311373 0 -0.8204014461715093
    outer loop
      vertex 41.29771798104048 -9 23.527864046394825
      vertex 41.29771798104048 9 23.527864046394825
      vertex 41.55543813854456 9 23.348243102431297
    endloop
  endfacet
  facet normal -0.5391383247831949 0 -0.8422172325178167
    outer loop
      vertex 41.55543813854456 -9 23.348243102431297
      vertex 41.55543813854456 9 23.348243102431297
      vertex 41.82001148164272 9 23.17887868732214
    endloop
  endfacet
  facet normal -0.7208535890291231 0 -0.6930873705268565
    outer loop
      vertex 40.12541992217302 -9 24.569594033062458
      vertex 40.12541992217302 9 24.569594033062458
      vertex 40.34314575046301 9 24.34314575046301
    endloop
  endfacet
  facet normal -0.6642524230215706 0 -0.7475083400939233
    outer loop
      vertex 40.56959403306246 -9 24.125419922173023
      vertex 40.56959403306246 9 24.125419922173023
      vertex 40.80441561341286 9 23.91675227880478
    endloop
  endfacet
  facet normal -0.6930873705268565 0 -0.7208535890291231
    outer loop
      vertex 40.34314575046301 -9 24.34314575046301
      vertex 40.34314575046301 9 24.34314575046301
      vertex 40.56959403306246 9 24.125419922173023
    endloop
  endfacet
  facet normal -0.7475083400939099 -5.488208657933891e-16 -0.6642524230215855
    outer loop
      vertex 40.12541992217302 9 24.569594033062458
      vertex 40 0 24.710733808528843
      vertex 39.96916144962891 1.5703926303627445 24.745437594017396
    endloop
  endfacet
  facet normal -0.7475083400939267 2.4431227294393143e-16 -0.6642524230215667
    outer loop
      vertex 40.12541992217302 9 24.569594033062458
      vertex 39.96916144962891 1.5703926303627445 24.745437594017396
      vertex 39.91675227880478 2.459089057916494 24.804415613412857
    endloop
  endfacet
  facet normal -0.7730104485592365 -1.3114105014915393e-16 -0.6343932900167277
    outer loop
      vertex 39.91675227880478 9 24.804415613412857
      vertex 39.876693349325116 3.1383638291137976 24.853227559461438
      vertex 39.72273827819705 4.701495898313506 25.040822353516617
    endloop
  endfacet
  facet normal -0.7730104485592484 1.171267789135945e-15 -0.6343932900167132
    outer loop
      vertex 39.91675227880478 9 24.804415613412857
      vertex 39.72273827819705 4.701495898313506 25.040822353516617
      vertex 39.71746455132961 4.739623793075586 25.047248408198357
    endloop
  endfacet
  facet normal -0.7973206545742642 0 -0.6035559408946839
    outer loop
      vertex 39.71746455132961 9 25.047248408198357
      vertex 39.71746455132961 4.739623793075586 25.047248408198357
      vertex 39.527864046394825 6.110394081470318 25.297717981040478
    endloop
  endfacet
  facet normal -0.8204014461714985 0 -0.5717879564311527
    outer loop
      vertex 39.527864046394825 9 25.297717981040478
      vertex 39.527864046394825 6.110394081470318 25.297717981040478
      vertex 39.507533623805514 6.2573786016092345 25.326888074439527
    endloop
  endfacet
  facet normal -0.7475083400939232 0 -0.6642524230215705
    outer loop
      vertex 39.91675227880478 9 24.804415613412857
      vertex 40.12541992217302 9 24.569594033062458
      vertex 39.91675227880478 2.459089057916494 24.804415613412857
    endloop
  endfacet
  facet normal -0.8204014461715101 2.626836306229538e-16 -0.5717879564311361
    outer loop
      vertex 39.527864046394825 9 25.297717981040478
      vertex 39.507533623805514 6.2573786016092345 25.326888074439527
      vertex 39.3482431024313 7.149375982578969 25.55543813854456
    endloop
  endfacet
  facet normal -0.7730104485592381 0 -0.6343932900167258
    outer loop
      vertex 39.91675227880478 9 24.804415613412857
      vertex 39.71746455132961 4.739623793075586 25.047248408198357
      vertex 39.71746455132961 9 25.047248408198357
    endloop
  endfacet
  facet normal -0.797320654574264 0 -0.6035559408946838
    outer loop
      vertex 39.527864046394825 9 25.297717981040478
      vertex 39.71746455132961 9 25.047248408198357
      vertex 39.527864046394825 6.110394081470318 25.297717981040478
    endloop
  endfacet
  facet normal -0.8422172325178177 0 -0.5391383247831936
    outer loop
      vertex 39.3482431024313 9 25.55543813854456
      vertex 39.3482431024313 7.149375982578969 25.55543813854456
      vertex 39.23141121612922 7.8036128806451295 25.737947567809755
    endloop
  endfacet
  facet normal -0.8204014461715092 0 -0.5717879564311372
    outer loop
      vertex 39.3482431024313 9 25.55543813854456
      vertex 39.527864046394825 9 25.297717981040478
      vertex 39.3482431024313 7.149375982578969 25.55543813854456
    endloop
  endfacet
  facet normal -0.8422172325178157 -6.79644890953335e-16 -0.5391383247831967
    outer loop
      vertex 39.3482431024313 9 25.55543813854456
      vertex 39.23141121612922 7.8036128806451295 25.737947567809755
      vertex 39.17887868732214 8.043042606647939 25.820011481642723
    endloop
  endfacet
  facet normal -0.8422172325178168 0 -0.5391383247831949
    outer loop
      vertex 39.17887868732214 9 25.820011481642723
      vertex 39.3482431024313 9 25.55543813854456
      vertex 39.17887868732214 8.043042606647939 25.820011481642723
    endloop
  endfacet
  facet normal -0.8627343847379899 0 -0.50565737549329
    outer loop
      vertex 39.17887868732214 9 25.820011481642723
      vertex 39.17887868732214 8.043042606647939 25.820011481642723
      vertex 39.020031943917274 8.767025120216589 26.091030068695545
    endloop
  endfacet
  facet normal -0.881921269342482 0 -0.4713967274826432
    outer loop
      vertex 39.020031943917274 9 26.091030068695545
      vertex 39.020031943917274 8.767025120216589 26.091030068695545
      vertex 38.96891565277052 9 26.18666192556686
    endloop
  endfacet
  facet normal -0.8627343847379899 0 -0.50565737549329
    outer loop
      vertex 39.17887868732214 9 25.820011481642723
      vertex 39.020031943917274 8.767025120216589 26.091030068695545
      vertex 39.020031943917274 9 26.091030068695545
    endloop
  endfacet
  facet normal 0 1 0
    outer loop
      vertex 39.527864046394825 9 25.297717981040478
      vertex 46 9 30
      vertex 39.71746455132961 9 25.047248408198357
    endloop
  endfacet
  facet normal 0 1 0
    outer loop
      vertex 39.3482431024313 9 25.55543813854456
      vertex 46 9 30
      vertex 39.527864046394825 9 25.297717981040478
    endloop
  endfacet
  facet normal 0 1 0
    outer loop
      vertex 39.17887868732214 9 25.820011481642723
      vertex 46 9 30
      vertex 39.3482431024313 9 25.55543813854456
    endloop
  endfacet
  facet normal 0 1 0
    outer loop
      vertex 39.17887868732214 9 25.820011481642723
      vertex 39.020031943917274 9 26.091030068695545
      vertex 46 9 30
    endloop
  endfacet
  facet normal 0 1 0
    outer loop
      vertex 39.020031943917274 9 26.091030068695545
      vertex 38.96891565277052 9 26.18666192556686
      vertex 46 9 30
    endloop
  endfacet
  facet normal -0.5056573754932899 0 -0.8627343847379898
    outer loop
      vertex 41.82001148164272 -9 23.17887868732214
      vertex 41.82001148164272 9 23.17887868732214
      vertex 42.091030068695545 9 23.020031943917274
    endloop
  endfacet
  facet normal -0.4713967274826416 0 -0.8819212693424828
    outer loop
      vertex 42.091030068695545 -9 23.020031943917274
      vertex 42.091030068695545 9 23.020031943917274
      vertex 42.368076004087925 9 22.871947810053825
    endloop
  endfacet
  facet normal -0.43640925192825986 0 -0.8997482785931944
    outer loop
      vertex 42.368076004087925 -9 22.871947810053825
      vertex 42.368076004087925 9 22.871947810053825
      vertex 42.65072210133076 9 22.734854608774185
    endloop
  endfacet
  facet normal -0.40074882824224173 0 -0.9161879592433368
    outer loop
      vertex 42.65072210133076 -9 22.734854608774185
      vertex 42.65072210133076 9 22.734854608774185
      vertex 42.938532538712025 9 22.60896374285221
    endloop
  endfacet
  facet normal -0.3644704979088108 0 -0.9312149355299794
    outer loop
      vertex 42.938532538712025 -9 22.60896374285221
      vertex 42.938532538712025 9 22.60896374285221
      vertex 43.231063544750214 9 22.494469314813614
    endloop
  endfacet
  facet normal -0.014727575977806162 0 0.9998915433714888
    outer loop
      vertex 46 -9 30
      vertex 47.226691856980324 9 30.01806815713644
      vertex 46 9 30
    endloop
  endfacet
  facet normal -0.04421537660950614 0 0.9990220220151703
    outer loop
      vertex 47.226691856980324 -9 30.01806815713644
      vertex 48.4504285082221 9 30.072229102253914
      vertex 47.226691856980324 9 30.01806815713644
    endloop
  endfacet
  facet normal -0.07380113429700266 0 0.9972729779636444
    outer loop
      vertex 48.4504285082221 -9 30.072229102253914
      vertex 49.668261863291264 9 30.162352353334427
      vertex 48.4504285082221 9 30.072229102253914
    endloop
  endfacet
  facet normal 0 1 0
    outer loop
      vertex 42.091030068695545 9 23.020031943917274
      vertex 46 9 30
      vertex 42.368076004087925 9 22.871947810053825
    endloop
  endfacet
  facet normal 0 1 0
    outer loop
      vertex 42.938532538712025 9 22.60896374285221
      vertex 42.65072210133076 9 22.734854608774185
      vertex 46 9 30
    endloop
  endfacet
  facet normal 0 1 0
    outer loop
      vertex 42.368076004087925 9 22.871947810053825
      vertex 46 9 30
      vertex 42.65072210133076 9 22.734854608774185
    endloop
  endfacet
  facet normal 0 1 0
    outer loop
      vertex 42.938532538712025 9 22.60896374285221
      vertex 46 9 30
      vertex 43.231063544750214 9 22.494469314813614
    endloop
  endfacet
  facet normal 0 1 0
    outer loop
      vertex 43.527864046394825 9 22.391547866165638
      vertex 46 9 30
      vertex 43.82847639918327 9 22.30035810917616
    endloop
  endfacet
  facet normal 0 1 0
    outer loop
      vertex 43.231063544750214 9 22.494469314813614
      vertex 46 9 30
      vertex 43.527864046394825 9 22.391547866165638
    endloop
  endfacet
  facet normal 0 1 0
    outer loop
      vertex 43.82847639918327 9 22.30035810917616
      vertex 46 9 30
      vertex 44.13243708759546 9 22.22104063630104
    endloop
  endfacet
  facet normal 0 1 0
    outer loop
      vertex 44.43927742540836 9 22.153717756271362
      vertex 46 9 30
      vertex 44.74852427840233 9 22.09849327802658
    endloop
  endfacet
  facet normal 0 1 0
    outer loop
      vertex 44.13243708759546 9 22.22104063630104
      vertex 46 9 30
      vertex 44.43927742540836 9 22.153717756271362
    endloop
  endfacet
  facet normal 0 1 0
    outer loop
      vertex 44.74852427840233 9 22.09849327802658
      vertex 46 9 30
      vertex 45.059700816869736 9 22.055452346801758
    endloop
  endfacet
  facet normal 0 1 0
    outer loop
      vertex 45.059700816869736 9 22.055452346801758
      vertex 46 9 30
      vertex 45.372327230870724 9 22.02466133236885
    endloop
  endfacet
  facet normal 0 1 0
    outer loop
      vertex 40.56959403306246 9 24.125419922173023
      vertex 46 9 30
      vertex 40.80441561341286 9 23.91675227880478
    endloop
  endfacet
  facet normal 0 1 0
    outer loop
      vertex 40.80441561341286 9 23.91675227880478
      vertex 46 9 30
      vertex 41.04724840819836 9 23.717464551329613
    endloop
  endfacet
  facet normal 0 1 0
    outer loop
      vertex 40.12541992217302 9 24.569594033062458
      vertex 46 9 30
      vertex 40.34314575046301 9 24.34314575046301
    endloop
  endfacet
  facet normal 0 1 0
    outer loop
      vertex 39.91675227880478 9 24.804415613412857
      vertex 46 9 30
      vertex 40.12541992217302 9 24.569594033062458
    endloop
  endfacet
  facet normal 0 1 0
    outer loop
      vertex 39.91675227880478 9 24.804415613412857
      vertex 39.71746455132961 9 25.047248408198357
      vertex 46 9 30
    endloop
  endfacet
  facet normal 0 1 0
    outer loop
      vertex 40.34314575046301 9 24.34314575046301
      vertex 46 9 30
      vertex 40.56959403306246 9 24.125419922173023
    endloop
  endfacet
  facet normal 0 1 0
    outer loop
      vertex 41.55543813854456 9 23.348243102431297
      vertex 41.29771798104048 9 23.527864046394825
      vertex 46 9 30
    endloop
  endfacet
  facet normal 0 1 0
    outer loop
      vertex 41.55543813854456 9 23.348243102431297
      vertex 46 9 30
      vertex 41.82001148164272 9 23.17887868732214
    endloop
  endfacet
  facet normal 0 1 0
    outer loop
      vertex 41.04724840819836 9 23.717464551329613
      vertex 46 9 30
      vertex 41.29771798104048 9 23.527864046394825
    endloop
  endfacet
  facet normal 0 1 0
    outer loop
      vertex 41.82001148164272 9 23.17887868732214
      vertex 46 9 30
      vertex 42.091030068695545 9 23.020031943917274
    endloop
  endfacet
  facet normal 0 1 0
    outer loop
      vertex 45.372327230870724 9 22.02466133236885
      vertex 46 9 30
      vertex 45.68592147529125 9 22.006167709827423
    endloop
  endfacet
  facet normal 0 1 0
    outer loop
      vertex 45.68592147529125 9 22.006167709827423
      vertex 46 9 30
      vertex 46 9 22
    endloop
  endfacet
  facet normal 0 1 0
    outer loop
      vertex 46 9 22
      vertex 46 9 30
      vertex 46.11782060563564 9 22.000867649912834
    endloop
  endfacet
  facet normal 0 1 0
    outer loop
      vertex 46.11782060563564 9 22.000867649912834
      vertex 46 9 30
      vertex 47.34451246261597 9 22.018935807049274
    endloop
  endfacet
  facet normal 0 1 0
    outer loop
      vertex 47.34451246261597 9 22.018935807049274
      vertex 47.226691856980324 9 30.01806815713644
      vertex 47.58041486889124 9 22.025891982018948
    endloop
  endfacet
  facet normal 0 1 0
    outer loop
      vertex 47.58041486889124 9 22.025891982018948
      vertex 47.226691856980324 9 30.01806815713644
      vertex 48.80415152013302 9 22.08005292713642
    endloop
  endfacet
  facet normal 0 1 0
    outer loop
      vertex 48.80415152013302 9 22.08005292713642
      vertex 48.4504285082221 9 30.072229102253914
      vertex 49.040837585926056 9 22.094045281410217
    endloop
  endfacet
  facet normal 0 1 0
    outer loop
      vertex 47.34451246261597 9 22.018935807049274
      vertex 46 9 30
      vertex 47.226691856980324 9 30.01806815713644
    endloop
  endfacet
  facet normal 0 1 0
    outer loop
      vertex 47.226691856980324 9 30.01806815713644
      vertex 48.4504285082221 9 30.072229102253914
      vertex 48.80415152013302 9 22.08005292713642
    endloop
  endfacet
  facet normal 0 1 0
    outer loop
      vertex 49.040837585926056 9 22.094045281410217
      vertex 48.4504285082221 9 30.072229102253914
      vertex 49.668261863291264 9 30.162352353334427
    endloop
  endfacet
  facet normal 0 1 0
    outer loop
      vertex 46 9 30
      vertex 38.96891565277052 9 26.18666192556686
      vertex 46 9 60
    endloop
  endfacet
  facet normal 0.07380113429700266 0 -0.9972729779636444
    outer loop
      vertex 49.040837585926056 -9 22.094045281410217
      vertex 49.040837585926056 9 22.094045281410217
      vertex 50.258670940995216 9 22.18416853249073
    endloop
  endfacet
  facet normal 0.08868555127280171 0 -0.9960596734109053
    outer loop
      vertex 50.258670940995216 -9 22.18416853249073
      vertex 50.258670940995216 9 22.18416853249073
      vertex 50.496663480997086 9 22.205358527600765
    endloop
  endfacet
  facet normal 0.10355020249057402 0 -0.9946242283215109
    outer loop
      vertex 50.496663480997086 -9 22.205358527600765
      vertex 50.496663480997086 9 22.205358527600765
      vertex 51.70565966516733 9 22.331226967275143
    endloop
  endfacet
  facet normal 0.11855257925919789 0 -0.992947776044134
    outer loop
      vertex 51.70565966516733 -9 22.331226967275143
      vertex 51.70565966516733 9 22.331226967275143
      vertex 51.94548178464174 9 22.35986042767763
    endloop
  endfacet
  facet normal 0.13352796739530168 0 -0.9910450453552954
    outer loop
      vertex 51.94548178464174 -9 22.35986042767763
      vertex 51.94548178464174 9 22.35986042767763
      vertex 53.142728231847286 9 22.52117083966732
    endloop
  endfacet
  facet normal 0.14868128480484014 0 -0.988885168029525
    outer loop
      vertex 53.142728231847286 -9 22.52117083966732
      vertex 53.142728231847286 9 22.52117083966732
      vertex 53.38490233570337 9 22.557582303881645
    endloop
  endfacet
  facet normal 0.16379972972513204 0 -0.9864936130264471
    outer loop
      vertex 53.38490233570337 -9 22.557582303881645
      vertex 53.38490233570337 9 22.557582303881645
      vertex 54.56751476973295 9 22.75394606590271
    endloop
  endfacet
  facet normal 0.17913686255906852 0 -0.9838241633912502
    outer loop
      vertex 54.56751476973295 -9 22.75394606590271
      vertex 54.56751476973295 9 22.75394606590271
      vertex 54.81256152689457 9 22.798564717173576
    endloop
  endfacet
  facet normal 0.19443057523429644 0 -0.9809162815521315
    outer loop
      vertex 54.81256152689457 -9 22.798564717173576
      vertex 54.81256152689457 9 22.798564717173576
      vertex 55.97769093513489 9 23.029508769512177
    endloop
  endfacet
  facet normal 0.20998427510253453 0 -0.9777047633154209
    outer loop
      vertex 55.97769093513489 -9 23.029508769512177
      vertex 55.97769093513489 9 23.029508769512177
      vertex 56.22612665593624 9 23.082865975797176
    endloop
  endfacet
  facet normal 0.22548503987983054 0 -0.9742466303715868
    outer loop
      vertex 56.22612665593624 -9 23.082865975797176
      vertex 56.22612665593624 9 23.082865975797176
      vertex 57.370966129004955 9 23.34783396869898
    endloop
  endfacet
  facet normal -0.10355020249057402 0 0.9946242283215109
    outer loop
      vertex 49.668261863291264 -9 30.162352353334427
      vertex 50.87725804746151 9 30.288220793008804
      vertex 49.668261863291264 9 30.162352353334427
    endloop
  endfacet
  facet normal -0.13352796739530168 0 0.9910450453552954
    outer loop
      vertex 50.87725804746151 -9 30.288220793008804
      vertex 52.07450449466705 9 30.449531204998493
      vertex 50.87725804746151 9 30.288220793008804
    endloop
  endfacet
  facet normal -0.16379972972513204 0 0.9864936130264471
    outer loop
      vertex 52.07450449466705 -9 30.449531204998493
      vertex 53.25711692869663 9 30.645894967019558
      vertex 52.07450449466705 9 30.449531204998493
    endloop
  endfacet
  facet normal -0.19443057523429644 0 0.9809162815521315
    outer loop
      vertex 53.25711692869663 -9 30.645894967019558
      vertex 54.42224633693695 9 30.876839019358158
      vertex 53.25711692869663 9 30.645894967019558
    endloop
  endfacet
  facet normal -0.22548503987983054 0 0.9742466303715868
    outer loop
      vertex 54.42224633693695 -9 30.876839019358158
      vertex 55.567085810005665 9 31.14180701225996
      vertex 54.42224633693695 9 30.876839019358158
    endloop
  endfacet
  facet normal -0.25702654919317836 0 0.9664043424001398
    outer loop
      vertex 55.567085810005665 -9 31.14180701225996
      vertex 56.68887733668089 9 31.44016060233116
      vertex 55.567085810005665 9 31.14180701225996
    endloop
  endfacet
  facet normal 0 1 0
    outer loop
      vertex 49.040837585926056 9 22.094045281410217
      vertex 49.668261863291264 9 30.162352353334427
      vertex 50.258670940995216 9 22.18416853249073
    endloop
  endfacet
  facet normal 0 1 0
    outer loop
      vertex 50.258670940995216 9 22.18416853249073
      vertex 49.668261863291264 9 30.162352353334427
      vertex 50.496663480997086 9 22.205358527600765
    endloop
  endfacet
  facet normal 0 1 0
    outer loop
      vertex 50.496663480997086 9 22.205358527600765
      vertex 49.668261863291264 9 30.162352353334427
      vertex 51.70565966516733 9 22.331226967275143
    endloop
  endfacet
  facet normal 0 1 0
    outer loop
      vertex 51.70565966516733 9 22.331226967275143
      vertex 50.87725804746151 9 30.288220793008804
      vertex 51.94548178464174 9 22.35986042767763
    endloop
  endfacet
  facet normal 0 1 0
    outer loop
      vertex 51.94548178464174 9 22.35986042767763
      vertex 50.87725804746151 9 30.288220793008804
      vertex 53.142728231847286 9 22.52117083966732
    endloop
  endfacet
  facet normal 0 1 0
    outer loop
      vertex 53.142728231847286 9 22.52117083966732
      vertex 52.07450449466705 9 30.449531204998493
      vertex 53.38490233570337 9 22.557582303881645
    endloop
  endfacet
  facet normal 0 1 0
    outer loop
      vertex 51.70565966516733 9 22.331226967275143
      vertex 49.668261863291264 9 30.162352353334427
      vertex 50.87725804746151 9 30.288220793008804
    endloop
  endfacet
  facet normal 0 1 0
    outer loop
      vertex 53.142728231847286 9 22.52117083966732
      vertex 50.87725804746151 9 30.288220793008804
      vertex 52.07450449466705 9 30.449531204998493
    endloop
  endfacet
  facet normal 0 1 0
    outer loop
      vertex 52.07450449466705 9 30.449531204998493
      vertex 53.25711692869663 9 30.645894967019558
      vertex 53.38490233570337 9 22.557582303881645
    endloop
  endfacet
  facet normal 0 1 0
    outer loop
      vertex 53.25711692869663 9 30.645894967019558
      vertex 54.56751476973295 9 22.75394606590271
      vertex 53.38490233570337 9 22.557582303881645
    endloop
  endfacet
  facet normal 0 1 0
    outer loop
      vertex 53.25711692869663 9 30.645894967019558
      vertex 54.81256152689457 9 22.798564717173576
      vertex 54.56751476973295 9 22.75394606590271
    endloop
  endfacet
  facet normal 0 1 0
    outer loop
      vertex 53.25711692869663 9 30.645894967019558
      vertex 55.97769093513489 9 23.029508769512177
      vertex 54.81256152689457 9 22.798564717173576
    endloop
  endfacet
  facet normal 0 1 0
    outer loop
      vertex 55.97769093513489 9 23.029508769512177
      vertex 54.42224633693695 9 30.876839019358158
      vertex 56.22612665593624 9 23.082865975797176
    endloop
  endfacet
  facet normal 0 1 0
    outer loop
      vertex 56.22612665593624 9 23.082865975797176
      vertex 54.42224633693695 9 30.876839019358158
      vertex 57.370966129004955 9 23.34783396869898
    endloop
  endfacet
  facet normal 0 1 0
    outer loop
      vertex 53.25711692869663 9 30.645894967019558
      vertex 54.42224633693695 9 30.876839019358158
      vertex 55.97769093513489 9 23.029508769512177
    endloop
  endfacet
  facet normal 0 1 0
    outer loop
      vertex 57.370966129004955 9 23.34783396869898
      vertex 54.42224633693695 9 30.876839019358158
      vertex 55.567085810005665 9 31.14180701225996
    endloop
  endfacet
  facet normal 0 1 0
    outer loop
      vertex 57.623298205435276 9 23.41057227551937
      vertex 55.567085810005665 9 31.14180701225996
      vertex 56.68887733668089 9 31.44016060233116
    endloop
  endfacet
  facet normal 0.2412876670297996 0 -0.9704536370890247
    outer loop
      vertex 57.370966129004955 -9 23.34783396869898
      vertex 57.370966129004955 9 23.34783396869898
      vertex 57.623298205435276 9 23.41057227551937
    endloop
  endfacet
  facet normal 0.25702654919317836 0 -0.9664043424001398
    outer loop
      vertex 57.623298205435276 -9 23.41057227551937
      vertex 57.623298205435276 9 23.41057227551937
      vertex 58.7450897321105 9 23.708925865590572
    endloop
  endfacet
  facet normal 0.2731096318537573 0 -0.9619829151230832
    outer loop
      vertex 58.7450897321105 -9 23.708925865590572
      vertex 58.7450897321105 9 23.708925865590572
      vertex 59.00181122869253 9 23.78180981427431
    endloop
  endfacet
  facet normal 0.2891167365640188 0 -0.9572938486371735
    outer loop
      vertex 59.00181122869253 -9 23.78180981427431
      vertex 59.00181122869253 9 23.78180981427431
      vertex 60.09785231202841 9 24.112830244004726
    endloop
  endfacet
  facet normal 0.3055105421486448 0 -0.9521886938186365
    outer loop
      vertex 60.09785231202841 -9 24.112830244004726
      vertex 60.09785231202841 9 24.112830244004726
      vertex 60.359432838857174 9 24.196758575737476
    endloop
  endfacet
  facet normal 0.32181430225223095 0 -0.9468028067480101
    outer loop
      vertex 60.359432838857174 -9 24.196758575737476
      vertex 60.359432838857174 9 24.196758575737476
      vertex 61.427083022892475 9 24.559648394584656
    endloop
  endfacet
  facet normal 0.33854709539359756 0 -0.9409494482704999
    outer loop
      vertex 61.427083022892475 -9 24.559648394584656
      vertex 61.427083022892475 9 24.559648394584656
      vertex 61.693956546485424 9 24.655667640268803
    endloop
  endfacet
  facet normal 0.35517349275468585 0 -0.9348004011790094
    outer loop
      vertex 61.693956546485424 -9 24.655667640268803
      vertex 61.693956546485424 9 24.655667640268803
      vertex 62.7306437715888 9 25.049552604556084
    endloop
  endfacet
  facet normal 0.3722705014284206 0 -0.9281242771128402
    outer loop
      vertex 62.7306437715888 -9 25.049552604556084
      vertex 62.7306437715888 9 25.049552604556084
      vertex 63.00319250673056 9 25.158871859312057
    endloop
  endfacet
  facet normal 0.3892420847121702 0 -0.9211354946417623
    outer loop
      vertex 63.00319250673056 -9 25.158871859312057
      vertex 63.00319250673056 9 25.158871859312057
      vertex 64.00641929358244 9 25.582803070545197
    endloop
  endfacet
  facet normal 0.4067241729454188 0 -0.9135510096003754
    outer loop
      vertex 64.00641929358244 -9 25.582803070545197
      vertex 64.00641929358244 9 25.582803070545197
      vertex 64.28495128452778 9 25.70680894702673
    endloop
  endfacet
  facet normal -0.2891167365640188 0 0.9572938486371735
    outer loop
      vertex 56.68887733668089 -9 31.44016060233116
      vertex 57.784918420016766 9 31.771181032061577
      vertex 56.68887733668089 9 31.44016060233116
    endloop
  endfacet
  facet normal -0.32181430225223095 0 0.9468028067480101
    outer loop
      vertex 57.784918420016766 -9 31.771181032061577
      vertex 58.85256860405207 9 32.134070850908756
      vertex 57.784918420016766 9 31.771181032061577
    endloop
  endfacet
  facet normal -0.35517349275468585 0 0.9348004011790094
    outer loop
      vertex 58.85256860405207 -9 32.134070850908756
      vertex 59.889255829155445 9 32.52795581519604
      vertex 58.85256860405207 9 32.134070850908756
    endloop
  endfacet
  facet normal -0.3892420847121702 0 0.9211354946417623
    outer loop
      vertex 59.889255829155445 -9 32.52795581519604
      vertex 60.89248261600733 9 32.951887026429176
      vertex 59.889255829155445 9 32.52795581519604
    endloop
  endfacet
  facet normal -0.4240585833334622 0 0.9056347596582284
    outer loop
      vertex 60.89248261600733 -9 32.951887026429176
      vertex 61.8598321005702 9 33.40484319627285
      vertex 60.89248261600733 9 32.951887026429176
    endloop
  endfacet
  facet normal -0.4596486421968264 0 0.8881008533531617
    outer loop
      vertex 61.8598321005702 -9 33.40484319627285
      vertex 62.78897386789322 9 33.88573312014341
      vertex 61.8598321005702 9 33.40484319627285
    endloop
  endfacet
  facet normal 0 1 0
    outer loop
      vertex 57.370966129004955 9 23.34783396869898
      vertex 55.567085810005665 9 31.14180701225996
      vertex 57.623298205435276 9 23.41057227551937
    endloop
  endfacet
  facet normal 0 1 0
    outer loop
      vertex 57.623298205435276 9 23.41057227551937
      vertex 56.68887733668089 9 31.44016060233116
      vertex 58.7450897321105 9 23.708925865590572
    endloop
  endfacet
  facet normal 0 1 0
    outer loop
      vertex 56.68887733668089 9 31.44016060233116
      vertex 59.00181122869253 9 23.78180981427431
      vertex 58.7450897321105 9 23.708925865590572
    endloop
  endfacet
  facet normal 0 1 0
    outer loop
      vertex 56.68887733668089 9 31.44016060233116
      vertex 60.09785231202841 9 24.112830244004726
      vertex 59.00181122869253 9 23.78180981427431
    endloop
  endfacet
  facet normal 0 1 0
    outer loop
      vertex 57.784918420016766 9 31.771181032061577
      vertex 60.359432838857174 9 24.196758575737476
      vertex 60.09785231202841 9 24.112830244004726
    endloop
  endfacet
  facet normal 0 1 0
    outer loop
      vertex 60.359432838857174 9 24.196758575737476
      vertex 58.85256860405207 9 32.134070850908756
      vertex 61.427083022892475 9 24.559648394584656
    endloop
  endfacet
  facet normal 0 1 0
    outer loop
      vertex 61.427083022892475 9 24.559648394584656
      vertex 58.85256860405207 9 32.134070850908756
      vertex 61.693956546485424 9 24.655667640268803
    endloop
  endfacet
  facet normal 0 1 0
    outer loop
      vertex 61.693956546485424 9 24.655667640268803
      vertex 58.85256860405207 9 32.134070850908756
      vertex 62.7306437715888 9 25.049552604556084
    endloop
  endfacet
  facet normal 0 1 0
    outer loop
      vertex 62.7306437715888 9 25.049552604556084
      vertex 59.889255829155445 9 32.52795581519604
      vertex 63.00319250673056 9 25.158871859312057
    endloop
  endfacet
  facet normal 0 1 0
    outer loop
      vertex 63.00319250673056 9 25.158871859312057
      vertex 60.89248261600733 9 32.951887026429176
      vertex 64.00641929358244 9 25.582803070545197
    endloop
  endfacet
  facet normal 0 1 0
    outer loop
      vertex 60.89248261600733 9 32.951887026429176
      vertex 64.28495128452778 9 25.70680894702673
      vertex 64.00641929358244 9 25.582803070545197
    endloop
  endfacet
  facet normal 0 1 0
    outer loop
      vertex 56.68887733668089 9 31.44016060233116
      vertex 57.784918420016766 9 31.771181032061577
      vertex 60.09785231202841 9 24.112830244004726
    endloop
  endfacet
  facet normal 0 1 0
    outer loop
      vertex 57.784918420016766 9 31.771181032061577
      vertex 58.85256860405207 9 32.134070850908756
      vertex 60.359432838857174 9 24.196758575737476
    endloop
  endfacet
  facet normal 0 1 0
    outer loop
      vertex 62.7306437715888 9 25.049552604556084
      vertex 58.85256860405207 9 32.134070850908756
      vertex 59.889255829155445 9 32.52795581519604
    endloop
  endfacet
  facet normal 0 1 0
    outer loop
      vertex 63.00319250673056 9 25.158871859312057
      vertex 59.889255829155445 9 32.52795581519604
      vertex 60.89248261600733 9 32.951887026429176
    endloop
  endfacet
  facet normal 0 1 0
    outer loop
      vertex 61.8598321005702 9 33.40484319627285
      vertex 65.25230076909065 9 26.159765116870403
      vertex 64.28495128452778 9 25.70680894702673
    endloop
  endfacet
  facet normal 0 1 0
    outer loop
      vertex 60.89248261600733 9 32.951887026429176
      vertex 61.8598321005702 9 33.40484319627285
      vertex 64.28495128452778 9 25.70680894702673
    endloop
  endfacet
  facet normal 0 1 0
    outer loop
      vertex 61.8598321005702 9 33.40484319627285
      vertex 62.78897386789322 9 33.88573312014341
      vertex 66.46616300195456 9 26.780926294624805
    endloop
  endfacet
  facet normal -0.49602040049501467 0 0.8683108673123728
    outer loop
      vertex 62.78897386789322 -9 33.88573312014341
      vertex 63.677669532597065 9 34.39339828491211
      vertex 62.78897386789322 9 33.88573312014341
    endloop
  endfacet
  facet normal -0.5331586015358022 0 0.846015310504714
    outer loop
      vertex 63.677669532597065 -9 34.39339828491211
      vertex 64.52377813309431 9 34.92661567777395
      vertex 63.677669532597065 9 34.39339828491211
    endloop
  endfacet
  facet normal 0.4240585833334622 0 -0.9056347596582284
    outer loop
      vertex 64.28495128452778 -9 25.70680894702673
      vertex 64.28495128452778 9 25.70680894702673
      vertex 65.25230076909065 9 26.159765116870403
    endloop
  endfacet
  facet normal 0.4417577991857807 0 -0.8971343527357178
    outer loop
      vertex 65.25230076909065 -9 26.159765116870403
      vertex 65.25230076909065 9 26.159765116870403
      vertex 65.53412573039532 9 26.298538506031036
    endloop
  endfacet
  facet normal 0.45946892761655383 0 -0.8881938440199267
    outer loop
      vertex 65.53412573039532 -9 26.298538506031036
      vertex 65.53412573039532 9 26.298538506031036
      vertex 65.53702123463154 9 26.300036370754242
    endloop
  endfacet
  facet normal 0.4596486421968264 0 -0.8881008533531617
    outer loop
      vertex 65.53702123463154 -9 26.300036370754242
      vertex 65.53702123463154 9 26.300036370754242
      vertex 66.46616300195456 9 26.780926294624805
    endloop
  endfacet
  facet normal 0.47699672655659997 0 -0.8789050704452036
    outer loop
      vertex 66.46616300195456 -9 26.780926294624805
      vertex 66.46616300195456 9 26.780926294624805
      vertex 66.74226143211126 9 26.930769607424736
    endloop
  endfacet
  facet normal 0.4950911199600584 0 -0.8688410573497864
    outer loop
      vertex 66.74226143211126 -9 26.930769607424736
      vertex 66.74226143211126 9 26.930769607424736
      vertex 66.75713707506657 9 26.93924618512392
    endloop
  endfacet
  facet normal 0.49602040049501467 0 -0.8683108673123728
    outer loop
      vertex 66.75713707506657 -9 26.93924618512392
      vertex 66.75713707506657 9 26.93924618512392
      vertex 67.64583273977041 9 27.446911349892616
    endloop
  endfacet
  facet normal 0.5129729398437274 0 -0.8584047780552504
    outer loop
      vertex 67.64583273977041 -9 27.446911349892616
      vertex 67.64583273977041 9 27.446911349892616
      vertex 67.91549122333527 9 27.60805619508028
    endloop
  endfacet
  facet normal 0.5314441484590159 0 -0.8470933343313897
    outer loop
      vertex 67.91549122333527 -9 27.60805619508028
      vertex 67.91549122333527 9 27.60805619508028
      vertex 67.94293834269047 9 27.625275798141956
    endloop
  endfacet
  facet normal 0.5331586015358022 0 -0.846015310504714
    outer loop
      vertex 67.94293834269047 -9 27.625275798141956
      vertex 67.94293834269047 9 27.625275798141956
      vertex 68.78904694318771 9 28.1584931910038
    endloop
  endfacet
  facet normal 0.5496662346485307 0 -0.8353843609305277
    outer loop
      vertex 68.78904694318771 -9 28.1584931910038
      vertex 68.78904694318771 9 28.1584931910038
      vertex 69.05147381871939 9 28.331164836883545
    endloop
  endfacet
  facet normal 0.5684922848332299 0 -0.8226885936276822
    outer loop
      vertex 69.05147381871939 -9 28.331164836883545
      vertex 69.05147381871939 9 28.331164836883545
      vertex 69.09191594272852 9 28.359111055731773
    endloop
  endfacet
  facet normal 0.5710172257391454 0 -0.8209380779992909
    outer loop
      vertex 69.09191594272852 -9 28.359111055731773
      vertex 69.09191594272852 9 28.359111055731773
      vertex 69.89339914172888 9 28.916596114635468
    endloop
  endfacet
  facet normal 0.5870252031072385 0 -0.8095686573212338
    outer loop
      vertex 69.89339914172888 -9 28.916596114635468
      vertex 69.89339914172888 9 28.916596114635468
      vertex 70.1477162912488 9 29.101003669202328
    endloop
  endfacet
  facet normal 0.6061641198827823 0 -0.7953395877024682
    outer loop
      vertex 70.1477162912488 -9 29.101003669202328
      vertex 70.1477162912488 9 29.101003669202328
      vertex 70.20134619623423 9 29.141877435147762
    endloop
  endfacet
  facet normal 0.6095106082669645 0 -0.7927779124130762
    outer loop
      vertex 70.20134619623423 -9 29.141877435147762
      vertex 70.20134619623423 9 29.141877435147762
      vertex 70.95627315342426 9 29.722287133336067
    endloop
  endfacet
  facet normal 0.6249582787315809 0 -0.7806581517187017
    outer loop
      vertex 70.95627315342426 -9 29.722287133336067
      vertex 70.95627315342426 9 29.722287133336067
      vertex 71.20150838792324 9 29.918610952794552
    endloop
  endfacet
  facet normal 0.6443435502886437 0 -0.7647361565935182
    outer loop
      vertex 71.20150838792324 -9 29.918610952794552
      vertex 71.20150838792324 9 29.918610952794552
      vertex 71.26821172982454 9 29.974813170731068
    endloop
  endfacet
  facet normal 0.6485029304896128 0 -0.7612121577762564
    outer loop
      vertex 71.26821172982454 -9 29.974813170731068
      vertex 71.26821172982454 9 29.974813170731068
      vertex 71.97476375102997 9 30.576749242842197
    endloop
  endfacet
  facet normal 0 1 0
    outer loop
      vertex 61.8598321005702 9 33.40484319627285
      vertex 65.53412573039532 9 26.298538506031036
      vertex 65.25230076909065 9 26.159765116870403
    endloop
  endfacet
  facet normal 0 1 0
    outer loop
      vertex 61.8598321005702 9 33.40484319627285
      vertex 65.53702123463154 9 26.300036370754242
      vertex 65.53412573039532 9 26.298538506031036
    endloop
  endfacet
  facet normal 0 1 0
    outer loop
      vertex 61.8598321005702 9 33.40484319627285
      vertex 66.46616300195456 9 26.780926294624805
      vertex 65.53702123463154 9 26.300036370754242
    endloop
  endfacet
  facet normal 0 1 0
    outer loop
      vertex 66.46616300195456 9 26.780926294624805
      vertex 62.78897386789322 9 33.88573312014341
      vertex 66.74226143211126 9 26.930769607424736
    endloop
  endfacet
  facet normal 0 1 0
    outer loop
      vertex 66.74226143211126 9 26.930769607424736
      vertex 62.78897386789322 9 33.88573312014341
      vertex 66.75713707506657 9 26.93924618512392
    endloop
  endfacet
  facet normal 0 1 0
    outer loop
      vertex 66.75713707506657 9 26.93924618512392
      vertex 63.677669532597065 9 34.39339828491211
      vertex 67.64583273977041 9 27.446911349892616
    endloop
  endfacet
  facet normal 0 1 0
    outer loop
      vertex 67.64583273977041 9 27.446911349892616
      vertex 63.677669532597065 9 34.39339828491211
      vertex 67.91549122333527 9 27.60805619508028
    endloop
  endfacet
  facet normal 0 1 0
    outer loop
      vertex 67.91549122333527 9 27.60805619508028
      vertex 63.677669532597065 9 34.39339828491211
      vertex 67.94293834269047 9 27.625275798141956
    endloop
  endfacet
  facet normal 0 1 0
    outer loop
      vertex 67.94293834269047 9 27.625275798141956
      vertex 63.677669532597065 9 34.39339828491211
      vertex 68.78904694318771 9 28.1584931910038
    endloop
  endfacet
  facet normal 0 1 0
    outer loop
      vertex 64.52377813309431 9 34.92661567777395
      vertex 69.05147381871939 9 28.331164836883545
      vertex 68.78904694318771 9 28.1584931910038
    endloop
  endfacet
  facet normal 0 1 0
    outer loop
      vertex 64.52377813309431 9 34.92661567777395
      vertex 69.09191594272852 9 28.359111055731773
      vertex 69.05147381871939 9 28.331164836883545
    endloop
  endfacet
  facet normal 0 1 0
    outer loop
      vertex 66.75713707506657 9 26.93924618512392
      vertex 62.78897386789322 9 33.88573312014341
      vertex 63.677669532597065 9 34.39339828491211
    endloop
  endfacet
  facet normal 0 1 0
    outer loop
      vertex 63.677669532597065 9 34.39339828491211
      vertex 64.52377813309431 9 34.92661567777395
      vertex 68.78904694318771 9 28.1584931910038
    endloop
  endfacet
  facet normal 0 1 0
    outer loop
      vertex 64.52377813309431 9 34.92661567777395
      vertex 65.32526133209467 9 35.48410073667765
      vertex 69.09191594272852 9 28.359111055731773
    endloop
  endfacet
  facet normal 0 1 0
    outer loop
      vertex 65.32526133209467 9 35.48410073667765
      vertex 69.89339914172888 9 28.916596114635468
      vertex 69.09191594272852 9 28.359111055731773
    endloop
  endfacet
  facet normal 0 1 0
    outer loop
      vertex 65.32526133209467 9 35.48410073667765
      vertex 70.1477162912488 9 29.101003669202328
      vertex 69.89339914172888 9 28.916596114635468
    endloop
  endfacet
  facet normal 0 1 0
    outer loop
      vertex 65.32526133209467 9 35.48410073667765
      vertex 70.20134619623423 9 29.141877435147762
      vertex 70.1477162912488 9 29.101003669202328
    endloop
  endfacet
  facet normal 0 1 0
    outer loop
      vertex 65.32526133209467 9 35.48410073667765
      vertex 70.95627315342426 9 29.722287133336067
      vertex 70.20134619623423 9 29.141877435147762
    endloop
  endfacet
  facet normal 0 1 0
    outer loop
      vertex 66.0801882892847 9 36.06451043486595
      vertex 71.20150838792324 9 29.918610952794552
      vertex 70.95627315342426 9 29.722287133336067
    endloop
  endfacet
  facet normal 0 1 0
    outer loop
      vertex 66.0801882892847 9 36.06451043486595
      vertex 71.26821172982454 9 29.974813170731068
      vertex 71.20150838792324 9 29.918610952794552
    endloop
  endfacet
  facet normal 0 1 0
    outer loop
      vertex 66.0801882892847 9 36.06451043486595
      vertex 71.97476375102997 9 30.576749242842197
      vertex 71.26821172982454 9 29.974813170731068
    endloop
  endfacet
  facet normal 0 1 0
    outer loop
      vertex 66.78674031049013 9 36.66644650697708
      vertex 72.20984436571598 9 30.78512502461672
      vertex 71.97476375102997 9 30.576749242842197
    endloop
  endfacet
  facet normal 0 1 0
    outer loop
      vertex 66.78674031049013 9 36.66644650697708
      vertex 72.28911101818085 9 30.859216816723347
      vertex 72.20984436571598 9 30.78512502461672
    endloop
  endfacet
  facet normal 0 1 0
    outer loop
      vertex 67.44321525096893 9 37.288458839058876
      vertex 72.94558595865965 9 31.48122914880514
      vertex 72.28911101818085 9 30.859216816723347
    endloop
  endfacet
  facet normal 0 1 0
    outer loop
      vertex 67.44321525096893 9 37.288458839058876
      vertex 73.16933459788561 9 31.701728373765945
      vertex 72.94558595865965 9 31.48122914880514
    endloop
  endfacet
  facet normal 0 1 0
    outer loop
      vertex 67.44321525096893 9 37.288458839058876
      vertex 73.26016087085009 9 31.796360544860363
      vertex 73.16933459788561 9 31.701728373765945
    endloop
  endfacet
  facet normal 0.6633233328137175 0 -0.7483329179883124
    outer loop
      vertex 71.97476375102997 -9 30.576749242842197
      vertex 71.97476375102997 9 30.576749242842197
      vertex 72.20984436571598 9 30.78512502461672
    endloop
  endfacet
  facet normal 0.68285782892532 0 -0.7305512887370732
    outer loop
      vertex 72.20984436571598 -9 30.78512502461672
      vertex 72.20984436571598 9 30.78512502461672
      vertex 72.28911101818085 9 30.859216816723347
    endloop
  endfacet
  facet normal 0.6877963380047939 0 -0.7259037108509606
    outer loop
      vertex 72.28911101818085 -9 30.859216816723347
      vertex 72.28911101818085 9 30.859216816723347
      vertex 72.94558595865965 9 31.48122914880514
    endloop
  endfacet
  facet normal 0.7019159308644642 0 -0.7122598023184185
    outer loop
      vertex 72.94558595865965 -9 31.48122914880514
      vertex 72.94558595865965 9 31.48122914880514
      vertex 73.16933459788561 9 31.701728373765945
    endloop
  endfacet
  facet normal 0.721465820126203 0 -0.6924500490213177
    outer loop
      vertex 73.16933459788561 -9 31.701728373765945
      vertex 73.16933459788561 9 31.701728373765945
      vertex 73.26016087085009 9 31.796360544860363
    endloop
  endfacet
  facet normal 0.72711820224666 0 -0.6865122868249229
    outer loop
      vertex 73.26016087085009 -9 31.796360544860363
      vertex 73.26016087085009 9 31.796360544860363
      vertex 73.86497722566128 9 32.43695065379143
    endloop
  endfacet
  facet normal 0.7404568085627518 0 -0.6721039463156456
    outer loop
      vertex 73.86497722566128 -9 32.43695065379143
      vertex 73.86497722566128 9 32.43695065379143
      vertex 74.07611133903265 9 32.66955707222223
    endloop
  endfacet
  facet normal 0.7598449741429602 0 -0.6501043110683734
    outer loop
      vertex 74.07611133903265 -9 32.66955707222223
      vertex 74.07611133903265 9 32.66955707222223
      vertex 74.1769005432725 9 32.7873599678278
    endloop
  endfacet
  facet normal 0.7661086173407772 0 -0.6427111220728973
    outer loop
      vertex 74.1769005432725 -9 32.7873599678278
      vertex 74.1769005432725 9 32.7873599678278
      vertex 74.72860126197338 9 33.44498461484909
    endloop
  endfacet
  facet normal 0.7785797408173878 0 -0.6275456853399035
    outer loop
      vertex 74.72860126197338 -9 33.44498461484909
      vertex 74.72860126197338 9 33.44498461484909
      vertex 74.92573788762093 9 33.6895669400692
    endloop
  endfacet
  facet normal 0.7975806618708816 0 -0.6032123074089308
    outer loop
      vertex 74.92573788762093 -9 33.6895669400692
      vertex 74.92573788762093 9 33.6895669400692
      vertex 75.0342113301158 9 33.83299292623997
    endloop
  endfacet
  facet normal -0.5710172257391454 0 0.8209380779992909
    outer loop
      vertex 64.52377813309431 -9 34.92661567777395
      vertex 65.32526133209467 9 35.48410073667765
      vertex 64.52377813309431 9 34.92661567777395
    endloop
  endfacet
  facet normal -0.6095106082669645 0 0.7927779124130762
    outer loop
      vertex 65.32526133209467 -9 35.48410073667765
      vertex 66.0801882892847 9 36.06451043486595
      vertex 65.32526133209467 9 35.48410073667765
    endloop
  endfacet
  facet normal -0.6485029304896128 0 0.7612121577762564
    outer loop
      vertex 66.0801882892847 -9 36.06451043486595
      vertex 66.78674031049013 9 36.66644650697708
      vertex 66.0801882892847 9 36.06451043486595
    endloop
  endfacet
  facet normal -0.6877963380047939 0 0.7259037108509606
    outer loop
      vertex 66.78674031049013 -9 36.66644650697708
      vertex 67.44321525096893 9 37.288458839058876
      vertex 66.78674031049013 9 36.66644650697708
    endloop
  endfacet
  facet normal -0.72711820224666 0 0.6865122868249229
    outer loop
      vertex 67.44321525096893 -9 37.288458839058876
      vertex 68.04803160578012 9 37.92904894798994
      vertex 67.44321525096893 9 37.288458839058876
    endloop
  endfacet
  facet normal -0.7661086173407772 0 0.6427111220728973
    outer loop
      vertex 68.04803160578012 -9 37.92904894798994
      vertex 68.59973232448101 9 38.586673595011234
      vertex 68.04803160578012 9 37.92904894798994
    endloop
  endfacet
  facet normal -0.8043098757698293 0 0.5942100838416678
    outer loop
      vertex 68.59973232448101 -9 38.586673595011234
      vertex 69.09698831290007 9 39.25974851101637
      vertex 68.59973232448101 9 38.586673595011234
    endloop
  endfacet
  facet normal -0.8411604407245314 0 0.5407856441882607
    outer loop
      vertex 69.09698831290007 -9 39.25974851101637
      vertex 69.53860162943602 9 39.94665219634771
      vertex 69.09698831290007 9 39.25974851101637
    endloop
  endfacet
  facet normal -0.8759967280912206 0 0.4823170454933932
    outer loop
      vertex 69.53860162943602 -9 39.94665219634771
      vertex 69.92350839078426 9 40.64572983980179
      vertex 69.53860162943602 9 39.94665219634771
    endloop
  endfacet
  facet normal -0.908066352142262 0 0.41882633645348194
    outer loop
      vertex 69.92350839078426 -9 40.64572983980179
      vertex 70.25078132748604 9 41.355297304689884
      vertex 69.92350839078426 9 40.64572983980179
    endloop
  endfacet
  facet normal -0.936556057108706 0 0.3505178339157568
    outer loop
      vertex 70.25078132748604 -9 41.355297304689884
      vertex 70.51963201165199 9 42.073645167052746
      vertex 70.25078132748604 9 41.355297304689884
    endloop
  endfacet
  facet normal -0.9606359682328477 0 0.277810252757776
    outer loop
      vertex 70.51963201165199 -9 42.073645167052746
      vertex 70.72941274940968 9 42.799042880535126
      vertex 70.51963201165199 9 42.073645167052746
    endloop
  endfacet
  facet normal -0.9795186405291935 0 0.20135350221896028
    outer loop
      vertex 70.72941274940968 -9 42.799042880535126
      vertex 70.8796181678772 9 43.529742896556854
      vertex 70.72941274940968 9 42.799042880535126
    endloop
  endfacet
  facet normal -0.9925273918628404 0 0.12202203244474949
    outer loop
      vertex 70.8796181678772 -9 43.529742896556854
      vertex 70.96988640725613 9 44.26398488879204
      vertex 70.8796181678772 9 43.529742896556854
    endloop
  endfacet
  facet normal -0.9991640566376251 0 0.04088016540383309
    outer loop
      vertex 70.96988640725613 -9 44.26398488879204
      vertex 71 9 45
      vertex 70.96988640725613 9 44.26398488879204
    endloop
  endfacet
  facet normal 0 1 0
    outer loop
      vertex 65.32526133209467 9 35.48410073667765
      vertex 66.0801882892847 9 36.06451043486595
      vertex 70.95627315342426 9 29.722287133336067
    endloop
  endfacet
  facet normal 0 1 0
    outer loop
      vertex 66.0801882892847 9 36.06451043486595
      vertex 66.78674031049013 9 36.66644650697708
      vertex 71.97476375102997 9 30.576749242842197
    endloop
  endfacet
  facet normal 0 1 0
    outer loop
      vertex 66.78674031049013 9 36.66644650697708
      vertex 67.44321525096893 9 37.288458839058876
      vertex 72.28911101818085 9 30.859216816723347
    endloop
  endfacet
  facet normal 0 1 0
    outer loop
      vertex 67.44321525096893 9 37.288458839058876
      vertex 68.04803160578012 9 37.92904894798994
      vertex 73.26016087085009 9 31.796360544860363
    endloop
  endfacet
  facet normal 0 1 0
    outer loop
      vertex 68.04803160578012 9 37.92904894798994
      vertex 68.59973232448101 9 38.586673595011234
      vertex 74.72860126197338 9 33.44498461484909
    endloop
  endfacet
  facet normal 0 1 0
    outer loop
      vertex 68.59973232448101 9 38.586673595011234
      vertex 69.09698831290007 9 39.25974851101637
      vertex 75.0342113301158 9 33.83299292623997
    endloop
  endfacet
  facet normal 0 1 0
    outer loop
      vertex 69.09698831290007 9 39.25974851101637
      vertex 69.53860162943602 9 39.94665219634771
      vertex 75.82627183943987 9 34.93346335738897
    endloop
  endfacet
  facet normal 0.8043098757698293 0 -0.5942100838416678
    outer loop
      vertex 75.0342113301158 -9 33.83299292623997
      vertex 75.0342113301158 9 33.83299292623997
      vertex 75.53146731853485 9 34.5060678422451
    endloop
  endfacet
  facet normal 0.8158213724521338 0 -0.5783039756480296
    outer loop
      vertex 75.53146731853485 -9 34.5060678422451
      vertex 75.53146731853485 9 34.5060678422451
      vertex 75.71313519775867 9 34.76234921813011
    endloop
  endfacet
  facet normal 0.8341579591855376 0 -0.5515256105816113
    outer loop
      vertex 75.71313519775867 -9 34.76234921813011
      vertex 75.71313519775867 9 34.76234921813011
      vertex 75.82627183943987 9 34.93346335738897
    endloop
  endfacet
  facet normal 0.8411604407245314 0 -0.5407856441882607
    outer loop
      vertex 75.82627183943987 -9 34.93346335738897
      vertex 75.82627183943987 9 34.93346335738897
      vertex 76.26788515597582 9 35.62036704272032
    endloop
  endfacet
  facet normal 0.8516159213538491 0 -0.5241663118673638
    outer loop
      vertex 76.26788515597582 -9 35.62036704272032
      vertex 76.26788515597582 9 35.62036704272032
      vertex 76.43254628032446 9 35.88789288699627
    endloop
  endfacet
  facet normal 0.8689600101151065 0 -0.49488231007053995
    outer loop
      vertex 76.43254628032446 -9 35.88789288699627
      vertex 76.43254628032446 9 35.88789288699627
      vertex 76.54657545685768 9 36.0881158336997
    endloop
  endfacet
  facet normal 0.8759967280912206 0 -0.4823170454933932
    outer loop
      vertex 76.54657545685768 -9 36.0881158336997
      vertex 76.54657545685768 9 36.0881158336997
      vertex 76.93148221820593 9 36.78719347715378
    endloop
  endfacet
  facet normal 0.8852975389845418 0 -0.46502501810968583
    outer loop
      vertex 76.93148221820593 -9 36.78719347715378
      vertex 76.93148221820593 9 36.78719347715378
      vertex 77.07756474614143 9 37.06530002504587
    endloop
  endfacet
  facet normal 0.9012761679155831 0 -0.4332450451504341
    outer loop
      vertex 77.07756474614143 -9 37.06530002504587
      vertex 77.07756474614143 9 37.06530002504587
      vertex 77.18803920596838 9 37.295119151473045
    endloop
  endfacet
  facet normal 0.908066352142262 0 -0.41882633645348194
    outer loop
      vertex 77.18803920596838 -9 37.295119151473045
      vertex 77.18803920596838 9 37.295119151473045
      vertex 77.51531214267015 9 38.00468661636114
    endloop
  endfacet
  facet normal 0.9161144213484654 0 -0.4009169078467087
    outer loop
      vertex 77.51531214267015 -9 38.00468661636114
      vertex 77.51531214267015 9 38.00468661636114
      vertex 77.64125581085682 9 38.29247395694256
    endloop
  endfacet
  facet normal 0.930323175023731 0 -0.3667407667737041
    outer loop
      vertex 77.64125581085682 -9 38.29247395694256
      vertex 77.64125581085682 9 38.29247395694256
      vertex 77.74322978407145 9 38.551154635846615
    endloop
  endfacet
  facet normal 0.936556057108706 0 -0.3505178339157568
    outer loop
      vertex 77.74322978407145 -9 38.551154635846615
      vertex 77.74322978407145 9 38.551154635846615
      vertex 78.0120804682374 9 39.26950249820948
    endloop
  endfacet
  facet normal 0.9432574884649134 0 -0.3320622087122589
    outer loop
      vertex 78.0120804682374 -9 39.26950249820948
      vertex 78.0120804682374 9 39.26950249820948
      vertex 78.11639418452978 9 39.56581653654575
    endloop
  endfacet
  facet normal 0.955282101660959 0 -0.29569596927625036
    outer loop
      vertex 78.11639418452978 -9 39.56581653654575
      vertex 78.11639418452978 9 39.56581653654575
      vertex 78.20471975952387 9 39.851163141429424
    endloop
  endfacet
  facet normal 0.9606359682328477 0 -0.277810252757776
    outer loop
      vertex 78.20471975952387 -9 39.851163141429424
      vertex 78.20471975952387 9 39.851163141429424
      vertex 78.41450049728155 9 40.576560854911804
    endloop
  endfacet
  facet normal 0.9659052394248887 0 -0.25889586410668747
    outer loop
      vertex 78.41450049728155 -9 40.576560854911804
      vertex 78.41450049728155 9 40.576560854911804
      vertex 78.49582980573177 9 40.87998943775892
    endloop
  endfacet
  facet normal 0.9753247649252198 0 -0.22077500520567278
    outer loop
      vertex 78.49582980573177 -9 40.87998943775892
      vertex 78.49582980573177 9 40.87998943775892
      vertex 78.56518386304379 9 41.18637706339359
    endloop
  endfacet
  facet normal 0.9794946497347398 0 -0.201470174321212
    outer loop
      vertex 78.56518386304379 -9 41.18637706339359
      vertex 78.56518386304379 9 41.18637706339359
      vertex 78.56556187570095 9 41.18821486085653
    endloop
  endfacet
  facet normal 0.9795186405291935 0 -0.20135350221896028
    outer loop
      vertex 78.56556187570095 -9 41.18821486085653
      vertex 78.56556187570095 9 41.18821486085653
      vertex 78.71576729416847 9 41.91891487687826
    endloop
  endfacet
  facet normal 0.9832831449130723 0 -0.18208310446018305
    outer loop
      vertex 78.71576729416847 -9 41.91891487687826
      vertex 78.71576729416847 9 41.91891487687826
      vertex 78.77296671271324 9 42.22780253738165
    endloop
  endfacet
  facet normal 0.9896736147390286 0 -0.14333923499651008
    outer loop
      vertex 78.77296671271324 -9 42.22780253738165
      vertex 78.77296671271324 9 42.22780253738165
      vertex 78.81799516826868 9 42.53869769722223
    endloop
  endfacet
  facet normal 0.9924126914209764 0 -0.1229514127880352
    outer loop
      vertex 78.81799516826868 -9 42.53869769722223
      vertex 78.81799516826868 9 42.53869769722223
      vertex 78.81983730196953 9 42.553566634655
    endloop
  endfacet
  facet normal 0.9925273918628404 0 -0.12202203244474949
    outer loop
      vertex 78.81983730196953 -9 42.553566634655
      vertex 78.81983730196953 9 42.553566634655
      vertex 78.91010554134846 9 43.28780862689018
    endloop
  endfacet
  facet normal 0.994731816433356 0 -0.10251152801122516
    outer loop
      vertex 78.91010554134846 -9 43.28780862689018
      vertex 78.91010554134846 9 43.28780862689018
      vertex 78.94230841845274 9 43.60029276460409
    endloop
  endfacet
  facet normal 0.9979894969368516 0 -0.06337952353662707
    outer loop
      vertex 78.94230841845274 -9 43.60029276460409
      vertex 78.94230841845274 9 43.60029276460409
      vertex 78.96221840381622 9 43.91380026936531
    endloop
  endfacet
  facet normal 0.9991038218059372 0 -0.04232674394245402
    outer loop
      vertex 78.96221840381622 -9 43.91380026936531
      vertex 78.96221840381622 9 43.91380026936531
      vertex 78.96319886296988 9 43.93694356828928
    endloop
  endfacet
  facet normal 0.9991640566376251 0 -0.04088016540383309
    outer loop
      vertex 78.96319886296988 -9 43.93694356828928
      vertex 78.96319886296988 9 43.93694356828928
      vertex 78.99331245571375 9 44.67295867949724
    endloop
  endfacet
  facet normal 0.999774087105338 0 -0.021254993594166025
    outer loop
      vertex 78.99331245571375 -9 44.67295867949724
      vertex 78.99331245571375 9 44.67295867949724
      vertex 78.9999894797802 9 44.987026788294315
    endloop
  endfacet
  facet normal 0 1 0
    outer loop
      vertex 68.04803160578012 9 37.92904894798994
      vertex 73.86497722566128 9 32.43695065379143
      vertex 73.26016087085009 9 31.796360544860363
    endloop
  endfacet
  facet normal 0 1 0
    outer loop
      vertex 68.04803160578012 9 37.92904894798994
      vertex 74.07611133903265 9 32.66955707222223
      vertex 73.86497722566128 9 32.43695065379143
    endloop
  endfacet
  facet normal 0 1 0
    outer loop
      vertex 68.04803160578012 9 37.92904894798994
      vertex 74.1769005432725 9 32.7873599678278
      vertex 74.07611133903265 9 32.66955707222223
    endloop
  endfacet
  facet normal 0 1 0
    outer loop
      vertex 68.04803160578012 9 37.92904894798994
      vertex 74.72860126197338 9 33.44498461484909
      vertex 74.1769005432725 9 32.7873599678278
    endloop
  endfacet
  facet normal 0 1 0
    outer loop
      vertex 68.59973232448101 9 38.586673595011234
      vertex 74.92573788762093 9 33.6895669400692
      vertex 74.72860126197338 9 33.44498461484909
    endloop
  endfacet
  facet normal 0 1 0
    outer loop
      vertex 68.59973232448101 9 38.586673595011234
      vertex 75.0342113301158 9 33.83299292623997
      vertex 74.92573788762093 9 33.6895669400692
    endloop
  endfacet
  facet normal 0 1 0
    outer loop
      vertex 69.09698831290007 9 39.25974851101637
      vertex 75.53146731853485 9 34.5060678422451
      vertex 75.0342113301158 9 33.83299292623997
    endloop
  endfacet
  facet normal 0 1 0
    outer loop
      vertex 69.09698831290007 9 39.25974851101637
      vertex 75.71313519775867 9 34.76234921813011
      vertex 75.53146731853485 9 34.5060678422451
    endloop
  endfacet
  facet normal 0 1 0
    outer loop
      vertex 69.09698831290007 9 39.25974851101637
      vertex 75.82627183943987 9 34.93346335738897
      vertex 75.71313519775867 9 34.76234921813011
    endloop
  endfacet
  facet normal 0 1 0
    outer loop
      vertex 69.53860162943602 9 39.94665219634771
      vertex 69.92350839078426 9 40.64572983980179
      vertex 76.54657545685768 9 36.0881158336997
    endloop
  endfacet
  facet normal 0 1 0
    outer loop
      vertex 69.53860162943602 9 39.94665219634771
      vertex 76.26788515597582 9 35.62036704272032
      vertex 75.82627183943987 9 34.93346335738897
    endloop
  endfacet
  facet normal 0 1 0
    outer loop
      vertex 69.53860162943602 9 39.94665219634771
      vertex 76.43254628032446 9 35.88789288699627
      vertex 76.26788515597582 9 35.62036704272032
    endloop
  endfacet
  facet normal 0 1 0
    outer loop
      vertex 69.53860162943602 9 39.94665219634771
      vertex 76.54657545685768 9 36.0881158336997
      vertex 76.43254628032446 9 35.88789288699627
    endloop
  endfacet
  facet normal 0 1 0
    outer loop
      vertex 69.92350839078426 9 40.64572983980179
      vertex 76.93148221820593 9 36.78719347715378
      vertex 76.54657545685768 9 36.0881158336997
    endloop
  endfacet
  facet normal 0 1 0
    outer loop
      vertex 69.92350839078426 9 40.64572983980179
      vertex 77.07756474614143 9 37.06530002504587
      vertex 76.93148221820593 9 36.78719347715378
    endloop
  endfacet
  facet normal 0 1 0
    outer loop
      vertex 69.92350839078426 9 40.64572983980179
      vertex 77.18803920596838 9 37.295119151473045
      vertex 77.07756474614143 9 37.06530002504587
    endloop
  endfacet
  facet normal 0 1 0
    outer loop
      vertex 70.25078132748604 9 41.355297304689884
      vertex 77.51531214267015 9 38.00468661636114
      vertex 77.18803920596838 9 37.295119151473045
    endloop
  endfacet
  facet normal 0 1 0
    outer loop
      vertex 70.25078132748604 9 41.355297304689884
      vertex 77.64125581085682 9 38.29247395694256
      vertex 77.51531214267015 9 38.00468661636114
    endloop
  endfacet
  facet normal 0 1 0
    outer loop
      vertex 69.92350839078426 9 40.64572983980179
      vertex 70.25078132748604 9 41.355297304689884
      vertex 77.18803920596838 9 37.295119151473045
    endloop
  endfacet
  facet normal 0 1 0
    outer loop
      vertex 70.25078132748604 9 41.355297304689884
      vertex 70.51963201165199 9 42.073645167052746
      vertex 77.74322978407145 9 38.551154635846615
    endloop
  endfacet
  facet normal 0 1 0
    outer loop
      vertex 70.51963201165199 9 42.073645167052746
      vertex 70.72941274940968 9 42.799042880535126
      vertex 78.41450049728155 9 40.576560854911804
    endloop
  endfacet
  facet normal 0 1 0
    outer loop
      vertex 70.25078132748604 9 41.355297304689884
      vertex 77.74322978407145 9 38.551154635846615
      vertex 77.64125581085682 9 38.29247395694256
    endloop
  endfacet
  facet normal 0 1 0
    outer loop
      vertex 70.72941274940968 9 42.799042880535126
      vertex 70.8796181678772 9 43.529742896556854
      vertex 78.71576729416847 9 41.91891487687826
    endloop
  endfacet
  facet normal 0 1 0
    outer loop
      vertex 70.8796181678772 9 43.529742896556854
      vertex 70.96988640725613 9 44.26398488879204
      vertex 78.91010554134846 9 43.28780862689018
    endloop
  endfacet
  facet normal 0 1 0
    outer loop
      vertex 70.96988640725613 9 44.26398488879204
      vertex 71 9 45
      vertex 78.96319886296988 9 43.93694356828928
    endloop
  endfacet
  facet normal 0 1 0
    outer loop
      vertex 70.51963201165199 9 42.073645167052746
      vertex 78.0120804682374 9 39.26950249820948
      vertex 77.74322978407145 9 38.551154635846615
    endloop
  endfacet
  facet normal 0 1 0
    outer loop
      vertex 70.51963201165199 9 42.073645167052746
      vertex 78.11639418452978 9 39.56581653654575
      vertex 78.0120804682374 9 39.26950249820948
    endloop
  endfacet
  facet normal 0 1 0
    outer loop
      vertex 70.51963201165199 9 42.073645167052746
      vertex 78.20471975952387 9 39.851163141429424
      vertex 78.11639418452978 9 39.56581653654575
    endloop
  endfacet
  facet normal 0 1 0
    outer loop
      vertex 70.51963201165199 9 42.073645167052746
      vertex 78.41450049728155 9 40.576560854911804
      vertex 78.20471975952387 9 39.851163141429424
    endloop
  endfacet
  facet normal 0 1 0
    outer loop
      vertex 70.72941274940968 9 42.799042880535126
      vertex 78.49582980573177 9 40.87998943775892
      vertex 78.41450049728155 9 40.576560854911804
    endloop
  endfacet
  facet normal 0 1 0
    outer loop
      vertex 70.72941274940968 9 42.799042880535126
      vertex 78.56518386304379 9 41.18637706339359
      vertex 78.49582980573177 9 40.87998943775892
    endloop
  endfacet
  facet normal 0 1 0
    outer loop
      vertex 70.72941274940968 9 42.799042880535126
      vertex 78.56556187570095 9 41.18821486085653
      vertex 78.56518386304379 9 41.18637706339359
    endloop
  endfacet
  facet normal 0 1 0
    outer loop
      vertex 70.72941274940968 9 42.799042880535126
      vertex 78.71576729416847 9 41.91891487687826
      vertex 78.56556187570095 9 41.18821486085653
    endloop
  endfacet
  facet normal 0 1 0
    outer loop
      vertex 70.8796181678772 9 43.529742896556854
      vertex 78.77296671271324 9 42.22780253738165
      vertex 78.71576729416847 9 41.91891487687826
    endloop
  endfacet
  facet normal 0 1 0
    outer loop
      vertex 70.8796181678772 9 43.529742896556854
      vertex 78.81799516826868 9 42.53869769722223
      vertex 78.77296671271324 9 42.22780253738165
    endloop
  endfacet
  facet normal 0 1 0
    outer loop
      vertex 70.8796181678772 9 43.529742896556854
      vertex 78.81983730196953 9 42.553566634655
      vertex 78.81799516826868 9 42.53869769722223
    endloop
  endfacet
  facet normal 0 1 0
    outer loop
      vertex 70.8796181678772 9 43.529742896556854
      vertex 78.91010554134846 9 43.28780862689018
      vertex 78.81983730196953 9 42.553566634655
    endloop
  endfacet
  facet normal 0 1 0
    outer loop
      vertex 70.96988640725613 9 44.26398488879204
      vertex 78.94230841845274 9 43.60029276460409
      vertex 78.91010554134846 9 43.28780862689018
    endloop
  endfacet
  facet normal 0 1 0
    outer loop
      vertex 70.96988640725613 9 44.26398488879204
      vertex 78.96221840381622 9 43.91380026936531
      vertex 78.94230841845274 9 43.60029276460409
    endloop
  endfacet
  facet normal 0 1 0
    outer loop
      vertex 70.96988640725613 9 44.26398488879204
      vertex 78.96319886296988 9 43.93694356828928
      vertex 78.96221840381622 9 43.91380026936531
    endloop
  endfacet
  facet normal 0 1 0
    outer loop
      vertex 78.96319886296988 9 43.93694356828928
      vertex 71 9 45
      vertex 78.99331245571375 9 44.67295867949724
    endloop
  endfacet
  facet normal 0 1 0
    outer loop
      vertex 78.99331245571375 9 44.67295867949724
      vertex 71 9 45
      vertex 78.9999894797802 9 44.987026788294315
    endloop
  endfacet
  facet normal 0 1 0
    outer loop
      vertex 39.0783586204052 9 64.01134398579597
      vertex 46 9 60
      vertex 38.96891565277052 9 26.18666192556686
    endloop
  endfacet
  facet normal 0 1 0
    outer loop
      vertex 39.0783586204052 9 64.01134398579597
      vertex 38.96891565277052 9 26.18666192556686
      vertex 38.96891565277052 9 63.81365031853011
    endloop
  endfacet
  facet normal 1 0 0
    outer loop
      vertex 46 -9 60
      vertex 46 9 30
      vertex 46 9 60
    endloop
  endfacet
  facet normal -0.7376444132186135 0 0.6751893953901877
    outer loop
      vertex 40.206033781170845 -9 65.51633532345295
      vertex 39.99393040686846 9 65.28461238741875
      vertex 39.99393040686846 0.30908211340604447 65.28461238741875
    endloop
  endfacet
  facet normal -0.7635835498153122 5.104190321011925e-16 0.645709038539377
    outer loop
      vertex 39.99393040686846 9 65.28461238741875
      vertex 39.876693349325116 3.1383638291137976 65.14597364577848
      vertex 39.96916144962891 1.5703926303627445 65.25532184451885
    endloop
  endfacet
  facet normal -0.7376444132186135 0 0.6751893953901877
    outer loop
      vertex 40.206033781170845 -9 65.51633532345295
      vertex 40.206033781170845 9 65.51633532345295
      vertex 39.99393040686846 9 65.28461238741875
    endloop
  endfacet
  facet normal -0.7105679193767489 0 0.7036286179175758
    outer loop
      vertex 40.427071027457714 -9 65.73955247551203
      vertex 40.427071027457714 9 65.73955247551203
      vertex 40.206033781170845 9 65.51633532345295
    endloop
  endfacet
  facet normal -0.6823957721909346 0 0.7309829068425185
    outer loop
      vertex 40.65670132637024 -9 65.95391965657473
      vertex 40.65670132637024 9 65.95391965657473
      vertex 40.427071027457714 9 65.73955247551203
    endloop
  endfacet
  facet normal -0.6531714103599203 0 0.75721008226808
    outer loop
      vertex 40.89457060396671 -9 66.15910632163286
      vertex 40.89457060396671 9 66.15910632163286
      vertex 40.65670132637024 9 65.95391965657473
    endloop
  endfacet
  facet normal -0.7635835498152483 0 0.6457090385394525
    outer loop
      vertex 39.99393040686846 9 65.28461238741875
      vertex 39.96916144962891 1.5703926303627445 65.25532184451885
      vertex 39.99393040686846 0.30908211340604447 65.28461238741875
    endloop
  endfacet
  facet normal -0.6229399076155445 0 0.7822696923056248
    outer loop
      vertex 41.14031208306551 -9 66.35479608923197
      vertex 41.14031208306551 9 66.35479608923197
      vertex 40.89457060396671 9 66.15910632163286
    endloop
  endfacet
  facet normal -0.5917478861409307 0 0.8061230918710492
    outer loop
      vertex 41.39354684948921 -9 66.54068722575903
      vertex 41.39354684948921 9 66.54068722575903
      vertex 41.14031208306551 9 66.35479608923197
    endloop
  endfacet
  facet normal -0.559643416183661 0 0.8287335197289185
    outer loop
      vertex 41.653884433209896 -9 66.71649309247732
      vertex 41.653884433209896 9 66.71649309247732
      vertex 41.39354684948921 9 66.54068722575903
    endloop
  endfacet
  facet normal -0.8118914086150664 -2.2100297590435643e-16 0.5838084793980328
    outer loop
      vertex 39.597819209098816 9 64.79709089547396
      vertex 39.414422154426575 6.778785563603781 64.54204408079386
      vertex 39.507533623805514 6.2573786016092345 64.67153243990477
    endloop
  endfacet
  facet normal -0.7635835498153146 6.271517559178203e-16 0.6457090385393742
    outer loop
      vertex 39.99393040686846 9 65.28461238741875
      vertex 39.791087962687016 4.0075299057475675 65.04474095255136
      vertex 39.876693349325116 3.1383638291137976 65.14597364577848
    endloop
  endfacet
  facet normal -0.7883452663707525 0 0.6152330785895923
    outer loop
      vertex 39.791087962687016 9 65.04474095255136
      vertex 39.72273827819705 4.701495898313506 64.9571592666818
      vertex 39.791087962687016 4.0075299057475675 65.04474095255136
    endloop
  endfacet
  facet normal -0.7883452663707234 -1.2193290205160886e-15 0.6152330785896296
    outer loop
      vertex 39.791087962687016 9 65.04474095255136
      vertex 39.597819209098816 5.60463351618368 64.79709089547396
      vertex 39.72273827819705 4.701495898313506 64.9571592666818
    endloop
  endfacet
  facet normal -0.8118914086150687 0 0.5838084793980297
    outer loop
      vertex 39.597819209098816 9 64.79709089547396
      vertex 39.507533623805514 6.2573786016092345 64.67153243990477
      vertex 39.597819209098816 5.60463351618368 64.79709089547396
    endloop
  endfacet
  facet normal -0.7635835498153082 0 0.6457090385393817
    outer loop
      vertex 39.791087962687016 9 65.04474095255136
      vertex 39.791087962687016 4.0075299057475675 65.04474095255136
      vertex 39.99393040686846 9 65.28461238741875
    endloop
  endfacet
  facet normal -0.8341856883202688 0 0.5514836692066588
    outer loop
      vertex 39.414422154426575 9 64.54204408079386
      vertex 39.24117957800627 7.748911865572026 64.27999375015497
      vertex 39.414422154426575 6.778785563603781 64.54204408079386
    endloop
  endfacet
  facet normal -0.8551937133862134 0 0.5183085110093206
    outer loop
      vertex 39.24117957800627 9 64.27999375015497
      vertex 39.23141121612922 7.8036128806451295 64.26387624197231
      vertex 39.24117957800627 7.748911865572026 64.27999375015497
    endloop
  endfacet
  facet normal -0.8551937133861426 -2.1516514551880774e-15 0.5183085110094374
    outer loop
      vertex 39.24117957800627 9 64.27999375015497
      vertex 39.0783586204052 8.501187162530524 64.01134398579597
      vertex 39.23141121612922 7.8036128806451295 64.26387624197231
    endloop
  endfacet
  facet normal -0.8118914086150674 0 0.5838084793980315
    outer loop
      vertex 39.414422154426575 9 64.54204408079386
      vertex 39.414422154426575 6.778785563603781 64.54204408079386
      vertex 39.597819209098816 9 64.79709089547396
    endloop
  endfacet
  facet normal -0.8341856883202688 0 0.5514836692066588
    outer loop
      vertex 39.24117957800627 9 64.27999375015497
      vertex 39.24117957800627 7.748911865572026 64.27999375015497
      vertex 39.414422154426575 9 64.54204408079386
    endloop
  endfacet
  facet normal -0.8748830784868513 0 0.48433418109541865
    outer loop
      vertex 39.0783586204052 9 64.01134398579597
      vertex 38.96891565277052 9 63.81365031853011
      vertex 39.0783586204052 8.501187162530524 64.01134398579597
    endloop
  endfacet
  facet normal -0.8551937133861445 0 0.5183085110094345
    outer loop
      vertex 39.0783586204052 9 64.01134398579597
      vertex 39.0783586204052 8.501187162530524 64.01134398579597
      vertex 39.24117957800627 9 64.27999375015497
    endloop
  endfacet
  facet normal 0 1 0
    outer loop
      vertex 39.0783586204052 9 64.01134398579597
      vertex 39.24117957800627 9 64.27999375015497
      vertex 46 9 60
    endloop
  endfacet
  facet normal 0 1 0
    outer loop
      vertex 39.24117957800627 9 64.27999375015497
      vertex 39.414422154426575 9 64.54204408079386
      vertex 46 9 60
    endloop
  endfacet
  facet normal 0 1 0
    outer loop
      vertex 39.414422154426575 9 64.54204408079386
      vertex 39.597819209098816 9 64.79709089547396
      vertex 46 9 60
    endloop
  endfacet
  facet normal 0 1 0
    outer loop
      vertex 39.597819209098816 9 64.79709089547396
      vertex 39.791087962687016 9 65.04474095255136
      vertex 46 9 60
    endloop
  endfacet
  facet normal -0.7883452663707315 0 0.615233078589619
    outer loop
      vertex 39.597819209098816 9 64.79709089547396
      vertex 39.597819209098816 5.60463351618368 64.79709089547396
      vertex 39.791087962687016 9 65.04474095255136
    endloop
  endfacet
  facet normal -0.014727575977806162 0 -0.9998915433714888
    outer loop
      vertex 47.226691856980324 -9 59.98193184286356
      vertex 46 9 60
      vertex 47.226691856980324 9 59.98193184286356
    endloop
  endfacet
  facet normal -0.04421537660950614 0 -0.9990220220151703
    outer loop
      vertex 48.4504285082221 -9 59.927770897746086
      vertex 47.226691856980324 9 59.98193184286356
      vertex 48.4504285082221 9 59.927770897746086
    endloop
  endfacet
  facet normal -0.5266760292041268 0 0.8500660917021534
    outer loop
      vertex 41.92092341184616 -9 66.88194261491299
      vertex 41.92092341184616 9 66.88194261491299
      vertex 41.653884433209896 9 66.71649309247732
    endloop
  endfacet
  facet normal -0.4928965563122372 0 0.8700879178425233
    outer loop
      vertex 42.19425202906132 -9 67.03678068518639
      vertex 42.19425202906132 9 67.03678068518639
      vertex 41.92092341184616 9 66.88194261491299
    endloop
  endfacet
  facet normal -0.45835703823988266 0 0.888768150585946
    outer loop
      vertex 42.47344883531332 -9 67.18076854199171
      vertex 42.47344883531332 9 67.18076854199171
      vertex 42.19425202906132 9 67.03678068518639
    endloop
  endfacet
  facet normal -0.4231108027347968 0 0.9060779484178587
    outer loop
      vertex 42.7580833286047 -9 67.31368418037891
      vertex 42.7580833286047 9 67.31368418037891
      vertex 42.47344883531332 9 67.18076854199171
    endloop
  endfacet
  facet normal -0.3872121486170258 0 0.9219906463535226
    outer loop
      vertex 43.04771662503481 -9 67.43532264977694
      vertex 43.04771662503481 9 67.43532264977694
      vertex 42.7580833286047 9 67.31368418037891
    endloop
  endfacet
  facet normal 0 1 0
    outer loop
      vertex 39.791087962687016 9 65.04474095255136
      vertex 39.99393040686846 9 65.28461238741875
      vertex 46 9 60
    endloop
  endfacet
  facet normal 0 1 0
    outer loop
      vertex 39.99393040686846 9 65.28461238741875
      vertex 40.206033781170845 9 65.51633532345295
      vertex 46 9 60
    endloop
  endfacet
  facet normal 0 1 0
    outer loop
      vertex 40.206033781170845 9 65.51633532345295
      vertex 40.427071027457714 9 65.73955247551203
      vertex 46 9 60
    endloop
  endfacet
  facet normal 0 1 0
    outer loop
      vertex 40.427071027457714 9 65.73955247551203
      vertex 40.65670132637024 9 65.95391965657473
      vertex 46 9 60
    endloop
  endfacet
  facet normal 0 1 0
    outer loop
      vertex 40.65670132637024 9 65.95391965657473
      vertex 40.89457060396671 9 66.15910632163286
      vertex 46 9 60
    endloop
  endfacet
  facet normal 0 1 0
    outer loop
      vertex 40.89457060396671 9 66.15910632163286
      vertex 41.14031208306551 9 66.35479608923197
      vertex 46 9 60
    endloop
  endfacet
  facet normal 0 1 0
    outer loop
      vertex 41.14031208306551 9 66.35479608923197
      vertex 41.39354684948921 9 66.54068722575903
      vertex 46 9 60
    endloop
  endfacet
  facet normal 0 1 0
    outer loop
      vertex 41.39354684948921 9 66.54068722575903
      vertex 41.653884433209896 9 66.71649309247732
      vertex 46 9 60
    endloop
  endfacet
  facet normal 0 1 0
    outer loop
      vertex 41.653884433209896 9 66.71649309247732
      vertex 41.92092341184616 9 66.88194261491299
      vertex 46 9 60
    endloop
  endfacet
  facet normal 0 1 0
    outer loop
      vertex 41.92092341184616 9 66.88194261491299
      vertex 42.19425202906132 9 67.03678068518639
      vertex 46 9 60
    endloop
  endfacet
  facet normal 0 1 0
    outer loop
      vertex 42.19425202906132 9 67.03678068518639
      vertex 42.47344883531332 9 67.18076854199171
      vertex 46 9 60
    endloop
  endfacet
  facet normal 0 1 0
    outer loop
      vertex 42.47344883531332 9 67.18076854199171
      vertex 42.7580833286047 9 67.31368418037891
      vertex 46 9 60
    endloop
  endfacet
  facet normal 0 1 0
    outer loop
      vertex 42.7580833286047 9 67.31368418037891
      vertex 43.04771662503481 9 67.43532264977694
      vertex 46 9 60
    endloop
  endfacet
  facet normal 0 1 0
    outer loop
      vertex 43.04771662503481 9 67.43532264977694
      vertex 43.34190212935209 9 67.54549638181925
      vertex 46 9 60
    endloop
  endfacet
  facet normal 0 1 0
    outer loop
      vertex 46 9 60
      vertex 43.34190212935209 9 67.54549638181925
      vertex 43.640186220407486 9 67.64403551071882
    endloop
  endfacet
  facet normal 0 1 0
    outer loop
      vertex 46 9 60
      vertex 43.640186220407486 9 67.64403551071882
      vertex 43.94210898131132 9 67.73078809678555
    endloop
  endfacet
  facet normal 0 1 0
    outer loop
      vertex 46 9 60
      vertex 43.94210898131132 9 67.73078809678555
      vertex 44.24720485508442 9 67.80562035739422
    endloop
  endfacet
  facet normal 0 1 0
    outer loop
      vertex 46 9 60
      vertex 44.24720485508442 9 67.80562035739422
      vertex 44.55500341206789 9 67.8684169203043
    endloop
  endfacet
  facet normal 0 1 0
    outer loop
      vertex 46 9 60
      vertex 44.55500341206789 9 67.8684169203043
      vertex 44.86503005027771 9 67.91908095777035
    endloop
  endfacet
  facet normal 0 1 0
    outer loop
      vertex 46 9 60
      vertex 44.86503005027771 9 67.91908095777035
      vertex 45.1768067330122 9 67.95753434300423
    endloop
  endfacet
  facet normal 0 1 0
    outer loop
      vertex 46 9 60
      vertex 47.34451246261597 9 67.98106419295073
      vertex 47.226691856980324 9 59.98193184286356
    endloop
  endfacet
  facet normal 0 1 0
    outer loop
      vertex 47.226691856980324 9 59.98193184286356
      vertex 48.80415152013302 9 67.91994707286358
      vertex 48.4504285082221 9 59.927770897746086
    endloop
  endfacet
  facet normal 0 1 0
    outer loop
      vertex 48.4504285082221 9 59.927770897746086
      vertex 49.040837585926056 9 67.90595471858978
      vertex 49.668261863291264 9 59.83764764666557
    endloop
  endfacet
  facet normal 0 1 0
    outer loop
      vertex 46 9 60
      vertex 45.1768067330122 9 67.95753434300423
      vertex 45.48985271900892 9 67.98371779173613
    endloop
  endfacet
  facet normal 0 1 0
    outer loop
      vertex 46 9 60
      vertex 45.48985271900892 9 67.98371779173613
      vertex 45.80368530750275 9 67.99759092181921
    endloop
  endfacet
  facet normal 0 1 0
    outer loop
      vertex 46 9 60
      vertex 45.80368530750275 9 67.99759092181921
      vertex 46.11782060563564 9 67.99913235008717
    endloop
  endfacet
  facet normal 0 1 0
    outer loop
      vertex 46 9 60
      vertex 46.11782060563564 9 67.99913235008717
      vertex 47.34451246261597 9 67.98106419295073
    endloop
  endfacet
  facet normal 0 1 0
    outer loop
      vertex 47.226691856980324 9 59.98193184286356
      vertex 47.34451246261597 9 67.98106419295073
      vertex 47.58041486889124 9 67.97410801798105
    endloop
  endfacet
  facet normal 0 1 0
    outer loop
      vertex 47.226691856980324 9 59.98193184286356
      vertex 47.58041486889124 9 67.97410801798105
      vertex 48.80415152013302 9 67.91994707286358
    endloop
  endfacet
  facet normal 0 1 0
    outer loop
      vertex 48.4504285082221 9 59.927770897746086
      vertex 48.80415152013302 9 67.91994707286358
      vertex 49.040837585926056 9 67.90595471858978
    endloop
  endfacet
  facet normal -0.35071641423210603 0 0.9364817119347147
    outer loop
      vertex 43.34190212935209 -9 67.54549638181925
      vertex 43.34190212935209 9 67.54549638181925
      vertex 43.04771662503481 9 67.43532264977694
    endloop
  endfacet
  facet normal -0.31367994787125136 0 0.949528772762305
    outer loop
      vertex 43.640186220407486 -9 67.64403551071882
      vertex 43.640186220407486 9 67.64403551071882
      vertex 43.34190212935209 9 67.54549638181925
    endloop
  endfacet
  facet normal -0.2761597973697059 0 0.9611117345640532
    outer loop
      vertex 43.94210898131132 -9 67.73078809678555
      vertex 43.94210898131132 9 67.73078809678555
      vertex 43.640186220407486 9 67.64403551071882
    endloop
  endfacet
  facet normal -0.23821379189252725 0 0.9712127415516044
    outer loop
      vertex 44.24720485508442 -9 67.80562035739422
      vertex 44.24720485508442 9 67.80562035739422
      vertex 43.94210898131132 9 67.73078809678555
    endloop
  endfacet
  facet normal -0.19990051354195698 0 0.9798161994403143
    outer loop
      vertex 44.55500341206789 -9 67.8684169203043
      vertex 44.55500341206789 9 67.8684169203043
      vertex 44.24720485508442 9 67.80562035739422
    endloop
  endfacet
  facet normal -0.16127900289305272 0 0.9869088525420281
    outer loop
      vertex 44.86503005027771 -9 67.91908095777035
      vertex 44.86503005027771 9 67.91908095777035
      vertex 44.55500341206789 9 67.8684169203043
    endloop
  endfacet
  facet normal -0.12240879106762492 0 0.9924797669823615
    outer loop
      vertex 45.1768067330122 -9 67.95753434300423
      vertex 45.1768067330122 9 67.95753434300423
      vertex 44.86503005027771 9 67.91908095777035
    endloop
  endfacet
  facet normal -0.08334986093425632 0 0.9965203463463453
    outer loop
      vertex 45.48985271900892 -9 67.98371779173613
      vertex 45.48985271900892 9 67.98371779173613
      vertex 45.1768067330122 9 67.95753434300423
    endloop
  endfacet
  facet normal -0.04416238304834426 0 0.9990243660309249
    outer loop
      vertex 45.80368530750275 -9 67.99759092181921
      vertex 45.80368530750275 9 67.99759092181921
      vertex 45.48985271900892 9 67.98371779173613
    endloop
  endfacet
  facet normal -0.0049068338404098895 0 0.9999879614183677
    outer loop
      vertex 46.11782060563564 -9 67.99913235008717
      vertex 46.11782060563564 9 67.99913235008717
      vertex 45.80368530750275 9 67.99759092181921
    endloop
  endfacet
  facet normal 0.014727575977806162 0 0.9998915433714888
    outer loop
      vertex 47.34451246261597 -9 67.98106419295073
      vertex 47.34451246261597 9 67.98106419295073
      vertex 46.11782060563564 9 67.99913235008717
    endloop
  endfacet
  facet normal 0.02947470018112144 0 0.9995655266410666
    outer loop
      vertex 47.58041486889124 -9 67.97410801798105
      vertex 47.58041486889124 9 67.97410801798105
      vertex 47.34451246261597 9 67.98106419295073
    endloop
  endfacet
  facet normal 0.04421537660950614 0 0.9990220220151703
    outer loop
      vertex 48.80415152013302 -9 67.91994707286358
      vertex 48.80415152013302 9 67.91994707286358
      vertex 47.58041486889124 9 67.97410801798105
    endloop
  endfacet
  facet normal 0.059014742208973764 0 0.9982571112704425
    outer loop
      vertex 49.040837585926056 -9 67.90595471858978
      vertex 49.040837585926056 9 67.90595471858978
      vertex 48.80415152013302 9 67.91994707286358
    endloop
  endfacet
  facet normal -0.49602040049501467 0 -0.8683108673123728
    outer loop
      vertex 63.677669532597065 -9 55.60660171508789
      vertex 62.78897386789322 9 56.11426687985659
      vertex 63.677669532597065 9 55.60660171508789
    endloop
  endfacet
  facet normal -0.07380113429700266 0 -0.9972729779636444
    outer loop
      vertex 49.668261863291264 -9 59.83764764666557
      vertex 48.4504285082221 9 59.927770897746086
      vertex 49.668261863291264 9 59.83764764666557
    endloop
  endfacet
  facet normal -0.10355020249057402 0 -0.9946242283215109
    outer loop
      vertex 50.87725804746151 -9 59.711779206991196
      vertex 49.668261863291264 9 59.83764764666557
      vertex 50.87725804746151 9 59.711779206991196
    endloop
  endfacet
  facet normal -0.13352796739530168 0 -0.9910450453552954
    outer loop
      vertex 52.07450449466705 -9 59.55046879500151
      vertex 50.87725804746151 9 59.711779206991196
      vertex 52.07450449466705 9 59.55046879500151
    endloop
  endfacet
  facet normal -0.16379972972513204 0 -0.9864936130264471
    outer loop
      vertex 53.25711692869663 -9 59.35410503298044
      vertex 52.07450449466705 9 59.55046879500151
      vertex 53.25711692869663 9 59.35410503298044
    endloop
  endfacet
  facet normal -0.22548503987983054 0 -0.9742466303715868
    outer loop
      vertex 55.567085810005665 -9 58.85819298774004
      vertex 54.42224633693695 9 59.12316098064184
      vertex 55.567085810005665 9 58.85819298774004
    endloop
  endfacet
  facet normal -0.25702654919317836 0 -0.9664043424001398
    outer loop
      vertex 56.68887733668089 -9 58.55983939766884
      vertex 55.567085810005665 9 58.85819298774004
      vertex 56.68887733668089 9 58.55983939766884
    endloop
  endfacet
  facet normal -0.19443057523429644 0 -0.9809162815521315
    outer loop
      vertex 54.42224633693695 -9 59.12316098064184
      vertex 53.25711692869663 9 59.35410503298044
      vertex 54.42224633693695 9 59.12316098064184
    endloop
  endfacet
  facet normal 0.14868128480484014 0 0.988885168029525
    outer loop
      vertex 53.38490233570337 -9 67.44241769611835
      vertex 53.38490233570337 9 67.44241769611835
      vertex 53.142728231847286 9 67.47882916033268
    endloop
  endfacet
  facet normal 0.16379972972513204 0 0.9864936130264471
    outer loop
      vertex 54.56751476973295 -9 67.24605393409729
      vertex 54.56751476973295 9 67.24605393409729
      vertex 53.38490233570337 9 67.44241769611835
    endloop
  endfacet
  facet normal 0.17913686255906852 0 0.9838241633912502
    outer loop
      vertex 54.81256152689457 -9 67.20143528282642
      vertex 54.81256152689457 9 67.20143528282642
      vertex 54.56751476973295 9 67.24605393409729
    endloop
  endfacet
  facet normal 0.19443057523429644 0 0.9809162815521315
    outer loop
      vertex 55.97769093513489 -9 66.97049123048782
      vertex 55.97769093513489 9 66.97049123048782
      vertex 54.81256152689457 9 67.20143528282642
    endloop
  endfacet
  facet normal 0.20998427510253453 0 0.9777047633154209
    outer loop
      vertex 56.22612665593624 -9 66.91713402420282
      vertex 56.22612665593624 9 66.91713402420282
      vertex 55.97769093513489 9 66.97049123048782
    endloop
  endfacet
  facet normal 0 1 0
    outer loop
      vertex 53.25711692869663 9 59.35410503298044
      vertex 55.97769093513489 9 66.97049123048782
      vertex 54.42224633693695 9 59.12316098064184
    endloop
  endfacet
  facet normal 0 1 0
    outer loop
      vertex 54.42224633693695 9 59.12316098064184
      vertex 57.370966129004955 9 66.65216603130102
      vertex 55.567085810005665 9 58.85819298774004
    endloop
  endfacet
  facet normal 0 1 0
    outer loop
      vertex 55.567085810005665 9 58.85819298774004
      vertex 57.623298205435276 9 66.58942772448063
      vertex 56.68887733668089 9 58.55983939766884
    endloop
  endfacet
  facet normal 0 1 0
    outer loop
      vertex 49.668261863291264 9 59.83764764666557
      vertex 51.70565966516733 9 67.66877303272486
      vertex 50.87725804746151 9 59.711779206991196
    endloop
  endfacet
  facet normal 0 1 0
    outer loop
      vertex 50.87725804746151 9 59.711779206991196
      vertex 53.142728231847286 9 67.47882916033268
      vertex 52.07450449466705 9 59.55046879500151
    endloop
  endfacet
  facet normal 0 1 0
    outer loop
      vertex 53.25711692869663 9 59.35410503298044
      vertex 52.07450449466705 9 59.55046879500151
      vertex 53.38490233570337 9 67.44241769611835
    endloop
  endfacet
  facet normal 0 1 0
    outer loop
      vertex 49.668261863291264 9 59.83764764666557
      vertex 49.040837585926056 9 67.90595471858978
      vertex 50.258670940995216 9 67.81583146750927
    endloop
  endfacet
  facet normal 0 1 0
    outer loop
      vertex 49.668261863291264 9 59.83764764666557
      vertex 50.258670940995216 9 67.81583146750927
      vertex 50.496663480997086 9 67.79464147239923
    endloop
  endfacet
  facet normal 0 1 0
    outer loop
      vertex 49.668261863291264 9 59.83764764666557
      vertex 50.496663480997086 9 67.79464147239923
      vertex 51.70565966516733 9 67.66877303272486
    endloop
  endfacet
  facet normal 0 1 0
    outer loop
      vertex 50.87725804746151 9 59.711779206991196
      vertex 51.70565966516733 9 67.66877303272486
      vertex 51.94548178464174 9 67.64013957232237
    endloop
  endfacet
  facet normal 0 1 0
    outer loop
      vertex 50.87725804746151 9 59.711779206991196
      vertex 51.94548178464174 9 67.64013957232237
      vertex 53.142728231847286 9 67.47882916033268
    endloop
  endfacet
  facet normal 0 1 0
    outer loop
      vertex 52.07450449466705 9 59.55046879500151
      vertex 53.142728231847286 9 67.47882916033268
      vertex 53.38490233570337 9 67.44241769611835
    endloop
  endfacet
  facet normal 0 1 0
    outer loop
      vertex 53.25711692869663 9 59.35410503298044
      vertex 53.38490233570337 9 67.44241769611835
      vertex 54.56751476973295 9 67.24605393409729
    endloop
  endfacet
  facet normal 0 1 0
    outer loop
      vertex 53.25711692869663 9 59.35410503298044
      vertex 54.56751476973295 9 67.24605393409729
      vertex 54.81256152689457 9 67.20143528282642
    endloop
  endfacet
  facet normal 0 1 0
    outer loop
      vertex 53.25711692869663 9 59.35410503298044
      vertex 54.81256152689457 9 67.20143528282642
      vertex 55.97769093513489 9 66.97049123048782
    endloop
  endfacet
  facet normal 0 1 0
    outer loop
      vertex 54.42224633693695 9 59.12316098064184
      vertex 55.97769093513489 9 66.97049123048782
      vertex 56.22612665593624 9 66.91713402420282
    endloop
  endfacet
  facet normal 0 1 0
    outer loop
      vertex 54.42224633693695 9 59.12316098064184
      vertex 56.22612665593624 9 66.91713402420282
      vertex 57.370966129004955 9 66.65216603130102
    endloop
  endfacet
  facet normal -0.2891167365640188 0 -0.9572938486371735
    outer loop
      vertex 57.784918420016766 -9 58.22881896793842
      vertex 56.68887733668089 9 58.55983939766884
      vertex 57.784918420016766 9 58.22881896793842
    endloop
  endfacet
  facet normal -0.32181430225223095 0 -0.9468028067480101
    outer loop
      vertex 57.784918420016766 9 58.22881896793842
      vertex 58.85256860405207 9 57.865929149091244
      vertex 58.85256860405207 -9 57.865929149091244
    endloop
  endfacet
  facet normal -0.35517349275468585 0 -0.9348004011790094
    outer loop
      vertex 59.889255829155445 -9 57.47204418480396
      vertex 58.85256860405207 9 57.865929149091244
      vertex 59.889255829155445 9 57.47204418480396
    endloop
  endfacet
  facet normal -0.3892420847121702 0 -0.9211354946417623
    outer loop
      vertex 60.89248261600733 -9 57.048112973570824
      vertex 59.889255829155445 9 57.47204418480396
      vertex 60.89248261600733 9 57.048112973570824
    endloop
  endfacet
  facet normal -0.4240585833334622 0 -0.9056347596582284
    outer loop
      vertex 61.8598321005702 -9 56.59515680372715
      vertex 60.89248261600733 9 57.048112973570824
      vertex 61.8598321005702 9 56.59515680372715
    endloop
  endfacet
  facet normal -0.4596486421968264 0 -0.8881008533531617
    outer loop
      vertex 62.78897386789322 -9 56.11426687985659
      vertex 61.8598321005702 9 56.59515680372715
      vertex 62.78897386789322 9 56.11426687985659
    endloop
  endfacet
  facet normal 0.22548503987983054 0 0.9742466303715868
    outer loop
      vertex 57.370966129004955 -9 66.65216603130102
      vertex 57.370966129004955 9 66.65216603130102
      vertex 56.22612665593624 9 66.91713402420282
    endloop
  endfacet
  facet normal 0.2412876670297996 0 0.9704536370890247
    outer loop
      vertex 57.623298205435276 -9 66.58942772448063
      vertex 57.623298205435276 9 66.58942772448063
      vertex 57.370966129004955 9 66.65216603130102
    endloop
  endfacet
  facet normal 0.25702654919317836 0 0.9664043424001398
    outer loop
      vertex 57.623298205435276 9 66.58942772448063
      vertex 58.7450897321105 -9 66.29107413440943
      vertex 58.7450897321105 9 66.29107413440943
    endloop
  endfacet
  facet normal 0.2891167365640188 0 0.9572938486371735
    outer loop
      vertex 60.09785231202841 -9 65.88716975599527
      vertex 60.09785231202841 9 65.88716975599527
      vertex 59.00181122869253 9 66.21819018572569
    endloop
  endfacet
  facet normal 0.3055105421486448 0 0.9521886938186365
    outer loop
      vertex 60.359432838857174 -9 65.80324142426252
      vertex 60.359432838857174 9 65.80324142426252
      vertex 60.09785231202841 9 65.88716975599527
    endloop
  endfacet
  facet normal 0.2731096318537573 0 0.9619829151230832
    outer loop
      vertex 59.00181122869253 -9 66.21819018572569
      vertex 59.00181122869253 9 66.21819018572569
      vertex 58.7450897321105 9 66.29107413440943
    endloop
  endfacet
  facet normal 0.3892420847121702 0 0.9211354946417623
    outer loop
      vertex 64.00641929358244 -9 64.4171969294548
      vertex 64.00641929358244 9 64.4171969294548
      vertex 63.00319250673056 9 64.84112814068794
    endloop
  endfacet
  facet normal 0.32181430225223095 0 0.9468028067480101
    outer loop
      vertex 61.427083022892475 -9 65.44035160541534
      vertex 61.427083022892475 9 65.44035160541534
      vertex 60.359432838857174 9 65.80324142426252
    endloop
  endfacet
  facet normal 0.33854709539359756 0 0.9409494482704999
    outer loop
      vertex 61.693956546485424 -9 65.3443323597312
      vertex 61.693956546485424 9 65.3443323597312
      vertex 61.427083022892475 9 65.44035160541534
    endloop
  endfacet
  facet normal 0.35517349275468585 0 0.9348004011790094
    outer loop
      vertex 62.7306437715888 -9 64.95044739544392
      vertex 62.7306437715888 9 64.95044739544392
      vertex 61.693956546485424 9 65.3443323597312
    endloop
  endfacet
  facet normal 0.3722705014284206 0 0.9281242771128402
    outer loop
      vertex 63.00319250673056 -9 64.84112814068794
      vertex 63.00319250673056 9 64.84112814068794
      vertex 62.7306437715888 9 64.95044739544392
    endloop
  endfacet
  facet normal 0 1 0
    outer loop
      vertex 56.68887733668089 9 58.55983939766884
      vertex 60.09785231202841 9 65.88716975599527
      vertex 57.784918420016766 9 58.22881896793842
    endloop
  endfacet
  facet normal 0 1 0
    outer loop
      vertex 57.784918420016766 9 58.22881896793842
      vertex 60.359432838857174 9 65.80324142426252
      vertex 58.85256860405207 9 57.865929149091244
    endloop
  endfacet
  facet normal 0 1 0
    outer loop
      vertex 62.78897386789322 9 56.11426687985659
      vertex 61.8598321005702 9 56.59515680372715
      vertex 66.46616300195456 9 63.219073705375195
    endloop
  endfacet
  facet normal 0 1 0
    outer loop
      vertex 58.85256860405207 9 57.865929149091244
      vertex 62.7306437715888 9 64.95044739544392
      vertex 59.889255829155445 9 57.47204418480396
    endloop
  endfacet
  facet normal 0 1 0
    outer loop
      vertex 59.889255829155445 9 57.47204418480396
      vertex 63.00319250673056 9 64.84112814068794
      vertex 60.89248261600733 9 57.048112973570824
    endloop
  endfacet
  facet normal 0 1 0
    outer loop
      vertex 60.89248261600733 9 57.048112973570824
      vertex 64.28495128452778 9 64.29319105297327
      vertex 61.8598321005702 9 56.59515680372715
    endloop
  endfacet
  facet normal 0 1 0
    outer loop
      vertex 61.8598321005702 9 56.59515680372715
      vertex 65.25230076909065 9 63.8402348831296
      vertex 65.25525285303593 9 63.83885184675455
    endloop
  endfacet
  facet normal 0 1 0
    outer loop
      vertex 61.8598321005702 9 56.59515680372715
      vertex 64.28495128452778 9 64.29319105297327
      vertex 65.25230076909065 9 63.8402348831296
    endloop
  endfacet
  facet normal 0 1 0
    outer loop
      vertex 55.567085810005665 9 58.85819298774004
      vertex 57.370966129004955 9 66.65216603130102
      vertex 57.623298205435276 9 66.58942772448063
    endloop
  endfacet
  facet normal 0 1 0
    outer loop
      vertex 56.68887733668089 9 58.55983939766884
      vertex 57.623298205435276 9 66.58942772448063
      vertex 58.7450897321105 9 66.29107413440943
    endloop
  endfacet
  facet normal 0 1 0
    outer loop
      vertex 56.68887733668089 9 58.55983939766884
      vertex 58.7450897321105 9 66.29107413440943
      vertex 59.00181122869253 9 66.21819018572569
    endloop
  endfacet
  facet normal 0 1 0
    outer loop
      vertex 58.85256860405207 9 57.865929149091244
      vertex 60.359432838857174 9 65.80324142426252
      vertex 61.427083022892475 9 65.44035160541534
    endloop
  endfacet
  facet normal 0 1 0
    outer loop
      vertex 56.68887733668089 9 58.55983939766884
      vertex 59.00181122869253 9 66.21819018572569
      vertex 60.09785231202841 9 65.88716975599527
    endloop
  endfacet
  facet normal 0 1 0
    outer loop
      vertex 57.784918420016766 9 58.22881896793842
      vertex 60.09785231202841 9 65.88716975599527
      vertex 60.359432838857174 9 65.80324142426252
    endloop
  endfacet
  facet normal 0 1 0
    outer loop
      vertex 58.85256860405207 9 57.865929149091244
      vertex 61.427083022892475 9 65.44035160541534
      vertex 61.693956546485424 9 65.3443323597312
    endloop
  endfacet
  facet normal 0 1 0
    outer loop
      vertex 58.85256860405207 9 57.865929149091244
      vertex 61.693956546485424 9 65.3443323597312
      vertex 62.7306437715888 9 64.95044739544392
    endloop
  endfacet
  facet normal 0 1 0
    outer loop
      vertex 59.889255829155445 9 57.47204418480396
      vertex 62.7306437715888 9 64.95044739544392
      vertex 63.00319250673056 9 64.84112814068794
    endloop
  endfacet
  facet normal 0 1 0
    outer loop
      vertex 60.89248261600733 9 57.048112973570824
      vertex 63.00319250673056 9 64.84112814068794
      vertex 64.00641929358244 9 64.4171969294548
    endloop
  endfacet
  facet normal 0 1 0
    outer loop
      vertex 60.89248261600733 9 57.048112973570824
      vertex 64.00641929358244 9 64.4171969294548
      vertex 64.28495128452778 9 64.29319105297327
    endloop
  endfacet
  facet normal -0.9991640566376251 0 -0.04088016540383309
    outer loop
      vertex 71 -9 45
      vertex 70.96988640725613 9 45.73601511120796
      vertex 71 9 45
    endloop
  endfacet
  facet normal -0.9925273918628404 0 -0.12202203244474949
    outer loop
      vertex 70.96988640725613 -9 45.73601511120796
      vertex 70.8796181678772 9 46.470257103443146
      vertex 70.96988640725613 9 45.73601511120796
    endloop
  endfacet
  facet normal -0.9795186405291935 0 -0.20135350221896028
    outer loop
      vertex 70.8796181678772 -9 46.470257103443146
      vertex 70.72941274940968 9 47.200957119464874
      vertex 70.8796181678772 9 46.470257103443146
    endloop
  endfacet
  facet normal -0.9606359682328477 0 -0.277810252757776
    outer loop
      vertex 70.72941274940968 -9 47.200957119464874
      vertex 70.51963201165199 9 47.926354832947254
      vertex 70.72941274940968 9 47.200957119464874
    endloop
  endfacet
  facet normal -0.8411604407245314 0 -0.5407856441882607
    outer loop
      vertex 69.53860162943602 -9 50.05334780365229
      vertex 69.09698831290007 9 50.74025148898363
      vertex 69.53860162943602 9 50.05334780365229
    endloop
  endfacet
  facet normal -0.936556057108706 0 -0.3505178339157568
    outer loop
      vertex 70.51963201165199 -9 47.926354832947254
      vertex 70.25078132748604 9 48.644702695310116
      vertex 70.51963201165199 9 47.926354832947254
    endloop
  endfacet
  facet normal -0.908066352142262 0 -0.41882633645348194
    outer loop
      vertex 70.25078132748604 -9 48.644702695310116
      vertex 69.92350839078426 9 49.35427016019821
      vertex 70.25078132748604 9 48.644702695310116
    endloop
  endfacet
  facet normal -0.8759967280912206 0 -0.4823170454933932
    outer loop
      vertex 69.92350839078426 -9 49.35427016019821
      vertex 69.53860162943602 9 50.05334780365229
      vertex 69.92350839078426 9 49.35427016019821
    endloop
  endfacet
  facet normal -0.6877963380047939 0 -0.7259037108509606
    outer loop
      vertex 67.44321525096893 -9 52.711541160941124
      vertex 66.78674031049013 9 53.33355349302292
      vertex 67.44321525096893 9 52.711541160941124
    endloop
  endfacet
  facet normal -0.6095106082669645 0 -0.7927779124130762
    outer loop
      vertex 66.0801882892847 -9 53.93548956513405
      vertex 65.32526133209467 9 54.51589926332235
      vertex 66.0801882892847 9 53.93548956513405
    endloop
  endfacet
  facet normal -0.5710172257391454 0 -0.8209380779992909
    outer loop
      vertex 65.32526133209467 -9 54.51589926332235
      vertex 64.52377813309431 9 55.07338432222605
      vertex 65.32526133209467 9 54.51589926332235
    endloop
  endfacet
  facet normal -0.5331586015358022 0 -0.846015310504714
    outer loop
      vertex 64.52377813309431 -9 55.07338432222605
      vertex 63.677669532597065 9 55.60660171508789
      vertex 64.52377813309431 9 55.07338432222605
    endloop
  endfacet
  facet normal -0.6485029304896128 0 -0.7612121577762564
    outer loop
      vertex 66.78674031049013 -9 53.33355349302292
      vertex 66.0801882892847 9 53.93548956513405
      vertex 66.78674031049013 9 53.33355349302292
    endloop
  endfacet
  facet normal -0.7661086173407772 0 -0.6427111220728973
    outer loop
      vertex 68.59973232448101 -9 51.413326404988766
      vertex 68.04803160578012 9 52.07095105201006
      vertex 68.59973232448101 9 51.413326404988766
    endloop
  endfacet
  facet normal -0.8043098757698293 0 -0.5942100838416678
    outer loop
      vertex 69.09698831290007 -9 50.74025148898363
      vertex 68.59973232448101 9 51.413326404988766
      vertex 69.09698831290007 9 50.74025148898363
    endloop
  endfacet
  facet normal -0.72711820224666 0 -0.6865122868249229
    outer loop
      vertex 68.04803160578012 -9 52.07095105201006
      vertex 67.44321525096893 9 52.711541160941124
      vertex 68.04803160578012 9 52.07095105201006
    endloop
  endfacet
  facet normal 0 1 0
    outer loop
      vertex 65.32526133209467 9 54.51589926332235
      vertex 70.95627315342426 9 60.27771286666393
      vertex 66.0801882892847 9 53.93548956513405
    endloop
  endfacet
  facet normal 0 1 0
    outer loop
      vertex 69.09698831290007 9 50.74025148898363
      vertex 75.82627183943987 9 55.06653664261103
      vertex 69.53860162943602 9 50.05334780365229
    endloop
  endfacet
  facet normal 0 1 0
    outer loop
      vertex 68.04803160578012 9 52.07095105201006
      vertex 74.72860126197338 9 56.55501538515091
      vertex 68.59973232448101 9 51.413326404988766
    endloop
  endfacet
  facet normal 0 1 0
    outer loop
      vertex 68.59973232448101 9 51.413326404988766
      vertex 75.0342113301158 9 56.16700707376003
      vertex 69.09698831290007 9 50.74025148898363
    endloop
  endfacet
  facet normal 0 1 0
    outer loop
      vertex 67.44321525096893 9 52.711541160941124
      vertex 73.26016087085009 9 58.20363945513964
      vertex 68.04803160578012 9 52.07095105201006
    endloop
  endfacet
  facet normal 0 1 0
    outer loop
      vertex 66.0801882892847 9 53.93548956513405
      vertex 71.97476375102997 9 59.4232507571578
      vertex 66.78674031049013 9 53.33355349302292
    endloop
  endfacet
  facet normal 0 1 0
    outer loop
      vertex 66.78674031049013 9 53.33355349302292
      vertex 72.28911101818085 9 59.14078318327665
      vertex 67.44321525096893 9 52.711541160941124
    endloop
  endfacet
  facet normal 0.999837765024652 0 0.018012318854291044
    outer loop
      vertex 78.9999894797802 -9 44.987026788294315
      vertex 78.9999894797802 9 44.987026788294315
      vertex 78.99433110654354 9 45.30111490190029
    endloop
  endfacet
  facet normal 0.9992290376489843 0 0.039259779916404836
    outer loop
      vertex 78.99433110654354 -9 45.30111490190029
      vertex 78.99433110654354 9 45.30111490190029
      vertex 78.99331245571375 9 45.32704132050276
    endloop
  endfacet
  facet normal 0.9991640566376251 0 0.04088016540383309
    outer loop
      vertex 78.99331245571375 -9 45.32704132050276
      vertex 78.99331245571375 9 45.32704132050276
      vertex 78.96319886296988 9 46.06305643171072
    endloop
  endfacet
  facet normal 0.9981688290511272 0 0.06048957522335174
    outer loop
      vertex 78.96319886296988 -9 46.06305643171072
      vertex 78.96319886296988 9 46.06305643171072
      vertex 78.94419672340155 9 46.37662027031183
    endloop
  endfacet
  facet normal 0.9950244685909342 0 0.09963085317977063
    outer loop
      vertex 78.94419672340155 -9 46.37662027031183
      vertex 78.94419672340155 9 46.37662027031183
      vertex 78.9128987789154 9 46.68919634073973
    endloop
  endfacet
  facet normal 0.992703009207405 0 0.12058497215890095
    outer loop
      vertex 78.9128987789154 -9 46.68919634073973
      vertex 78.9128987789154 9 46.68919634073973
      vertex 78.91010554134846 9 46.71219137310982
    endloop
  endfacet
  facet normal 0.9925273918628404 0 0.12202203244474949
    outer loop
      vertex 78.91010554134846 -9 46.71219137310982
      vertex 78.91010554134846 9 46.71219137310982
      vertex 78.81983730196953 9 47.446433365345
    endloop
  endfacet
  facet normal 0.9899403309530527 0 0.14148548035950753
    outer loop
      vertex 78.81983730196953 -9 47.446433365345
      vertex 78.81983730196953 9 47.446433365345
      vertex 78.77539118379354 9 47.7574123069644
    endloop
  endfacet
  facet normal 0.9836224240915005 0 0.18024130166074703
    outer loop
      vertex 78.77539118379354 -9 47.7574123069644
      vertex 78.77539118379354 9 47.7574123069644
      vertex 78.71877034753561 9 48.066406548023224
    endloop
  endfacet
  facet normal 0.9797068391323787 0 0.2004357985920761
    outer loop
      vertex 78.71877034753561 -9 48.066406548023224
      vertex 78.71877034753561 9 48.066406548023224
      vertex 78.71576729416847 9 48.08108512312174
    endloop
  endfacet
  facet normal 0.9795186405291935 0 0.20135350221896028
    outer loop
      vertex 78.71576729416847 -9 48.08108512312174
      vertex 78.71576729416847 9 48.08108512312174
      vertex 78.56556187570095 9 48.81178513914347
    endloop
  endfacet
  facet normal 0.9753765114745157 0 0.220546278281462
    outer loop
      vertex 78.56556187570095 -9 48.81178513914347
      vertex 78.56556187570095 9 48.81178513914347
      vertex 78.49627967178822 9 49.11818901449442
    endloop
  endfacet
  facet normal 0.96596593382474 0 0.2586693153238278
    outer loop
      vertex 78.49627967178822 -9 49.11818901449442
      vertex 78.49627967178822 9 49.11818901449442
      vertex 78.41502153128386 9 49.421636663377285
    endloop
  endfacet
  facet normal 0.9606691125256549 0 0.27769561796897424
    outer loop
      vertex 78.41502153128386 -9 49.421636663377285
      vertex 78.41502153128386 9 49.421636663377285
      vertex 78.41450049728155 9 49.423439145088196
    endloop
  endfacet
  facet normal 0.9606359682328477 0 0.277810252757776
    outer loop
      vertex 78.41450049728155 -9 49.423439145088196
      vertex 78.41450049728155 9 49.423439145088196
      vertex 78.20471975952387 9 50.148836858570576
    endloop
  endfacet
  facet normal 0.9549963547293673 0 0.29661753564754145
    outer loop
      vertex 78.20471975952387 -9 50.148836858570576
      vertex 78.20471975952387 9 50.148836858570576
      vertex 78.11154060065746 9 50.44883853197098
    endloop
  endfacet
  facet normal 0.9429366474702998 0 0.33297218931537154
    outer loop
      vertex 78.11154060065746 -9 50.44883853197098
      vertex 78.11154060065746 9 50.44883853197098
      vertex 78.0120804682374 9 50.73049750179052
    endloop
  endfacet
  facet normal 0.7924883012118764 0 0.6098871145075244
    outer loop
      vertex 75.0342113301158 -9 56.16700707376003
      vertex 75.0342113301158 9 56.16700707376003
      vertex 74.8426219522953 9 56.41595862060785
    endloop
  endfacet
  facet normal 0.8835722008099162 0 0.46829495615041733
    outer loop
      vertex 77.05089415609837 -9 52.98750179260969
      vertex 77.05089415609837 9 52.98750179260969
      vertex 76.93148221820593 9 53.21280652284622
    endloop
  endfacet
  facet normal 0.936556057108706 0 0.3505178339157568
    outer loop
      vertex 78.0120804682374 -9 50.73049750179052
      vertex 78.0120804682374 9 50.73049750179052
      vertex 77.74322978407145 9 51.448845364153385
    endloop
  endfacet
  facet normal 0.9152077472067919 0 0.4029823562547983
    outer loop
      vertex 77.62736325711012 -9 51.74083562195301
      vertex 77.62736325711012 9 51.74083562195301
      vertex 77.51531214267015 9 51.99531338363886
    endloop
  endfacet
  facet normal 0.9294935737314827 0 0.3688383065679009
    outer loop
      vertex 77.74322978407145 -9 51.448845364153385
      vertex 77.74322978407145 9 51.448845364153385
      vertex 77.62736325711012 9 51.74083562195301
    endloop
  endfacet
  facet normal 0.908066352142262 0 0.41882633645348194
    outer loop
      vertex 77.51531214267015 -9 51.99531338363886
      vertex 77.51531214267015 9 51.99531338363886
      vertex 77.18803920596838 9 52.704880848526955
    endloop
  endfacet
  facet normal 0.8996682056529961 0 0.4365743003626281
    outer loop
      vertex 77.18803920596838 -9 52.704880848526955
      vertex 77.18803920596838 9 52.704880848526955
      vertex 77.05089415609837 9 52.98750179260969
    endloop
  endfacet
  facet normal 0.8411604407245314 0 0.5407856441882607
    outer loop
      vertex 76.26788515597582 -9 54.37963295727968
      vertex 76.26788515597582 9 54.37963295727968
      vertex 75.82627183943987 9 55.06653664261103
    endloop
  endfacet
  facet normal 0.8663582055987791 0 0.499423126808985
    outer loop
      vertex 76.54657545685768 -9 53.9118841663003
      vertex 76.54657545685768 9 53.9118841663003
      vertex 76.38968713581562 9 54.1840411350131
    endloop
  endfacet
  facet normal 0.8759967280912206 0 0.4823170454933932
    outer loop
      vertex 76.93148221820593 -9 53.21280652284622
      vertex 76.93148221820593 9 53.21280652284622
      vertex 76.54657545685768 9 53.9118841663003
    endloop
  endfacet
  facet normal 0.848861091416389 0 0.5286159735378578
    outer loop
      vertex 76.38968713581562 -9 54.1840411350131
      vertex 76.38968713581562 9 54.1840411350131
      vertex 76.26788515597582 9 54.37963295727968
    endloop
  endfacet
  facet normal 0.811862056994966 0 0.5838492959761985
    outer loop
      vertex 75.65123464912176 -9 55.32739166170359
      vertex 75.65123464912176 9 55.32739166170359
      vertex 75.53146731853485 9 55.4939321577549
    endloop
  endfacet
  facet normal 0.8303806789428962 0 0.5571964896141528
    outer loop
      vertex 75.82627183943987 -9 55.06653664261103
      vertex 75.82627183943987 9 55.06653664261103
      vertex 75.65123464912176 9 55.32739166170359
    endloop
  endfacet
  facet normal 0.8043098757698293 0 0.5942100838416678
    outer loop
      vertex 75.53146731853485 -9 55.4939321577549
      vertex 75.53146731853485 9 55.4939321577549
      vertex 75.0342113301158 9 56.16700707376003
    endloop
  endfacet
  facet normal 0 1 0
    outer loop
      vertex 71 9 45
      vertex 70.96988640725613 9 45.73601511120796
      vertex 78.96319886296988 9 46.06305643171072
    endloop
  endfacet
  facet normal 0 1 0
    outer loop
      vertex 70.96988640725613 9 45.73601511120796
      vertex 70.8796181678772 9 46.470257103443146
      vertex 78.91010554134846 9 46.71219137310982
    endloop
  endfacet
  facet normal 0 1 0
    outer loop
      vertex 70.8796181678772 9 46.470257103443146
      vertex 70.72941274940968 9 47.200957119464874
      vertex 78.71576729416847 9 48.08108512312174
    endloop
  endfacet
  facet normal 0 1 0
    outer loop
      vertex 70.72941274940968 9 47.200957119464874
      vertex 70.51963201165199 9 47.926354832947254
      vertex 78.41450049728155 9 49.423439145088196
    endloop
  endfacet
  facet normal 0 1 0
    outer loop
      vertex 69.92350839078426 9 49.35427016019821
      vertex 77.18803920596838 9 52.704880848526955
      vertex 70.25078132748604 9 48.644702695310116
    endloop
  endfacet
  facet normal 0 1 0
    outer loop
      vertex 70.51963201165199 9 47.926354832947254
      vertex 70.25078132748604 9 48.644702695310116
      vertex 77.74322978407145 9 51.448845364153385
    endloop
  endfacet
  facet normal 0 1 0
    outer loop
      vertex 70.25078132748604 9 48.644702695310116
      vertex 77.62736325711012 9 51.74083562195301
      vertex 77.74322978407145 9 51.448845364153385
    endloop
  endfacet
  facet normal 0 1 0
    outer loop
      vertex 78.9999894797802 9 44.987026788294315
      vertex 71 9 45
      vertex 78.99433110654354 9 45.30111490190029
    endloop
  endfacet
  facet normal 0 1 0
    outer loop
      vertex 71 9 45
      vertex 78.99331245571375 9 45.32704132050276
      vertex 78.99433110654354 9 45.30111490190029
    endloop
  endfacet
  facet normal 0 1 0
    outer loop
      vertex 71 9 45
      vertex 78.96319886296988 9 46.06305643171072
      vertex 78.99331245571375 9 45.32704132050276
    endloop
  endfacet
  facet normal 0 1 0
    outer loop
      vertex 70.96988640725613 9 45.73601511120796
      vertex 78.94419672340155 9 46.37662027031183
      vertex 78.96319886296988 9 46.06305643171072
    endloop
  endfacet
  facet normal 0 1 0
    outer loop
      vertex 70.96988640725613 9 45.73601511120796
      vertex 78.9128987789154 9 46.68919634073973
      vertex 78.94419672340155 9 46.37662027031183
    endloop
  endfacet
  facet normal 0 1 0
    outer loop
      vertex 70.96988640725613 9 45.73601511120796
      vertex 78.91010554134846 9 46.71219137310982
      vertex 78.9128987789154 9 46.68919634073973
    endloop
  endfacet
  facet normal 0 1 0
    outer loop
      vertex 70.8796181678772 9 46.470257103443146
      vertex 78.81983730196953 9 47.446433365345
      vertex 78.91010554134846 9 46.71219137310982
    endloop
  endfacet
  facet normal 0 1 0
    outer loop
      vertex 70.8796181678772 9 46.470257103443146
      vertex 78.77539118379354 9 47.7574123069644
      vertex 78.81983730196953 9 47.446433365345
    endloop
  endfacet
  facet normal 0 1 0
    outer loop
      vertex 70.8796181678772 9 46.470257103443146
      vertex 78.71877034753561 9 48.066406548023224
      vertex 78.77539118379354 9 47.7574123069644
    endloop
  endfacet
  facet normal 0 1 0
    outer loop
      vertex 70.8796181678772 9 46.470257103443146
      vertex 78.71576729416847 9 48.08108512312174
      vertex 78.71877034753561 9 48.066406548023224
    endloop
  endfacet
  facet normal 0 1 0
    outer loop
      vertex 70.72941274940968 9 47.200957119464874
      vertex 78.56556187570095 9 48.81178513914347
      vertex 78.71576729416847 9 48.08108512312174
    endloop
  endfacet
  facet normal 0 1 0
    outer loop
      vertex 70.72941274940968 9 47.200957119464874
      vertex 78.49627967178822 9 49.11818901449442
      vertex 78.56556187570095 9 48.81178513914347
    endloop
  endfacet
  facet normal 0 1 0
    outer loop
      vertex 70.51963201165199 9 47.926354832947254
      vertex 78.20471975952387 9 50.148836858570576
      vertex 78.41450049728155 9 49.423439145088196
    endloop
  endfacet
  facet normal 0 1 0
    outer loop
      vertex 70.72941274940968 9 47.200957119464874
      vertex 78.41450049728155 9 49.423439145088196
      vertex 78.41502153128386 9 49.421636663377285
    endloop
  endfacet
  facet normal 0 1 0
    outer loop
      vertex 70.72941274940968 9 47.200957119464874
      vertex 78.41502153128386 9 49.421636663377285
      vertex 78.49627967178822 9 49.11818901449442
    endloop
  endfacet
  facet normal 0 1 0
    outer loop
      vertex 70.51963201165199 9 47.926354832947254
      vertex 78.11154060065746 9 50.44883853197098
      vertex 78.20471975952387 9 50.148836858570576
    endloop
  endfacet
  facet normal 0 1 0
    outer loop
      vertex 70.51963201165199 9 47.926354832947254
      vertex 78.0120804682374 9 50.73049750179052
      vertex 78.11154060065746 9 50.44883853197098
    endloop
  endfacet
  facet normal 0 1 0
    outer loop
      vertex 70.51963201165199 9 47.926354832947254
      vertex 77.74322978407145 9 51.448845364153385
      vertex 78.0120804682374 9 50.73049750179052
    endloop
  endfacet
  facet normal 0 1 0
    outer loop
      vertex 69.92350839078426 9 49.35427016019821
      vertex 69.53860162943602 9 50.05334780365229
      vertex 76.54657545685768 9 53.9118841663003
    endloop
  endfacet
  facet normal 0 1 0
    outer loop
      vertex 70.25078132748604 9 48.644702695310116
      vertex 77.51531214267015 9 51.99531338363886
      vertex 77.62736325711012 9 51.74083562195301
    endloop
  endfacet
  facet normal 0 1 0
    outer loop
      vertex 70.25078132748604 9 48.644702695310116
      vertex 77.18803920596838 9 52.704880848526955
      vertex 77.51531214267015 9 51.99531338363886
    endloop
  endfacet
  facet normal 0 1 0
    outer loop
      vertex 69.92350839078426 9 49.35427016019821
      vertex 76.93148221820593 9 53.21280652284622
      vertex 77.05089415609837 9 52.98750179260969
    endloop
  endfacet
  facet normal 0 1 0
    outer loop
      vertex 69.92350839078426 9 49.35427016019821
      vertex 77.05089415609837 9 52.98750179260969
      vertex 77.18803920596838 9 52.704880848526955
    endloop
  endfacet
  facet normal 0 1 0
    outer loop
      vertex 69.53860162943602 9 50.05334780365229
      vertex 76.38968713581562 9 54.1840411350131
      vertex 76.54657545685768 9 53.9118841663003
    endloop
  endfacet
  facet normal 0 1 0
    outer loop
      vertex 69.53860162943602 9 50.05334780365229
      vertex 75.82627183943987 9 55.06653664261103
      vertex 76.26788515597582 9 54.37963295727968
    endloop
  endfacet
  facet normal 0 1 0
    outer loop
      vertex 69.53860162943602 9 50.05334780365229
      vertex 76.26788515597582 9 54.37963295727968
      vertex 76.38968713581562 9 54.1840411350131
    endloop
  endfacet
  facet normal 0 1 0
    outer loop
      vertex 69.92350839078426 9 49.35427016019821
      vertex 76.54657545685768 9 53.9118841663003
      vertex 76.93148221820593 9 53.21280652284622
    endloop
  endfacet
  facet normal 0 1 0
    outer loop
      vertex 69.09698831290007 9 50.74025148898363
      vertex 75.0342113301158 9 56.16700707376003
      vertex 75.53146731853485 9 55.4939321577549
    endloop
  endfacet
  facet normal 0 1 0
    outer loop
      vertex 68.59973232448101 9 51.413326404988766
      vertex 74.72860126197338 9 56.55501538515091
      vertex 74.8426219522953 9 56.41595862060785
    endloop
  endfacet
  facet normal 0 1 0
    outer loop
      vertex 68.59973232448101 9 51.413326404988766
      vertex 74.8426219522953 9 56.41595862060785
      vertex 75.0342113301158 9 56.16700707376003
    endloop
  endfacet
  facet normal 0 1 0
    outer loop
      vertex 68.04803160578012 9 52.07095105201006
      vertex 74.1769005432725 9 57.2126400321722
      vertex 74.72860126197338 9 56.55501538515091
    endloop
  endfacet
  facet normal 0 1 0
    outer loop
      vertex 68.04803160578012 9 52.07095105201006
      vertex 73.86497722566128 9 57.56304934620857
      vertex 73.9703136458993 9 57.44929423928261
    endloop
  endfacet
  facet normal 0 1 0
    outer loop
      vertex 68.04803160578012 9 52.07095105201006
      vertex 73.26016087085009 9 58.20363945513964
      vertex 73.86497722566128 9 57.56304934620857
    endloop
  endfacet
  facet normal 0 1 0
    outer loop
      vertex 68.04803160578012 9 52.07095105201006
      vertex 73.9703136458993 9 57.44929423928261
      vertex 74.1769005432725 9 57.2126400321722
    endloop
  endfacet
  facet normal 0 1 0
    outer loop
      vertex 69.09698831290007 9 50.74025148898363
      vertex 75.65123464912176 9 55.32739166170359
      vertex 75.82627183943987 9 55.06653664261103
    endloop
  endfacet
  facet normal 0 1 0
    outer loop
      vertex 69.09698831290007 9 50.74025148898363
      vertex 75.53146731853485 9 55.4939321577549
      vertex 75.65123464912176 9 55.32739166170359
    endloop
  endfacet
  facet normal 0.5547891116339432 0 0.8319910105358231
    outer loop
      vertex 69.09191594272852 -9 61.64088894426823
      vertex 69.09191594272852 9 61.64088894426823
      vertex 68.83055505156517 9 61.815169885754585
    endloop
  endfacet
  facet normal 0.5357553954676083 0 0.844373232775262
    outer loop
      vertex 68.83055505156517 -9 61.815169885754585
      vertex 68.83055505156517 9 61.815169885754585
      vertex 68.78904694318771 9 61.8415068089962
    endloop
  endfacet
  facet normal 0.5710172257391454 0 0.8209380779992909
    outer loop
      vertex 69.89339914172888 -9 61.08340388536453
      vertex 69.89339914172888 9 61.08340388536453
      vertex 69.09191594272852 9 61.64088894426823
    endloop
  endfacet
  facet normal 0.6138234106639662 0 0.7894433611861309
    outer loop
      vertex 71.02513156086206 -9 60.22417273372412
      vertex 71.02513156086206 9 60.22417273372412
      vertex 70.95627315342426 9 60.27771286666393
    endloop
  endfacet
  facet normal 0.6334325145005512 0 0.7737979384655332
    outer loop
      vertex 71.26821172982454 -9 60.02518682926893
      vertex 71.26821172982454 9 60.02518682926893
      vertex 71.02513156086206 9 60.22417273372412
    endloop
  endfacet
  facet normal 0.5744719131418754 0 0.8185242946981559
    outer loop
      vertex 69.94859239459038 -9 61.04466713219881
      vertex 69.94859239459038 9 61.04466713219881
      vertex 69.89339914172888 9 61.08340388536453
    endloop
  endfacet
  facet normal 0.5938279598417013 0 0.8045920420376047
    outer loop
      vertex 70.20134619623423 -9 60.85812256485224
      vertex 70.20134619623423 9 60.85812256485224
      vertex 69.94859239459038 9 61.04466713219881
    endloop
  endfacet
  facet normal 0.6095106082669645 0 0.7927779124130762
    outer loop
      vertex 70.95627315342426 -9 60.27771286666393
      vertex 70.95627315342426 9 60.27771286666393
      vertex 70.20134619623423 9 60.85812256485224
    endloop
  endfacet
  facet normal 0.4067241729454188 0 0.9135510096003754
    outer loop
      vertex 64.28495128452778 -9 64.29319105297327
      vertex 64.28495128452778 9 64.29319105297327
      vertex 64.00641929358244 9 64.4171969294548
    endloop
  endfacet
  facet normal 0.4240585833334622 0 0.9056347596582284
    outer loop
      vertex 65.25230076909065 -9 63.8402348831296
      vertex 65.25230076909065 9 63.8402348831296
      vertex 64.28495128452778 9 64.29319105297327
    endloop
  endfacet
  facet normal 0.42424450169566563 0 0.9055476811195511
    outer loop
      vertex 65.25525285303593 -9 63.83885184675455
      vertex 65.25525285303593 9 63.83885184675455
      vertex 65.25230076909065 9 63.8402348831296
    endloop
  endfacet
  facet normal 0.44212334278858634 0 0.8969542629150307
    outer loop
      vertex 65.53702123463154 -9 63.69996362924576
      vertex 65.53702123463154 9 63.69996362924576
      vertex 65.25525285303593 9 63.83885184675455
    endloop
  endfacet
  facet normal 0.4605986206637505 0 0.8876085345706464
    outer loop
      vertex 66.48135996609926 -9 63.211187683045864
      vertex 66.48135996609926 9 63.211187683045864
      vertex 66.46616300195456 9 63.219073705375195
    endloop
  endfacet
  facet normal 0.4788766410520614 0 0.8778822031768813
    outer loop
      vertex 66.75713707506657 -9 63.06075381487608
      vertex 66.75713707506657 9 63.06075381487608
      vertex 66.48135996609926 9 63.211187683045864
    endloop
  endfacet
  facet normal 0.49777783258631997 0 0.8673045770579477
    outer loop
      vertex 67.67393473535776 -9 62.5369598865509
      vertex 67.67393473535776 9 62.5369598865509
      vertex 67.64583273977041 9 62.553088650107384
    endloop
  endfacet
  facet normal 0.49602040049501467 0 0.8683108673123728
    outer loop
      vertex 67.64583273977041 -9 62.553088650107384
      vertex 67.64583273977041 9 62.553088650107384
      vertex 66.75713707506657 9 63.06075381487608
    endloop
  endfacet
  facet normal 0.4596486421968264 0 0.8881008533531617
    outer loop
      vertex 66.46616300195456 -9 63.219073705375195
      vertex 66.46616300195456 9 63.219073705375195
      vertex 65.53702123463154 9 63.69996362924576
    endloop
  endfacet
  facet normal 0.5164454149368157 0 0.8563201115183154
    outer loop
      vertex 67.94293834269047 -9 62.374724201858044
      vertex 67.94293834269047 9 62.374724201858044
      vertex 67.67393473535776 9 62.5369598865509
    endloop
  endfacet
  facet normal 0.5331586015358022 0 0.846015310504714
    outer loop
      vertex 68.78904694318771 -9 61.8415068089962
      vertex 68.78904694318771 9 61.8415068089962
      vertex 67.94293834269047 9 62.374724201858044
    endloop
  endfacet
  facet normal 0 1 0
    outer loop
      vertex 63.677669532597065 9 55.60660171508789
      vertex 68.78904694318771 9 61.8415068089962
      vertex 64.52377813309431 9 55.07338432222605
    endloop
  endfacet
  facet normal 0 1 0
    outer loop
      vertex 62.78897386789322 9 56.11426687985659
      vertex 66.75713707506657 9 63.06075381487608
      vertex 63.677669532597065 9 55.60660171508789
    endloop
  endfacet
  facet normal 0 1 0
    outer loop
      vertex 64.52377813309431 9 55.07338432222605
      vertex 69.09191594272852 9 61.64088894426823
      vertex 65.32526133209467 9 54.51589926332235
    endloop
  endfacet
  facet normal 0 1 0
    outer loop
      vertex 61.8598321005702 9 56.59515680372715
      vertex 65.53702123463154 9 63.69996362924576
      vertex 66.46616300195456 9 63.219073705375195
    endloop
  endfacet
  facet normal 0 1 0
    outer loop
      vertex 61.8598321005702 9 56.59515680372715
      vertex 65.25525285303593 9 63.83885184675455
      vertex 65.53702123463154 9 63.69996362924576
    endloop
  endfacet
  facet normal 0 1 0
    outer loop
      vertex 62.78897386789322 9 56.11426687985659
      vertex 66.48135996609926 9 63.211187683045864
      vertex 66.75713707506657 9 63.06075381487608
    endloop
  endfacet
  facet normal 0 1 0
    outer loop
      vertex 62.78897386789322 9 56.11426687985659
      vertex 66.46616300195456 9 63.219073705375195
      vertex 66.48135996609926 9 63.211187683045864
    endloop
  endfacet
  facet normal 0 1 0
    outer loop
      vertex 63.677669532597065 9 55.60660171508789
      vertex 66.75713707506657 9 63.06075381487608
      vertex 67.64583273977041 9 62.553088650107384
    endloop
  endfacet
  facet normal 0 1 0
    outer loop
      vertex 63.677669532597065 9 55.60660171508789
      vertex 67.64583273977041 9 62.553088650107384
      vertex 67.67393473535776 9 62.5369598865509
    endloop
  endfacet
  facet normal 0 1 0
    outer loop
      vertex 63.677669532597065 9 55.60660171508789
      vertex 67.67393473535776 9 62.5369598865509
      vertex 67.94293834269047 9 62.374724201858044
    endloop
  endfacet
  facet normal 0 1 0
    outer loop
      vertex 63.677669532597065 9 55.60660171508789
      vertex 67.94293834269047 9 62.374724201858044
      vertex 68.78904694318771 9 61.8415068089962
    endloop
  endfacet
  facet normal 0 1 0
    outer loop
      vertex 64.52377813309431 9 55.07338432222605
      vertex 68.78904694318771 9 61.8415068089962
      vertex 68.83055505156517 9 61.815169885754585
    endloop
  endfacet
  facet normal 0 1 0
    outer loop
      vertex 64.52377813309431 9 55.07338432222605
      vertex 68.83055505156517 9 61.815169885754585
      vertex 69.09191594272852 9 61.64088894426823
    endloop
  endfacet
  facet normal 0 1 0
    outer loop
      vertex 65.32526133209467 9 54.51589926332235
      vertex 69.89339914172888 9 61.08340388536453
      vertex 69.94859239459038 9 61.04466713219881
    endloop
  endfacet
  facet normal 0 1 0
    outer loop
      vertex 65.32526133209467 9 54.51589926332235
      vertex 69.94859239459038 9 61.04466713219881
      vertex 70.20134619623423 9 60.85812256485224
    endloop
  endfacet
  facet normal 0 1 0
    outer loop
      vertex 66.0801882892847 9 53.93548956513405
      vertex 70.95627315342426 9 60.27771286666393
      vertex 71.02513156086206 9 60.22417273372412
    endloop
  endfacet
  facet normal 0 1 0
    outer loop
      vertex 66.0801882892847 9 53.93548956513405
      vertex 71.02513156086206 9 60.22417273372412
      vertex 71.26821172982454 9 60.02518682926893
    endloop
  endfacet
  facet normal 0 1 0
    outer loop
      vertex 65.32526133209467 9 54.51589926332235
      vertex 70.20134619623423 9 60.85812256485224
      vertex 70.95627315342426 9 60.27771286666393
    endloop
  endfacet
  facet normal 0 1 0
    outer loop
      vertex 66.78674031049013 9 53.33355349302292
      vertex 72.05687811970711 9 59.352328076958656
      vertex 72.28911101818085 9 59.14078318327665
    endloop
  endfacet
  facet normal 0 1 0
    outer loop
      vertex 66.78674031049013 9 53.33355349302292
      vertex 71.97476375102997 9 59.4232507571578
      vertex 72.05687811970711 9 59.352328076958656
    endloop
  endfacet
  facet normal 0 1 0
    outer loop
      vertex 67.44321525096893 9 52.711541160941124
      vertex 72.28911101818085 9 59.14078318327665
      vertex 72.94558595865965 9 58.51877085119486
    endloop
  endfacet
  facet normal 0 1 0
    outer loop
      vertex 67.44321525096893 9 52.711541160941124
      vertex 72.94558595865965 9 58.51877085119486
      vertex 73.04005745053291 9 58.42777746170759
    endloop
  endfacet
  facet normal 0 1 0
    outer loop
      vertex 67.44321525096893 9 52.711541160941124
      vertex 73.04005745053291 9 58.42777746170759
      vertex 73.26016087085009 9 58.20363945513964
    endloop
  endfacet
  facet normal 0 1 0
    outer loop
      vertex 66.0801882892847 9 53.93548956513405
      vertex 71.26821172982454 9 60.02518682926893
      vertex 71.97476375102997 9 59.4232507571578
    endloop
  endfacet
  facet normal 0 1 0
    outer loop
      vertex 65.32526133209467 9 54.51589926332235
      vertex 69.09191594272852 9 61.64088894426823
      vertex 69.89339914172888 9 61.08340388536453
    endloop
  endfacet
  facet normal 0.7134992772059956 0 0.7006559650973665
    outer loop
      vertex 73.26016087085009 -9 58.20363945513964
      vertex 73.26016087085009 9 58.20363945513964
      vertex 73.04005745053291 9 58.42777746170759
    endloop
  endfacet
  facet normal 0.6877963380047939 0 0.7259037108509606
    outer loop
      vertex 72.94558595865965 -9 58.51877085119486
      vertex 72.94558595865965 9 58.51877085119486
      vertex 72.28911101818085 9 59.14078318327665
    endloop
  endfacet
  facet normal 0.6937241271761792 0 0.7202408176253611
    outer loop
      vertex 73.04005745053291 -9 58.42777746170759
      vertex 73.04005745053291 9 58.42777746170759
      vertex 72.94558595865965 9 58.51877085119486
    endloop
  endfacet
  facet normal 0.7533421474256472 0 0.6576287774361113
    outer loop
      vertex 74.1769005432725 -9 57.2126400321722
      vertex 74.1769005432725 9 57.2126400321722
      vertex 73.9703136458993 9 57.44929423928261
    endloop
  endfacet
  facet normal 0.7337361790601983 0 0.6794344850963489
    outer loop
      vertex 73.9703136458993 -9 57.44929423928261
      vertex 73.9703136458993 9 57.44929423928261
      vertex 73.86497722566128 9 57.56304934620857
    endloop
  endfacet
  facet normal 0.7732837588303648 0 0.6340601141289224
    outer loop
      vertex 74.8426219522953 -9 56.41595862060785
      vertex 74.8426219522953 9 56.41595862060785
      vertex 74.72860126197338 9 56.55501538515091
    endloop
  endfacet
  facet normal 0.7661086173407772 0 0.6427111220728973
    outer loop
      vertex 74.72860126197338 -9 56.55501538515091
      vertex 74.72860126197338 9 56.55501538515091
      vertex 74.1769005432725 9 57.2126400321722
    endloop
  endfacet
  facet normal 0.72711820224666 0 0.6865122868249229
    outer loop
      vertex 73.86497722566128 -9 57.56304934620857
      vertex 73.86497722566128 9 57.56304934620857
      vertex 73.26016087085009 9 58.20363945513964
    endloop
  endfacet
  facet normal 0.6485029304896128 0 0.7612121577762564
    outer loop
      vertex 71.97476375102997 -9 59.4232507571578
      vertex 71.97476375102997 9 59.4232507571578
      vertex 71.26821172982454 9 60.02518682926893
    endloop
  endfacet
  facet normal 0.673411579730954 0 0.739267775764818
    outer loop
      vertex 72.28911101818085 -9 59.14078318327665
      vertex 72.28911101818085 9 59.14078318327665
      vertex 72.05687811970711 9 59.352328076958656
    endloop
  endfacet
  facet normal 0.6536500941868773 0 0.756796904307547
    outer loop
      vertex 72.05687811970711 -9 59.352328076958656
      vertex 72.05687811970711 9 59.352328076958656
      vertex 71.97476375102997 9 59.4232507571578
    endloop
  endfacet
  facet normal 0.07380113429700266 0 0.9972729779636444
    outer loop
      vertex 50.258670940995216 -9 67.81583146750927
      vertex 50.258670940995216 9 67.81583146750927
      vertex 49.040837585926056 9 67.90595471858978
    endloop
  endfacet
  facet normal 0.08868555127280171 0 0.9960596734109053
    outer loop
      vertex 50.496663480997086 -9 67.79464147239923
      vertex 50.496663480997086 9 67.79464147239923
      vertex 50.258670940995216 9 67.81583146750927
    endloop
  endfacet
  facet normal 0.10355020249057402 0 0.9946242283215109
    outer loop
      vertex 51.70565966516733 -9 67.66877303272486
      vertex 51.70565966516733 9 67.66877303272486
      vertex 50.496663480997086 9 67.79464147239923
    endloop
  endfacet
  facet normal 0.11855257925919789 0 0.992947776044134
    outer loop
      vertex 51.94548178464174 -9 67.64013957232237
      vertex 51.94548178464174 9 67.64013957232237
      vertex 51.70565966516733 9 67.66877303272486
    endloop
  endfacet
  facet normal 0.13352796739530168 0 0.9910450453552954
    outer loop
      vertex 53.142728231847286 -9 67.47882916033268
      vertex 53.142728231847286 9 67.47882916033268
      vertex 51.94548178464174 9 67.64013957232237
    endloop
  endfacet
endsolid OpenSCAD_Model
